:10C0000000100010818C0100E98C0100757B01009B
:10C01000EB8C0100EB8C0100EB8C010000000000B8
:10C02000000000000000000000000000ED8C010096
:10C03000ED8C010000000000ED8C0100ED8C010092
:10C04000ED8C0100ED8C0100ED8C0100ED8C010008
:10C05000ED8C0100ED8C0100ED8C0100ED8C0100F8
:10C06000ED8C0100ED8C0100ED8C0100ED8C0100E8
:10C07000ED8C01003991010041930100AD78010080
:10C08000ED8C0100ED8C0100ED8C0100ED8C0100C8
:10C09000ED8C0100ED8C0100ED8C0100ED8C0100B8
:10C0A000ED8C0100ED8C0100ED8C0100ED8C0100A8
:10C0B000ED8C0100ED8C0100ED8C0100ED8C010098
:10C0C0000000000000000000000000000000000070
:10C0D0000000000000000000000000000000000060
:10C0E0000000000000000000000000000000000050
:10C0F0000000000000000000000000000000000040
:10C1000010EE102AC2F3C7537F3B162B22F00041DA
:10C1100032DC002B104618DB1A4919410A422AD09A
:10C12000DFED197A70EE277AF5EEC07AF1EE10FAAB
:10C1300021DD002A04DD4FF4000242FA03F3184423
:10C1400020EA010300EE103A7047DFED0F7A70EE3F
:10C15000277AF5EEC07AF1EE10FA0CDD002A08DB42
:10C16000DFED0A7A0029B7EE000A08BFB0EE670AD1
:10C1700070479FED070A7047B1F1FF4FFBD330EED8
:10C18000000A7047FFFF7F00CAF2497100000000FB
:10C1900000000080024B1B680022C3E926027047A2
:10C1A000001000100C4B0D4819680D4AD1F898305A
:10C1B00010B4D1F89C4003FB00F002FB0400A3FB89
:10C1C0000232013340EB0200C1E926305DF8044B36
:10C1D00020F00040704700BF001000102DF45158AF
:10C1E0002D7F954C000000000000000000000000C2
:10C1F000000000000000000000000000000000003F
:10C2000030B490F800F020F007016FF0000C10F04F
:10C21000070491F820F040F048804FF000046FF0E0
:10C220000700D1E9002391F840F000F1080082FAFC
:10C230004CF2A4FA8CF283FA4CF3A2FA8CF34BBBC7
:10C24000D1E9022382FA4CF200F10800A4FA8CF240
:10C2500083FA4CF3A2FA8CF3E3B9D1E9042382FA0E
:10C260004CF200F10800A4FA8CF283FA4CF3A2FA23
:10C270008CF37BB9D1E9062301F1200182FA4CF25B
:10C2800000F10800A4FA8CF283FA4CF3A2FA8CF3C2
:10C29000002BC6D0002A04BF04301A4612BAB2FAE4
:10C2A00082F200EBD20030BC7047D1E9002304F0E9
:10C2B0000305C4F100004FEAC50514F0040F91F81E
:10C2C00040F00CFA05F562EA05021CBF63EA0503BB
:10C2D00062464FF00004AAE7830730B547D0541EEA
:10C2E000002A3ED0CAB2034601E0013C39D303F82C
:10C2F000012B9D07F9D1032C2CD9CDB205EB0525D7
:10C300000F2C05EB054535D9A4F1100222F00F0CD6
:10C3100003F1100EE6444FEA121C1A46C2E900551A
:10C32000C2E9025510327245F8D10CF1010214F045
:10C330000C0F03EB021204F00F0C13D0ACF104034A
:10C3400023F003030433134442F8045B9342FBD10C
:10C350000CF003042CB1C9B21C4403F8011BA34226
:10C36000FBD130BD64461346002CF4D1F9E70346F7
:10C370001446C0E71A46A446E0E700BF024A126826
:10C380000123503200F048BB001000100EB470B50D
:10C390009DB021AC00254FF4017254F8046BADF848
:10C3A00014201B9502900690FFF72AFF0B4B0A936F
:10C3B0000B4B03904FF6FF710790ADF816101868FD
:10C3C0000E953246234602A91395019400F05AFBBC
:10C3D0001DB0BDE8704003B0704700BF3DDF0000F6
:10C3E000001000100CB4F0B59DB022AC00254FF445
:10C3F00001730646084654F8047BADF814300291E8
:10C4000006911B95FFF7FCFE0346039307930A4B27
:10C410000A934FF6FF73ADF816303A46304623467E
:10C4200002A90E951395019400F02CFB1DB0BDE8F8
:10C43000F04002B0704700BF3DDF000011F0FF0187
:10C44000034600F0030239D08ABB026810B501EB45
:10C45000012E0EEB0E4E8EEA0204A2F1013323EA06
:10C460000203A4F1013222EA0402134313F0803FD5
:10C470000FD150F8044F84EA0E0CA4F10133ACF153
:10C48000013223EA040322EA0C02134313F0803F33
:10C49000EFD0037823B936E010F8013F002B32D0FB
:10C4A0009942F9D110BD8A4228D09A0729D01A782A
:10C4B00018460133002AF6D110467047CAB90268FF
:10C4C000A2F1013323EA020313F0803F08D150F8B0
:10C4D000042FA2F1013323EA020313F0803FF6D0C8
:10C4E00003785BB110F8013F002BFBD1704799072F
:10C4F00005D0184613F8012B002AF8D170471846CA
:10C50000DDE71846A1E7184610BD00BF0000000097
:10C51000000000000000000000000000000000001B
:10C5200002780B78012A28BF9A4240F0D8806DE942
:10C53000044540EA0104CDE902676FF0000C4FEAC0
:10C5400044721AB380EA010414F0070F6BD100F0B3
:10C55000070420F0070004F0030521F007014FEA6B
:10C56000C505F0E8042314F0040FF1E804670CFAA1
:10C5700005F462EA040266EA04060BD063EA0403E7
:10C58000624667EA0407664604E000BFF0E8042359
:10C59000F1E8046782FA4CF582EA0604A4FA8CF406
:10C5A0006CBB83FA4CF583EA0705A5FA8CF595B9BF
:10C5B00050E9022351E9026782FA4CF582EA060447
:10C5C000A4FA8CF483FA4CF583EA0705A5FA8CF5F6
:10C5D0002543DBD09CB92DBAB5FA85F424F00704C5
:10C5E00027FA04F1DDE9026723FA04F303F0FF0000
:10C5F00001F0FF01FDE80445A0EB0100704724BAFB
:10C60000B4FA84F424F0070426FA04F1DDE90267A1
:10C6100022FA04F202F0FF0001F0FF01FDE80445F8
:10C62000A0EB0100704714F0030F3CD110F003049D
:10C6300028D150F8082B51F8083B82FA4CF582EAD1
:10C640000305A5FA8CF55DB950F8042C51F8043CAB
:10C6500082FA4CF582EA0305A5FA8CF5002DE8D0A4
:10C660002DBAB5FA85F424F0070423FA04F122FA6E
:10C6700004F202F0FF0001F0FF01FDE80445A0EB29
:10C68000010070474FEAC40420F0030050F8082B63
:10C6900021F0030151F8083B0CFA04F462EA0402A9
:10C6A00063EA0403C9E710F003041DD0A1EB040101
:10C6B00020F00300E40750F8042B06D012D28B7848
:10C6C0005FFAA2F4E41A06D12BB1CB785FFAB2F488
:10C6D000E41A00D133B920465DF8104B7047A2EB45
:10C6E0000300704701F1040150F8042BCC0721F03E
:10C6F000030151F8043B48D824D222F07F4482FA47
:10C700004CF594EA1325A5FA8CF50AD165B951F8D0
:10C71000043B84EA0204B4EB036F0ED150F8042BFF
:10C72000EBE74FEA132355E035F07F454DD108780C
:10C73000FDE80445C0F1000070474FEA126203F0C3
:10C74000FF0347E002EA1C4482FA4CF594EA1345E1
:10C75000A5FA8CF50AD165B951F8043B84EA0204C4
:10C76000B4EB034F0CD150F8042BEBE74FEA134323
:10C7700030E015EA1C4528D10B884FEA124229E027
:10C780004FEA124203EA1C4324E002F0FF0482FA5B
:10C790004CF594EA1365A5FA8CF50AD165B951F800
:10C7A000043B84EA0204B4EB032F09D150F8042BB4
:10C7B000EBE74FEA13630DE015F0FF0F05D10B68AF
:10C7C0004FEA122223F07F4304E04FF00000FDE81F
:10C7D0000445704712BA1BBA82FA4CF482EA030489
:10C7E000A4FA8CF5B5FA85F402FA04F203FA04F31C
:10C7F0004FEA1260FDE80445A0EB1360704700BFEC
:10C800002DE9F047074649480E46354616F801EB34
:10C8100010F80EC01CF0080CF7D1BEF12D0F5AD045
:10C82000BEF12B0F03BF96F800E06446AE1C6446D1
:10C830004BB9BEF1300F5CD00A23DFF8F4804FF023
:10C84000050A99460AE0102B4AD04FF0FF38B8FB92
:10C85000F3F803FB08FA6FEA0A0A9946002528460E
:10C8600005E02CD009FB00C0012516F801EBAEF164
:10C87000300CBCF1090F06D9AEF1410CBCF1190F17
:10C880000BD8AEF1370C634510DDB5F1FF3FECD0AE
:10C890004045E6D94FF0FF35E7E7AEF1610CBCF15A
:10C8A000190F03D8AEF1570C6345EEDC6B1C0BD0AF
:10C8B00004B140420AB165B91160BDE8F087D445C2
:10C8C000D0DD4FF0FF35D0E722233B602846002A19
:10C8D000F3D0711EF0E796F800E00124AE1CA7E744
:10C8E000BEF1300F11D04FF00F0A6FF0704899462B
:10C8F000B4E7337803F0DF03582B0BD008234FF055
:10C90000070A6FF060489946A8E7307800F0DF002A
:10C910005828E8D14FF0100996F801E04FF00F0ABF
:10C9200002366FF070484B4698E700BF2998030025
:10C930009999991964E700BF10B4044C84461346D2
:10C9400020685DF8044B0A46614659E70010001064
:10C9500010B4044C8446134620685DF8044B0A4624
:10C9600061464DE70010001070B59AB013460A4EAC
:10C970000A466FF00041029105910849039104466F
:10C9800000253068199569460094049404F09CF8D9
:10C99000009B1D701AB070BD001000100802FFFF50
:10C9A00010B59AB00024009104916FF000410291FB
:10C9B0000591054903916946199404F085F8009B97
:10C9C0001C701AB010BD00BF0802FFFF10B4114C5C
:10C9D00084461CF8013B11F8010BE25C02F00302F3
:10C9E000012A225C02F0030208BF2033012A06D08C
:10C9F0001B1A0AD10028ECD15DF8044B7047203097
:10CA0000181AE6D05DF8044B704718465DF8044BE1
:10CA1000704700BF2998030018B3F0B407468C464E
:10CA200017F8015B01E0A54214D01CF8014B002C63
:10CA3000F9D1DDB13E460C4616F8015B00E063B16A
:10CA400014F8013B9D42FAD14DB100233B701660B2
:10CA5000F0BC704773B13846E0E73746EAE72E4648
:10CA6000F5E710680028D8D1002070471560002035
:10CA7000F0BC704717600370EAE700BF0123FFF7BF
:10CA8000CBBF00BF2DE9F04F8946B1F90C10ADF5D1
:10CA90002F7D804688040693D9F8643007D441F48A
:10CAA000005123F40053A9F80C10C9F86430C3F303
:10CAB00040319B0400F1C080164616F8013B1193EB
:10CAC000002B00F0F486DFF854A70A918E460591FA
:10CAD0008B46039107911AF8034014F008046FD1B4
:10CAE000252B5DD131782246A1F12503701C532BF3
:10CAF00061D8DFE813F0540060006000600060005F
:10CB0000530460006000600060006000A500A500A4
:10CB1000A500A500A500A500A500A500A500A500ED
:10CB20006000600060006000600060006000600005
:10CB300060006000C303B0006000B00060006000EF
:10CB4000600060003F0460006000B70360006000A8
:10CB5000600060006000600060006000950360009D
:10CB600060004804600060006000600060006000D9
:10CB70006000CC03D603B000B000B000D803E003DF
:10CB8000600060001A046000260473063B04600025
:10CB90006000C003600075066000600095030646F3
:10CBA000D9F80430002B3BDDD9F8003016F8012C01
:10CBB0001978914221D003980DF52F7DBDE8F08FB3
:10CBC000D9F804200FE0D9F800301A781AF80220BA
:10CBD000170703F101030ED5D9F80420013AC9E97A
:10CBE00000320BF1010B002AEDDC4946404601F012
:10CBF000CFFB0028E7D002960AE00133C9F80030E5
:10CC0000D9F804300296013B0BF1010BC9F804304E
:10CC1000029E16F8013B1193002B7FF45CAFCAE72C
:10CC20004946404601F0B4FB0028BDD0039B1BB130
:10CC3000B9F80C305B06BED54FF0FF330393BAE76B
:10CC400014F08F0FB7D102EB820201EB4202303AAF
:10CC50007178064648E702900425D9F80430002B85
:10CC600000F3368349464046049201F091FB0028C8
:10CC7000DCD114F0400F049A00F02A836B1E032BC2
:10CC800000F2A286DFE813F0B1016C01B4000400E9
:10CC90004046049202F0ECFD049A03680C93531E84
:10CCA000B3F5AE7F44F4F06440F28C846FF4AE7060
:10CCB00013180F9340F25D12002556ABCDE90D55C8
:10CCC0002E4604950B95CDF820800993C8461F4643
:10CCD000A94625461446D8F800000378A3F12B0C8A
:10CCE000BCF14E0F50D8DFE81CF03B024F003B0276
:10CCF0004F004F0085027B007B007B007B007B00A8
:10CD00007B007B007B007B004F004F004F004F00FB
:10CD10004F004F004F0041027900790079001F0257
:10CD200014024F004F00C3014F004F004F004F004F
:10CD300071024F006E024F004F004F0069024F001A
:10CD40004F004F0053024E024F004F004F004F0064
:10CD50004F004F004F0041027900790079001F0217
:10CD600014024F004F00C3014F004F004F004F000F
:10CD700071024F006E024F004F004F0069024F00DA
:10CD80004F004F0053024E020C9A92F800C09C458F
:10CD900017D1AA0515D5049A0B9225F4207507F82A
:10CDA000013B013CD8F80430013B002B0BF1010B97
:10CDB000C8F8043040F307830130C8F80000002CA5
:10CDC00089D1049B2C4635464E46C146DDF820806D
:10CDD000002B00F0628124F480745EE12A05F0D516
:10CDE00019EB060CEDD1664625F4C075E146D6E791
:10CDF000531EB3F5AE7F88BF6FF4AE714FF00006DF
:10CE00008CBF5718002756AB88BF40F25D124946C9
:10CE1000D946B346059E089744F4586409931D46C5
:10CE20001746086890F800C0ACF12B034D2B5FD873
:10CE3000DFE813F012025E0012025E005E00BC0228
:10CE400018011801180118011801180118010B0226
:10CE50000B025E005E005E005E005E005E005E0033
:10CE60004E004E004E004E004E004E005E005E0032
:10CE70005E005E005E005E005E005E005E005E00C2
:10CE80005E005E005E005E005E005E005E00FF0110
:10CE90005E005E005E005E005E005E005E005E00A2
:10CEA0004E004E004E004E004E004E005E005E00F2
:10CEB0005E005E005E005E005E005E005E005E0082
:10CEC0005E005E005E005E005E005E005E00FF01D0
:10CED0000A2E0DDD24F4386405F801CB4B68013BC4
:10CEE000002B4B6040F37A8201300860013F98D1FB
:10CEF00005965E46CB468946E10507D5099B9D42CE
:10CF000000F2AD84099B9D423FF455AE14F010022F
:10CF100040F07482059B079F09992A704046B847E4
:10CF2000069BA20603F1040700F16282630700F189
:10CF3000758414F0010240F05A82A40740F1578230
:10CF4000B44B079999424046059B099900F0178513
:10CF500002F004FC0B46069A1168C1E9000349E29D
:10CF6000D9F800100B78002A1AF8033008BF4FF0E8
:10CF7000FF32E00704F0100603F0080300F17682A8
:10CF8000002E00F02983002B7FF442AED9F8043044
:10CF90000131013B012AC9F80010C9F8043008BF6B
:10CFA0000BF1010B3FF434AE0124154613E0D9F820
:10CFB00000301A781AF80220160703F1010312D480
:10CFC000C9F80030D9F804300134013BA542C9F852
:10CFD000043000F05684002BE9DC4946404601F05D
:10CFE000D7F90028E3D0A34412E6002A08BF4FF087
:10CFF000FF3204F01003E0070B9300F12C83D9F803
:10D0000000100B980B7816ACE35C002800F09282BD
:10D01000002B3FF4D0ADD9F804300131013B012A97
:10D02000C9F80010C9F8043018BF164610D117E02F
:10D03000D9F800301A78A25C01338AB1C9F80030FF
:10D04000D9F804300135013BAE42C9F8043007D0AD
:10D05000002BEDDC4946404601F09AF90028E7D064
:10D06000AB44D5E56C4B24F4386433F9166033E7F0
:10D07000002E40F0C881049A002A40F09C8205F4FA
:10D08000E06CBCF5E06F00F015842C4600233546BB
:10D090004E46C146DDF820800493013E012E40F249
:10D0A00050846B1E062B40F25983E50540F1B9818F
:10D0B000600500F1548417F8011C652907F1FF355C
:10D0C0000BF1FF3602D0452940F07E834A464046A8
:10D0D00001F020F914F0100340F06C832B70B3467C
:10D0E0000D9B002B40F0A48309990022404603F0D9
:10D0F000C1FB069BE10757EC106B03F1040540F1FF
:10D1000044831B6883ED000B039B06950133039357
:10D110007EE5290503D519EB060C3FF464AE022E1B
:10D120007FF44FAE03263AE629053FF559AE05F4E4
:10D13000A06CBCF5806F05D06A057FF542AE049AFD
:10D14000002AA2D0A90504D4049A0B99521ACDE959
:10D150000D2725F47865002245F4C07504921EE67B
:10D1600029067FF52EAE25F0800518E62A0503D5A1
:10D1700019EB060C3FF437AEB9F1010F7FF421AE85
:10D180004FF002090BE6072E7FF41BAE082606E6D9
:10D1900005F4186CBCF5807F7FF413AE049A012A65
:10D1A0007FF40FAE25F480754FF0300C002207F8A5
:10D1B00001CB45F40065013C0492F0E5062E7FF4B6
:10D1C00000AE0726EBE52A05B1D4FAE5B9F1000F68
:10D1D00040F02081049A2AB905F4E06CBCF5E06FB8
:10D1E00000F06D83012E02D0042E7FF4EAAD0136EB
:10D1F000F6B2D4E5E9057FF5F3AD049B0133049362
:10D200000F9B25F08005002B3FF4CBAD0F9B013B1E
:10D210000F93C7E535C9000004980300299803005F
:10D22000029044F400748D4B07931023059303255B
:10D2300013E504F4C063B3F5007F7FF459AE24F422
:10D24000007444F4A064102646E6854B33F916605A
:10D25000082E3FF73FAE4BE623067FF549AE24F09C
:10D26000800439E6029044F001047C4B07930823C4
:10D2700005930325F1E402900225EEE4029044F0C8
:10D280000104784B07930A2305930325E5E40290F4
:10D2900044F040040025D9F80430002B3FF7EEACF1
:10D2A000E0E40290EDE723077FF485AC717844F069
:10D2B0000404064618E4D9F804300290002B694BA8
:10D2C00007934FF0000305934FF003057FF7CAACB7
:10D2D000D9F800100B781AF8033018077FF5CEAC98
:10D2E00016460A4606E0C9F8002013781AF80330FB
:10D2F000190718D5D9F80430013B002B0BF1010BAD
:10D30000C9F8043002F10102EDDC4946404601F063
:10D310003FF800287FF48AACD9F8002013781AF877
:10D3200003301907E6D43246A8E425077FF443AC5E
:10D3300071786C2900F09C8244F001040646FFF7E6
:10D34000D3BBE70602903FF563AC069B660753F834
:10D35000042B00F16A82E507C2F800B004D4A407E8
:10D3600002D54FEAEB715160069351E4029044F408
:10D37000087458E721077FF41EAC717844F002046A
:10D380000646FFF7B1BB014616A8049202F000FA68
:10D3900044F04004049A029001257CE722437FF484
:10D3A0000AAC717810240646FFF79EBB23057FF573
:10D3B00093AD16B944F400740826620540F1C381A8
:10D3C00024F4B06488E50898414600F0E1FF0028A5
:10D3D0007FF4F7AC002C7FF47EACF2E4404604917D
:10D3E00000F0D6FF049900283FF480AD80E5069B4D
:10D3F0001B681860039B069701330393099BED1A82
:10D400003544AB4404E4032E3FF4F1AE052E3FF463
:10D41000EEAED6E4B9F1020F7FF4E4AE4FF00309AB
:10D42000BDE414F010037FF4F3AB3B7004F4C0636D
:10D43000B3F5806F7FF454AE0B9B049A93423FF494
:10D4400053AE9A1A0DF2AB239F4228BF0DF2AA27C2
:10D450000549384600F03CFF46E600BF35C90000EC
:10D460000498030071DC000050B00300002E40F06F
:10D47000A481069F57F804CB002B52D100250697B4
:10D4800064462F460496154603F0F8FAB8423FF476
:10D49000CDABD9E9003113F8010B0139C9E90031ED
:10D4A0000A9B56AA032BD055099207F1010714AE27
:10D4B00002D13368042B04D0082200213046FEF745
:10D4C0000BFF099A00963B462146404600F072FD4C
:10D4D000421C0A903FF4AAAB002840F0D58120609E
:10D4E00000F064FD002840F01582BB44013D049B20
:10D4F000002B40F0EA8104341F46D9F80430002B99
:10D5000040F3F981D9F800301B781AF803301B0773
:10D5100001D4002DB8D1049E069FA446002E40F0F1
:10D52000AD81039B0697013303930023CCF80030B1
:10D53000FFF76EBB069F57F8040B002B3FF43BAB85
:10D54000D9F80430013BC9F804304B1CC9F800304D
:10D5500006460B7806F8013B012A23D08518049073
:10D5600011E0D9F800100B78E35C7BB3D9F80430F4
:10D57000013BC9F804304B1CC9F800300B7806F8A1
:10D58000013BAE4222D0D9F80430002BE9DC4946F9
:10D59000404600F0FDFE0028E3D00498B0423FF47E
:10D5A00045AB351A039B0697013303930023AB4425
:10D5B0003370FFF72DBB2C4635464E46C146DDF88D
:10D5C000208008E400230F93FFF776BB0498351AF8
:10D5D000002DE7D1FFF7EFBA069F57F8046B002B39
:10D5E00040F0CB81D9F80430013BC9F804304B1C22
:10D5F000C9F8003034460B7804F8013B012A00F0EA
:10D60000C381B51813E0D9F800301A781AF802204F
:10D61000100716D4D9F80420013AC9F804205A1C7E
:10D62000C9F800201B7804F8013BAC4209D0D9F8B6
:10D630000430002BE7DC4946404600F0A9FE0028F4
:10D64000E1D0A61BB344039B069701330393002349
:10D650002370FFF7DDBA002B40F0DE80069B53F805
:10D66000047B06930A9CCDF820B000259346CDF8A4
:10D67000108003F003FAA8423FF4D8AAD9E9003297
:10D6800056A813F8011B4155013A032CC9E9003291
:10D6900005F101050DF1480803D1D8F80030042B3D
:10D6A00004D0082200214046FEF716FE39460498B1
:10D6B000CDF800802B4656AA00F07CFC411C0446A5
:10D6C0003FF4B4AA002840F0BD803860064614AB91
:10D6D0000822002118460993FEF7FEFDB749099B71
:10D6E00004983246D1F8E06010A9B04701280CBF79
:10D6F0009DF84060002616AB9B5D002B00F0E78094
:10D70000089B032C2B44089300F0A3800BF1FF3BF4
:10D710000B9B03B90437D9F80430002B4FF00005F8
:10D720006BDDBBF1000FA4D1DDF820B0DDF8108077
:10D730000A940B9B002B7FF46BAA3B60039B013385
:10D740000393FFF765BA089B24F4607413B1013B9F
:10D75000089301370BF1010BFFF7C0BB022D40F21C
:10D760001E81032D3FF4A1AC043DEEB2F5433D44D0
:10D7700017F8011D4A46404600F0CCFDAF42F7D1F4
:10D780000BF1FF3BABEB060B8FE4069BA2071B687C
:10D79000049347D432463B463046394609F040FDB3
:10D7A000002840F0F4803046394609F097FD049B8C
:10D7B0001860A9E4B346FFF72BBA002B7FF428AA20
:10D7C000069F0DF1440C59E64A46404600F0A2FD82
:10D7D000ABF1020617F8021CBD1E77E4029044E587
:10D7E000774B07930A23029005930325FFF735BA79
:10D7F000D9F80430002B3FF73CAF0498494600F0BD
:10D80000C7FD00288DD0DDF820B0DDF810800A9427
:10D81000002D8ED0FFF70ABA11AF23E7069B1B68D5
:10D820001880E7E583ED000B6EE4A2F800B09BE5FD
:10D830000E9F0A230022791C404600F019FA0D9B26
:10D84000C21AFFE5821CD3D03E68731C7FF43FAF41
:10D8500051E7D8F80030042B7FF458AF58E715F89B
:10D86000011C4A464046013D00F054FDFFF74ABB0B
:10D87000B17844F002040236FFF736B90697FFF795
:10D88000C7B9AB44FFF7C4B90A9B02333FF435AEC6
:10D89000206800F08BFB00283CD10A9B032BBB4483
:10D8A0007FF424AE3368042B7FF420AE1FE603938D
:10D8B000FFF781B925F4F0650126FFF770BA25F46A
:10D8C000F0654FF00109FFF76ABA002715E6DDF8A9
:10D8D00020B0DDF810800A94002D3FF42AAF56AB3B
:10D8E0005C19013D14F8011D4A46404600F012FD46
:10D8F000002DF6D11DE74946404600F049FD0028BD
:10D900003FF400AE3D46049E069FA446002D7FF4E2
:10D910008DA903E63D46049E069FA446002D3FF4D4
:10D92000FDAD099CCDF810C02C44013D14F8011D3B
:10D930004A46404600F0EEFC002DF6D1DDF810C05E
:10D94000ECE5099CA7427FF636A917F8011D4A4667
:10D95000404600F0DFFCA742F7D1FFF72CB9099C45
:10D96000A7427FF628A917F8011D4A46404600F055
:10D97000D1FCA742F7D1FFF71EB9344663E604F0A5
:10D98000B1FF0B46FFF7E7BA0BF1010B5BE60D4861
:10D9900001F020FE049B83ED000AFFF7B5BB099B55
:10D9A0009F427FF608A917F8011D4A46404600F03D
:10D9B000B1FC099B9F42F6D1FFF7FDB8341100106E
:10D9C00035C9000048B10300012A38BF012204F024
:10D9D000100714F00104164615D1002F6BD1069CD8
:10D9E000134654F8041BCDF800900122404600F085
:10D9F000EBFC00283FF41AA9039B069401338344EF
:10DA00000393FFF705B9002F46D0002304930025A8
:10DA10002C460A9DCDF8208003F030F8A0423FF458
:10DA200005A9D9E9003156AA13F8010B105501399F
:10DA3000032D04F10108C9E9003114AC02D12268B8
:10DA4000042A04D0082200212046FEF745FC56AAED
:10DA5000049908980094434600F0ACFA421C05462D
:10DA60003FF4E4A800283CD1C344013E27B9049BFD
:10DA70001F60049B04330493D9F80430002B4FF04B
:10DA800000043FDD002EC7D1DDF820800A95002F6D
:10DA90003FF454AEFFF7BCB8069B53F8042B049236
:10DAA0000693B4E7C9F80010404649461C44F61AEC
:10DAB00000F06EFC78B9D9E900239E4202EB030125
:10DAC000F0DC9B1B32443444C9F80430C9F8002010
:10DAD000A344FFF79DB8002C3FF4A8A8A344FFF788
:10DAE00097B8831C09D00328C34402D12368042BB0
:10DAF00000D0013E002FBCD0BEE7D9F804100029A9
:10DB0000444689DC0898494600F042FC0028B9D018
:10DB1000DDF820800A95002C7FF488A8002F3FF4C0
:10DB20000DAEFFF775B800BF0A22002100F0AEB8B5
:10DB30000A23002200F09CB8242B2DE9F84F43D88B
:10DB4000012B41D0804649481F468E4675461EF837
:10DB500001BB10F80B4014F00804F7D1BBF12D0FF6
:10DB60006FD0BBF12B0F08BF9EF800B06FF00049DB
:10DB700008BF05F1020E73BBBBF1300F4BD00A2773
:10DB80003B460025B9FBF7F6284607FB169A05E049
:10DB90003AD007FB00C001251EF801BBABF1300CE9
:10DBA000BCF1090F06D9ABF1410CBCF1190F19D822
:10DBB000ABF1370C63451EDDB5F1FF3FECD086427B
:10DBC000E6D24FF0FF35E7E704F0B2FD162303601D
:10DBD0000020BDE8F88F102BD3D1BBF1300F23D03C
:10DBE0001F46CEE7ABF1610CBCF1190F03D8ABF1C6
:10DBF000570C6345E0DC6B1C2BD054B9002AE8D0ED
:10DC000085BB1160BDE8F88FE245C2DA4FF0FF3501
:10DC1000C2E74042F2E79EF8003003F0DF03582BE2
:10DC200008D008273B46ACE79EF8000000F0DF0074
:10DC30005828D5D110279EF801B03B460EF1020EB0
:10DC40009FE79EF800B04FF0004905F1020E012455
:10DC500091E72223C8F8003032B10EF1FF31484677
:10DC60001160CFE78146F8E74846B2E729980300FC
:10DC700062E700BF10B4044C8446134620685DF888
:10DC8000044B0A46614657E70010001010B4044CDC
:10DC90008446134620685DF8044B0A4661464BE70C
:10DCA0000010001038B511F0FF040CD00346002519
:10DCB00001E0431C054621461846FEF7BFFB00283D
:10DCC000F7D1284638BD2146BDE83840FEF7B6BB3F
:10DCD00008B410B5002A9DB0044636DB4FF4027339
:10DCE000ADF814304FF000031B930291069120AB66
:10DCF00017D0013A4FF6FF7104920792ADF8161053
:10DD00001F9A019302A902F0DFFE421C01DA8B2365
:10DD10002360029B00221A701DB0BDE8104001B0C4
:10DD200070474FF6FF7104920792ADF816101F9AD4
:10DD3000019302A902F0C8FE431C01DA8B23236081
:10DD40001DB0BDE8104001B070478B2303604FF059
:10DD5000FF30F5E70CB410B5214B00291C689CB0CE
:10DD600038DB4FF000034FF402721B93ADF8142020
:10DD7000029006901FAB18D001394FF6FF72049144
:10DD80000791ADF8162002A91E9A0193204602F0D1
:10DD90009BFE421C01DA8B232360029B00221A7037
:10DDA0001CB0BDE8104002B070474FF6FF720491FE
:10DDB0000791ADF8162002A91E9A0193204602F0A1
:10DDC00083FE431C01DA8B2323601CB0BDE81040A6
:10DDD00002B070478B2323604FF0FF30F5E700BFA0
:10DDE00000100010844641EA000313F003036DD1D4
:10DDF000403A41D351F8043B40F8043B51F8043B0E
:10DE000040F8043B51F8043B40F8043B51F8043B14
:10DE100040F8043B51F8043B40F8043B51F8043B04
:10DE200040F8043B51F8043B40F8043B51F8043BF4
:10DE300040F8043B51F8043B40F8043B51F8043BE4
:10DE400040F8043B51F8043B40F8043B51F8043BD4
:10DE500040F8043B51F8043B40F8043B51F8043BC4
:10DE600040F8043B51F8043B40F8043B51F8043BB4
:10DE700040F8043B403ABDD2303211D351F8043B54
:10DE800040F8043B51F8043B40F8043B51F8043B94
:10DE900040F8043B51F8043B40F8043B103AEDD203
:10DEA0000C3205D351F8043B40F8043B043AF9D254
:10DEB000043208D0D2071CBF11F8013B00F8013B27
:10DEC00001D30B8803806046704700BF082A13D334
:10DED0008B078DD010F003038AD0C3F10403D21A4C
:10DEE000DB071CBF11F8013B00F8013B80D331F880
:10DEF000023B20F8023B7BE7043AD9D3013A11F800
:10DF0000013B00F8013BF9D20B7803704B7843706A
:10DF10008B7883706046704710B50C46B1F90E10CF
:10DF200004F0FAFC002803DB236D0344236510BDD5
:10DF3000A38923F48053A38110BD00BF0020704744
:10DF40002DE9F0410C46B1F90C101F46CB050546F2
:10DF500016460BD421F48051A1813B46B4F90E1032
:10DF600032462846BDE8F04100F06CB8B4F90E1016
:10DF70000223002206F020F9B4F90C10EAE700BFF2
:10DF800010B50C46B1F90E1006F016F9B4F90C30C4
:10DF9000421C0EBF23F4805343F480532065A381B9
:10DFA00010BD00BFB1F90E1001F002BB002104F05A
:10DFB000C5BB00BF70B50D4C82B0D4F8E460069CC0
:10DFC00005462AB10094B047431C08D002B070BD8A
:10DFD00011460123064A0094B047431CF6D10022A3
:10DFE0008A2322602B6002B070BD00BF3411001084
:10DFF00048B1030070B51C460F4B1D680F4B82B033
:10E00000D3F8E46051B1944663460A460094014651
:10E010002846B047431C08D002B070BD0123084A0F
:10E0200000942846B047431CF6D100228A23226080
:10E030002B6002B070BD00BF001000103411001042
:10E0400048B1030038B50C46084D844611462046B9
:10E050001A4600232B60644609F084FB431C00D061
:10E0600038BD2B68002BFBD0236038BDAC1A0010E4
:10E0700000207047024A0349034801F0D5BB00BFA6
:10E0800028110010F9400100081000100C4B4168E5
:10E09000994210B5044601D006F02EF8A168094B4C
:10E0A000994202D0204606F027F8E168064B9942D3
:10E0B00004D02046BDE8104006F01EB810BD00BFD9
:10E0C0003C190010A41900100C1A00100020704711
:10E0D0002DE9F8432A4C2B49DFF8BC90DFF8BC80CF
:10E0E000294FC4F83811002504230822294604F1D9
:10E0F0005C00264EE360C4E90055C4E90455A56000
:10E100006566A561FEF7E8F8214B6367082229469A
:10E1100004F1C400C4E90749C4E90987C4E91A55F0
:10E12000C4E91E552567C4F8CC50C4F88050E66297
:10E13000FEF7D2F8174BC4F8DC30294604F1680327
:10E14000082204F59670C4F88430C4E92298C4E922
:10E150002476C4E93455C4E93855C4F8D850C4F815
:10E160003451C4F8E850FEF7B7F804F1D003C4E91D
:10E170003C98C4E93E76C4F8EC30BDE8F88300BFB3
:10E180003C19001075E0000081DF0000A5DF0000F1
:10E19000090001001200020019DF000041DF000049
:10E1A000F8B5254BD3F838310646002B3CD0234F29
:10E1B000D7E90134013B04D51DE05A1C04F1680481
:10E1C00019D0B4F90C50013B002DF6D11C4BE36083
:10E1D000C4E90155C4E9045565662560A5610822B6
:10E1E000294604F15C00FEF777F8C4E90C55C4E950
:10E1F00011552046F8BD3D680DB12F46D8E74FF4C4
:10E20000D671304604F09EFB044680B10423C0E979
:10E2100000530C302946A0604FF4D0722546FEF71B
:10E220005BF83C602F46C3E7FFF752FFBFE70C23C4
:10E2300038603360DDE700BF3C1900102811001082
:10E240000100FFFF436B03B17047044B044AD3F84E
:10E2500038314263002BF7D13AE700BF3C19001078
:10E260008DE00000704700BF704700BF024A0349BD
:10E27000002001F0D9BA00BF2811001071E00000A1
:10E28000024A0349002001F0CFBA00BF2811001054
:10E29000CDE000000CB410B59CB01EAB029106910D
:10E2A0006FF0004104910791084953F8042B059140
:10E2B000002402A901931B9402F006FC029B1C702F
:10E2C0001CB0BDE8104002B0704700BF0802FFFF5D
:10E2D0000EB430B59CB06FF000411FAB04910791B4
:10E2E0000A4953F8042B029000240690084D086850
:10E2F000019302A905951B9402F0E6FB029B1C709A
:10E300001CB0BDE8304003B0704700BF00100010E3
:10E310000802FFFF38B54B1C1AD09389144623F02E
:10E3200020035268A381236BCDB2A3B1636B9342E8
:10E3300009DD23685A1E226003F8015C636801331B
:10E340006360284638BD214601F08CF80028F0D0E3
:10E350004FF0FF35F5E7236921682BB18B4203D2DB
:10E3600011F8013CAB420ED02346C4E90E1204F171
:10E37000400003222063626303F8425F0122C4E984
:10E380000032284638BD01390132C4E90012D8E70D
:10E3900010B50C46096B69B104F14003994201D0F4
:10E3A00005F0AEFDE36B63600020206313B1A36B47
:10E3B000236010BDA2892369002142F02002616020
:10E3C000A2814FF0FF30F3E72DE9F04F85B083468F
:10E3D00002FB03F00E9C019398B38846D4E9001524
:10E3E000A842064622D9CDE902024FF0000904F105
:10E3F000400A40462A46FFF7F5FC2168236B4F1977
:10E40000C4E90079194637465846A844761BDBB163
:10E41000534501D005F074FDE16BC4F830906160A4
:10E4200091B10D46B542A16B2160E2D33246404620
:10E43000FFF7D8FCD4E90032921B3344C4E9003220
:10E44000019805B0BDE8F08FDDE90202A3892844F8
:10E45000C01B43F02003B0FBF2F02269A38100232C
:10E46000C4E9002305B0BDE8F08F00BF2DE9F04FEF
:10E470008A46B1F90C10DDB08C0407930390DAF8EA
:10E48000643007D441F4005123F40053AAF80C106F
:10E49000CAF864309804C3F3403100F1A4831646EF
:10E4A00016F8013B0D93002B00F08986DFF8A0845D
:10E4B00006918E468B4689460591089118F80340CF
:10E4C00014F008046ED1252B5DD131782746A1F1D7
:10E4D0002503721C532B61D8DFE813F05400600051
:10E4E0006000600060002F0260006000600060005B
:10E4F0006000D000D000D000D000D000D000D0000C
:10E50000D000D000D00060006000600060006000BB
:10E510006000600060006000600023026000600036
:10E520006000600060006000600027026000600022
:10E530003101600060006000600060006000600009
:10E540006000DC00600060003A0160006000600074
:10E550006000600060006000A001A5016000600034
:10E560006000AC01B40160006000FA0160000502C7
:10E5700001061C02600060002002600004066000CA
:10E580006000DC001646DAF80430002B5BDDDAF8B8
:10E590000030197816F8012C914232D005985DB000
:10E5A000BDE8F08FDAF80430039F0AF1400500243B
:10E5B0001A460FE0DAF800301A7818F8022012072D
:10E5C00003F101033DD5DAF80420013ACAE900322B
:10E5D00009F10109002AEDDCDAF830303846194635
:10E5E00013B3AB4201D005F08BFCDAF83C30CAF82B
:10E5F0003040CAF80430BBB1DAF83830CAF800301D
:10E60000DAE70133CAF80030DAF804300496013B47
:10E6100009F10109CAF80430049E16F8013B0D9374
:10E62000002B7FF44BAFB9E7BAF80C3043F020036E
:10E63000AAF80C30DAF81030CAF800300023CAF813
:10E6400004300496E8E7DAF83010002900F0B982C7
:10E650000AF14003994202D0039805F051FCDAF820
:10E660003C30CAF804300022CAF83020002B00F0F9
:10E67000A882DAF83830CAF800308AE714F08F0F31
:10E680008CD107EB870701EB4701A1F130077178C7
:10E6900016461CE7049244F40074AB4B0893102315
:10E6A00006930323DAF80410002900F3D880DAF87F
:10E6B0003010002900F085820AF14000814204D028
:10E6C0000398099305F01CFC099BDAF83C10CAF882
:10E6D00004100020CAF83000002900F07282DAF835
:10E6E0003810CAF80010600640F1B980022B00F023
:10E6F000FE81032B00F02E81012B37D0012F04F077
:10E70000100238BF012714F001040A9240F02E8451
:10E710000A9B002B40F0CC82079C039854F8041B02
:10E72000CDF800A03B460122FFF74EFE002800F086
:10E730005382059B07940133814405936CE704924F
:10E7400044F00104804B0893082306930323A9E7B0
:10E7500011461CA801F01CF844F040040490012369
:10E76000DAF804100029A2DD012BC7D1002F04F034
:10E77000100208BF4FF0FF3714F001040A9240F076
:10E780008883DAF800600A9A31781CAD695C002A47
:10E7900000F0CE8200293FF401AFDAF80410013610
:10E7A0000139012FCAF80060CAF8041000F0208374
:10E7B0000AF14006CDF82490B14626461C4612E0E8
:10E7C000DAF800100878285C0131002800F00D8389
:10E7D000CAF80010DAF8041001340139A742CAF867
:10E7E000041000F002830029EADCDAF830300398E4
:10E7F0001946002B00F024854B4501D005F080FB25
:10E80000DAF83C10CAF83060CAF80410002900F0A9
:10E810001785DAF83810CAF80010D3E7049244F0EC
:10E82000400400239CE70492484B08930A23069374
:10E83000032337E723077FF4B1AE717844F0040473
:10E84000164644E6DAF804300492002B3F4B089356
:10E850004FF0000306934FF003037FF728AFDAF879
:10E860000000017818F8011009077FF53FAF0AF1A1
:10E8700040060994002534464E46994608E001308A
:10E88000CAF80000017818F801100A0740F19581D4
:10E89000DAF804100139002906F10106CAF804105B
:10E8A000EDDCDAF8303003981946002B00F089814E
:10E8B000A34201D005F024FBDAF83C10CAF830502E
:10E8C000CAF80410002900F07C81DAF83800D7E794
:10E8D00020077FF463AE71786C2900F0508444F017
:10E8E00001041646F3E5E70604923FF595AE079A54
:10E8F000660752F8043B079200F10084E50700F137
:10E900005A84A40740F157844FEAE972C3F8009093
:10E910005A6081E6049244F40874BEE6049202232D
:10E92000C0E6049244F001047EE721077FF436AE8E
:10E93000717844F002041646C9E527437FF42EAEF1
:10E94000717810241646C2E535C9000071DC00005C
:10E95000299803007B1E262B44F4586440F247811B
:10E96000A7F127030B932727002312AE1A4609931A
:10E970000AF1400335460A933346069EDAF8001042
:10E9800091F800C0ACF12B004D283AD8DFE800F038
:10E990007E397E3939896D6D6D6D6D6D6D8383390D
:10E9A0003939393939392727272727273939393943
:10E9B000393939393939393939393939397339398D
:10E9C0003939393939392727272727273939393923
:10E9D00039393939393939393939393939730A2EA7
:10E9E0000FDD24F4386405F801CBDAF804000138AF
:10E9F0000028CAF8040060DD0131013FCAF80010A8
:10EA0000BCD106961E46E10505D5B54200F29783B6
:10EA1000B5423FF4C3AD14F0100240F0C980069B2C
:10EA2000089F03982A703146B847079BA20603F156
:10EA3000040700F1B780630700F15C8314F0010262
:10EA400040F0AF80A10740F1AC80B74B0899039824
:10EA50009942069B314600F08B8400F07FFE0B4606
:10EA6000079A1168C1E900039EE0B04824F43864B5
:10EA700030F91660B7E704F4C060B0F5007FC0D18C
:10EA800024F4007444F4A0641026ACE72006B8D542
:10EA900024F08004A7E7A54830F91660082EA0DC12
:10EAA000AFE720059FD516B944F400740826600529
:10EAB00040F1AA8224F4B06495E7DAF83010002916
:10EAC00000F082830A98814205D00398069305F0EE
:10EAD00017FA069B0022DAF83C10CAF83020CAF870
:10EAE0000410002900F07083DAF8381085E7DAF8AE
:10EAF00000000378002F18F8035008BF4FF0FF37CD
:10EB0000E10704F0100205F0080573D4002A00F0B4
:10EB10007181002D7FF480ADDAF804300130013BC3
:10EB2000012FCAF80000CAF8043008BF09F1010932
:10EB30003FF472AD0AF14006324601242E461546D6
:10EB400014E0DAF80030197818F80110090703F119
:10EB5000010300F1E780CAF80030DAF8043001342C
:10EB6000013BA742CAF8043000F00F83002BE8DC19
:10EB7000DAF8303003981946002B00F0A083AB423E
:10EB800001D005F0BDF9DAF83C30CAF83060CAF8B7
:10EB90000430002B00F09383DAF83830CAF80030E4
:10EBA000D1E7079B1B681860059B07970133059306
:10EBB000099BAD1B1D44A9442EE54B46099CB1465B
:10EBC00094E5DAF81010BAF80C300022CAE9001205
:10EBD00043F02003AAF80C30059B23B1BAF80C309F
:10EBE0005B067FF5DBAC4FF0FF330593D6E40023E3
:10EBF0000B93B9E6002A00F01E82002D7FF40CADC5
:10EC0000079C0DF1340C00250A945E462C460792B1
:10EC1000654601F033FFA042DED0DAE900210DF1B4
:10EC2000480B12F8010B0BF80400631C0139032E8A
:10EC3000CAE90021099310AC02D12368042B04D047
:10EC4000082200212046FDF747FB5A46099B0398FE
:10EC500000942946FFF7AEF9421C0646BCD00028B6
:10EC600040F096822860FFF7A1F9002840F05C830D
:10EC7000099B9944013F079B002B40F0A382043578
:10EC80001C46DAF80420002A40F3ED82DAF800206E
:10EC9000127818F80220100701D4002FB9D10A9C6D
:10ECA000079AAC46B346002A00F0CB810794B3E440
:10ECB000DAE90013BB4280F25483DAF830201846B8
:10ECC0000AF14006CDE9099B13462546A346B14605
:10ECD00002461144CAF800105E463C4603981946A5
:10ECE0009344BF1A002B00F032824B4501D005F04F
:10ECF00007F9DAF83C20CAF83050CAF80420002A94
:10ED000000F02582DAF83810CAF8001097424FF068
:10ED10000003DEDCDDE9099B13463444DB1B394488
:10ED2000CAE90013A14477E435C900002C99030017
:10ED3000079A52F8040B00293FF430ACDAF80410BB
:10ED40000139CAF80410711CCAF800100446317861
:10ED500004F8011B012F40D0C619CDF81C900AF110
:10ED60004007B14609900A9E0B9211E0DAF80010B4
:10ED70000878285C48B3DAF804000138CAF80400BF
:10ED8000481CCAF80000097804F8011B4C451CD047
:10ED9000DAF804100029E9DCDAF830300398194673
:10EDA000002B00F03682BB4201D005F0A9F8DAF85A
:10EDB0003C10CAF83060CAF80410002900F029821B
:10EDC000DAF83810CAF80010D2E70998DDF81C907C
:10EDD0000B9A231A002B3FF4E1AB9944059B079251
:10EDE000013305930023237016E4DDF824902346B5
:10EDF000994411E4079951F8042B002D40F0B38297
:10EE0000DAF80430013BCAF80430431CCAF8003079
:10EE10001446037804F8013B012F00F0A682D619AE
:10EE200007910AF14007099216E0DAF80010087815
:10EE300018F80000020701F1010300F1F080DAF890
:10EE40000400CAF800300138CAF80400097804F850
:10EE5000011BB44200F0E380DAF804100029E4DC7E
:10EE6000DAF8303003981946002B00F01682BB42C6
:10EE700001D005F045F8DAF83C10CAF83050CAF86D
:10EE80000410002900F00982DAF83810CAF80010DE
:10EE9000CDE7002A40F02081079B53F8042B09920C
:10EEA000079300245D4601F0E9FDA0423FF494AED3
:10EEB000DAE9003212A813F8011B0155013A032DBB
:10EEC000CAE9003204F101040DF1380B03D1DBF87B
:10EED0000030042B04D0082200215846FDF7FCF92D
:10EEE000099E0398CDF800B0234612AA3146FFF7D9
:10EEF00061F8431C05463FF46FAE002840F00281E4
:10EF00003060064610AB0822002118460B93FDF72F
:10EF1000E3F9B5490B9B03983246D1F8E0600CA9A0
:10EF2000B04701280CBF9DF8306000261CAB9B5DEC
:10EF3000002B00F05D81032DA14400F0FA80013F19
:10EF40000A9B13B9099B04330993DAF80430002BA8
:10EF50004FF0000440F3A580002FA4D1AB460A9BDC
:10EF6000002B7FF459AB099A136048E0002A40F067
:10EF70009080079951F8042B099207911C4612AE14
:10EF80000B9301F07BFDA0423FF426AEDAE90021AD
:10EF900012F8010B30550139BBF1030FCAE900210A
:10EFA00004F1010410AD02D12B68042B04D0082217
:10EFB00000212846FDF790F909990398009523460A
:10EFC0003246FEF7F7FFB0F1FF3F83463FF404AE51
:10EFD000002840F09F800A9BA144013F23B9099A71
:10EFE0001360099B04330993DAF804200B9C002A70
:10EFF00034DD002FC5D10A9B002B7FF40DAB059BA0
:10F0000001330593FFF708BB0B9824F4607410B12B
:10F0100001380B900137099801300990E5E4099A0D
:10F020000799A31A9944059B07910133059300237F
:10F030002370FFF7F1BA079C54F804CB002D3FF47E
:10F04000E2AD059B0794013305930023CCF8003013
:10F05000FFF7E2BADAF80420002A92DCDAF830107E
:10F06000002900F04E810AF14002914202D003983B
:10F0700004F046FFDAF83C20CAF804200023CAF85E
:10F080003030002A00F03D81DAF83820CAF800203C
:10F09000AFE70022099271E7DAF80430002B3FF75E
:10F0A00002AFDAF83010002900F019810AF14003AC
:10F0B000994202D0039804F023FFDAF83C30CAF8F2
:10F0C00004300022CAF83020002B00F00881DAF862
:10F0D0003830CAF800303FE70DAB0993E1E60492FF
:10F0E000FFF730BB414B08930A2306930492032396
:10F0F000FFF7D8BA079B1B68188055E5A3F8009066
:10F10000FFF78ABA861CC7D0099B1E68701C7FF463
:10F11000F9AE0BE710F1020F9CD00328A14402D1F5
:10F120002A68042A00D0013F0A9B002B3FF459AF04
:10F130005AE7DBF80030042B7FF401AF00E715F845
:10F14000011C03985246013DFFF7E4F860E4BAF869
:10F150000C30DDF8249043F02003AAF80C30DAF8E4
:10F160001030CAF800305C460023DDF828B0CAF839
:10F170000430002C3FF430ADA144FFF74DBAB17814
:10F1800044F002040236FFF7A2B9B944FFF744BACB
:10F19000831C00F0C7802868FEF708FF002840F0B5
:10F1A000C380099B032E99447FF464AD2268042A2E
:10F1B0007FF460AD5FE5C3F80090FFF72DBA0593CB
:10F1C000FFF7ECB900245CE506961E46BAF80C3051
:10F1D00043F02003AAF80C30DAF81030CAF80030F7
:10F1E0000023CAF804300EE43411001035C90000C1
:10F1F000AB46002C3FF4B3AE12AB039E1D19013C8D
:10F2000015F8011D52463046FFF784F8002CF6D160
:10F21000A5E6BAF80C300998DDF81C900B9A43F07B
:10F220002003AAF80C30DAF81030CAF80030A042F7
:10F230004FF00003CAF804303FF4CEAC231ACCE5FB
:10F24000BAF80C20DDF8249042F02002AAF80C2035
:10F25000DAF81020CAF8002023460022CAF8042059
:10F260009944FFF7D9B9DAF83010002900F0858009
:10F270000AF14002914202D0039804F041FEDAF80C
:10F280003C20CAF804200021CAF83010002A74D0AB
:10F29000DAF83820CAF80020FAE4099A0799A31A84
:10F2A0009944BAF80C3043F02003AAF80C30DAF88D
:10F2B0001030CAF800300023CAF80430B3E6BAF8B8
:10F2C0000C3043F02003AAF80C30DAF81030CAF8FA
:10F2D00000300023A144CAF80430FFF79DB9BAF802
:10F2E0000C3043F02003AAF80C30DAF81030CAF8DA
:10F2F00000300023AB46CAF80430002C3FF42FAE98
:10F300006AE4BAF80C3043F02003AAF80C30DAF8BB
:10F310001030CAF800300023CAF80430002C3FF443
:10F320006AAE59E4099CACE4AC46DDE909545B469D
:10F33000079AB3461E46002D3FF4B5AC2E44079401
:10F340003446039E09926746013D14F8011D52465A
:10F350003046FEF7DFFF002DF6D1079C099ABC4628
:10F36000A1E43C46DAE414465DE609F101095AE6F7
:10F3700003F0B8FA0B46FFF773BBBAF80C30079AE4
:10F3800043F02003AAF80C30DAF81030CAF8003045
:10F39000AC4600232546B3460A9CCAF80430002D2B
:10F3A0007FF41AAC7FE400BF80EA0102844612F0C9
:10F3B000030F4FD111F0030F32D14DF8044D11F06E
:10F3C000040F51F8043B0BD0A3F101329A4312F021
:10F3D000803F04BF4CF8043B51F8043B16D100BFFA
:10F3E00051F8044BA3F101329A4312F0803FA4F18B
:10F3F00001320BD14CF8043BA24312F0803F04BF12
:10F4000051F8043B4CF8044BEAD023460CF8013B7E
:10F4100013F0FF0F4FEA3323F8D15DF8044B704728
:10F4200011F0010F06D011F8012B0CF8012B002A66
:10F4300008BF704711F0020FBFD031F8022B12F055
:10F44000FF0F16BF2CF8022B8CF8002012F47F4F10
:10F45000B3D1704711F8012B0CF8012B002AF9D118
:10F46000704700BF01F140032DE9F0410C46096BE4
:10F47000994214D0666B77003A4604F0C1FE054607
:10F4800030B300EB0608014632464046FEF7AAFCC0
:10F49000C4E90C57C4F800800020BDE8F0814FF4A7
:10F4A000806103F04FFA98B194F842304FF48062D3
:10F4B000C4E90C0280F8FF3394F8413080F8FE3341
:10F4C00094F8402080F8FD2300F2FD332360E3E749
:10F4D0004FF0FF30E1E700BF70B54C1C2BD00E465B
:10F4E0000546144610B1436B002B4CD0B4F90C30D8
:10F4F00023F020025807A28106D4D9061BD51B078A
:10F5000034D442F00402A281226B6368F6B2AAB13D
:10F51000626B9A4209DD23685A1E226003F8016C6F
:10F52000636801336360304670BD21462846FFF7AB
:10F5300099FF0028EFD04FF0FF36F4E722692168E9
:10F540002AB18A4203D211F8012CB2421ED02246BF
:10F55000C4E90E1304F1400003232063636302F83F
:10F56000426F0123C4E90023304670BD214628467E
:10F5700003F05EF80028DED1B4F90C20A06022F080
:10F580000802A061BDE7FEF75DFEAFE70139013378
:10F59000C4E90013C7E700BF10B4044C03460A4691
:10F5A00020685DF8044B1946FFF796BF0010001065
:10F5B00038B5074D0022044608462A6008F08CF84A
:10F5C000431C00D038BD2B68002BFBD0236038BD16
:10F5D000AC1A00109FED010A704700BF0000C07F09
:10F5E0002DE9F04F85B092465B4A039089461E464E
:10F5F0000D46294615F8014B135D13F00803F8D1A9
:10F600002D2C7DD02B2C41D002934FF0FF326FF088
:10F610000043CDE90023002E43D1302C79D00A27B6
:10F62000B0463E46DDE900013A46434607F0A6FEF5
:10F6300000238E46834619461846A44610E08E45A0
:10F6400008BF83454CD000FB08F307FB0133A0FB48
:10F6500007010B44201843EBE471012315F801CB9B
:10F66000ACF13004092C05D9ACF14104192C1ED899
:10F67000ACF13704A64222DDB3F1FF3FEED0834563
:10F680007EEB0103DBD24FF0FF33E7E72C780293E8
:10F690008D1C6FF000434FF0FF31CDE90013002EB9
:10F6A000BBD0102E3ED037464FEAE678BAE7ACF131
:10F6B0006104192C03D8ACF15704A642DCDC5A1CB7
:10F6C00013D0029A12B1404261EB4101BAF1000F2E
:10F6D00003D0002B3DD1CAF8009005B0BDE8F08FF3
:10F6E000A242B0DA4FF0FF33B8E7039A2223136047
:10F6F000BAF1000F28D0DDE9000105F1FF39EAE792
:10F7000000934FF0004001232C78CDE901038D1CBC
:10F7100081E72B7803F0DF03582B0ED00827B04683
:10F720003E467FE7302C03D037464FF0000879E79C
:10F730002B7803F0DF03582BF6D110276C784FF0AD
:10F74000000802353E466DE7DDE9000105B0BDE881
:10F75000F08FCDE90001CEE72998030040E700BF14
:10F7600010B4044C8446134620685DF8044B0A46E6
:10F77000614635E70010001010B4044C844613466F
:10F7800020685DF8044B0A46614629E70010001026
:10F7900070B50C785E2C864624D00023481C9C460D
:10F7A000002263F3070263F30F2263F3174263F34C
:10F7B0001F620EF58071734643F8042B8B42FBD118
:10F7C00074B18CF001010EF80410451C15F8013CD1
:10F7D0002D2B0ED05D2B0AD01BB11C462846F2E71C
:10F7E000013870BD01234C78881C9C46D8E7284618
:10F7F00070BD90F801C0BCF15D0FEED06445ECDC4B
:10F80000661C02300EEB060202F8011BA2EB0E038F
:10F81000013B9C45F8DCACEB0403013B6445A8BF0D
:10F8200000230235F418D1E72DE9F843074688464E
:10F8300016464FF00009D6E90154013D10D4A389C2
:10F84000012B08D9B4F90E3001332146384602D0D5
:10F85000C04749EA0009013D6B1C04F16804EED180
:10F860003668002EE7D14846BDE8F883F03070478F
:10F8700000487047241200100048704724120010FE
:10F880002DE9F04F2DED028B9DB0884600210792A7
:10F89000189100220021CDE90412834641461791B8
:10F8A0000F4611F8012B2D2A5ED801A050F822F046
:10F8B00083FA000069F9000069F9000069F90000A5
:10F8C00069F9000069F9000069F9000069F90000B0
:10F8D00069F900009FF800009FF800009FF8000001
:10F8E0009FF800009FF8000069F9000069F9000026
:10F8F00069F9000069F9000069F9000069F9000080
:10F9000069F9000069F9000069F9000069F900006F
:10F9100069F9000069F9000069F9000069F900005F
:10F9200069F9000069F9000069F9000069F900004F
:10F930009FF8000069F9000069F9000069F900000A
:10F9400069F9000069F9000069F9000069F900002F
:10F9500069F9000069F9000069F900002B00010055
:10F9600069F900003F00010000210891302A00F0F1
:10F970009780002309932F2A144640F202854FF006
:10F98000000938464E464D4613E00130082D1790C9
:10F99000C8BF09EB89090478C6BF02EB4902A2F18E
:10F9A0003009A3F130062F2C05F10105224640F362
:10F9B000B88006EB8603392C02EB4303E5DDB04942
:10F9C000012202F06FFE00287BD1179A1346013204
:10F9D00017925C78002D40F0A285302C40F09C8579
:10F9E00013461846013317931C78302CF9D0C2F116
:10F9F00001031844A4F13103082B36D8179F431C88
:10FA0000A4F1300E0D9301253C464FF0000A06EBA1
:10FA100086060EEB46060020631C17936478A4F15B
:10FA20003002092A00F2F182179C01309646002A22
:10FA3000F2D00128D8BF05F1010C40F3FB8600EBA2
:10FA4000050C0CF1FF3103E05E00A94200F0F286E4
:10FA5000082D06EB860305F10105F5DD102DDCBF51
:10FA600009EB89094FEA4909EFE7652C40F0EA8282
:10FA700000230122CDE90C239A46099B034340F061
:10FA8000D282079B9FED7C8B0BB1C3F80080B0EE58
:10FA9000480AF0EE680A1DB0BDEC028BBDE8F08F9D
:10FAA0007A7802F0DF02582A00F02E840137179787
:10FAB0003A78302AFAD0002A00F08F820123099385
:10FAC00059E70020CDE90C00AA46652C36D0452C1C
:10FAD00034D000230E93002D7CD1099B034340F0CA
:10FAE0007C820C9B002BCCD1692C00F0778400F336
:10FAF0007084492C00F072844E2CC2D1614917A841
:10FB000004F062FD0028BCD0179B1B78282B00F066
:10FB100083855D4804F05CFEB0EE408AF0EE608ABA
:10FB20005DE25749012202F0BDFD0028C9D1179BB3
:10FB30000D905A1C17925C78AA4670E7002D9CD055
:10FB4000DDF85C8008F10103179398F801402B2C35
:10FB500000F066822D2C00F05B824FF0000CA4F1C7
:10FB60003001092900F24C82302C179B0AD1013355
:10FB700017931C78302CFAD0A4F13102082AA8D8A7
:10FB8000A4F130015A1C17925C782F2C40F30D849D
:10FB900096460E9308E0013217929EF801402F2CF2
:10FBA000A3F1300106DD964601EB8103392C04EB0D
:10FBB0004303F0DD0E9BD21A082A40F3F68344F685
:10FBC0001F630E93BCF1000F85D00E9B5B420E931A
:10FBD000002D82D0DDE90D23BAF1000F08BFAA463F
:10FBE0009B1A102D30460C932C46A8BF102407F00A
:10FBF00003F8092D02460B46CDE9042316DD234BFD
:10FC000003EBC40353E9122307F070F80246484699
:10FC10009046894606F0F0FF02460B4640464946AC
:10FC200006F0AEFE0F2DCDE9040131DC0C9B002B5C
:10FC300000F039830C9B40F36882162B40F3BC83A1
:10FC40000C9AC5F12503934222DB104CC5F10F0538
:10FC500004EBC501DDE90423D1E9000107F046F812
:10FC60000C9B5D1B04EBC504D4E9002307F03EF8B0
:10FC700041EC180BB3E100BF0000000000000000E1
:10FC8000D0B1030064B0030048B10300D09A030070
:10FC90000C9B2C1B1C44002C40F3DA8114F00F0049
:10FCA0000AD03B4901EBC001DDE90423D1E90001A1
:10FCB00007F01CF8CDE9040134F00F034BD0B3F585
:10FCC0009A7F00F3A083102BDFF8D8E04FEA2314CB
:10FCD00040F3E884DDE904234FF0000C0997F04677
:10FCE000E146774614F0010F1046194607D0D8E9CF
:10FCF000002306F0FBFF4FF0010C02460B46641098
:10FD0000012C09F1010908F10808EBD1BE46099F51
:10FD1000BCF1000F01D0CDE90423059BA3F154737E
:10FD20000EEBC9010593DDE90423D1E9000106F0DA
:10FD3000DDFF184BCDE904010B400A4616498B4202
:10FD400000F2618315498B4240F24484144C4FF019
:10FD5000FF33CDE904340023099300962B46524625
:10FD60003946584604F0E2FD1290002800F04B831B
:10FD7000DDE90D329B1A0C9A002AA8BF00230D93CF
:10FD80004FF0000922EAE2731393CA46E6E000BF8F
:10FD9000D09A03000000F07F0000A07C0000907C5F
:10FDA000FFFFEF7FC09B0300D21A1F2AA4EB0204BF
:10FDB00000F33B82012303FA02F500231093099B11
:10FDC00026444444A0451E444346A8BF2346B342AC
:10FDD000A8BF3346002B03DDE41AF61AA8EB03088C
:10FDE0000D9B002B00F3CA81002C00F3E0810C9BDB
:10FDF000002B00F31082002E00F30282B8F1000FF6
:10FE000008DD51464246584604F07AFF82460028F3
:10FE100000F0FF8118993A46584605F00BF88146E4
:10FE2000002800F0F6810023C268C36051460E929C
:10FE300004F0DEFF0028C0F20284059E00F07C83FF
:10FE40005146484605F0A2F955EC104B00224FF000
:10FE500080432046294607F0C5F9002800F07E813E
:10FE60000E9B002B40F0EE81049B002B40F078822B
:10FE7000C6F31303002B40F01982B14B0022204639
:10FE8000294607F0A5F9002840F04D83AD4B00222C
:10FE90002046294606F02AFF0A460146CDE91012FF
:10FEA00002F100430A900B93DFF8A082A64B06EA0A
:10FEB00008089845DDE90A4500F0CB81099B1BB392
:10FEC000B8F1D46F20D89AA3D3E90023DDE910015B
:10FED00007F088F9A0B1DDE9100107F0DFF901288A
:10FEE00038BF012006F088FE0E9BCDE91001002BE3
:10FEF00040F08F8201F1004314901593DDE9144521
:10FF000005F1D663A3EB0805B0EE480AF0EE680AE7
:10FF100005F04CF8204653EC102B294606F0E6FE7F
:10FF200053EC182B06F02CFDCDE904010C46099B7F
:10FF300023B9864B2340984500F0C1811899584653
:10FF400004F09AFC3946584604F096FC514658464F
:10FF500004F092FC4946584604F08EFC129C584628
:10FF6000616804F063FC0746002800F052812269B2
:10FF70000232920004F10C010C30FDF733FF9DEDCD
:10FF8000048B1AAA19A95846B0EE480AF0EE680A7E
:10FF900005F09CF81890002800F0128101215846C5
:10FFA00004F070FD8246002800F03381199B002B7D
:10FFB000C0F221810D9A139E03EB0208099A1A9C44
:10FFC0009B1A2344624A013B9342C4F13604FFF674
:10FFD000EBAE002310930125F1E69FED578B079AB6
:10FFE0000AB1179B1360089B002B3FF450AD18EE2D
:10FFF000901A18EE102A01F1004343EC182B46E545
:020000021000EC
:100000000023CDF85C800E9365E501230C935CE53D
:100010004FF0010C08F10203179398F802409EE597
:100020004FF0000CF6E700258AE500220892791CC3
:1000300017917A78002A3FF424AD0F4696E4012206
:100040000892F4E7452C3FF413AD01230C9344E5EB
:100050003FF481AE644214F00F020AD03D4B03EB33
:10006000C203DDE90401D3E9002306F069FFCDE90D
:10007000040124113FF46FAE1F2C40DC14F0100378
:1000800018BF6A230993DDE90423DFF8CC804FF021
:10009000000C14F0010F1046194607D0D8E90023D0
:1000A00006F024FE4FF0010C02460B46641008F1E6
:1000B0000808EED1BCF1000F01D0CDE90423099B63
:1000C000A3B1DDE90401C1F30A52C2F16B03002BB5
:1000D0000ADD1F2B40F327830020342B049040F3CC
:1000E0008E834FF05C7305936A230993DDE9040165
:1000F0000022002307F062F800283FF42EAE2223EE
:100100009FED0D8BCBF8003069E71633FFF6C0ADDD
:10011000DDE90D329A1A0F4B03EBC203DDE904014E
:10012000D3E9002306F00CFF41EC180B57E700BFA2
:100130000000C0FFFFFFDF410000000000000000E2
:100140000000F03F0000E03F0000E07F0000F07F93
:1001500002FCFFFFD09A030078990300BE4B2046B3
:100160002946002206F0C2FD0E9BCDE91001002BAE
:1001700063D101F100430A900B9395E651461A466C
:10018000584604F063FD8246002842D00146189A82
:10019000584604F0A5FC00283BD00E90189958460C
:1001A00004F06AFB0E9B1893002C7FF720AE189981
:1001B0002246584604F0A4FD189000287FF417AE9C
:1001C00005469FED978B2223CBF8003029465846F1
:1001D00004F052FB3946584604F04EFB514658464F
:1001E00004F04AFB1299584604F046FB494658462B
:1001F00004F042FBF3E6139ADDF83480D61ADDE60C
:1002000039463246584604F07BFD074600287FF405
:10021000F5AD189DD5E73946139A584604F016FDFA
:10022000074600287FF4E7ADF3E78C4AD31A012292
:1002300002FA03F310931546C1E59DED107B8DED99
:100240000A7B31E69FED787B8DED0A7B8DED107B8F
:100250002AE6A6F154730593DDE9044545EC104BFD
:1002600004F0A4FEDDE90A2351EC100B06F03EFD7C
:1002700022462B4606F084FB794A7A4B0A409A4282
:10028000CDE9040179D918EE902A03F154739A420A
:1002900003D118EE103A0133BBD0734C4FF0FF334B
:1002A000CDE904344AE69DED048B98E69FED607B32
:1002B0008DED0A7B9FED5C7B8DED107BF4E5DDE938
:1002C00010562846314607F071F806F0E1FC024668
:1002D0000B462846314606F051FB0E9D049EC4F3A2
:1002E0001304354302460B462543CDE90E2325D1A1
:1002F00051A3D3E9002306F06BFF00283FF41EAEA4
:100300009DED048B189D61E70293089B019318AB48
:100310000093564A19AB17A9584601F007FE10F092
:100320000F0504463FF459AE062D40F0A980013771
:1003300000239FED438B1797089350E642A3D3E920
:10034000002306F045FF0028DAD1DDE90E0140A3C5
:10035000D3E9002306F05AFF00283FF4EFADCFE7C2
:10036000049B012BA2D1002EA0D1189C22239FED2B
:10037000348B2546CBF8003028E701F154740594FE
:10038000D5E53B490122384602F08CF9002800F0FF
:10039000BA804FF000094E464846CDF834904D469D
:1003A000CDF83090CA46FFF792BB44F61F639942DE
:1003B000A8BF19460E9105E40C982E4901EBC00127
:1003C000DDE90423D1E9000106F090FC41EC180BB3
:1003D00005E66E2C3FF492ABFFF753BB264917A8F6
:1003E00004F0F2F800283FF44CAB179B2349013B83
:1003F00017A8179304F0E8F810B9179B0133179367
:100400009FED078BEBE522239FED058BCBF80030AA
:10041000E5E59DED107B8DED147B6FE5AFF300807E
:10042000000000000000F07F000000000000F03F2E
:10043000000000000000F0BF9535A094FFFFCF3F03
:1004400000000000000000009535A094FFFFDF3F92
:1004500035E5AF350000E03F0000E03FE2FBFFFF85
:100460000000F07FFFFF9F7CFFFFEF7F50990300AC
:10047000D0B10300D09A030058B003005CB0030071
:10048000189A3AB135211AA804F0D0FE18995846A6
:1004900004F0F2F9013D199B042D00F2DE81DFE842
:1004A00005F0032C291E03001A9A049203F233422A
:1004B0001B9B23F4801343EA02530593E20502D504
:1004C00043F000430593B64A1A409DED048B002A81
:1004D0007FF485AD02F02CF9222303607FE54FF015
:1004E000FF326FF00043CDE90423E3057FF5DBAE77
:1004F000059BE5E7AA4B0593F7E7DDE91A121B9B7D
:10050000CDE90412DAE7179A1346013217925C78A4
:1005100006468146FFF761BA0020FFF76BBAAA468C
:100520000D90FFF77CBA9FED9A7B8DED0A7B9FEDD6
:100530009A7B8DED107BB7E40E9BDDF840C09949A6
:10054000A846C6F31302002B49D08A4200F0F3807C
:10055000BCF1000F37D1049B1D4237D0B0EE480AE2
:10056000F0EE680A04F022FD099B51EC100B002B01
:1005700000F04D81C6F30A53C3F16B03002B07DD76
:100580001C0504F17F53002203F5401306F0AEFB77
:1005900002460B4651EC180B06F0F2F941EC180B31
:1005A000814B51EC180B002206F0A0FB41EC180B1C
:1005B0007B4B18EE902A1340002B7FF4A3AE22232E
:1005C000CBF800309EE61CEA060FC7D1099B002B32
:1005D000E6D197E602F154730593FFF7BCBB002AFE
:1005E00064D1DDE90401002840F09680099B002BCE
:1005F00040F0F48021F00044240D2405A4F580147B
:100600006FEA14536FEA035305934FF0FF330493DB
:100610009DED048B189DD9E5644917A81AAA03F02B
:10062000EFFF05287FF475AA1B9B43F0FF4343F4BB
:10063000E00305931A9B04939DED048BCFE4DDE961
:1006400004010E9B0343C1D1C1F31303002BBDD1A1
:1006500021F00044240D2405B4F1D66F2546B5D908
:10066000D9F814301BB9D9F81030012BAEDD49464A
:100670000122584604F044FB5146814604F0B8FB81
:100680000028A3DD099B002BB8D0A5F580156FEAE3
:1006900015536FEA035305934FF0FF3304939DED19
:1006A000048B7DE74FF00009FFF737BBBCF1000F6B
:1006B0002DD1049B1D4289D0B0EE480AF0EE680AA5
:1006C00004F074FC099B51EC100B002B72D0C6F3A4
:1006D0000A53C3F16B03002B07DD1C0504F17F53A4
:1006E000002203F5401306F001FB02460B4651ECD5
:1006F000180B06F043F902460B4643EC182B002278
:10070000002306F05BFD00283FF44AAF2DE61CEA0B
:10071000060F3FF45BAFCFE7BCF1000FF7D12842E3
:100720003FF454AFC8E74FF0FF3202FA03F3049AE4
:100730001A400492D8E4099B0499B3B1184A324094
:10074000B2F1D46F11D8120DC2F16B024FF0FF302D
:1007500000FA02F291420BD0BCF1000F7FF433AFEC
:1007600011EA080F3FF432AFF8E64FF0FF32F1E73D
:100770000F4A964255D00A4A324002F5801305933B
:10078000002304939DED048B20E700BFAFF30080AE
:10079000000000000000E0BF000000000000E03F9B
:1007A0000000F07FFFFF0F00000050396499030044
:1007B000FFFFEF7F02460B4651EC180B06F0DEF808
:1007C000189C02460B4643EC182B002200232546BA
:1007D00006F0F4FC00283FF4F9ACC7E5244D3540A1
:1007E000B5F1D66F3FF651AFB5F15C7F3FF6D8AEAD
:1007F00022239FED1B8B189DCBF80030E6E4C2F15D
:100800004B024FF0FF3393400B4005936CE40246DC
:100810000B4651EC180B06F0B3F8189D41EC180B81
:10082000D4E40131A7D122239FED0F8B189DCBF883
:100830000030CBE40D9B082D03440D9302DC65468C
:10084000FFF7E5B8BCF1100FDCBF09EB890902EB3B
:10085000490965460020FFF7DFB800232EE600BFF8
:100860000000000000000000000000000000F07F19
:100870000000F07F014BFFF703B800BF34110010F8
:1008800010B4054C8446134620685DF8044B0A46B4
:100890006146FEF7F5BF00BF0010001010B4054C14
:1008A000054B84460A4620685DF8044B6146FEF716
:1008B000E7BF00BF00100010341100102DE9F04117
:1008C000DFF8A480044613462DED028B0A46D8F8C3
:1008D00000002146FEF7D4FF55EC104B22462B4674
:1008E0002046294606F09CFC50BB2046294606F0CF
:1008F000F5FC08EE100ADFED197AB0EEC87AB4EE16
:10090000677AF1EE10FA15DD25F00047144B4FF031
:10091000FF322046394606F083FC38B9104B4FF0C1
:10092000FF322046394606F05DFC18B1D8F8003099
:1009300022221A60B0EE480ABDEC028BBDE8F081BD
:10094000002D084804DAFEF745FEB1EE408AF1E7D3
:10095000BDEC028BBDE8F041FEF73CBEFFFF7F7FA0
:10096000FFFFEF7F48B10300001000102DE9704336
:100970002C4E2D4B04460A462DED028B2146306845
:10098000FEF77EFF55EC104B22462B4620462946AB
:1009900006F046FCC0BB2046294606F09FFC08EE48
:1009A000100ADFED227AB0EEC87AB4EE677AF1EE83
:1009B00010FA1ADD25F000491D4B4FF0FF3220469A
:1009C000494606F02DFC38B9194B204649464FF0F0
:1009D000FF3206F007FC40B1336822221A60B0EE05
:1009E000480ABDEC028BBDE8708318EE103A13F094
:1009F000FF4FF4D10F4B2B40002BEDD1B0EE480A46
:100A0000BDEC028BBDE87083002D0B4804DAFEF7C5
:100A1000E1FDB1EE408AE2E7BDEC028BBDE8704338
:100A2000FEF7D8BD0010001034110010FFFF7F7FCB
:100A3000FFFFEF7F0000F07F48B1030042B110B527
:100A40000B4910461446FBF76BFD18B9094810BD59
:100A50000848704707492046FBF762FD0028F5D09B
:100A600005492046FBF75CFD0028EFD0002010BDB3
:100A70006CB0030068B0030048B10300014B93F869
:100A8000280170473411001041B110B50C462046C2
:100A90000A49FBF745FD18B9094810BD08487047D9
:100AA00007492046FBF73CFD0028F5D005492046C4
:100AB000FBF736FD0028EFD0002010BD6CB003001E
:100AC00068B0030048B103002DE9F04FBFB00C46F9
:100AD0000791924609930890FEF7CAFE03681093A7
:100AE0001846FBF78DFBA3890F901E0603D52369DB
:100AF000002B00F0A8869FEDA47B0023CDE92233D4
:100B0000CDE911338DED0C7B2EAA0E9321929146E7
:100B10000593D3469BF80030002B00F042815C46E1
:100B200004E014F8013F002B00F01981252BF8D1C7
:100B3000B4EB0B0540F016812378002B00F03181D7
:100B40004FF000038DF8673000276378049704F1B5
:100B5000010B4FF0FF3A0BF1010B9846A8F120036F
:100B6000582B00F22B81DFE813F0520229012901F2
:100B70004D02290129012901290129012901150213
:100B80004702290120022502290142025900590089
:100B900059005900590059005900590059002901BC
:100BA00029012901290129012901290129012901F5
:100BB00029016800A4012901A401290129012901B1
:100BC00029017D0229012901950029012901290115
:100BD00029012901A6002901290146062901290127
:100BE00029012901290129012901290129012901B5
:100BF0006F026A00A401A401A4016A026A0029012B
:100C000029015D022901B9029700A802A302290166
:100C100082022901A800290129016606A8F13003F2
:100C200000221BF8018B02EB820203EB4202A8F1C7
:100C30003003092BF5D9049290E747F01007BD0661
:100C400040F17781099B073323F007031A4659685F
:100C500052F8083B09920A460029C0F29581BAF180
:100C6000000F9DF8674007DB27F08001029153EAEF
:100C7000020100F0B283029F0A2B72F1000180F0A2
:100C80006D8630338DF8B7300123029706930DF14E
:100C9000B70550E047F0100717F0200200F0608120
:100CA000099B073323F0070319465A6851F8083B9C
:100CB000099100210FE047F0100717F0200200F023
:100CC0004581099B073323F0070319465A6851F8F9
:100CD000083B099101210024BAF1000F8DF867400B
:100CE00007DB27F08000029053EA020000F07683D1
:100CF000029F0129C0D0022900F0F1822EAD03F03D
:100D00000701DB0843EA4273D208303153EA020696
:100D1000284605F8011DF2D1FB0740F1EE8230298B
:100D200000F0EB823023023805F8013C2EAB1B1A91
:100D3000029706930546069B5345B8BF5346039357
:100D400000230B9314B1039B01330393029B13F015
:100D5000020345D0039B02330393022340E0B4EB2C
:100D60000B051ED0239B2B442393229B0133072B7F
:100D7000C9E900B522930BDC09F10809059B2B4456
:100D80000593D9E6AFF300800000000000000000EA
:100D9000DDE9071021AA03F0D9FB30B90DF1B8093C
:100DA000ECE7239B002B40F03C87079B9B895B066D
:100DB00001F10C8005983FB0BDE8F08FB8F1000F4D
:100DC000EFD000238DF8673001238DF890800393D6
:100DD000069324AD4FF0000A0297CDF82CA053469D
:100DE000029A239C12F084020A9205D1DDE90312D3
:100DF000561A002E00F304839DF867208AB1229AC8
:100E00000DF1670101320134C9F80010072A4FF0D3
:100E1000010123942292C9F8041000F32A8309F1F6
:100E2000080983B1229A1AA901320234C9F80010C4
:100E3000072A4FF0020123942292C9F8041000F30C
:100E4000268309F108090A9B802B00F0BD81069BCF
:100E5000AAEB0306002E00F3F981029BDE0500F1E8
:100E60004A81069BC9F804301C44229BC9F80050F3
:100E70000133072B2394229300F3588209F10809C8
:100E8000029B5A0705D5DDE903239D1A002D00F3C7
:100E90000A83DDE9042303998A42ACBF9B185B18DF
:100EA0000593002C40F02E82002322930DF1B80907
:100EB00030E6099B073323F00703B3EC027B55ECC4
:100EC000174B099325F0004315938DED147ADDE956
:100ED0001401B74B4FF0FF328DED0C7B06F0A0F9FB
:100EE000002840F01084DDE91401B14B4FF0FF32CF
:100EF00006F078F9002840F00684002200232046FE
:100F0000294606F065F9002840F025869DF86740DF
:100F1000A84D27F080030293A74BB8F1470FD8BF25
:100F20001D464FF0000A032303930693CDF82CA02F
:100F300008E7099AFC0652F8043B09921FD4780688
:100F40001DD543F3C03211461BB285E6099951F80D
:100F5000043B099117F0100100F0CD830121BAE69E
:100F6000099951F8043B099117F010017FF4A1AEE3
:100F700017F040023FF49DAE0A469BB299E6DA179D
:100F800011460029BFF66BAE5B4262EB42022D2494
:100F90000121A1E6099B53F8042B0492002A80F258
:100FA000A283049A0993524204929BF8003047F0BE
:100FB0000407D0E55A4612F8018BB8F12A0F00F069
:100FC0004E87A8F13003092B98BF4FF0000A00F2BA
:100FD000B98612F8018B0AEB8A0A03EB4A0AA8F1D8
:100FE0003003092BF5D94AEAEA7A9346B6E59BF82D
:100FF000003047F08007AEE52B238DF867309BF873
:101000000030A8E59BF8003047F00107A3E59DF804
:1010100067209BF80030002A7FF49DAD20228DF8D8
:10102000672098E59BF800306C2B03BF9BF80130DC
:1010300047F020070BF1010B47F010078BE59BF8F9
:10104000003047F0400786E5099B00228DF86720B5
:1010500053F8042B099301238DF8902003930693F2
:1010600024ADB7E69BF8003047F0080773E5099C0C
:1010700054F8045B00268DF86760002D00F012859F
:10108000BAF1000FC0F21A8452463146284604F0E5
:101090002FF9002800F04586431B069323EAE373EB
:1010A0000994B2469DF86740029703930B9649E670
:1010B0009BF8003047F020074DE5099A52F8043BB1
:1010C000099247F63002ADF868203C4A119247F089
:1010D0000207002202214FF07808FCE5BD0640F12E
:1010E0008183099B059A1B681A60D2175A60099B75
:1010F000043309930EE5B8F1650F40F32381DDE970
:101100000C010022002306F059F8002800F00782A5
:10111000229B2B4AC9F80020013301340122072BFE
:1011200023942293C9F8042000F3958409F1080957
:101130001B9B0E9A934203DB029BDD077FF5A0AE5B
:101140000F9B109A1C44C9E90023229B239401336E
:10115000072B229300F3998409F108090E9B5D1E69
:10116000002D7FF78DAE102D229B164F40F3D380BC
:10117000DDE907A8102605E009F10809103D102D4A
:1011800040F3C98001331034072BC9E90076CDE95B
:101190002234F1DD21AA5146404603F0D7F9002858
:1011A0007FF403AEDDE922340DF1B809E6E700BFB4
:1011B000FFFFEF7F78B0030074B0030098B0030026
:1011C000B4B00300B0990300DDE903239E1A002E9A
:1011D0007FF73DAE102E229BB74F24DD4A462146B5
:1011E000A946DDE9075404E0103E102E02F1080282
:1011F00016DD013310311020072BCDE922311760A5
:101200005060F1DD21AA2946204603F09FF900280D
:101210007FF4CBAD103E102EDDE922312EAAE8DCA2
:101220004D460C46914601333444072BCDE9223418
:10123000C9F80070C9F8046000F31A84069BAAEB91
:101240000306002E09F108097FF707AE102E229B36
:10125000994F2CDD4A462146B1464FF0100A2E46E2
:10126000DDE9075406E0A9F11009B9F1100F02F108
:10127000080218DD013390481031072BC2E9000A3B
:10128000CDE92231EFDD21AA2946204603F05EF99F
:1012900000287FF48AADA9F11009B9F1100FDDE93A
:1012A00022312EAAE6DC35460C464E4691460133E5
:1012B0003444072BCDE92234C9F80070C9F8046022
:1012C00000F3EA8109F10809C7E50129029F4FF0FF
:1012D00000033FF4D6AC02291A467FF40FAD1198F3
:1012E0002EAD03F00F011B09415C05F8011D43EA17
:1012F0000273120953EA0201F3D12EAB5B1B029772
:10130000069318E5DDE9071021AA03F01FF900286C
:101310003FF4CAAD49E501332C44072BC9F80070EE
:10132000C9F80450CDE922347FF7A8ADDDE90710F4
:1013300021AA03F00BF900287FF437AD239C0DF1AF
:10134000B8099DE50E9B229E012B04F1010406F1D4
:10135000010609F1080840F35B810123072ECDE95E
:101360002264C9F80050C9F8043000F3A2810F9B31
:10137000109A01361C44072EC8E90023CDE92264E7
:1013800000F3A48108F108080E9BDDE90C0103F1CC
:10139000FF390022002305F011FF002840F053819F
:1013A000013601354C44072ECDE92264C8F80050BF
:1013B000C8F8049000F33A8108F10808129BC8F8B5
:1013C000043001361C44072E1DABCDE92264C8F859
:1013D0000030ABDC08F1080952E50121BAF1000F39
:1013E0007FF473AF002940F00E8117F001030693DC
:1013F00000F07E8130238DF8B7300DF1B7059AE407
:10140000102E229A2D4F26DD49462046A9461393D9
:10141000DDE9075404E0103E102E01F1080116DD4D
:10142000013210301023072ACDE922200F604B60D3
:10143000F1DD21AA2946204603F088F800287FF430
:10144000B4AC103E102EDDE922202EA9E8DC139B5F
:101450004D460446894601323444072ACDE9222408
:10146000C9F80070C9F8046000F3B28209F10809F4
:10147000C2E4DDE9071021AA139303F067F80028FE
:101480007FF493AC239C139B0DF1B809C9E4DDE90B
:10149000071021AA03F05AF800287FF486AC239C99
:1014A0000DF1B809CFE4102D229B044F24DDDDE9B6
:1014B00007A8102609E000BFB0990300A099030017
:1014C000103D102D09F1080916DD01331034072BEA
:1014D000C9E90076CDE92234F2DD21AA5146404621
:1014E00003F034F800287FF460AC103D102DDDE9E6
:1014F00022340DF1B809E8DC01332C44072BC9E98B
:101500000075CDE922347FF7C4ACDDE9071021AACC
:1015100003F01CF800287FF448AC239CB9E41B9925
:10152000002940F364820B9F0E9B9F42A8BF1F4679
:10153000002F0BDD229B01333C44072BC9E90057E8
:101540002394229300F3CF8309F108090B9E002F07
:10155000A8BFF61B002E00F385811B9B0E9A9342B9
:1015600080F26C810F9A10991444C9E90012229AF2
:1015700023940132072A229200F3F28209F108092A
:101580000E9A0B99D31A561A9E42A8BF1E46002ED9
:101590000EDD229AC9F8046001320D443444072A52
:1015A000C9F800502394229200F3A98309F1080995
:1015B000002EACBF9D1B1D46002D7FF761AC102D8A
:1015C000229BBB4F7FF7A7AEDDE907A8102605E0F9
:1015D00009F10809103D102D7FF79DAE013310343D
:1015E000072BC9E90076CDE92234F1DD21AA514665
:1015F000404602F0ABFF00287FF4D7ABDDE9223490
:101600000DF1B809E6E7CDF818A02EADFFF793BBB2
:10161000029BD9073FF5A1AE0123072ECDE9226435
:10162000C9F80050C9F804307FF7C8AEDDE90710EB
:1016300021AA02F08BFF00287FF4B7ABDDE922641A
:101640000DF1B808BAE60E9B012B7FF7B7AE112B50
:10165000974F40F36582DDF820A0102507E008F1E0
:101660000808A9F11009B9F1100F40F359820136A9
:101670001034072EC8E90075CDE92264EFDD079923
:1016800021AA504602F062FF00287FF48EABDDE90C
:1016900022640DF1B808E4E7DDE9071021AA02F0A1
:1016A00055FF00287FF481AB239C0DF1B809FFF7AB
:1016B000D4BBDDE9071021AA02F048FF00287FF41F
:1016C00074ABDDE922640DF1B80850E6DDE90710DE
:1016D00021AA02F03BFF00287FF467ABDDE922641A
:1016E0000DF1B80850E609939BF80030FFF733BAC4
:1016F0002EADFFF720BB17F040021CBF0A469BB27D
:101700000121FFF7E8BADDE90C0102460B4605F0BE
:1017100087FD002840F05F83BAF1FF3F28F02006E4
:1017200000F0FC82472E04D1BAF1000F08BF4FF041
:10173000010ADDE90C0147F4807200290292C0F22F
:1017400029829DED0C7B8DED167B00230A93B8F169
:10175000650F00F0F28200F32482B8F1450F00F02B
:10176000EC821FAB01931CAB009302219DED160B85
:1017700008981BAB524601F025FCF907054640F1DD
:10178000A88000EB0A04DDE916010022002305F021
:1017900015FD002840F025821F9BA34206D2302170
:1017A0005A1C1F9219701F9B9C42F9D81B9A0B92CE
:1017B0005B1B472E0E9300F09180B8F1660F40F04E
:1017C00093800B9A07F00103002A43EA0A0340F3CF
:1017D0006182002B40F019830B9B039306934FF01B
:1017E000660814E2FC066FD478066DD5099B059A4D
:1017F0001B681A807BE42F4B119317F0200200F036
:101800009F80099B073323F0070319465A6851F854
:10181000083B0991F90740F1908053EA020100F07A
:101820008C8030218DF868108DF8698047F00207B0
:101830000221FFF750BA204B1193DEE7029AD0073E
:101840007FF59EAE8EE60898402101F07BF8079B5D
:1018500018601861002800F0B682079A402353618F
:10186000FFF749B9102E229B114F40F366812246A3
:101870004FF01008DDE9074A05E009F10809103EBC
:10188000102E40F3598101331032072BC9E900783B
:10189000CDE92232F1DD21AA2146504602F056FE62
:1018A00000287FF482AADDE922320DF1B809E6E7CB
:1018B000B099030084B0030098B003002846FAF7FB
:1018C0009FFC0346FFF7E9BB099B059A1B681A605A
:1018D0000DE41F9B1B1A0E931B9B0B930B9BDA1C97
:1018E00080F28381A8F102080B9B8DF87480591E49
:1018F00000291B91B6BFC3F101012B232D23092918
:101900008DF8753000F39C81302330318DF87630BE
:1019100004238DF8771012930E9A129B012A134418
:10192000069340F31482069B0F9A1344069323EA0E
:10193000E373039300230B9369E10221FFF7CBB913
:10194000099951F8043B099117F010017FF462AF37
:1019500017F040021CBF9BB20A465BE7CDE9028745
:10196000B34E2EAD4FF0050E991841F10001A6FBC4
:10197000010727F0030000EB9700091A581A984650
:10198000944662F100034FF0CC3202FB00F206FBFA
:101990000322A0FB063003F001070244A7FB0E0759
:1019A0004018B8F10A0F4FEA530300F130007CF100
:1019B000000C43EAC27305F8010D4FEA5202D3D27C
:1019C000DDE902872EAB5B1B02970693FFF7B3B9E5
:1019D000DDE9071021AA139302F0B8FD00287FF477
:1019E000E4A9239C139B0DF1B809FFF705BA229BCC
:1019F000904AC9F80020013301340122072B2394B7
:101A00002293C9F8042000F3B88009F108090029DD
:101A100052D1029B0E9A03F0010313433FF430AA04
:101A20000F9B10991A19C9E90013229B23920133C5
:101A3000072B229300F3378109F108090E99C9F8A1
:101A4000005001338C18072BCDE92234C9F804105B
:101A50007FF714AA6AE4DDE9071021AA02F076FDF7
:101A600000287FF4A2A9239C0DF1B809FFF760BB01
:101A7000DDE9071021AA02F069FD00287FF495A98D
:101A8000239C0DF1B809FFF7E2B9DDE9071021AA9F
:101A900002F05CFD00287FF488A9239C0DF1B809B1
:101AA000FFF75CBB5346062B28BF0623624D069307
:101AB00009940393FFF78EB90F9B10981A19C9E97F
:101AC0000003229B23920133072B229300F3EB8028
:101AD00009F108090029B1DA4E421031574F80F25E
:101AE0003F81DDE907A8102405E009F10809103E4F
:101AF000102E40F3358101331032072BC9E90074F1
:101B0000CDE92232F1DD21AA5146404602F01EFD08
:101B100000287FF44AA9DDE922320DF1B809E6E791
:101B200001364C44072ECDE92264C8F80070C8F88D
:101B300004907FF741AC79E5144601333444072B18
:101B4000CDE92234C9F80070C9F8046000F3B98007
:101B500009F1080901E52D248DF86740FFF7D8B990
:101B6000DDE9071021AA02F0F1FC00287FF41DA98D
:101B70001B9B239C0DF1B80902E5DDE9071021AAA2
:101B800002F0E4FC00287FF410A91B99239C0DF1BE
:101B9000B8093CE701F1004317932D2316900A93EF
:101BA000D5E5B8F1660F7FF4DCADCDF80CA00321CC
:101BB000039C08981FAB01931CAB009322469DED3C
:101BC000160B1BAB01F0FEF9B8F1660F0546044495
:101BD0007FF4D9AD2B78302B00F0E7801B9B1C44A1
:101BE000D1E51B9A0B922346E2E59A45FFF67AAEC1
:101BF0000E9B0B9A934200F3CB80FE070B9B00F1E8
:101C0000FB8023EAE372039206934FF067080A9B76
:101C1000002B62D02D238DF867304FF0000AFFF7BC
:101C200092B8DDE9071021AA02F090FCFFF7BDB8D9
:101C3000CDCCCCCCB4B00300ACB00300B099030061
:101C40000DF183048D4E23461846A6FB0123DB08C5
:101C500003EB8302A1EB4202303200F8012C0A466A
:101C6000632A194600F1FF33EEDC303103F8011C22
:101C7000831EA34280F0FE800DF1750213F8011B54
:101C800002F8011FA342F9D13EAB181AA0F171036B
:101C9000129341E6002B40F0D080012303934FF0D4
:101CA00066080693B3E7DDE9071021AA02F04EFCAF
:101CB00000287FF47AA8DDE922321B990DF1B809DA
:101CC00008E7DDE9071021AA02F040FC00287FF4B4
:101CD0006CA8239C0DF1B8093FE4DDF828A09DF81D
:101CE0006740FFF72FB8DDE9071021AA02F02EFCAC
:101CF00000287FF45AA8239C0DF1B80926E4DDE9F9
:101D0000071021AA02F022FC00287FF44EA81B9B9A
:101D10000E9A239CD31A0DF1B80949E44FF0060A34
:101D200007E50994CDF80CA0CDF818A09DF8674000
:101D3000029782460B90FFF705B80AF1010303935F
:101D4000022135E793464FF0000AFEF707BF17F070
:101D500001020B927FF4E7AD23EAE373039356E7A6
:101D600001333244072BCDE92232C9F80070C9F89B
:101D700004607FF761AEDDE9071021AA02F0E6FBFF
:101D800000287FF412A8DDE922320DF1B80955E6EA
:101D9000DDE90E3213440B9A0693002A41DD23EA53
:101DA000E37303934FF0670831E7DDE91601002282
:101DB000002305F003FA00284BD01B9B0B931C4417
:101DC000631B0E93FDE4089A0C2313604FF0FF335E
:101DD0000593FEF7EFBF0D9B294D002BB8BF2D24B7
:101DE00027F080030293A8BF9DF86740254BB8BF3A
:101DF0008DF86740FFF791B80F9A1344069323EAD2
:101E0000E37303934FF0670801E70F9B0AEB0308A6
:101E100008EB0203069323EAE37303934FF066088B
:101E2000F5E60B9B069AC3F101031A4422EAE2731A
:101E3000069203934FF06708E9E60F9B03F1010850
:101E400008EB0A03069323EAE37303934FF0660853
:101E5000DDE6039BC3F101031B931C4493E4099942
:101E60009BF8013051F804AB099193464AEAEA7AAB
:101E7000FEF771BE022312934EE500BFCDCCCCCC51
:101E800080B003007CB003002DE9F0410469B4EB9D
:101E9000611F05DC0023036100234361BDE8F0817D
:101EA00000F114054E1111F01F0C05EB840E05EB2B
:101EB000860321D055F8261004339E4521FA0CF1F3
:101EC000CCF120082DD92F461A6802FA08F20A43ED
:101ED00047F8042B53F8041B9E4521FA0CF1F3D864
:101EE000A31B9B00053B9B08013305EB830445F8CE
:101EF000231079B104340DE09E4588BF00F1100233
:101F0000C8D953F8041B42F8041F9E45F9D8A41BF6
:101F100005EB8404631B9B10AC420361BCD0BDE89D
:101F2000F08141610029B5D02C46E3E72DE9F04F5F
:101F30000F6885B0CDE90020BA780393302A89462E
:101F400040F0EC81FB1C1A78302A1C4603F1010397
:101F5000F9D0E71B023FDFF8008318F80230002BAE
:101F600000F0EE80237818F803304FF0000A554651
:101F7000002B00F06D81264616F8013F18F803305B
:101F8000002BF9D1B3490122304600F08BFB834688
:101F900000284CD03278002D00F0A181AB1B4FEA15
:101FA000830B02F0DF02502A35464CD0C9F800609E
:101FB000BAF1000F74D12A1B013A072A514604DDF9
:101FC0005210072A01F10101FADC019802F02EFCFF
:101FD0008246002800F05F8200F11406A5420296B6
:101FE00066D90027B9460DE0202F1AD03A460437AB
:101FF0002B7818F8033003F00F03934049EA0309E4
:10200000A54258D015F8013D2E2BEDD1A542EBD3BA
:1020100090490122284600F045FB0028F0D0202FEF
:10202000E4D1002246F8049B04279146E0E7002D06
:1020300000F06581327802F0DF02AB1B502A4FEAD4
:10204000830B3546B2D16A782B2A00F046812D2ABF
:1020500040F0D3800120AA7818F802104A1E182AEE
:1020600005F1020600F2D380727818F802201039C8
:1020700001365AB90CE001EB810116F8013F02EB81
:102080004102A2F1100118F803200AB1192AF2DD69
:1020900000B149428B44C9F80060BAF1000F8AD000
:1020A000002F0CBF06250025284605B0BDE8F08F9F
:1020B000029E4FF0000946F8049B029BF61AB610E8
:1020C000CAF81060484602F08BFC009B76011C6841
:1020D000361AA64274DCC0F204810027009B9A687D
:1020E0005A45C0F23B81009B5A685A454BDDA2EB32
:1020F0000B0B5C4500F38D80DB68022B00F0DD806C
:10210000032B00F04A81012B40F0DB805C4540F05E
:10211000D880012C08D0611E504603F0B5F8002885
:1021200000F0CF80009B5A6803990A60029A01234D
:10213000CAF8103013600E9B6225C3F800A0B3E705
:1021400044490122204600F0ADFA8246002840F0C2
:102150008580637818F80320651C002A00F08080D1
:10216000302B2C4640F0248114F8013F302BFBD05B
:1021700018F80330B3FA83FA01274FEA5A1A002BF2
:102180007FF4F9AE64E0012587B1009BDA68022A8A
:102190006ED0032A70D0012A06D1B90704D5029B5C
:1021A0001A681743FA076AD445F010050E9BC3F866
:1021B00000A0039B2846C3F800B005B0BDE8F08F2F
:1021C000361B3146504603F05FF8074678B1711E62
:1021D0004A11029B012753F8220001F01F0207FA5F
:1021E00002F2024203D0B94200F3C980022731460D
:1021F0005046FFF749FEB34470E718F802104A1E34
:10220000182A05F101064FF000007FF62DAF2E468B
:10221000CCE60BF1FF36002F40F0A980002E40F0F5
:10222000A8807311029A06F01F0652F8232001239A
:10223000B34013425946504618BF47F00207FFF714
:1022400023FE009BA4EB0B040225D3F804B09BE70C
:10225000264697E6D0B10300C099030023782546AF
:1022600003F0DF03502B00F09380C9F8005017E70C
:102270000F9BC3F101030F930F9B002B94D0DAF84F
:102280001070029A4FEA8709904602EB87060020F9
:1022900003E0964242F8040C43D9944652F8041BDA
:1022A0004B1CF6D00131022DCCF8001079D014F07F
:1022B0001F0440F0A580212578E70F9B002B3FF4F9
:1022C00033AF0198514602F0D7FA50250E9A0023F9
:1022D0002846136005B0BDE8F08F0020BBE6AB4692
:1022E0005FE6A61B51460198324602F009FD00F157
:1022F0001403ABEB060B824602930027EEE67278DE
:1023000018F80210751C2E4600293FF44AAE16F844
:10231000012F18F80230002BF9D13FE6BC1C002732
:1023200019E6DAF80820974244DA0AEB87017A1CAA
:102330000120022DCAF81020DDF80880486130D055
:10234000002A6ADC0022CAF810200022CAF81420F1
:10235000009B9A680BF1010B5A45ACDA0198514683
:1023600002F08AFA0E9A0023A32513609CE6012747
:1023700057E73146504602F087FF074651E7B11E46
:10238000504602F081FF00283FF430AF03272EE7CC
:102390004FF0000B4FF0010A55E60F9B002B90D039
:1023A000C2E6009B1A68013AA24260D02225FDE6EF
:1023B0000127E0E5DAF804100198013102F036FA5D
:1023C000064600286DD0DAF81020023292000AF199
:1023D0000C010C30FBF706FD5146019802F04CFA57
:1023E0003269012006EB8201022D0244326106F1BE
:1023F00014084861B246D4D09742BFF658AF9FE761
:10240000C144C4F1200459F8040C02F0E9FAA042D6
:10241000BFF651AFDAF8102092E708EB82040AF118
:102420001800DAF8142084424FEA52022BD94546AC
:10243000036842EAC37245F8042B50F8042B844227
:102440004FEA5202F4D8A4EB0A0119398908013184
:1024500048F8212008EB810102B10431A1EB080208
:1024600092104145CAF810207FF472AF6DE76211F7
:1024700004F01F0458F822100122A2400A4214BF9F
:102480002125222592E6C8F800200AB14146E4E75A
:10249000CAF8102059E7064B06485246E42102F0DC
:1024A0009FF9034B03483246842102F099F900BF9B
:1024B000B8B00300CCB0030010B4034CD4F8E4402F
:1024C000A4465DF8044B60473411001082B049B156
:1024D0005AB16BB113780B601278101E18BF01202F
:1024E00002B0704701A9002AF3D1104602B070472C
:1024F0006FF00100F4E700BFB1F90C202DE9F041C5
:1025000016070C4680464ED4496842F40063002901
:10251000A38163DDA56A002D42D0002112F4805210
:10252000D8F80060C8F80010E16964D10123404682
:10253000A847451C02466ED0B4F90C30A56AE16983
:10254000580705D56368D21A236B0BB1E36BD21A17
:1025500000234046A847431C4FD1D8F80010B4F9D7
:102560000C301D2940D8314ACA40D7073CD52269D2
:10257000226023F40062A281DD044FF00002626059
:1025800001D5002945D0216BC8F8006041B104F1A4
:102590004003994202D0404601F0B2FC002323637D
:1025A0000020BDE8F0810E69002EF9D00D680E60A4
:1025B00092070CBF4B690023AD1B8B600BE02B46D1
:1025C0003246E169676A4046B847B0F1000CA5EBB6
:1025D0000C05664406DD002DF1DCE1E7E16B002926
:1025E00098DCDDE7B4F90C3043F04003A3814FF0F1
:1025F000FF30BDE8F081226DA2E7B4F90C3022690A
:10260000226023F40062A281DB044FF000026260CA
:10261000B9D52065B7E7D8F80030002B8CD01D2B3A
:1026200001D0162BDED1C8F80060B9E701004020C8
:1026300010B5044682B008B1436B53B1B1F90C0038
:1026400008B902B010BD204602B0BDE81040FFF747
:1026500053BF0191FBF7F6FD0199EFE7A0B138B543
:102660000C4B1D6804460DB16B6B4BB1B4F90C00FB
:1026700000B938BD21462846BDE83840FFF73CBFC9
:102680002846FBF7DFFDF1E7034A04490448FDF75C
:10269000CBB800BF00100010281100103126010037
:1026A00008100010002A3ED030B584460446084386
:1026B00080070B462ED1032A07D82BE0043A25D0F9
:1026C0001EF0803F22D1032A22D92068194653F8F0
:1026D000045BA0F1013EA842A4462EEA000E04F1DC
:1026E0000404EBD09CF800000C7884421DD1E6462F
:1026F00068B11EF8010F11F8014FA2EB0E03A042C2
:1027000003F1FF3311D11CEB0303F1D1002030BDE5
:10271000A44619469CF800000C78A04205D1012A75
:10272000F4D0E646E4E710467047001B30BD00BF1A
:10273000014B1868704700BF00100010FF289DBFB4
:10274000024B185C00F00800002070472998030035
:102750002DE9F04F85B08B460192604A03901E46EA
:102760000D46294615F8014B135D13F00803F8D107
:102770002D2C7ED02B2C03BF2C7802938D1C029322
:102780006EB9302C00F086804FF00A09B246DFF8AF
:1027900050814FF0050C4FF099374E4617E0102E40
:1027A0006CD04FEAE67A324653464FF0FF304FF096
:1027B000FF3104F0E3FD32460746884653464FF0AA
:1027C000FF304FF0FF3104F0D9FDB14694460022AE
:1027D0001046114610E0414508BFB84239D000FB11
:1027E0000AF209FB0121A0FB09021144181841EB70
:1027F000E371012215F8014BA4F13003092B05D92F
:10280000A4F14103192B0CD8A4F137039E4210DD2B
:10281000541CEFD0874278EB0102DCD24FF0FF323C
:10282000E8E7A4F16103192B03D8A4F157039E42F2
:10283000EEDC531C12D0029B13B1404261EB41010C
:10284000019B1BB192B9019BC3F800B005B0BDE874
:10285000F08F6345C3DD4FF0FF32CBE703992223AE
:102860000B60019B10461146002BEFD005F1FF3B9A
:10287000E9E701232C7802938D1C81E7302C19D0D5
:102880004FF00F0C4FF0FF376FF07048B1464FF02C
:10289000000A9CE72B7803F0DF03582B0FD04FF092
:1028A0000809B2464FF0070C4FF0FF376FF0604851
:1028B0004E468CE72B7803F0DF03582BE0D14FF026
:1028C00010096C784FF00F0C02354FF0FF376FF0A6
:1028D00070484FF0000A4E4679E700BF2998030080
:1028E0009999991934E700BF10B4044C84461346F3
:1028F00020685DF8044B0A46614629E70010001085
:1029000010B4044C8446134620685DF8044B0A4614
:1029100061461DE70010001038B50C46084D84468E
:10292000114620461A4600232B60644604F004FF3B
:10293000431C00D038BD2B68002BFBD0236038BD72
:10294000AC1A00102DE9F04F01F10B05162D83B0E4
:10295000064623D8102900F2AF8001F0F3FD1025C0
:1029600018230220C04F3B44A3F108025C68944244
:1029700000F024816368E268A16823F00303CA6061
:102980002344304691605A6842F001025A6001F0D7
:10299000DBFD0834204603B0BDE8F08F35F00705B5
:1029A00000F18A80A94200F2878001F0CBFDB5F5E5
:1029B000FC7FC0F06B816B0A00F08280042B00F278
:1029C0002381AB0903F1390003F1380EC300A64F90
:1029D0003B44A3F1080C5C68A44507D10DE0002A34
:1029E000E16880F2E5808C4507D00C46636823F0EF
:1029F00003035A1B0F2AF2DD7046DFF870823C6930
:102A0000444500F0C280636823F0030CACEB05037F
:102A10000F2B00F33F81002BC7E9048880F22A8145
:102A2000BCF5007FD7F804E080F0CE804FEADC01EF
:102A300001314FEA5C1C012303FA0CF357F83120F3
:102A4000A2604EEA030E07EBC103083BE360C7F840
:102A500004E047F83140D46083104FF0010C0CFAC9
:102A600003FCF44532D81CEA0E0F08D120F0030015
:102A70004FEA4C0C1CEA0E0F00F10400F8D007EBF3
:102A8000C00AD6468146DEF80C300BE0596821F0CA
:102A900003014A1B0F2A1C46DB6800F3C180002A91
:102AA00080F2D5809E45F1D109F1010919F0030F9B
:102AB0000EF1080EE7D116E10C233360002469E71C
:102AC0004FF4007340204FF03F0E80E7BC6863680E
:102AD00023F00309A94503D3A9EB05030F2B57DC0A
:102AE000DFF88CB1DBF8002004EB0903103208207A
:102AF00002EB0508009301F075FBD7F808140131CB
:102B0000024605D008F1FF388044414201EA080836
:102B100041463046019201F045FDB0F1FF3F019A78
:102B2000824600F0D280009B834200F2CC80DBF82A
:102B300004104144CBF80410084602F1FF3C40F079
:102B4000F4801AEA0C0F40F0F080D7F808A0C844CF
:102B500048F00100CAF80400DBF82C208A42DBF8B8
:102B6000302038BFCBF82C108A4238BFCBF8301059
:102B7000544620F00308A845A8EB050301D30F2B0A
:102B800006DC304601F0E0FC98E7D7F804E063E7A4
:102B9000621943F0010345F0010565603046BA60F3
:102BA000536001F0D1FC0834204603B0BDE8F08F3B
:102BB000A2682344D16030468A60E4E6DC68A34220
:102BC0007FF4D8AE023018E7BCF5206F4FEA5C22E4
:102BD00072D3142A00F2088102F15C03DB005B323D
:102BE000F918FB580839994203D1E4E09B689942EF
:102BF00004D05A6822F003026245F7D8D968C4E9C4
:102C000002318C60DC6027E7142B61D9542B00F271
:102C1000F4802B0B03F16F0003F16E0EC300D6E6B8
:102C2000D4F808C03046661945F001056560CCF857
:102C30000C30C3F808C042F00103C7E90466C6E9D6
:102C400002887360625001F07FFC0834A2E62144E0
:102C500030464A6842F001024A6054F8082FD360B7
:102C60009A6001F071FC95E6A0120010A812001005
:102C7000781A0010A4443046DCF8043043F0010315
:102C8000CCF8043001F060FC083483E6E80805F174
:102C9000080367E6621943F0010145F0010565602C
:102CA0003046C7E90422C2E90288516044F80C307A
:102CB00001F04AFC08346DE64FEA9C1202F1390338
:102CC000DB0038328CE7BC4228D0BC68606850E733
:102CD00003F15C0003F15B0EC30078E65AF8083993
:102CE000534540F0D78010F0030F00F1FF30F5D1CD
:102CF0007B6823EA0C037B604FEA4C0C9C453FF653
:102D0000E5AEBCF1000F04D1E0E64FEA4C0C09F14E
:102D100004091CEA030FF8D04846B0E6DBF80400CB
:102D20004044CBF8040002F1FF3CD7F8081401310D
:102D30006DD0009BAAEB03031844CBF804001AF0F3
:102D40000703009341D0C3F108018A44D0440A44E8
:102D500008EA0C01521A02EA0C013046019101F016
:102D600021FC421C6FD00199A0EB0A0000EB010886
:102D7000DBF80420C7F808A048F001001144BC4269
:102D8000CAF80400CBF804103FF4E6AEB9F10F0F17
:102D900040D96268A9F10C0020F0070002F001029E
:102DA00002436260052322180F28C2E9013352D87A
:102DB000DAF80400D0E692104FF0010C0CFA02F29F
:102DC0004EEA020EC7F804E019E70AEB080101EA2F
:102DD0000C01521A02EA0C013046019101F0E2FBAB
:102DE000431CC0D10099C3E7542A17D84FEA1C32BC
:102DF00002F16F03DB006E32F2E6B3F5AA7F17D85B
:102E0000EB0B03F1780003F1770EC300DFE5C7F8A1
:102E100008A494E70123CAF80430B2E6B2F5AA7F09
:102E200023D84FEADC3202F17803DB007732D7E6B1
:102E300040F25452934223D8AB0C03F17D0003F1CE
:102E40007C0EC300C3E5009BA3F108029044A8EBED
:102E50000A0800218CE704F10801304601F050F81F
:102E6000DBF80410D7F808A0A2E740F254539A42C6
:102E70000CD84FEA9C4202F17D03DB007C32AFE6C6
:102E80004FF47E737F204FF07E0EA0E54FF47E73EB
:102E90007E22A5E67B682FE72DE9F04F03690C69D8
:102EA000A34283B0C0F28A80013C01F1140500F115
:102EB000140855F8243058F8242001339A428E46DD
:102EC00081464FEA840105EB840708EB840AB2FBD4
:102ED000F3F63AD3CDE900150022AC46404613463E
:102EE0005CF8041B05681FFA81FB06FB0B22090C2A
:102EF0004FEA124B06FB01BB92B2A9B2891A1944E0
:102F00001FFA8BF3C3EB214303EB154389B241EA6C
:102F10000341674540F8041B4FEA1B424FEA234335
:102F2000DED2DDE9001558F8013073B9AAF1040AC0
:102F3000D04504D307E0D04504F1FF3403D25AF85A
:102F40000439002BF7D0C9F810407146484601F00B
:102F50004FFF00282EDB4146002255F8040BD1F824
:102F600000C01FFA80FE1FFA8CF3A3EB0E0313447C
:102F7000020CC2EB234202EB1C429BB243EA024327
:102F8000AF4241F8043B4FEA2242E6D258F82420EF
:102F900008EB84036AB9043B434504D807E098452D
:102FA00004F1FF3403D253F80429002AF7D0C9F8FA
:102FB00010400136304603B0BDE8F08F002003B06A
:102FC000BDE8F08F2DE9F04F9DB0CDE90A320291B6
:102FD000816B269D04908DED060B57EC106B49B16B
:102FE000C26B4A600123934004468B6001F044FCAD
:102FF0000023A363B7F10009B4BF012300232B60B2
:10300000774BBCBF29F00049CDF81C9033EA090387
:1030100000F0AA809DED067B002251EC170B0023E7
:103020008DED007B04F0CAF8804668B10A9A01234E
:103030001360279B13B1279A6A4B13606A4B059361
:1030400005981DB0BDE8F08F9DED000B04981AAAFD
:103050001BA902F03BF85FEA1955824640F09A80BE
:10306000DDE91A85454405F23243202B40F38C8379
:10307000C3F1400309FA03F905F2124326FA03F3F8
:1030800049EA030003F0B8FD0123013DA1F1F87105
:103090001293564B002203F071FC4BA3D3E900239B
:1030A00003F024FE4AA3D3E9002303F069FC06469B
:1030B00028460F4603F0B0FD47A3D3E9002303F0F1
:1030C00015FE02460B463046394603F059FC0646CB
:1030D0000F4604F0BBF80022044609900023304656
:1030E000394604F075F8002840F02483099CA8EBC9
:1030F000050808F1FF33162C089300F28C813C4B35
:1031000003EBC403D3E90023DDE9000104F060F818
:10311000002873D0631E099300231193089B002B92
:10312000C0F27F8100230C93099B002B6CDA099B72
:103130000C9A0D93D21A0C925A4200230993029BC7
:103140001092092B6AD8052B40F32383043B02938A
:103150000025029B023B032B00F23886DFE813F0C8
:1031600070046D04650449040A9AC9F3130942F214
:103170000F7359EA060913601CD1279B002B00F03E
:1031800045861C4B05930833279A059813601DB09C
:10319000BDE8F08FDDE90012C2F31303084643F0E7
:1031A0007F51CDF84880A5F2FF35DDF8688041F405
:1031B00040116EE7279B002B40F0F6830E4B0593E2
:1031C0003EE700BFAFF3008061436F63A787D23F44
:1031D000B3C8608B288AC63FFB799F501344D33F06
:1031E0000000F07FB5B00300B4B003000000F83F6A
:1031F000D09A030000B103000CB10300B8F1000F36
:1032000040F3A38411900C90DDE908321344089335
:1032100000231093029B0D92092B94D900230125C2
:1032200002930E954FF0FF3B0B93049BCDF84CB0EF
:103230000021D963049801F0F9FA0590002800F004
:10324000CE85DDE90432BBF10E0F9A6300F21881DE
:10325000002D00F015810D99002940F34684B34BF1
:1032600001F00F0203EBC203C805D3E900894FEA5E
:10327000211540F10884AE4BDDE90001D3E90823B4
:1032800003F05EFECDE9140105F00F0503277DB1C3
:10329000A74EE90708D540464946D6E9002303F082
:1032A00025FD0137804689466D1006F10806F0D1EC
:1032B00042464B46DDE9140103F042FE8046894652
:1032C000119B43B19B4B00224046494603F080FFCF
:1032D000002840F00B85384603F09EFC42464B46E2
:1032E00003F004FD944B002203F04AFBA1F150735C
:1032F000CDE914011593BBF1000F00F0A8800D9BE0
:10330000CDE918B34946404603F0A0FF189A874B11
:1033100003EBC20313ED027B05468DED167B03F034
:103320007BFC0B4602464946404603F027FB059FBF
:103330000E9B30357E1CECB2804689463546002B0C
:1033400000F06C84DDE916237C49002003F0F8FDD1
:10335000DDE9142303F012FB3C7042464B46044661
:103360000D4603F053FF002840F0B884CDF850A07C
:10337000CDF858B00027AB46A246189D2AE0013789
:10338000AF4280F2FD846E4B50465946002203F056
:10339000ADFC6B4B002282468B464046494603F00B
:1033A000A5FC8946804603F051FF044603F034FC37
:1033B00002460B464046494603F0E0FA303406F830
:1033C000014B52465B468046894603F001FF0028C8
:1033D00040F0D38442464B465649002003F0CEFAD3
:1033E00052465B4603F0F4FE0028C8D0199BDDF876
:1033F00050A0059A374603F1010802E0974200F019
:103400009B843E4617F8013D392BF7D00133DBB2E0
:103410003B7045467DE101231193089B002BBFF6CD
:1034200081AEC8F101030C93002308937CE6384673
:1034300003F0F2FB42464B4603F058FC3E4B0022A1
:1034400003F09EFAA1F15073CDE9140115933D4BA1
:1034500000224046494603F091FADDE91445224630
:103460002B4606460F4603F0D1FE002840F0738439
:1034700030463946224605F1004303F0A9FE28BB39
:103480001B9B002BC0F290800D9A0E2A00F38C80BB
:10349000264B0D9A03EBC20393ED007B0B9B002B95
:1034A0008DED027B19DABBF1000F16DC0ED1254B36
:1034B0000022DDE9020103F019FC02460B46DDE9BA
:1034C000000103F08FFE002800F045840023059ED4
:1034D00000931F460B9BDD432DE2059B5D1CDDE940
:1034E0000278DDE900013A46434603F029FD03F086
:1034F000ADFE064603F090FB3A46434603F0F6FB6A
:1035000002460B46DDE9000103F038FA059A06F1A0
:103510003003BBF1010F2F46137000F0218301250A
:10352000CDF800A0A846DDE9029A2BE0D09A03006E
:10353000C09B03000000F03F00001C400000E03F83
:1035400000002440000014404A46534620462946C5
:1035500003F0F6FC03F07AFE064603F05DFB4A46F4
:10356000534603F0C3FB08F101080B460246294607
:10357000204603F003FA06F13003D84507F8013B73
:1035800000F0EC82844B002203F0B0FB0022002309
:1035900004460D4603F012FE0028D5D00D9DDDF83F
:1035A00000A001353E46B4E00E9A002A40F0D880D3
:1035B0000023109E0C9D0E931F4665B1089A002AA9
:1035C00009DD0C99AA421346A8BF2B46C91AED1A69
:1035D000D31A0C910893109B53B10E9B13B1002E7C
:1035E00040F0F7825146109A049801F02FFB824672
:1035F0000498012101F046FA099B0090002B40F04D
:10360000BE81029B012B40F3D4810120089A104413
:1036100010F01F0000F09B80C0F12003042B40F34A
:10362000E3810C9BC0F11C00034402440C9305444D
:1036300008920C9B002B05DD514604981A4601F0B8
:103640005FFB8246089B002B05DD009904981A4613
:1036500001F056FB0090119B002B40F07581BBF1EF
:10366000000F40F34C810E9B002B40F0A4800D9D79
:103670000135DDF81480009CDDF81090012607E08C
:10368000514600230A22484601F000F901368246DD
:1036900021465046FFF700FCB34500F1300008F822
:1036A000010BEDDCBBF1000F059BCCBF5E46012694
:1036B000814603EB060B002451460122049801F0D9
:1036C0001FFB0099824601F093FB002840F3EE8136
:1036D000059A02E0934500F003825E460BF1FF3B42
:1036E00016F8013C392BF5D001338BF80030DDF8AA
:1036F00010800099404601F0BFF857B12CB1BC4290
:1037000003D02146404601F0B7F80498394601F04D
:10371000B3F80498514601F0AFF8002333700A9BC8
:103720001D60279B002B3FF48BAC05981E601DB0DD
:10373000BDE8F08F204603F06FFA32463B4603F0B7
:103740003DFD00287FF4D2AC631E0993CEE41C2318
:103750000C9A1A440C92089A1A441D44089268E77D
:10376000029A012A40F3AD81109B0BF1FF36B34260
:10377000C0F26981BBF1000FA3EB060680F2EF8275
:103780000C9BA3EB0B056CE1C3F1200306FA03F0DD
:1037900078E40125DDE400BF000024403946002321
:1037A00004980A2201F072F8139B002B074640F39D
:1037B000FF820D969B46002D05DD394604982A466A
:1037C00001F09EFA0746099B002B40F0E681B846BF
:1037D000059E731E03EB0B04069B03F00103CDE96A
:1037E0000B43049C00995046FFF756FB394683462D
:1037F000504601F0FDFA009905464246204601F088
:1038000019FBC3680BF130090146ABBB0990504668
:1038100001F0EEFA09990890204601F02DF8089A77
:10382000002A54D1029B1BB90C9B002B00F0AE82E6
:10383000002D3FDB0B9BB3469E420BF8019B00F033
:10384000C381514600230A22204601F01FF8474554
:10385000824639464FF000034FF00A02204630D02E
:1038600001F014F84146074600230A22204601F0E1
:103870000DF85E468046B5E7049800F0FDFF002D88
:1038800006DB069B03F00102029B1D432A4329D15C
:1038900051460122049801F033FA0099824601F062
:1038A000A7FA002840F3F680B9F1390F00F04982F9
:1038B0000BF131090D9D06F8019B3C460135474649
:1038C00015E700F0E3FF5E46074680468AE7002DD5
:1038D000C0F29382029B1D430C9B1D4300F08D821E
:1038E000002AA7DDB9F1390F00F02B820D9D09F1F7
:1038F00001033C4606F8013B01354746F7E6029BCB
:10390000022B7FF7B0AEBBF1000F40F0258100998C
:1039100004985B46052200F0B9FF0146009050462E
:1039200001F066FA002840F31781059E0D9D3123B2
:1039300006F8013B01350099049800F09DFF013520
:10394000002F7FF4E2AEE4E60099504601F050FA11
:103950000028BFF684AE5146002304980D9C0A222D
:1039600000F094FF0E9B661E8246002B7FF416AF7C
:10397000139B002B40F311820D9D9B4679E6014677
:103980001A46049801F062F9029B0090012B6EDD4B
:1039900000230993009A136902EB8303186901F06D
:1039A0001FF8C0F1200031E6984B05930333FFF771
:1039B000EBBB069B002B7FF428AEDDE90612C2F3B9
:1039C0001303002B7FF421AE914B134033B10C9BBA
:1039D00001330C93089B013308930123099A09933F
:1039E000002A3FF412AED5E73FF423AEC0F13C030A
:1039F000AEE601230E930B9B0D9A134403F1010BCA
:103A00005E46012E1393B8BF0126172E40F3F981AD
:103A1000012204235B0003F11400B042114602F1BD
:103A20000102F7D9049BD96304E401230E930B9E92
:103A3000002E36DD1396B346E7E700230E93DAE750
:103A400000230E93F3E7109B099A1096F31A1A4479
:103A5000089B09925B4408930C9B1D465B440C93A6
:103A600000260498012101F00DF80746A5E5069B04
:103A7000002B8DD1DDE90601C1F313030A46002BAB
:103A8000A2D0099086E79DED007B02278DED147B87
:103A9000FFF7FDBB7FF40EAF19F0010F7FF404AF09
:103AA00008E701230B939B46FFF7BFBB03D119F037
:103AB000010F7FF40DAE5E461BF8013D302BFAD0AE
:103AC00015E6129A002A00F09C8003F23343089A0C
:103AD000109E1A4408920C9A15461A440C92C0E79C
:103AE000059A31230135137001E600F0FA800D9A32
:103AF000484B554205F00F0203EBC203D3E9002304
:103B0000DDE9000103F0F2F82D11CDE9140100F018
:103B10005881414E0023022780468946EA0709D58D
:103B2000D6E900234046494603F0E0F801378046D5
:103B3000894601236D1006F10806EFD1002B7FF4B2
:103B4000BFABDDE91489FFF7BBBBC8F101030890E7
:103B50000C931190FFF758BB059EBBE4DDF800A065
:103B600002460B4602F00CFF0D9DCDE90001013528
:103B700002460B46DDE90201A84603F029FB40B9E5
:103B8000DDE90023DDE9020103F018FB18B1F307BA
:103B900001D5059A35E43E46BBE57968049800F006
:103BA00045FE0546002800F021813B6902339A005A
:103BB00007F10C010C30FAF715F904982946012297
:103BC00001F09EF8804603E60D9D3C4601354746D0
:103BD00072E5049C39463246204601F037F85246D9
:103BE00001460746204600F07BFF514680462046AE
:103BF00000F042FE109B9B1BC24610933FF4F8ACB2
:103C0000F0E41A9BC3F1360361E700BF0CB1030077
:103C10000000F07FD09A0300C09B0300DDE916236B
:103C2000DDE9140103F062F8059B1C70189B012B61
:103C3000CDE90E0100F0C380189F059B12961F442A
:103C40007A4B00224046494603F050F80D460446A0
:103C500003F0FCFA814602F0DFFF09F13009024669
:103C60000B462046294602F089FE06F8019BBE421B
:103C700080468946E4D1129D6D4B0022DDE90E019C
:103C800002F07EFE02460B464046494603F0BEFA6D
:103C900000286CD1DDE90E236549002002F06EFE9C
:103CA00002460B464046494603F092FA80B91B9BF8
:103CB000002BFFF67DAC0D9B0E2B3FF779AC5D4BD7
:103CC0000D9A03EBC20393ED007B8DED027B06E4BE
:103CD0003E46013F16F8013C302BF9D0199D0135C5
:103CE00017E5DDE900890227FFF7EABABBF1000F0B
:103CF0003FF49DAB139C002C7FF7C2AB0D9B013BA7
:103D00000022404649461993484B02F0EFFF804697
:103D10008946781C02F080FF42464B4602F0E6FFDF
:103D2000454B002202F02CFEA1F15073CDE91401A5
:103D300018941593FFF7E6BA08F101083123FFF74D
:103D400067BB0D9D059AB34639233C460BF8013BF2
:103D500001354746C1E4002300931F46E5E5089B73
:103D60005B4408930C9B1D465B440C9379E6199BBE
:103D7000059A03F10108FFF744BBDDF850A0ADE759
:103D8000DDF850A0DDF858B0FFF77ABBB9F1390F74
:103D9000D7D0002D3FF78CAD8CE5029B022B03DCC6
:103DA0000D9DDDF84CB064E4DDF84CB00D96AAE54D
:103DB000029B022BF8DCDDF84CB00D96FBE4374695
:103DC0005AE7DDE914890227FFF77ABA049B002538
:103DD000DD632946184600F029FD0590D0B9174B40
:103DE0001748002240F2AF1100F0FAFC134B1448C0
:103DF0002A4640F2EF2100F0F3FC002A3FF748ADDD
:103E000058E5049B0021D963FFF714BA0D4B0593C5
:103E1000FFF716B9DDE904329A634FF0FF33012250
:103E20000B9513930E929B46FFF72ABB000024408C
:103E30000000E03FD09A030000001C40B8B003002F
:103E400010B1030000B103002DE9F8430646082035
:103E5000894600F0C7F9DFF8A4800546304600F037
:103E600071FBD8F808305F6827F00307A7F1110449
:103E7000A4EB09042C44B4FBF5F4013C05FB04F469
:103E8000A54208DC0021304600F08CFBD8F8083051
:103E90003B44984205D0304600F056FB0020BDE878
:103EA000F8836142304600F07DFB01300FD0114AAB
:103EB000D8F808303F1B47F001075F6013683046B1
:103EC0001B1B136000F040FB0120BDE8F8830021BC
:103ED000304600F067FBD8F80820831A0F2BDADD94
:103EE00043F001035360044B02491B68C01A086089
:103EF000D1E700BF7C1A0010A8160010A012001015
:103F000000297CD02DE9F0410C46804600F01AFBD8
:103F100054F8043C754FA4F1080523F0010168181A
:103F2000BE684268864222F0030200F08380DE070A
:103F3000426000EB020C33D454F8084CDCF8043037
:103F40002D1B2144AC6807F1080C644503F0010304
:103F500064D0D5F80CE0C4F80CE0CEF80840002B93
:103F600000F0818041F001036B600160B1F5007FDA
:103F700022D27868CB080122490901338A400243E2
:103F800057F833107A6007EBC302083AC5E902120A
:103F900047F83350CD604046BDE8F04100F0D4BA58
:103FA000DCF80430DB072BD541F00103B1F5007FCD
:103FB00044F8043C0160DCD3B1F5206F4FEA512393
:103FC00053D28B0903F1390003F13802C300F8180A
:103FD000FB580838984203D161E09B68984204D0AE
:103FE0005A6822F003028A42F7D8D868C5E902303D
:103FF0008560DD604046BDE8F04100F0A5BA70473D
:10400000114407F1080C836863453FD0C268DA6049
:10401000936041F001036B606950A7E7002B5FD10B
:104020000A44D0E90213CB60996042F001036B604F
:10403000AA50B0E7DB070A4407D454F8083CED1A4D
:104040001A44D5E90213CB60996042F001036B601A
:10405000274BBD601B6893429DD8264B404619688C
:10406000FFF7F2FE97E71144CDE7142B08D9542B44
:104070001DD80B0B03F16F0003F16E02C300A6E71E
:1040800003F15C0003F15B02C300A0E741F0010310
:10409000C7E90455C5E902CC6B6069507BE77968D4
:1040A0009210012404FA02F20A437A609EE7B3F503
:1040B000AA7F06D8CB0B03F1780003F17702C30087
:1040C00085E740F25452934206D88B0C03F17D00F1
:1040D00003F17C02C3007AE74FF47E737E2276E719
:1040E00041F001036B60016055E700BFA0120010B2
:1040F000AC160010781A001070B539B106460C469F
:1041000008B1436B83B3B4F90C3013B900252846CA
:1041100070BD21463046FEF7EFF9E36A054633B13C
:10412000E169304698470028B8BF4FF0FF35A389B2
:104130001B061CD4216B41B104F14003994202D00B
:104140003046FFF7DDFE00232363616C21B130466A
:10415000FFF7D6FE00236364FAF784F80023A381F7
:10416000FAF782F8284670BDFAF76CF8CBE72169B8
:104170003046FFF7C5FEDDE7024B01461868FFF742
:10418000BBBF00BF0010001010B4034CD4F8E040D7
:10419000A4465DF8044B60473411001049B1FF2A72
:1041A00002D80A70012070478A2303604FF0FF3065
:1041B00070470846704700BF38B50C46084D844626
:1041C000114620461A4600232B60644603F0ACFAE1
:1041D000431C00D038BD2B68002BFBD0236038BDBA
:1041E000AC1A0010082802D14FF48050704708B56F
:1041F000FEF79EFA162303604FF0FF3008BD00BFA4
:104200002DE9F84F1646002900F096800C468046AE
:1042100006F10B0500F096F954F8041C162DA4F1D4
:10422000080921F0030758D81025AE4258D8AF42EC
:1042300060DABE4B9A6809EB070C6245DCF80400B3
:1042400000F0908020F0010363445B68DB0768D4D2
:1042500020F003003B189D4247DDCB0712D454F8F1
:10426000083CA9EB030BDBF8043023F003021044F5
:1042700000EB070A554540F3F68007EB020A554567
:1042800040F3CC8031464046FEF75CFB06460028F2
:1042900000F0208154F8043C23F001034B44A0F1CA
:1042A0000802934200F0B4803A1F242A00F2D7801B
:1042B000132A00F2A2800346224611681960516851
:1042C000596092689A6021464046FFF719FE4046C1
:1042D00000F03AF93046BDE8F88F35F00705A4D56F
:1042E0000C23C8F80030002618E01F46DCE9022342
:1042F000D3609A60D9F804307A1B0F2A03F00103C7
:1043000009EB07001DD83B43C9F80430436843F06C
:1043100001034360404600F017F926463046BDE8E9
:10432000F88FC907AED454F8083CA9EB030BDBF8AF
:10433000043023F00302A0E7BDE8F84F1146FEF772
:1043400001BB09EB05012B4342F00102C9F804301F
:104350004A60436843F00103436008314046FFF779
:10436000CFFDD7E720F00300C21905F1100C62451C
:1043700080F29180CA0785D454F8082CA9EB020B6F
:10438000DBF8042022F00302104400EB070AD445B6
:104390003FF773AF5E46DBF80C1056F8080F3A1F74
:1043A000242AC160886000F2AE80132A40F2A980FE
:1043B0002168CBF808106168CBF80C101B2A00F2BA
:1043C000A88008340BF11002216811606168516007
:1043D000A16891600BEB0501AAEB050242F0010216
:1043E00099604A60DBF8043003F001032B43404638
:1043F000CBF8043000F0A8F890E723680360636806
:1044000043601B2A3CD804F1080200F1080354E77A
:1044100050F8043C23F003031F446BE73A1F5E4649
:10442000DBF80C3056F8081F242ACB60996022D89C
:10443000132A1ED92368CBF808306368CBF80C30F8
:104440001B2A3BD808340BF1100322681A606268FB
:104450005A60A2689A6034465746D9464AE72146D0
:1044600000F096FF2FE7DCE902133A1FCB6099605A
:10447000D5E73346E9E72146304600F089FFEAE711
:10448000A3688360E368C360242A27D004F1100284
:1044900000F1100311E709EB05019960531B43F08C
:1044A00001034B6054F8043C03F001032B434046E6
:1044B00044F8043C00F048F826462FE7A368CBF800
:1044C0001030E368CBF81430242A10D010340BF1EC
:1044D0001803BAE7404600F037F804E723690361A0
:1044E0006169416104F1180200F11803E5E62369EE
:1044F000CBF818306369CBF81C3018340BF120036B
:10450000A3E7324660E72146304600F041FF074B03
:1045100060E7A168CBF81010E168CBF81410242AEA
:1045200006D010340BF118024EE700BFA0120010A5
:104530002269CBF818206269CBF81C2018340BF1E3
:10454000200241E7704700BF704700BF2DE9F843E4
:10455000154692682C68FAB180468946083401E015
:104560000834CFB16B68591E002B1746696013DD04
:1045700054F8046C002EF3D0334654F8082C494606
:10458000404600F0C3FF431C07D0AA68921B1746A1
:10459000AA600834002FE5D100200023C5E90133CB
:1045A000BDE8F88338B5074D0022044608462A6066
:1045B00003F0CAF8431C00D038BD2B68002BFBD099
:1045C000236038BDAC1A001010B40468013409E04F
:1045D00014F8013BA3F1410CBCF1190F98BF203333
:1045E000934208D111F8012B002AF1D10460012077
:1045F0005DF8044B704700205DF8044B704700BF26
:1046000009682DE9F04F4B1102EB830311F01F0BEA
:1046100007460CBF1846181D3C680CBF1D1F1D46E1
:10462000002340F8043C617885B00134002900F093
:10463000A8809E469A461E460B4601461046DFF865
:10464000889101975A46A846AC46834610E0202B35
:1046500000F28F80564508DDE04502D9BEF1070F14
:104660005FDDE34554D34FF0080E14F8013FB3B1BA
:1046700019F80370002FEAD00EF1010EBEF1080FF9
:1046800006F101063ADCDCF800301B0107F00F07E9
:104690001F43CCF8007014F8013F002BE8D15B46B3
:1046A000084693461A46002E6BD0C44502D2BEF18E
:1046B000070F73DD62454DD2111F634653F8044B5B
:1046C00041F8044FAB42F9D9A5EB0C0323F00303E7
:1046D000691C04330CF1010C8C4588BF042313447E
:1046E000002143F8041BAB42FBD950F8043C002BDB
:1046F0004DD1AA4249D055F8043DF8E7E345B4D27C
:1047000000234CF8043C4FF0010EACF1040CBDE763
:104710000023ACF104084CF8043CB246C4469E4663
:10472000A3E7CEF108008000CDE9022CDCF80030D0
:104730006746C0F1200E8446786800FA0EF21A43EC
:1047400020FA0CF33A6047F8043FB845F4D8DDE9A5
:10475000022C86E750F8043CBBF1000FC7D0CBF128
:10476000200B4FF0FF3121FA0BF10B4040F8043CD5
:10477000BDE70846194629295B46019F93461A461C
:1047800009D0042005B0BDE8F08F01232B6005207F
:1047900005B0BDE8F08F01343C6084E7CEF108033A
:1047A000DCF800109B00C3F1200E66460C467768CB
:1047B00007FA0EF1214327FA03F4316046F8044F5B
:1047C000B045F4D876E700BFC099030000000000B0
:1047D0009FED010B704700BF000000000000F87F54
:1047E00000B50B4C25681446EE681A4685B00346A2
:1047F0000D464CB107490095CDE9011430460649F4
:1048000000F0F2FE00F044FE04490C46F3E700BF5E
:10481000001000103CB103004CB1030048B103008C
:1048200008B513460022FFF7DBFF00BF436C70B5ED
:1048300005460C464BB153F8240080B1026843F89A
:1048400024200023C0E9033370BD2122042100F09D
:1048500027FE034668640028EDD1002070BD0121C9
:1048600001FA04F6721D9200284600F019FE002895
:10487000F3D0C0E90146E4E731B1436C4A6853F82C
:104880002200086043F82210704700BF2DE9F04174
:104890000D6907460E461C4601F1140E0020DEF895
:1048A00000108BB202FB03434FEA134C090C02FBCE
:1048B00001CC01309BB203EB0C4385424EF8043B24
:1048C0004FEA1C44EBDC3CB1B368AB4207DD06EBBE
:1048D000850301355C6135613046BDE8F081716862
:1048E00038460131FFF7A2FF8046A8B13269023293
:1048F00006F10C0192000C30F9F774FA7B6C7268C7
:1049000053F82210316043F82260464606EB8503D7
:1049100001355C613561DFE7024B03484246BA214D
:10492000FFF75EFFB8B003007CB103002DE9F84348
:104930001746284A1E4608330C46092E82FB0312EE
:104940004FEAE3730546C3EB62033ADD4FF0010C17
:1049500000214FEA4C0C634501F10101F9DC2846C6
:10496000FFF764FF014670B3089B4361092F4FF0C6
:104970000103036112DC0A340927BE420BDDF61B7A
:10498000264414F8013B0A22303B2846FFF77EFFFD
:10499000B4420146F5D10846BDE8F88304F10908A0
:1049A00004EB0709444614F8013B0A22303B284631
:1049B000FFF76CFF4C450146F5D1A7F108044444CC
:1049C000DBE70021CBE70A46034B0448D321FFF77E
:1049D00007FF00BF398EE338B8B003007CB1030095
:1049E000B0F5803F034636BF030400201020B3F12A
:1049F000807F3CBF1B020830B3F1805F3CBF1B01CE
:104A00000430B3F1804F03D3002B06DB0130704735
:104A10009B0003D45B0003D4202070470230704712
:104A200003307047036813F00702014607D0DA0726
:104A30001FD4980721D55B080B600120704798B2FE
:104A4000A0B11046DAB20AB908301B0A1A0704BF2F
:104A50001B0904309A0704BF9B080230DA0703D40D
:104A60005B0800F1010006D00B6070471B0C1020A2
:104A7000E8E700207047202070479B080B60022069
:104A8000704700BF38B5436C04460D464BB15868BB
:104A9000B0B102685A6000220123C0E903234561D6
:104AA00038BD2122042100F0FBFC0346606400288D
:104AB000EDD1094B0948002240F24511FFF790FE65
:104AC0001C220121204600F0EBFC0028F1D001223D
:104AD0000223C0E90123DEE7B8B003007CB1030084
:104AE0002DE9F04FD1F810801569A84585B00E4624
:104AF000924605DB2A46534645468A4690461E4660
:104B0000DAF80830DAF8041005EB0804A342B8BF5D
:104B10000131FFF78BFE8446002800F08B8000F106
:104B2000140707EB840E774505D23B46002243F875
:104B3000042B9E45FBD8143606EB88080AF11409AD
:104B4000464509EB850566D2A5EB0A03153B23F024
:104B500003030AF1150A043355452CBF9B464FF059
:104B6000040BCDF808E00394AE46E24605E0090CDC
:104B70002AD1B04507F104074AD956F8041B8DB273
:104B8000002DF4D0CC463C46002301965CF8040B83
:104B9000216886B28AB2000C05FB0622090C1A4471
:104BA00005FB001101EB124192B242EA0142E645D7
:104BB00044F8042B4FEA1143E8D8019E47F80B3024
:104BC00056F8041C090CD4D03B68002248461D4608
:104BD0003C469446028801FB02C202EB15429BB29E
:104BE00043EA024344F8043B50F8043B25684FEA8B
:104BF000134CABB201FB0C3303EB124370454FEA8D
:104C0000134CE7D3B04547F80B3007F10407B4D88D
:104C1000DDE902E4D446002C02DC05E0013C03D0CF
:104C20005EF8043D002BF9D06046CCF8104005B08A
:104C3000BDE8F08F034B044862464FF4B171FFF7B3
:104C4000CFFD00BFB8B003007CB1030012F0030336
:104C50002DE9F041144607462CD10D46A4101CD076
:104C60003E6C86B3E3074FF0000806D4641014D0FE
:104C70003068A8B10646E307F8D5324629463846DB
:104C8000FFF72EFF35B17B6C696853F821202A604D
:104C900043F8215064100546EAD12846BDE8F0816A
:104CA000324631463846FFF71BFF3060C0F80080BF
:104CB0000646E0E7013B0F4A52F823200023FFF7A6
:104CC000E5FD0546CAE701213846FFF7AFFD064678
:104CD00040B1012340F27122C0E90432002338645C
:104CE0000360BFE7044B0548324640F24511FFF729
:104CF00077FD00BFC09A0300B8B003007CB1030089
:104D00002DE9F0470C4690462769A368496807EBF0
:104D100062177D1C9D4206464FEA621904DD5B0066
:104D20009D4201F10101FADC3046FFF77FFD844628
:104D3000002851D0B9F1000F00F114000EDD09F187
:104D400005024FEA820E03460CEB8202002143F873
:104D5000041B9342FBD1AEF114031844216904F102
:104D6000140318F01F0803EB81012DD0C8F12009AE
:104D700086464FF0000A1A6802FA08F242EA0A026E
:104D80004EF8042B53F8042B994222FA09FAF2D870
:104D90000B1B153B23F00303043304F1150291426E
:104DA00038BF042340F803A0BAF1000F00D13D46FC
:104DB000736C6268CCF8105053F822102160604682
:104DC00043F82240BDE8F087043853F8042B40F83C
:104DD000042F9942F9D8EAE7034B044862464FF49E
:104DE000EF71FFF7FDFC00BFB8B003007CB103001A
:104DF0000B6984460069C01A16D10CF1140C1431E9
:104E00000CEB830210B401EB830301E0944508D25C
:104E100052F8044D53F8041D8C42F7D005D24FF0E0
:104E2000FF305DF8044B7047704701205DF8044B7C
:104E3000704700BF2DE9F04F15460A692B69D21A59
:104E4000002A83B0884640F0878001F1140605F1FE
:104E5000140101EB830106EB830301E09E427ED245
:104E600053F8044D51F8042D9442F7D075D32B46D6
:104E70000024454698466968FFF7D8FC814600281B
:104E800000F089802E69C460D8F8100005F1140B79
:104E900008F1140E09F1140A05F110020EEB80005E
:104EA0000BEB860157464FF0000CCDF804B05EF8CE
:104EB000044B52F8045F1FFA84FBABB2A3EB0B0365
:104EC000240C6344C4EB154404EB23449BB243EA33
:104ED0000443704547F8043B4FEA244CE7D8A0EB65
:104EE000080208F115084045A2F1150234BF002060
:104EF000012092080028DDF804B002F101044FEA15
:104F0000840408BF04240BEB0405A942544433D99C
:104F10002746284650F8043B1CFA83FE1A0C6344CB
:104F200002EB2E429BB243EA0243814247F8043B24
:104F30004FEA224CEED80139491B21F003010C4401
:104F400023B954F8043D013E002BFAD04846C9F875
:104F5000106003B0BDE8F08F89DA01248BE70021EF
:104F6000FFF764FC814678B101220023C0E90423E5
:104F7000484603B0BDE8F08F00284FEA820208BF20
:104F800000220AEB0204DBE7064B07484A4640F2E0
:104F90003721FFF725FC034B03484A4640F24521E1
:104FA000FFF71EFCB8B003007CB1030082B08DEDAA
:104FB000000B164B019A1340A3F15073002B06DD32
:104FC00000221946104641EC100B02B070475B42BC
:104FD000B3F1A07F4FEA235209DA4FF400231341C3
:104FE00000221946104641EC100B02B07047A2F1A6
:104FF00014031E2BDABF4FF00042DA4001220023D7
:105000001946104641EC100B02B070470000F07FCB
:10501000F8B5046900F1140606EB8404271F54F860
:10502000045C2846FFF7DCFCC0F120030A280B6073
:1050300033DDBE42A0F10B0119D254F8080C21B3A4
:10504000C1F120078D4020FA07F215438840A4F1F2
:10505000080145F07F538E4243F4401319D254F8AF
:105060000C1CF9400843024643EC102BF8BD0B28FA
:105070000AD005FA01F141F07F53002043F44013B8
:10508000024643EC102BF8BD002045F07F5343F45B
:105090004013024643EC102BF8BDC0F10B0C25FA6F
:1050A0000CF1BE4241F07F5338BF54F8081C00F1A8
:1050B000150034BF21FA0CF1002105FA00F0084375
:1050C00043F44013024643EC102BF8BD2DE9F043A6
:1050D0000E4683B0012159EC108B1546FFF7A6FB55
:1050E0000446002846D0C9F30A57C9F313030FB189
:1050F00043F480130193B8F1000313D101A8FFF723
:1051000091FC019B63610122203022610FB3A7F261
:1051100033470744C0F1350037602860204603B0AC
:10512000BDE8F08368460093FFF77CFC019BF8B173
:105130000099C0F1200203FA02F2C3400A4301932E
:10514000002B62610CBF01220222A3612261002FA9
:10515000DDD104EB8203A0F2324030601869FFF722
:105160003FFCC0EB42102860204603B0BDE8F0834E
:10517000009AE5E7034B0448224640F20F31FFF75F
:105180002FFB00BFB8B003007CB103002DE9F04352
:1051900083B0884669468146FFF73AFF01A9404639
:1051A00055EC104BFFF734FFD8F81030D9F8102029
:1051B000D21ADDE900315B1A03EB4213002B59ECE4
:1051C000108B0DDD05EB03573D4642464B4620460E
:1051D000294601F0B5FE41EC100B03B0BDE8F083A9
:1051E000C3EB033309EB03518946EEE7172870B58B
:1051F00006460CDD0A490B4D0020002422462B46B2
:1052000001F074FD013EF9D141EC100B70BD064B6D
:1052100003EBC003D3E9040141EC100B70BD00BFE8
:105220000000F03F00002440C09A030001394911FA
:1052300001F1010C116902F1140303EB81018B42AE
:1052400000EB8C0C16D210B5A0F1040E53F8044BF1
:105250004EF8044F9942F9D88B1A153B23F00303FB
:1052600004331844844504D9002340F8043B8445A2
:10527000FBD810BD844505D9002340F8043B844584
:10528000FBD87047704700BF03694A11934200F191
:10529000140009DA00EB830302E053F8042DAAB9E5
:1052A0008342FAD80020704700EB8203F8DD11F04A
:1052B0001F01F5D010B450F8224024FA01F28A40C0
:1052C000944209D001205DF8044B704701207047DB
:1052D00053F8042D002AF5D18342F9D800205DF857
:1052E000044B7047000000000000000000000000B8
:1052F00001F0FF01102A2BDB10F0070F08D010F887
:10530000013B013A8B422DD010F0070F42B3F6D18A
:10531000F0B441EA012141EA014122F007047FF0A3
:1053200000070023F0E80256083C85EA010586EAFA
:10533000010685FA47F5A3FA87F586FA47F6A5FA36
:1053400087F68EB9EED1F0BC01F0FF0102F0070242
:1053500032B110F8013B013A83EA010313B1F8D1ED
:105360000020704701387047002D06BF35460338CE
:10537000073815F0010F07D1013015F4807F02BF07
:10538000013015F4C03F0130F0BC0138704700BF58
:1053900088420ED98B1883420BD900EB020C002AED
:1053A0006ED0624613F801CD02F801CD9942F9D1D1
:1053B00070470F2A0FD8034602F1FF3C002A5FD046
:1053C0000CF1010C013B8C4411F8012B03F8012F67
:1053D0006145F9D1704740EA01039B0751D1A2F121
:1053E000100370B501F1200C23F00F0501F1100E30
:1053F00000F11004AC441B095EF8105C44F8105C2A
:105400005EF80C5C44F80C5C5EF8085C44F8085CE0
:105410005EF8045C44F8045C0EF1100EE64504F1FD
:105420001004E9D1013312F00C0F01EB031102F06B
:105430000F0400EB031328D0043C24F003064FEACA
:10544000940C1E441C1F8E465EF8045B44F8045FF7
:10545000B442F9D10CF1010402F0030203EB84031E
:1054600001EB840102F1FF3C4AB10CF1010C013B5C
:105470008C4411F8012B03F8012F6145F9D170BD5F
:10548000704702F1FF3C03469AE72246EAE700BF75
:1054900008B5062000F058F9012002F06BF900BFB2
:1054A00038B5A1FB021454BBFDF74CFA054650B3C6
:1054B00050F8042C22F00302043A242A10D8132AAC
:1054C00013D91B2AC0E9004416D9242AC0E9024492
:1054D0000ABFC0E9044400F1100200F1180205E01F
:1054E0002146F6F7F9FE284638BD02460023C2E9F8
:1054F00000339360284638BD00F10802F6E7FDF757
:1055000017F90C2303600025284638BD2DE9F04724
:105510008F681D46AF420B680C46164636D8B1F967
:105520000CC01CF4906F0ED13D46184631462A46F9
:10553000FFF72EFFA368DF1B2368A7602B44002022
:105540002360BDE8F0874A69096902EB42025F1AED
:1055500002EBD2726B1C52103B44934292BF9146B5
:1055600099461A461CF4806F804611D01146FDF70B
:10557000E9F9824600B321693A46F8F733FCA3897A
:1055800023F4906343F08003A38105E02F46CCE72A
:10559000FEF736FE824658B10AEB0703A9EB070770
:1055A000A760C4F810A0C4F8149023602F46BCE78D
:1055B00021694046FEF7A4FCA3890C2243F0400376
:1055C000C8F800204FF0FF30A381BAE70CB400B553
:1055D00083B004AB53F8042B019300F071F903B0CE
:1055E0005DF804EB02B070470EB410B583B005ABA4
:1055F000064C53F8042B01930146206800F060F933
:1056000003B0BDE8104003B0704700BF00100010A9
:1056100038B5D0F818410CB1002038BD80210546BE
:10562000FDF790F90246C5F8180130B1031F7C322E
:1056300043F8044F9342FBD1EEE74FF0FF3038BD03
:1056400030B51F2983B0054609D8D0F818310C466B
:1056500053B153F8240043F8242003B030BD16237F
:1056600003604FF0FF30F8E780210192FDF76AF9FF
:10567000019AC5F8180103460028F2D0011F00F175
:105680007C05002041F8040FA942FBD1E1E700BFEF
:105690001F2938B505461FD8D0F818210C466AB125
:1056A00052F8213053B1012B06D0591C10D00021E3
:1056B00042F8241020469847002038BD284600F0C4
:1056C000FDF8224601462846BDE8384000F0E0B823
:1056D00016230360012038BD162303604FF0FF300E
:1056E00038BD00BF1F292CD838B5D0F818310C466A
:1056F0000546A3B153F8242003EB84034AB1511C9F
:105700000BD0012A07D0002520461D60904728466F
:1057100038BD012038BD032038BD022038BD8021AE
:10572000FDF710F90346C5F8180138B1021F002132
:105730007C3042F8041F8242FBD1DBE74FF0FF30A0
:1057400038BD4FF0FF30704738B5144B1F281D6827
:105750001ED8D5F81821044662B152F820304BB15A
:10576000012B05D0591C0FD0002142F8201098477A
:10577000002038BD284600F0A1F822460146284600
:10578000BDE8384000F084B816232B60012038BDF6
:1057900016232B604FF0FF3038BD00BF0010001003
:1057A000124B1F2870B51E6809D8D6F81831044668
:1057B0000D464BB153F8240043F8245070BD162316
:1057C00033604FF0FF3070BD80213046FDF7BAF8EE
:1057D0000346C6F818010028F3D0021F00217C30D0
:1057E00042F8041F8242FBD1E4E700BF0010001022
:1057F00038B50C4B1D68D5F818410CB1002038BDE8
:1058000080212846FDF79EF8C5F8180138B1031F1E
:1058100000F17C0243F8044F9342FBD1EEE74FF0D6
:10582000FF3038BD0010001038B5184B1F281D6818
:1058300028D80446D5F81801A0B150F8243000EB60
:1058400084004BB15A1C0BD0012B07D000250560FA
:1058500020469847284638BD012038BD032038BD72
:10586000022038BD80212846FDF76CF8C5F81801E4
:1058700040B1031F00F17C01002243F8042F8B424A
:10588000FBD1DAE74FF0FF3038BD00BF0010001049
:1058900070B50C46084D03460026204611461C46AE
:1058A0002E6001F039FF431C00D070BD2B68002B27
:1058B000FBD0236070BD00BFAC1A001001F01CBF0C
:1058C0002DE9F04FADB0CDE907301C46029193466B
:1058D00018B1436B002B00F003850299B1F90C203D
:1058E0004B6E950405D442F4005223F400538A8190
:1058F0004B66980400F12485029BB3F90C20110734
:1059000040F1D3801B69002B00F0CF8002F01A0217
:105910000A2A00F0D9800023CDE910330DF1700977
:10592000CDF83C900993CA4605939BF80030002BB4
:1059300000F0F4805C4604E014F8013F002B00F016
:10594000D280252BF8D1B4EB0B0540F0CF80237823
:10595000002B00F0E3804FF000038DF837304FF05C
:10596000FF320023CDE90323617804F1010B98464F
:105970000BF1010BA1F12003582B00F2DC80DFE8D2
:1059800013F0B201DA00DA00AD01DA00DA00DA0071
:10599000DA00DA00DA007601A701DA008101860177
:1059A000DA00A20159005900590059005900590064
:1059B000590059005900DA00DA00DA00DA00DA009A
:1059C000DA00DA00DA00DA00DA006800DA00DA0079
:1059D000DA00DA00DA00DA00DA00DA00DA00DA00F7
:1059E0001902DA00DA00DA00DA00DA00EA01DA0095
:1059F000DA001D04DA00DA00DA00DA00DA00DA0090
:105A0000DA00DA00DA00DA00DD016A00DA00DA0032
:105A1000DA00D8016A00DA00DA00CB01DA00BD0151
:105A20001B047F027A02DA005902DA001904DA0054
:105A3000DA004204A1F1300300221BF8011B02EB43
:105A4000820203EB4202A1F13003092BF5D9049243
:105A500090E748F0100818F0200F00F0D780079B5F
:105A6000073323F007031A46596852F8083B079298
:105A70000A460029C0F2DE8003999DF837500029BC
:105A8000C0F2E38053EA020128F0800840F0DD8094
:105A9000039B002B40F0598401934C46002D00F0ED
:105AA000BE81019A01320192B9E1029D089829460E
:105AB00000F0A8FC002840F04384B5F90C2002F067
:105AC0001A020A2A7FF427AF029BB3F90E30002B8B
:105AD000FFF621AF0299089823465A462DB0BDE83B
:105AE000F04F00F059BCB4EB0B0517D0119B2B44C1
:105AF0001193109B0133072BCAE900B5109305DC05
:105B00000AF1080A059B2B44059320E7029908989F
:105B10000FAA00F0D9FC28B9CA46F3E7119B002B65
:105B200040F00084029B9B895B0600F10984059884
:105B30002DB0BDE8F08F0029F0D000238DF837306C
:105B400001238DF84810019312AC002203920692B3
:105B500018F08407DDE9102105D10498019D451B4B
:105B6000002D00F34F829DF8370080B101320DF116
:105B700037000131CAF80000072A4FF00100CDE9D3
:105B80001021CAF8040000F377820AF1080A069887
:105B900078B101320EA80231CAF80000072A4FF08E
:105BA0000200CDE91021CAF8040000F373820AF163
:105BB000080A802F00F09B810398C51A002D00F37E
:105BC000D58101321944072ACDE91021CAF80040D5
:105BD000CAF8043000F302820AF1080A18F0040F30
:105BE00005D0049B019A9C1A002C00F36182DDE928
:105BF000042301988242ACBF9B181B18059300290F
:105C000040F0F78100231093CA468EE6079A18F0F9
:105C1000100F52F8043B079207D118F0400F04D040
:105C200043F3C03211461BB223E7DA1711460029AD
:105C3000BFF622AF03995B4262EB42022D25002999
:105C40008DF8375001DB28F080080A2B72F1000133
:105C500080F0F3823033DBB28DF86F30039B012B81
:105C6000B8BF012301930DF16F04012316E7079BD1
:105C700053F8042B0492002A80F28882049A079336
:105C8000524204929BF8001048F0040870E658460F
:105C900010F8011B2A2900F05A83A1F13003092BC7
:105CA00098BF002200F2478310F8011B02EB82022A
:105CB00003EB4202A1F13003092BF5D942EAE2736A
:105CC0000393834656E69BF8001048F080084FE6A1
:105CD0002B239BF800108DF8373049E69BF8001015
:105CE00048F0010844E69DF837309BF80010002B7F
:105CF0007FF43EAE20238DF8373039E618F0200FC0
:105D000000F04D82079B059A1B681A60D2175A60F3
:105D1000079B0433079308E69BF800106C2903BF28
:105D20009BF8011048F020080BF1010B48F0100817
:105D30001EE69BF8001048F0400819E6079B002279
:105D40008DF8372053F8042B079301238DF8482052
:105D5000019312ACF9E648F0100111F0200200F0B6
:105D6000DE81079B073323F0070318465A6850F873
:105D7000083B079003980025A8428DF83750C0F2E1
:105D8000A782012553EA020021F0800840F09480A8
:105D90000398002840F09E82002D40F0F38111F01E
:105DA000010300F0F88130228DF86F2001930DF18E
:105DB0006F0434E048F0100111F0200200F0BE81C1
:105DC000079B073323F0070318465A6850F8083B2F
:105DD000079003980025A8428DF83750D2DA8846FC
:105DE0004C4603F00701DB0843EA4273D208303126
:105DF00053EA0205204604F8011DF2D118F0010F04
:105E00006DD030296BD0039A0238302304F8013C5E
:105E1000A9EB00039A42B8BF1A460446019218F053
:105E2000020206923FF494AE019A023201920222DB
:105E300006928DE6079D039B55F8044B00218DF8D3
:105E40003710002C00F05E82002BC0F2DF811A4672
:105E50002046FFF74DFA002800F06B82031B9DF8E7
:105E6000372023EAE3710191002A00F052820022D8
:105E70000795039215E69BF8001048F0200877E597
:105E8000079A52F8043B079247F63002ADF83820E3
:105E9000B24A099248F00208002200218DF837101A
:105EA000039900290DDB414653EA02004FF0020539
:105EB00021F080083FF46CAF012D00F05482022DD8
:105EC0008ED109984C4603F00F011B09415C04F880
:105ED000011D43EA0273120953EA0201F3D1039A46
:105EE000A9EB04039A42B8BF1A46019297E70498B7
:105EF000019D451B002D7FF75FAE102D984E23DDD1
:105F000006945046089C10279A4604E0103D102D38
:105F100000F1080015DD01321031072AC0E90067E1
:105F2000CDE91021F2DD02990FAA204600F0CCFA4B
:105F300000287FF4F7AD103D102DDDE91021484613
:105F4000E9DC069C5346824601322944072ACDE902
:105F50001021CAF80060CAF8045000F3C581039804
:105F6000C51A002D0AF1080A7FF72BAE102D7C4EC2
:105F700026DD03945046089CB24610271E4604E0D6
:105F8000103D102D00F1080016DD0132744B103168
:105F9000072AC0E90037CDE91021F1DD02990FAAE7
:105FA000204600F091FA00287FF4BCAD103D102D82
:105FB000DDE910214846E8DC039C3346564682461C
:105FC00001322944072ACDE91021CAF80060CAF835
:105FD000045000F3C9800AF1080AF2E50299089812
:105FE0000FAA00F071FA00287FF49CAD1199CA46FF
:105FF000F4E5029908980FAA00F066FA00283FF429
:1060000001AE8FE5102D574E28DDCDE90A745046BC
:106010003746089C029E9A4604E0103D102D00F180
:10602000080016DD013210311023072ACDE91021B6
:1060300007604360F1DD0FAA3146204600F044FAC4
:1060400000287FF46FAD103D102DDDE9102148468A
:10605000E8DC3E460B9C0A9F5346824601322944A7
:10606000072ACDE91021CAF80060CAF8045000F3ED
:1060700021810AF1080A76E5029908980A930FAA85
:1060800000F022FA00287FF44DADDDE910210A9BD3
:10609000CA467CE50299089806930FAA00F014FA04
:1060A00000287FF43FADDDE91021069BCA4680E55C
:1060B000102C109B2B4E1FDD089FDDF8088010254B
:1060C00004E0103C102C0AF1080A15DD01331031F0
:1060D000072BCAE90065CDE91031F2DD0FAA414670
:1060E000384600F0F1F900287FF41CAD103C102C6C
:1060F000DDE91031CA46E9DC01332144072BCAE946
:106100000064CDE910317FF772AD029908980FAAAB
:1061100000F0DAF900287FF405AD119967E50798DA
:1061200050F8043B079011F010007FF423AE11F0FB
:1061300040023FF41FAE9BB202461BE6079850F8A0
:10614000043B079011F010007FF443AE11F04002C1
:106150003FF43FAE9BB202463BE600BF98B003005F
:10616000F89B0300E89B03000299089803930FAA89
:1061700000F0AAF900287FF4D5ACDDE91021039BDB
:10618000CA461EE5039B01934C4648E69BF8001067
:106190000793FFF7EDBB039A01924C463FE618F0D8
:1061A000100F38D118F0400F35D0079B059A1B68A7
:1061B0001A80ADE54146D0E54146FDE56B4B0993BC
:1061C00018F020022CD0079B073323F00703184652
:1061D0005A6850F8083B079018F0010F3FF45DAE85
:1061E00053EA02003FF459AE8DF8391030218DF892
:1061F000381000218DF837100399002980F28D8026
:1062000048F002085DE65A4B0993D9E72046F5F7B6
:10621000F7FF034623E6079B059A1B681A6077E59C
:10622000079850F8043B079018F01000D4D118F0EC
:1062300040021CBF9BB20246CEE74E4ECDF804A0F2
:106240004C464FF0050E991841F10001A6FB0107DD
:1062500027F0030000EB9700091A581A9A46944653
:1062600062F100034FF0CC3202FB00F206FB032286
:10627000A0FB063003F001070244A7FB0E074018FD
:10628000BAF10A0F4FEA530300F130007CF1000C21
:1062900043EAC27304F8010D4FEA5202D3D2039AC3
:1062A000DDF804A0A9EB04039A42B8BF1A46019294
:1062B000FFF7F4BB029908980A930FAA00F004F9BB
:1062C00000287FF42FACDDE910210A9BCA464AE47E
:1062D0008846BAE4012D7FF4F2AD00253023BBE4FB
:1062E000F7F7B0FFFFF7F9BA0299089806930FAADB
:1062F00000F0EAF800287FF415ACDDE91021069BD8
:10630000CA4659E4062B28BF06231B4C0795019368
:106310001BE4CDE9062503921AE428F0800141F040
:106320000208CEE5029908980FAA00F0CDF8FFF711
:10633000F9BB039B93E5002383460393FFF71ABB46
:106340004FF0FF330593FFF7F2BB302384E4079B44
:106350009BF8011053F8042B079342EAE27283463C
:106360000392FFF705BB00256FE400BF84B0030074
:1063700098B00300CDCCCCCCACB0030010B4054C2D
:106380008446134620685DF8044B0A466146FFF7D1
:1063900097BA00BF0010001070B50C468989ADF5A2
:1063A0008D6D21F00201ADF80C101AA90091049135
:1063B0004FF4806102910591616E1991E189ADF808
:1063C0000E10E1690791616A099100210691694601
:1063D0000646FFF775FA051E07DB69463046FCF7EF
:1063E00027F9002818BF4FF0FF35BDF80C305B06C9
:1063F00003D5A38943F04003A38128460DF58D6D95
:1064000070BD00BF38B52F4B1B6805460C4613B155
:106410005A6B002A4BD0B4F90C3018071CD52269EE
:1064200022B313F0010107D0616900204942A06046
:10643000A1613AB1002038BD980758BF6169A160D9
:10644000002AF7D1190658BF1046F4D543F040038F
:10645000A3814FF0FF3038BDD9062CD55A0712D48E
:10646000226943F00803A381002ADAD103F42071E2
:10647000B1F5007FD5D02146284600F035F8B4F9B3
:106480000C302269CDE7216B51B104F140029142F9
:1064900004D02846FDF734FDB4F90C300022226305
:1064A00022690021C4E9002123F02403D9E718461A
:1064B000F7F7C8FEAFE7092243F040032A60A38143
:1064C000C7E700BF00100010936810B514461BB951
:1064D00018460023636010BD00F0CCF80023A360D1
:1064E0000023636010BD00BF2DE9F041B1F90C300D
:1064F0000C46990796B008D504F143030122C4E97C
:106500000432236016B0BDE8F081B4F90E10002902
:10651000064626DB6A4600F085F800281FDB019D51
:1065200005F47045A5F50055B5FA85F54FF480687A
:106530006D094FF4006741463046FCF703FAE8B1B5
:10654000B4F90C30C4F8148043F08003206020615B
:10655000A3813DBB3B43A38116B0BDE8F081B4F9F4
:106560000C3013F0800519D04FF04008002541464B
:1065700030462F46FCF7E6F90028E1D1B4F90C309B
:106580009A05BFD423F0030304F1430243F002034E
:106590000121C4E90421A3812260B3E74FF480689C
:1065A0002F46C8E7B4F90E10304600F051F810B984
:1065B000B4F90C30CEE7A38923F0030343F00103C1
:1065C0001BB2C7E770B50C46B1F90E10002996B0A2
:1065D00015461E4614DB6A4600F024F800280FDB3F
:1065E000019901F47041A1F50051B1FA81F14FF424
:1065F000806349094FF4006031602B6016B070BDB4
:10660000A18911F0800106D00021402308463160A5
:106610002B6016B070BD4FF48063084631602B606C
:1066200016B070BD70B50C46084D034600262046D6
:1066300011461C462E6001F057F8431C00D070BD77
:106640002B68002BFBD0236070BD00BFAC1A00107C
:1066500038B5074D0022044608462A6001F054F878
:10666000431C00D038BD2B68002BFBD0236038BD05
:10667000AC1A00109368002B00F0F8802DE9F04F61
:10668000B1F90CC01CF0080F83B0904681460C464F
:1066900031D00B697BB31CF00207D8F8006038D00A
:1066A0000027D4F824B0E169DFF8C4A23D4655457F
:1066B0002B463A4628BF53464846C5B1D84700281E
:1066C00040F3CA80D8F808301B1A07442D1AC8F8BE
:1066D0000830002B00F0B68055452B46D4F824B086
:1066E000E16928BF53463A464846002DE6D1D6E92F
:1066F00000750836DBE721464846FFF783FE002891
:1067000040F0AF80B4F90CC0D8F800601CF002076C
:10671000C6D11CF0010A63D12368A1685746184608
:106720008B46002F58D01CF4007F00F0B580B94292
:106730000A4600F2E1801CF4906F2FD02169626953
:106740005D1A02EB420202EBD2726B1C52103B4408
:10675000934292BF93469B461A461CF4806F00F00A
:10676000EA8011464846FCF7EDF8002800F0F98071
:106770002A4621690090F7F735FBA289009B22F495
:10678000906242F08002A2815819ABEB0505C4F873
:1067900014B02361A5602060BB463A465146009282
:1067A000FEF7F6FDA1682368009AA1EB0B011A44DD
:1067B0003D46A16022600027D8F808305B1BAA4440
:1067C000C8F80830002B3DD02368A168B4F90CC08C
:1067D00018468B46002FA6D1D6E900A708369EE7BB
:1067E0003846BB463D460097002D41D0002846D094
:1067F000009A2068A168D4E90473AA4228BF2A46F7
:10680000B84204D901EB030A524500F38580934254
:1068100075DCE169676A5A464846B847B0F1000A34
:106820001ADD009BB3EB0A0300930FD00120D8F8C8
:106830000830A3EB0A03D344A5EB0A05C8F80830D7
:10684000002BD1D1002003B0BDE8F08F214648468F
:10685000FBF7EEFE0028EAD0B4F90C3043F0400319
:10686000A3814FF0FF3003B0BDE8F08F00207047E8
:10687000756833460836002DFAD0D3F800B02A46A2
:106880000A215846FEF734FD002867D00130A0EBFE
:106890000B0300931A46ACE722699A4214D362694B
:1068A000BA4211D86FF00043BB4228BF3B46656A2D
:1068B00093FBF2F3E16902FB03F348465246A84713
:1068C000051EC9DD7F1B77E7B94228BF39460D4653
:1068D00018460A465146FEF75BFDA1682368491B2E
:1068E0002B44A16023600029ECD121464846FBF7E8
:1068F0009FFE0028E6D0AFE7BB463A464EE7594632
:106900000192FEF745FD019AA3689B1AA3602368D4
:1069100013442360924684E759465246FEF738FDF9
:1069200023685344236021464846FBF781FE002834
:106930003FF477AF90E74846FDF762FC0346002836
:106940007FF422AF21694846FDF7DAFAB4F90C303A
:106950000C22C9F8002023F080037FE76A1C009214
:1069600047E70C22B4F90C30C9F8002076E700BFE5
:1069700000FCFF7F81F0004102E000BF83F0004394
:1069800030B54FEA41044FEA430594EA050F08BFCA
:1069900090EA020F1FBF54EA000C55EA020C7FEA8E
:1069A000645C7FEA655C00F0E2804FEA5454D4EB0B
:1069B0005555B8BF6D420CDD2C4480EA020281EAD5
:1069C000030382EA000083EA010180EA020281EA0D
:1069D0000303362D88BF30BD11F0004F4FEA01315F
:1069E0004FF4801C4CEA113102D0404261EB41016E
:1069F00013F0004F4FEA03334CEA133302D05242F4
:106A000063EB430394EA050F00F0A780A4F10104AF
:106A1000D5F1200E0DDB02FA0EFC22FA05F28018E9
:106A200041F1000103FA0EF2801843FA05F35941CF
:106A30000EE0A5F120050EF1200E012A03FA0EFC4E
:106A400028BF4CF0020C43FA05F3C01851EBE37178
:106A500001F0004507D54FF0000EDCF1000C7EEB95
:106A600000006EEB0101B1F5801F1BD3B1F5001FD3
:106A70000CD349085FEA30004FEA3C0C04F10104F2
:106A80004FEA445212F5800F80F09A80BCF1004F1B
:106A900008BF5FEA500C50F1000041EB045141EA9D
:106AA000050130BD5FEA4C0C404141EB0101013C66
:106AB00028BFB1F5801FE9D291F0000F04BF014655
:106AC0000020B1FA81F308BF2033A3F10B03B3F127
:106AD00020020CDA0C3208DD02F1140CC2F10C02B7
:106AE00001FA0CF021FA02F10CE002F11402D8BF15
:106AF000C2F1200C01FA02F120FA0CFCDCBF41EAE1
:106B00000C019040E41AA2BF01EB0451294330BDAF
:106B10006FEA04041F3C1CDA0C340EDC04F114048C
:106B2000C4F1200220FA04F001FA02F340EA030063
:106B300021FA04F345EA030130BDC4F10C04C4F1A9
:106B4000200220FA02F001FA04F340EA0300294689
:106B500030BD21FA04F0294630BD94F0000F83F4D3
:106B6000801306BF81F480110134013D4EE77FEAB6
:106B7000645C18BF7FEA655C29D094EA050F08BF02
:106B800090EA020F05D054EA000C04BF19461046E3
:106B900030BD91EA030F1EBF0021002030BD5FEA27
:106BA000545C05D14000494128BF41F0004130BD4F
:106BB00014F580043CBF01F5801130BD01F00045A3
:106BC00045F0FE4141F470014FF0000030BD7FEA16
:106BD000645C1ABF194610467FEA655C1CBF0B4611
:106BE000024650EA013406BF52EA033591EA030F28
:106BF00041F4002130BD00BF90F0000F04BF002120
:106C0000704730B54FF4806404F132044FF0000552
:106C10004FF0000150E700BF90F0000F04BF0021CB
:106C2000704730B54FF4806404F1320410F0004531
:106C300048BF40424FF000013EE700BF42004FEA2C
:106C4000E2014FEA31014FEA02701FBF12F07F43A9
:106C500093F07F4F81F06051704732F07F4208BF60
:106C6000704793F07F4F04BF41F40021704730B567
:106C70004FF4607401F0004521F000411CE700BFB3
:106C800050EA010208BF704730B54FF000050AE036
:106C900050EA010208BF704730B511F0004502D537
:106CA000404261EB41014FF4806404F132045FEA39
:106CB000915C3FF4D8AE4FF003025FEADC0C18BFE2
:106CC00003325FEADC0C18BF033202EBDC02C2F1D4
:106CD000200300FA03FC20FA02F001FA03FE40EA66
:106CE0000E0021FA02F11444BDE600BF70B54FF06A
:106CF000FF0C4CF4E06C1CEA11541DBF1CEA135548
:106D000094EA0C0F95EA0C0F00F0DEF82C4481EAAF
:106D1000030621EA4C5123EA4C5350EA013518BFCF
:106D200052EA033541F4801143F4801338D0A0FBBC
:106D300002CE4FF00005E1FB02E506F00042E0FB69
:106D400003E54FF00006E1FB03569CF0000F18BF6F
:106D50004EF0010EA4F1FF04B6F5007F64F5407417
:106D600004D25FEA4E0E6D4146EB060642EAC621AA
:106D700041EA55514FEAC52040EA5E504FEACE2E17
:106D8000B4F1FD0C88BFBCF5E06F1ED8BEF1004F1A
:106D900008BF5FEA500E50F1000041EB045170BD96
:106DA00006F0004646EA010140EA020081EA0301DA
:106DB000B4EB5C04C2BFD4EB0C0541EA045170BDD6
:106DC00041F480114FF0000E013C00F3AB8014F150
:106DD000360FDEBF002001F0004170BDC4F1000499
:106DE000203C35DA0C341BDC04F11404C4F120051A
:106DF00000FA05F320FA04F001FA05F240EA020075
:106E000001F0004221F0004110EBD37021FA04F6AA
:106E100042EB06015EEA430E08BF20EAD37070BD64
:106E2000C4F10C04C4F1200500FA04F320FA05F0C3
:106E300001FA04F240EA020001F0004110EBD370C5
:106E400041F100015EEA430E08BF20EAD37070BD35
:106E5000C4F1200500FA05F24EEA020E20FA04F30E
:106E600001FA05F243EA020321FA04F001F00041BD
:106E700021FA04F220EA020000EBD3705EEA430E2E
:106E800008BF20EAD37070BD94F0000F0FD101F05D
:106E90000046400041EB010111F4801F08BF013C96
:106EA000F7D041EA060195F0000F18BF704703F0D4
:106EB0000046520043EB030313F4801F08BF013D5B
:106EC000F7D043EA0603704794EA0C0F0CEA135517
:106ED00018BF95EA0C0F0CD050EA410618BF52EAD1
:106EE0004306D1D181EA030101F000414FF00000D7
:106EF00070BD50EA410606BF1046194652EA4306E5
:106F000019D094EA0C0F02D150EA013613D195EA58
:106F10000C0F05D152EA03361CBF104619460AD1A0
:106F200081EA030101F0004141F0FE4141F47001AA
:106F30004FF0000070BD41F0FE4141F4780170BD9A
:106F400070B54FF0FF0C4CF4E06C1CEA11541DBFFF
:106F50001CEA135594EA0C0F95EA0C0F00F0A7F801
:106F6000A4EB050481EA030E52EA03354FEA01312E
:106F700000F088804FEA03334FF0805545EA131341
:106F800043EA12634FEA022245EA111545EA106509
:106F90004FEA00260EF000419D4208BF964244F1A0
:106FA000FD0404F5407402D25B084FEA3202B61ABF
:106FB00065EB03055B084FEA32024FF480104FF493
:106FC000002CB6EB020E75EB030E22BFB61A754607
:106FD00040EA0C005B084FEA3202B6EB020E75EB9A
:106FE000030E22BFB61A754640EA5C005B084FEA02
:106FF0003202B6EB020E75EB030E22BFB61A7546CF
:1070000040EA9C005B084FEA3202B6EB020E75EBD9
:10701000030E22BFB61A754640EADC0055EA060E9A
:1070200018D04FEA051545EA16754FEA06164FEADD
:10703000C30343EA52734FEAC2025FEA1C1CC0D189
:1070400011F4801F0BD141EA00014FF000004FF016
:10705000004CB6E711F4801F04BF01430020B4F1D7
:10706000FD0C88BFBCF5E06F3FF6AFAEB5EB030C8F
:1070700004BFB6EB020C5FEA500C50F1000041EB8C
:10708000045170BD0EF0004E4EEA113114EB5C0459
:10709000C2BFD4EB0C0541EA045170BD41F480112C
:1070A0004FF0000E013C90E645EA060E8DE60CEA34
:1070B000135594EA0C0F08BF95EA0C0F3FF43BAF51
:1070C00094EA0C0F0AD150EA01347FF434AF95EA08
:1070D0000C0F7FF425AF104619462CE795EA0C0FEC
:1070E00006D152EA03353FF4FDAE1046194622E7B9
:1070F00050EA410618BF52EA43067FF4C5AE50EA93
:1071000041047FF40DAF52EA43057FF4EBAE12E782
:107110004FF0FF3C06E000BF4FF0010C02E000BF63
:107120004FF0010C4DF804CD4FEA410C7FEA6C5C46
:107130004FEA430C18BF7FEA6C5C1BD001B050EAE9
:10714000410C0CBF52EA430C91EA030F02BF90EAD4
:10715000020F0020704710F1000F91EA030F58BF93
:10716000994208BF90422CBFD8176FEAE37040F0F5
:10717000010070474FEA410C7FEA6C5C02D150EA93
:10718000013C07D14FEA430C7FEA6C5CD6D152EA4E
:10719000033CD3D05DF8040B704700BF8446104613
:1071A00062468C461946634600E000BF01B5FFF712
:1071B000B7FF002848BF10F1000F01BD4DF808EDE2
:1071C000FFF7F4FF0CBF012000205DF808FB00BFB3
:1071D0004DF808EDFFF7EAFF34BF012000205DF80D
:1071E00008FB00BF4DF808EDFFF7E0FF94BF01205A
:1071F00000205DF808FB00BF4DF808EDFFF7CEFF5B
:1072000094BF012000205DF808FB00BF4DF808ED99
:10721000FFF7C4FF34BF012000205DF808FB00BF6A
:107220004FEA410C7FEA6C5C02D150EA013C0AD182
:107230004FEA430C7FEA6C5C02D152EA033C02D174
:107240004FF0000070474FF0010070474FEA4102D5
:1072500012F5001215D211D56FF47873B3EB6252A8
:1072600012D94FEAC12343F0004343EA505311F0CF
:10727000004F23FA02F018BF404270474FF0000061
:10728000704750EA013005D111F0004008BF6FF09F
:10729000004070474FF00000704700BF4A0011D215
:1072A00012F5001211D20DD56FF47873B3EB625260
:1072B0000ED44FEAC12343F0004343EA505323FA6C
:1072C00002F070474FF00000704750EA013002D1E1
:1072D0004FF0FF3070474FF0000070474FEA410217
:1072E000B2F1E04324BFB3F5001CDCF1FE5C0DD924
:1072F00001F0004C4FEAC0024CEA5070B2F1004F6E
:1073000040EB830008BF20F00100704711F0804F70
:1073100021D113F13872BCBF01F00040704741F435
:1073200080114FEA5252C2F11802C2F1200C10FA39
:107330000CF320FA02F018BF40F001004FEAC1231D
:107340004FEAD32303FA0CFC40EA0C0023FA02F3C1
:107350004FEA4303CCE77FEA625307D150EA013397
:107360001EBF4FF0FE4040F44000704701F0004067
:1073700040F0FE4040F40000704700BF53B94AB9E6
:10738000002908BF00281CBF4FF0FF314FF0FF302D
:1073900000F0A0B9ADF1080C6DE904CE00F03CF8A6
:1073A000DDF804E0DDE9022304B0704738B50022BF
:1073B000002304460D46FFF70BFF28B92046294657
:1073C000BDE8384000F00AB8204605F1004100F061
:1073D00005F8404261EB410138BD00BFD0B50C4B10
:1073E000002206460F46FFF781FCFFF757FF0446D1
:1073F000FFF702FC074B0022FFF778FC02460B4622
:1074000030463946FFF7BAFAFFF748FF2146D0BDAC
:107410000000F03D0000F0412DE9F047089D0E46C8
:1074200004460F46002B4AD194468C45B2FA82F2AC
:1074300060D942B1C2F12003974020FA03F30CFA5D
:1074400002FC1F4394404FEA1C4E1FFA8CF6B7FB18
:10745000FEF1230C0EFB117743EA074301FB06F014
:1074600098420AD91CEB030301F1FF3780F0158124
:10747000984240F21281023963441B1AA4B2B3FB52
:10748000FEF00EFB103344EA034400FB06F6A6426E
:107490000AD91CEB040400F1FF3380F00081A642FE
:1074A00040F2FD806444023840EA0140A41B002100
:1074B0001DB1D4400023C5E90043BDE8F0878B42ED
:1074C00005D90DB1C5E9000100210846F5E7B3FA79
:1074D00083F1002946D1B34202D3824200F2F58003
:1074E000841A66EB030201201746002DE5D0C5E99A
:1074F0000047E2E7002A40F09380A1EB0C034FEA3B
:107500001C471FFA8CFE0121B3FBF7F607FB163070
:10751000230C43EA00430EFB06F0984208D91CEB0B
:10752000030306F1FF3802D2984200F2D0804646AB
:107530001B1AA4B2B3FBF7F007FB103344EA034471
:107540000EFB00FEA64508D91CEB040400F1FF3336
:1075500002D2A64500F2B6801846A4EB0E0440EA1B
:107560000640A5E7C1F120078B4022FA07FC4CEA50
:10757000030C06FA01FE20FA07F426FA07F344EAA0
:107580000E0400FA01F84FEA1C404FEA1449B3FB1D
:10759000F0FE1FFA8CF600FB1E3349EA03430EFB94
:1075A00006F9994502FA01F20BD91CEB03030EF11F
:1075B000FF3A80F08580994540F28280AEF1020E5C
:1075C0006344A3EB0909A4B2B9FBF0F300FB1399E0
:1075D00044EA094403FB06F6A64208D91CEB04045E
:1075E00003F1FF3068D2A64266D9023B644443EA05
:1075F0000E40A41BA0FB02E6B4427346B14652D330
:107600004FD05DB1B8EB030264EB090404FA07F74D
:1076100022FA01F31F43CC40C5E9007400214CE776
:10762000C2F1200120FA01F30CFA02FC26FA01F162
:10763000964033434FEA1C471FFA8CFEB1FBF7F02C
:1076400007FB1016190C41EA064100FB0EF68E42AC
:1076500004FA02F408D91CEB010100F1FF382DD225
:107660008E422BD902386144891B9BB2B1FBF7F6DD
:1076700007FB161143EA014306FB0EF1994208D9B4
:107680001CEB030306F1FF3814D2994212D9023ED3
:1076900063445B1A46EA004136E73946EDE6184690
:1076A00002E7F045ADD2BEEB020366EB0C060138F3
:1076B000B146A6E74646ECE7034698E74046D3E7DF
:1076C000D6467EE76444023847E708460DE7023EA7
:1076D00063442DE7704700BF024B58221A604FF0F9
:1076E000FF307047AC1A0010024B58221A604FF05E
:1076F000FF307047AC1A0010024B58221A604FF04E
:10770000FF307047AC1A0010024B58221A6000205C
:10771000704700BFAC1A0010024B58221A604FF09D
:10772000FF307047AC1A0010024B58221A604FF01D
:10773000FF307047AC1A0010024B58221A604FF00D
:10774000FF307047AC1A0010044A05491368002B3B
:1077500008BF0B461844106018467047B01A001056
:1077600000100010024B58221A604FF0FF30704793
:10777000AC1A0010FEE700BF82B003468DF8073058
:107780009DF90730002B0CDB9DF8073003F01F023A
:1077900005499DF907305B09012000FA02F241F822
:1077A000232000BF02B0704700E100E082B0034632
:1077B00000918DF807309DF90730002B0ADB009B04
:1077C000DAB20C499DF907305201D2B20B4483F86A
:1077D00000230BE0009BDAB207499DF8073003F065
:1077E0000F03043B5201D2B20B441A7600BF02B021
:1077F000704700BF00E100E000ED00E086B00390BC
:10780000029101920023059321E0039BD3F80032FB
:1078100001335A42C3F30803C2F3080258BF53426C
:107820000493039BD3F80432049A9A4214D0059B24
:10783000029A1A44039BD3F800321178039AD15468
:10784000039B049AC3F80022059B01330593059A14
:10785000019B9A42D9DB00E000BF00BF06B0704731
:1078600082B001900091019BD3F80422019BD3F8D0
:1078700000329A4201D1002315E0019BD3F8043273
:10788000019AD25C009B1A70019BD3F80432013339
:107890005A42C3F30803C2F3080258BF5342019A85
:1078A000C2F804320123184602B0704700B58DB00B
:1078B000184B1B680BA90122184620F067FB154BDB
:1078C0001B680B9A1146184620F04EFB114B1B68A3
:1078D0000B990AAA184620F0ABFA0B9B03F0500351
:1078E000002B12D009AA01AB1146184600F052F83D
:1078F000099B30336B44002203F82C2C099B1A4659
:1079000001AB19460448FFF779FF00BF0DB05DF8E1
:1079100004FB00BFB41A0010DC1C001000B58BB0D3
:107920000190002309930023089302E0099B01338F
:107930000993019A099B13441B78002BF6D100236D
:107940000393019B0493099B05934FF0FF33069328
:1079500008AB07930E4B1B6803AA1146184620F08C
:1079600067F80346002B0AD0094B1B6803AA11468F
:10797000184620F05DF80346184600F035F8089BDD
:10798000099A9A4200D0FEE700BF0BB05DF804FBF5
:10799000B41A001000B589B001900091012303933F
:1079A000019B04932023059300230693009B0793D8
:1079B000064B1B6803AA1146184620F039F8009BB5
:1079C0001B68184609B05DF804FB00BFB41A00102C
:1079D00008B500212C2001F043FB00212D2001F0EF
:1079E0003FFB00BF08BD000082B00190014A019B2F
:1079F0001360FEE7B81A001000B585B00021002022
:107A00001EF0B6F851481EF085F81EF0A7F80021C8
:107A100001201EF0ADF8642001F0FAF800210820E2
:107A20001EF0A6F84A4900201FF046FE0346002B30
:107A300007D0474900201FF03FFE03461846FFF7D6
:107A4000D3FF434B1B680022002118461FF05CFE49
:107A50000346002B0AD03E4B1B680022002118462B
:107A60001FF052FE03461846FFF7BEFF00238DF8B5
:107A70000F30374B1B680DF10F020021184620F024
:107A8000A1FA0346002B0BD0314B1B680DF10F02FE
:107A90000021184620F096FA03461846FFF7A4FF87
:107AA0002B4B1B682B4918461FF0B2FE0346002BD8
:107AB00009D0274B1B68274918461FF0A9FE03462B
:107AC0001846FFF791FF00230293002301930299C8
:107AD00027201EF095FB019928201EF091FB07211D
:107AE0000F20FFF763FE0F20FFF746FE1EF0F0FDAC
:107AF000194800F0E7F9194801F06AF8184801F050
:107B000067F81849184801F063F8FFF761FF03F0C0
:107B1000FBFD03F081FF00238DF803300AF088FAA3
:107B20000AE09DF803301946104801F051F89DF81D
:107B30000330184603F0AEFA0DF1030319460C4862
:107B4000FFF78EFE0346002BEBD1E7E7E8B1030019
:107B5000B41A0010089C03001D7901001082030074
:107B600028820300648203006C8203007C8203008D
:107B7000DC1C001001B51EF0040F0ABFEFF30880F3
:107B8000EFF3098010F1080000F00AF801BD00BF12
:107B90001846800040180068704700BF1846000073
:107BA00000B597B0019003AB00221A605A609A604A
:107BB000DA601A615A6100231593159B1393A44B45
:107BC0001B681393139BDBB28DF85030139B1B0A79
:107BD000DBB28DF85130139B1B0C9BB2ADF85230C9
:107BE0009C4B1B6812939DF85130DBB203F00203EB
:107BF000002B05D001990620FFF7CBFF034601E0DB
:107C00004FF0FF33119301990020FFF7C2FF0346A5
:107C1000099301990120FFF7BCFF03460A930199DC
:107C20000220FFF7B6FF03460B9301990320FFF7ED
:107C3000B0FF03460C9301990420FFF7AAFF034607
:107C40000D9301990520FFF7A4FF03460E930199B8
:107C50000620FFF79EFF03460F9301990720FFF7C9
:107C600098FF0346109303AB194602201FF00CFC4B
:107C7000794800F0ADFF099B1946784800F0A8FF4D
:107C80000A9B1946764800F0A3FF0B9B19467548DE
:107C900000F09EFF0C9B1946734800F099FF0D9B66
:107CA0001946724800F094FF0E9B1946704800F088
:107CB0008FFF0F9B19466F4800F08AFF109B1946F3
:107CC0006D4800F085FF6D4800F082FF119B19465A
:107CD0006B4800F07DFF129B19466A4800F078FF60
:107CE0009DF85030DBB21946674800F071FF9DF8EF
:107CF0005130DBB21946654800F06AFFBDF85230DA
:107D00009BB21946624800F063FF802315937AE026
:107D10009DF85130DBB21A46159B1340802B4ED094
:107D2000802B6CD8202B47D8002B68D0013B1F2B11
:107D300065D801A252F823F0F77D0100EF7D010024
:107D4000FF7D0100E77D0100FF7D0100FF7D010057
:107D5000FF7D0100DF7D0100FF7D0100FF7D01004F
:107D6000FF7D0100FF7D0100FF7D0100FF7D01001F
:107D7000FF7D0100D77D0100FF7D0100FF7D010037
:107D8000FF7D0100FF7D0100FF7D0100FF7D0100FF
:107D9000FF7D0100FF7D0100FF7D0100FF7D0100EF
:107DA000FF7D0100FF7D0100FF7D0100FF7D0100DF
:107DB000FF7D0100CF7D0100402B04D01FE035483E
:107DC00000F006FF1CE0344800F002FF18E03348E2
:107DD00000F0FEFE14E0324800F0FAFE10E03148F8
:107DE00000F0F6FE0CE0304800F0F2FE08E02F480C
:107DF00000F0EEFE04E02E4800F0EAFE00E000BFD6
:107E0000159B5B081593159B002B81D1294800F029
:107E1000DFFE9DF80C30002B04D0049B1946264849
:107E200000F0D6FE9DF81430002B04D0069B1946B6
:107E3000224800F0CDFE9DF81C30002B04D0089B9A
:107E400019461F4800F0C4FE00231593FEE700BF4B
:107E500028ED00E038ED00E0808203009C82030002
:107E6000B0820300C4820300D8820300EC820300C6
:107E70000083030014830300288303003C83030072
:107E80005883030078830300A4830300D483030092
:107E900000840300308403005084030070840300D6
:107EA0008C840300A8840300C8840300EC840300CE
:107EB0000C8503002C8503004085030064850300C6
:107EC0008885030082B00190024A019B136000BFC5
:107ED00002B07047E41E00102DE9F00F98B0CDE914
:107EE0000E01DDE90E234FF000004FF000011800F5
:107EF000002150EA010300F0B080DDE90E234FF0CD
:107F000000044FF00005540844EAC3745D08DDE93D
:107F10000E234FF000004FF00001900840EA8370FC
:107F2000990814EB000A45EB010BCDE912ABDDE932
:107F300012234FF000004FF00001100940EA0370D7
:107F40001909DDE91223141802944B410393DDE96A
:107F50000234CDE91234DDE912234FF000004FF076
:107F60000001100A40EA0360190ADDE9122314181F
:107F700004944B410593DDE90434CDE91234DDE985
:107F800012234FF000004FF00001100C40EA0340B4
:107F9000190CDDE91223141806944B410793DDE90F
:107FA0000634CDE91234DDE912234FF000004FF022
:107FB000000118000021DDE91223141808944B4138
:107FC0000993DDE90834CDE91234DDE912014FF0FF
:107FD00000024FF00003C20842EA4172CB08CDE92B
:107FE0001223DDE9124522462B464FF000004FF0E8
:107FF0000001990041EA9271900002460B46161961
:1080000043EB0507B3190A9347EB07030B93DDE92D
:108010000A6730463946DDE90E23141A0C9463EBE7
:1080200001030D93DDE90C34CDE91034DDE91023B3
:1080300012F1060843F100094FF000024FF000036F
:108040004FEA181242EA09724FEA1913DDE91201E8
:10805000141800944B4101932AE00E9B1793179B31
:108060005A08179B9B0813441693169B1B09169AD4
:1080700013441693169B1B0A169A13441693169BC9
:108080001B0C169A13441693169BDB081693169A2C
:1080900013469B0013445B001A46179B9B1A1593CB
:1080A000159B06331A09169B134400220093019274
:1080B000DDE900231046194618B0BDE8F00F7047FF
:1080C00000B585B0CDE90001DDE9002313430CBF05
:1080D00001230023DBB2039308E0DDE90001FFF791
:1080E000FBFECDE90001039B01330393DDE900238F
:1080F0001343F2D1039B184605B05DF804FB30B57D
:1081000083B0CDE90001DDE90023002B07DADDE9CA
:1081100000230021544261EB0305CDE90045DDE970
:10812000002310461946FFF7CBFF0346184603B05D
:1081300030BD84B0CDE90001DDE9002313430CBF5D
:1081400001230023DBB203930EE0DDE900014FF0D1
:1081500000024FF00003020942EA01720B09CDE967
:108160000023039B01330393DDE900231343ECD188
:10817000039B184604B0704786B00190009100231D
:108180008DF817300023049300230393019B1B7881
:108190002D2B1CD101238DF81730019B0133019346
:1081A000039B0133039312E0039B01330393049A6F
:1081B00013469B0013445B000493019B1B781A46F3
:1081C000049B1344303B0493019B01330193019BB7
:1081D0001B782F2B03D9019B1B78392BE4D9009BEB
:1081E000002B02D0009B039A1A609DF81730002BD9
:1081F00002D0049B5B4200E0049B184606B0704727
:1082000000B591B0CDE90201019200230F93002344
:108210000E93DDE90201FFF75FFECDE90C01029943
:108220000C9A13469B0013445B00CB1A0B930B9BD9
:10823000DAB20F9B591C0F913032D2B240336B44EB
:1082400003F8302CDDE90C23CDE90223DDE902231C
:108250001343DED10F9B0E93019B002B10D007E040
:10826000019B5A1C019204A90F9A0A4412781A70B1
:108270000F9B5A1E0F92002BF2D1019B00221A7005
:108280000E9B184611B05DF804FB8CB0CDE90201DD
:1082900001928DF8033000230B93DDE90223134391
:1082A00035D10B9B5A1C0B9230336B44302203F8B0
:1082B000202C2CE09DF8083003F00F038DF82B30B4
:1082C0009DF82B30092B0BD99DF80330002B01D0E2
:1082D000272200E007229DF82B3013448DF82B3025
:1082E0000B9B5A1C0B929DF82B203032D2B23033AC
:1082F0006B4403F8202CDDE902014FF000024FF03F
:108300000003020942EA01720B09CDE90223DDE90B
:1083100002231343CED10B9B0993019B002B10D05A
:1083200007E0019B5A1C019204A90B9A0A44127897
:108330001A700B9B5A1E0B92002BF2D1019B00224C
:108340001A70099B18460CB0704784B00190002346
:108350000393019B002B04D1039B09E0039B013392
:108360000393019B5A1C01921B78002BF6D1039BAF
:10837000184604B0704786B003900B4601928DF802
:108380000B3000230593019B002B0DDC059B11E0B6
:10839000039B002B05D0039B5A1C03929DF80B20D6
:1083A0001A70059B01330593019B5A1E0192002B05
:1083B000EED1059B184606B070470000F0B58FB0AF
:1083C0008DED030A02900191029B1B680993099BA2
:1083D000032B02DC6FF00203E9E0DDED037AF5EE3A
:1083E000407AF1EE10FA04D1029B724A1A6003231C
:1083F000DDE0029B0893039B0493049BDB15DBB237
:108400007F3B0793049BC3F3160343F400030693D7
:1084100000230C9300230D93079B1E2B02DD6FF0AE
:108420000103C4E0079B13F1170F02DA4FF0FF338B
:10843000BDE0079B162B06DD079B173B069A02FA49
:1084400003F30D931AE0079B002B0FDB079BC3F18F
:108450001703069A42FA03F30D93079B0133069A1A
:1084600002FA03F323F07F430C9307E0069B23F00B
:108470007F42079BDB4342FA03F30C93049B002BE0
:1084800004DA029B5A1C02922D221A700D9B002BBB
:1084900005D1029B5A1C029230221A7023E00D9BD8
:1084A000002B09DD0D9BDA171E461746029A30464F
:1084B0003946FFF7A5FE12E0029B5A1C02922D22BC
:1084C0001A700D9B5B42DA171C461546029A20462D
:1084D0002946FFF795FE02E0029B01330293029BBF
:1084E0001B78002BF8D1029B5A1C02922E221A7084
:1084F0000C9B002B05D1029B5A1C029230221A7051
:108500004FE0029A089BD31A099AD31A013B0593AC
:10851000059A019B9342A8BF1346059300230A9333
:1085200015E00C9A13469B0013445B000C930C9BC4
:108530001B16DAB2029B591C02913032D2B21A7069
:108540000C9B23F07F430C930A9B01330A930A9AF6
:10855000059B9A42E5DB0C9A13469B0013445B0093
:108560001B16042B1DDD029B013B0B9315E00B9B9F
:108570001B782E2B0ED00B9B1B78392B03D10B9B1A
:1085800030221A7006E00B9B1B780133DAB20B9B8A
:108590001A7006E00B9B013B0B930B9A089B9A42C7
:1085A000E5D2029B00221A70029A089BD31A184641
:1085B0000FB0F0BD302E30002DE9F04F97B0039092
:1085C000029101920023119300230B93E9E2062309
:1085D0000E93029B1B78252B1FD0039B002B15D0DD
:1085E000029B1B780A2B0BD1A84B1B78002B07D0C2
:1085F000039B5A1C03920D221A70119B0133119395
:10860000039B5A1C0392029A12781A70029B013340
:108610000293119B01331193C3E2029B0133029336
:1086200000238DF835309DF835308DF83630202315
:108630008DF83730029B1B78302B05D130238DF815
:108640003730029B0133029305AB19460298FFF7BE
:1086500093FD03461093059B029A13440293029BD9
:108660001B78732B05D0109B002B02DA109B5B420A
:108670001093029B1B782E2B0DD1029B013302938A
:1086800005AB19460298FFF777FD03460E93059B4D
:10869000029A13440293029B1B786C2B0CD1029B11
:1086A00001330293029B1B786C2B05D1029B013393
:1086B000029301238DF83530029B1B78463B322B09
:1086C00000F25C8201A252F823F000BF038B01008C
:1086D0007D8B01007D8B01007D8B01007D8B010076
:1086E0007D8B01007D8B01007D8B01007D8B010066
:1086F0007D8B01007D8B01007D8B01007D8B010056
:108700007D8B01007D8B01007D8B01007D8B010045
:108710007D8B0100978801007D8B01007D8B01001E
:108720007D8B01007D8B01007D8B01007D8B010025
:108730007D8B01007D8B01007D8B01007D8B010015
:1087400099870100C78901007D8B0100038B01001F
:108750007D8B01007D8B0100C78901007D8B0100AD
:108760007D8B01007D8B01007D8B01007D8B0100E5
:108770007D8B01007D8B01007D8B01007D8B0100D5
:10878000BF8701007D8B0100318901007D8B0100D5
:108790007D8B010091880100019B1A1D01921B68CD
:1087A0008DF81F30039B002B05D0039B5A1C0392AE
:1087B0009DF81F201A70119B01331193EEE1019B6C
:1087C0001A1D01921B6815931598FFF7BEFD0B90BB
:1087D000109B002B2EDD109B0B9A9A422AD2109AE6
:1087E0000B9BD31A10939DF83730109A19460398B3
:1087F000FFF7C1FD1090039B002B01D0109B00E000
:108800000023039A13440393109B119A134411936A
:10881000002310930EE0039B002B05D0039B5A1CF2
:108820000392159A12781A70159B01331593119BB8
:1088300001331193159B1B78002BECD1109B002B5F
:1088400000F0A981109B5B421093109B0B9A9A42F7
:1088500080F0A181109A0B9BD31A10939DF83730AA
:10886000109A19460398FFF786FD1090039B002B82
:1088700001D0109B00E00023039A13440393109B44
:10888000119A134411930023109384E1E81F001000
:1088900001238DF836309DF83530002B09D0019B2F
:1088A000073323F0070303F108020192D3E90045DF
:1088B00006E0019B1A1D01921B6800221C4615460A
:1088C000CDE91245109B002B1ED0DDE91201FFF708
:1088D00030FC0246109B9B1A10939DF83730109A7B
:1088E00019460398FFF747FD1090039B002B01D01A
:1088F000109B00E00023039A13440393109B119AEA
:1089000013441193002310939DF83630039ADDE948
:108910001201FFF7BAFC0F90039B002B03D00F9BB3
:10892000039A134403930F9B119A1344119335E157
:108930009DF83530002B09D0019B073323F0070346
:1089400003F108020192D3E9006706E0019B1A1DBA
:1089500001921B6800221E461746CDE91267109B44
:10896000002B1ED0DDE91201FFF7AAFB0246109B87
:108970009B1A10939DF83730109A19460398FFF709
:10898000FAFC1090039B002B01D0109B00E0002309
:10899000039A13440393109B119A134411930023D9
:1089A0001093039ADDE91201FFF72AFC0F90039B55
:1089B000002B03D00F9B039A134403930F9B119A30
:1089C00013441193EAE09DF83530002B09D0019B48
:1089D000073323F0070303F108020192D3E900896A
:1089E00006E0019B1A1D01921B68DA179846914612
:1089F000CDE90889DDE90823002B0CDADDE908233D
:108A00000021D2F1000A61EB030BCDE912AB012387
:108A10008DF8343006E0DDE90823CDE91223002388
:108A20008DF83430109B002B4AD0DDE9122310461C
:108A30001946FFF764FB0246109B9B1A10939DF8A2
:108A40003430002B11D0109B013B10939DF8373030
:108A5000302B0AD1039B002B04D0039B5A1C03929A
:108A60002D221A70119B013311939DF83730109A03
:108A700019460398FFF77FFC1090039B002B01D051
:108A8000109B00E00023039A13440393109B119A58
:108A900013441193002310939DF83430002B1ED003
:108AA0009DF83730202B1AD1039B002B04D0039B59
:108AB0005A1C03922D221A70119B013311930EE060
:108AC0009DF83430002B0AD0039B002B04D0039B6D
:108AD0005A1C03922D221A70119B01331193039A91
:108AE000DDE91201FFF78CFB0F90039B002B03D0F5
:108AF0000F9B039A134403930F9B119A13441193F2
:108B00004CE0039B002B48D0019B073323F0070365
:108B100003F108020192D3E9002310461946FEF73B
:108B2000DDFB03460693039B14221A600E990398FB
:108B30009DED060AFFF742FC0F900F9B002B14DA05
:108B40000F9BB3F1FF3F02D11E4B0C9308E00F9B2C
:108B500013F1020F02D11C4B0C9301E01B4B0C9341
:108B6000039B0C9A1A6003230F930F9B119A1344D3
:108B700011930F9B039A134403930EE0039B002B66
:108B800005D0039B5A1C0392029A12781A70119B0B
:108B90000133119302E000BF00E000BF029B0133EC
:108BA0000293029B1B78002B7FF411AD039B002BDB
:108BB00002D0039B00221A70119B184617B0BDE823
:108BC000F08F00BF302E3000232E23003F2E3F00B9
:108BD0000FB400B583B00C4B1B68002B01D10023F0
:108BE0000CE005AB0093009A04990848FFF7E4FCF9
:108BF0000190054B1B6805489847019B184603B038
:108C00005DF804EB04B07047E41E0010E81E00108D
:108C100000B589B0019003AB18461DF045F8039BE1
:108C20000793079B074AA2FB03239A09019B02FBB8
:108C300003F3069306981DF09DFA00BF09B05DF896
:108C400004FB00BFF119760500B589B0019003ABB4
:108C500018461DF029F8039B0793079B074AA2FBC0
:108C600003239A0C019B02FB03F3069306981DF065
:108C700081FA00BF09B05DF804FB00BF819F5E165A
:108C8000114812490160D1F800D01148016841F43F
:108C900070010160BFF34F8FBFF36F8F0D480E4916
:108CA0000E4A50F8043B41F8043B9142F9DB0C4872
:108CB0000C494FF000028842B8BF40F8042BFADBA1
:108CC000FEF79AFE00BE00BF08ED00E000C0000005
:108CD00088ED00E0E4B50300001000103C1900101E
:108CE0003C190010A87C0010FEE7FEE7FEE700003C
:108CF00000B585B0039002910192009328490120AC
:108D00001DF074FD0346002B1AD1254B1B68002271
:108D1000002118461DF0FEFD0346002B10D1204B0C
:108D20001B68204918461DF0D7FE0346002B07D1CB
:108D30001B4B1B6818461DF081FD0346002B03D01A
:108D40001948FFF745FFFEE70023012262F3020303
:108D500043F44073012262F31243194608201DF0C8
:108D60004FFA0023012262F3020343F4407301220D
:108D700062F31243194609201DF042FA0023012232
:108D800062F3020343F44073012262F31243194673
:108D90000A201DF035FA00BF05B05DF804FB00BFE6
:108DA000EC1F0010B0160010A885030000B591B0AC
:108DB00001900B46ADF8023000F0A8FC00238DF8BE
:108DC0003F3003AB282200211846F3F785FA012330
:108DD000069302238DF81C300EAB08930DAB09935C
:108DE000BDF802300E930C4B1B6803AA11461846BF
:108DF0001EF092F90346002B02D00848FFF7E8FE68
:108E00000D9B8DF83F3000F085FC9DF83F309BB204
:108E1000184611B05DF804FBEC1F0010C885030074
:108E200082B003468DF807309DF90730002B0CDB2C
:108E30009DF8073003F01F0205499DF907305B09D3
:108E4000012000FA02F241F8232000BF02B070476F
:108E500000E100E082B003468DF807309DF907304D
:108E6000002B13DB9DF8073003F01F0209499DF921
:108E700007305B09012000FA02F2203341F8232079
:108E8000BFF34F8F00BFBFF36F8F00BF00BF02B0B3
:108E9000704700BF00E100E082B0034600918DF80A
:108EA00007309DF90730002B0ADB009BDAB20C4932
:108EB0009DF907305201D2B20B4483F800230BE036
:108EC000009BDAB207499DF8073003F00F03043B1B
:108ED0005201D2B20B441A7600BF02B0704700BFF5
:108EE00000E100E000ED00E0F0B589B003900193EF
:108EF0000B468DF80B3013468DF80A30002307938C
:108F00009DF81C30032262F302038DF81C309DF89B
:108F10001D3043F010038DF81D309DF80B30012BF0
:108F200007D19DF81C30032262F347138DF81C30E3
:108F300009E09DF80B30022B05D09DF81C3023F082
:108F4000E0038DF81C309DF80A30032B2DD801A2C8
:108F500052F823F0658F01007F8F01008D8F010093
:108F60009D8F01009DF81D3023F060038DF81D30AA
:108F70009DF81D3023F080038DF81D3022E09DF810
:108F80001D3023F060038DF81D301BE09DF81D306F
:108F9000012262F346138DF81D3013E09DF81D3059
:108FA00043F060038DF81D300CE09DF81D3023F078
:108FB00060038DF81D309DF81D3023F080038DF87F
:108FC0001D3000BF019B002B02D0019800F060F81B
:108FD000039B079918461DF013F99DF80A30002BE2
:108FE0003AD04FF000024FF00003CDE904234FF0D8
:108FF00001024FF000030399A1F1200CC1F1200000
:1090000003FA01F702FA0CFC47EA0C0722FA00F017
:10901000074302FA01F6CDE90467304639461DF0F0
:10902000BFFA4FF001024FF000030399A1F12006AF
:10903000C1F1200003FA01F502FA06F6354322FADF
:1090400000F0054302FA01F4CDE904452046294623
:109050001DF086FA00F030F800BF09B0F0BD00BF87
:1090600000B583B001900091019B084A1168184631
:109070001DF0C6F8019B009AD2B2114618461DF0A9
:109080002BFA00BF03B05DF804FB00BFF0B1030092
:1090900082B00190019B002B09D0019B9B68002BA3
:1090A00005D0019B1B680349019A41F8232000BFAA
:1090B00002B07047F01F001008B501210D20FFF726
:1090C000EBFE0D20FFF7ACFE00BF08BD08B50D207C
:1090D000FFF7C0FE00BF08BD00B583B0019000914E
:1090E000019B009AD2B2114618461DF0F5F900BF57
:1090F00003B05DF804FB00B585B00190019B03AAA5
:10910000002118461DF0B2F9039B184605B05DF822
:1091100004FB00B585B0019002AB194600201DF09C
:1091200059FADDE90223104619461DF039FA00BF4D
:1091300005B05DF804FB000030B583B06B461946FE
:1091400000201DF047FADDE90023104619461DF006
:1091500027FADDE90023104619461DF05BFADDE928
:10916000002302F40044002554EA050310D00A4B02
:10917000DB6B002B0CD0084BDB6B9B68002B07D004
:10918000054BDB6B9B68044AD26B526810469847CC
:1091900000BF03B030BD00BFF01F001082B0034617
:1091A0008DF807309DF90730002B0CDB9DF8073058
:1091B00003F01F0205499DF907305B09012000FA01
:1091C00002F241F8232000BF02B0704700E100E046
:1091D00082B003468DF807309DF90730002B13DB72
:1091E0009DF8073003F01F0209499DF907305B091C
:1091F000012000FA02F2203341F82320BFF34F8F01
:1092000000BFBFF36F8F00BF00BF02B0704700BF49
:1092100000E100E082B0034600918DF807309DF92F
:109220000730002B0ADB009BDAB20C499DF90730AE
:109230005201D2B20B4483F800230BE0009BDAB258
:1092400007499DF8073003F00F03043B5201D2B2E7
:109250000B441A7600BF02B0704700BF00E100E087
:1092600000ED00E008B5064B5B68002B05D0044B11
:109270005B68034A12681046984700BF08BD00BFEC
:10928000B820001008B54FF411724FF0FF310020E4
:109290001CF00CFE01201CF0F5FE03210E20FFF750
:1092A000B9FF1DF015FA00BF08BD000000B585B07C
:1092B00001900091009B002B05D0144B009A92E87E
:1092C000030083E80300019B40F6B83202FB03F37E
:1092D0000F4AA2FB0323DB08013B03930D49012046
:1092E0001CF018FD0E20FFF759FF0023039A4FF0E2
:1092F000FF3100201CF06CFE4FF0FF3100201CF00D
:1093000023FE00BF05B05DF804FB00BFB8200010CD
:10931000CDCCCCCC6592010008B54FF0FF310020D8
:109320001CF040FE00BF08BD08B50E20FFF736FF59
:1093300000BF08BD08B50E20FFF74AFF00BF08BDFB
:1093400000B583B001201CF0C3FE0190019B03F027
:109350000103002B08D001201CF0A8FE019B03F0A4
:10936000010318461CF0BEFC019B03F00403002B14
:1093700008D004201CF09AFE019B03F00403184659
:109380001CF0B0FC00BF03B05DF804FB82B00346E4
:109390008DF807309DF90730002B0CDB9DF8073066
:1093A00003F01F0205499DF907305B09012000FA0F
:1093B00002F241F8232000BF02B0704700E100E054
:1093C00082B0034600918DF807309DF90730002BDD
:1093D0000ADB009BDAB20C499DF907305201D2B288
:1093E0000B4483F800230BE0009BDAB207499DF899
:1093F000073003F00F03043B5201D2B20B441A763C
:1094000000BF02B0704700BF00E100E000ED00E0E7
:109410000A4B1B680133094A1360084B1B6842F270
:109420001072934207D1064B1B680133044A136044
:10943000024B00221A6000BF704700BFC42000101A
:10944000C020001000B583B04FF411724FF0FF310F
:1094500001201CF02BFD01201CF014FE03210E2026
:10946000FFF7AEFF0E20FFF791FF144B01939DED28
:10947000017ADFED136AC7EE267A9FED127A67EE66
:10948000877AFCEEE77A17EE903A0093009B5A1E1B
:1094900000234FF0FF3101201CF09AFD0A490420FF
:1094A0001CF038FC04201CF0EDFD4FF0FF310120D2
:1094B0001CF04AFD00BF03B05DF804FBCDCCCC3DF1
:1094C00000007A44001B374A11940100014B1B68CD
:1094D00018467047C0200010054B1B6842F21072FE
:1094E00003FB02F2034B1B6813441846704700BF8E
:1094F000C0200010C4200010074B1B684FF47A7284
:1095000003FB02F2054B1B680549A1FB0313DB08B3
:1095100013441846704700BFC0200010C42000103C
:10952000CDCCCCCC00B583B0F2F73CFE0346019322
:10953000019B184603B05DF804FB00B583B00190B1
:109540000091019A009B9A420ED8FFF7EBFF02466A
:109550000099019BCB1A0133B2FBF3F101FB03F33A
:10956000D21A019B13440DE0FFF7DCFF024601997C
:10957000009BCB1A0133B2FBF3F101FB03F3D21AC8
:10958000009B1344184603B05DF804FB00B585B09A
:1095900001900B468DF80330019BDB0C03F00103B7
:1095A0000393019B5B0B03F03F031A4603990848A2
:1095B0001CF0AEFD0290029B002B02D00548FFF785
:1095C00007FB029BDBB2184605B05DF804FB00BF49
:1095D00021433412E085030000B58DB00390029161
:1095E0000192039B089300230B9300230A9300230B
:1095F000079300230593019B03F00303002B05D081
:10960000019B23F0030304330A9301E0019B0A93B7
:10961000039A0A9B1344079333E000230593002326
:109620008DF8273013E09DF827200B9B1344029AF6
:1096300013441B781A469DF82730DB009A40059B9F
:10964000134405939DF8273001338DF827309DF89A
:109650002730032BE7D9039B089305A90123089A18
:109660000C481CF059FD0690069B002B03D00A48BD
:10967000FFF7AEFAFEE7039B043303930B9B04331F
:109680000B93039A079B9A42C7D3002318460DB049
:109690005DF804FB214334120086030086B003907A
:1096A000029101920023059300238DF8133010E0FE
:1096B000039A059B13441B68DBB28DF81330029AA2
:1096C000059B13449DF81320D2B21A70059B0133F9
:1096D0000593059A019B9A42EAD300BF00BF06B0EA
:1096E00070470000BFF34F8F00BF064BDB6803F4E9
:1096F000E0620449044B1343CB60BFF34F8F00BFBC
:1097000000BFFDE700ED00E00400FA0572B600BFFF
:1097100000BF704762B600BF00BF704708B50121A7
:109720000B20FFF79DFC0023002200211020FFF7F3
:10973000DBFB0023012202210F20FFF7D5FB0121D3
:109740001120FFF78DFC01210220FFF789FC00BFEB
:1097500008BD08B572B600BFFFF7C4FF00B583B0FF
:109760000190019B1846FFF76FFA00BF03B05DF848
:1097700004FB0000BFF34F8F00BF064BDB6803F410
:10978000E0620449044B1343CB60BFF34F8F00BF2B
:1097900000BFFDE700ED00E00400FA0500B583B06E
:1097A0000023019301AB1946002008F07CFE019BC9
:1097B00003F00803002B01D0012300E0002318462A
:1097C00003B05DF804FB000000B585B00190019B7B
:1097D000413313491846F2F7A3FE0346002B12D17A
:1097E000019BD3F84431012B0DD1FFF7D7FF03467E
:1097F0008DF80F30019B9DF80F2019460948FFF79F
:10980000E7F9002307E0019BD3F84431012B01D095
:10981000022300E00123184605B05DF804FB00BFF9
:10982000008703000487030000B589B0039002910C
:10983000019205AB00210A461A800A469A7000235D
:109840008DF81630002307932CE0079B5B00039AEA
:1098500013441B788DF81430079B5B000133039A87
:1098600013441B788DF8153004A905AB1022184657
:10987000F4F70CFA069005AB0233049A934205D133
:10988000069B002B02DB069BFF2B02DD4FF0FF3314
:109890000DE0029A079B1344069AD2B21A70079BF6
:1098A00001330793079A019B9A42CED300231846AF
:1098B00009B05DF804FB000000B583B00190019B86
:1098C000044A19460448FFF783F90023184603B0F9
:1098D0005DF804FB0C8703001487030000B583B018
:1098E0000190FFF747FF000000B585B00190019B94
:1098F0001B788DF80F309DF80F300133094A13445F
:109900001B7803F00303012B04D10748FFF760F92C
:10991000002303E00548FFF75BF90023184605B074
:109920005DF804FB289803001C87030028870300C8
:1099300000B585B00190019B1B788DF80F309DF824
:109940000F300133094A13441B7803F00303012B42
:1099500004D10748FFF73CF9002303E00548FFF76F
:1099600037F90023184605B05DF804FB289803007A
:10997000348703004487030000B587B00190019B42
:10998000D3F8483134491846F2F7CAFD0346002B94
:1099900020D1019BD3F84431012B1BD1019B1946E7
:1099A0002E48FFF715F9002305930BE02C4A059B81
:1099B00013441B78DBB219462A48FFF709F9059BC7
:1099C00001330593059B072BF0DD2748FFF700F9CE
:1099D00000233DE0019BD3F848311846F2F710FC14
:1099E0000346102B33D1019BD3F84431012B2ED1E8
:1099F00002AB00221A605A60019B413302A908227F
:109A00001846FFF711FF0346002B01D002231FE089
:109A100002AB1946002008F0B4FD03468DF8133060
:109A20009DF81330002B0AD10D4B1A4602AB93E878
:109A3000030082E8030001F095FB002308E09DF895
:109A40001330052B01D1032302E0012300E00223A0
:109A5000184607B05DF804FB008703005487030035
:109A60009C180010588703006087030000B587B07A
:109A70000190019BD3F8483135491846F2F750FD63
:109A80000346002B21D1019BD3F84431012B1CD17B
:109A9000019B19462F48FFF79BF8002305930CE024
:109AA0002D4A059B134408331B78DBB219462B481B
:109AB000FFF78EF8059B01330593059B072BEFDD20
:109AC0002748FFF785F800233DE0019BD3F8483194
:109AD0001846F2F795FB0346102B33D1019BD3F8C0
:109AE0004431012B2ED102AB00221A605A60019B37
:109AF000413302A908221846FFF796FE0346002BC1
:109B000001D002231FE002AB1946002008F00CFD33
:109B100003468DF813309DF81330002B0AD10E4BFD
:109B2000083302AA92E8030083E8030001F01AFB5D
:109B3000002308E09DF81330052B01D1032302E038
:109B4000012300E00223184607B05DF804FB00BFC4
:109B500000870300548703009C18001058870300F7
:109B60006087030010B588B00190019BD3F848319D
:109B700035491846F2F7D4FC0346002B21D1019B4E
:109B8000D3F84431012B1CD1019B19462F48FFF714
:109B90001FF8002307930CE02D4A079B1344103352
:109BA0001B78DBB219462B48FFF712F8079B0133ED
:109BB0000793079B0F2BEFDD2748FFF709F80023DA
:109BC0003FE0019BD3F848311846F2F719FB0346F2
:109BD000202B35D1019BD3F84431012B30D102AB7E
:109BE00000221A605A609A60DA60019B413302A930
:109BF00010221846FFF718FE0346002B01D002235F
:109C00001FE002AB1946002008F0E8FC03468DF87F
:109C10001B309DF81B30002B0AD10D4B03F11004B3
:109C200002AB0FCB84E80F0001F09CFA002308E0A0
:109C30009DF81B30052B01D1032302E0012300E036
:109C40000223184608B010BD0087030054870300A4
:109C50009C180010588703006087030000B5C9B046
:109C600048ABA3F58A73186048ABA3F58A731B68E9
:109C7000D3F84431022B01D0022372E048ABA3F5A4
:109C80008A731B68D3F8483104A90A221846F3F7EF
:109C9000FDFF4790479B002B01D1022361E048ABB9
:109CA000A3F58A731B68D3F84C311846F2F7A8FA6B
:109CB000034603F00103002B01D0022351E048AB1F
:109CC000A3F58A731B68D3F84C311846F2F798FA5B
:109CD00003465B08469348ABA3F58A731B68D3F829
:109CE0004C31469A05A91846FFF79EFD0346B3F18D
:109CF000FF3F01D1022334E003F068F80346002B54
:109D00001BD1FFF74BFD0346002B14D0479BD9B264
:109D1000164B93F84630DBB2002B14BF012300230F
:109D2000DAB2469BDBB205A800930346002008F098
:109D3000E1FD002315E0062313E0479BD9B20B4B4E
:109D400093F84630DBB2002B14BF01230023DAB2B4
:109D5000469BDBB205A800930346002008F0CAFD2D
:109D60000023184649B05DF804FB00BF9C180010A2
:109D700000B585B0019007F09FFC0346012B01D18F
:109D8000082312E0002008F067FD03468DF80F302D
:109D90009DF80F30002B01D1002306E09DF80F3015
:109DA000052B01D1032300E00123184605B05DF81F
:109DB00004FB000000B585B00190019BD3F8483149
:109DC00029491846F2F7ACFB0346002B0FD1019B43
:109DD000D3F84431012B0AD1019B244A92F8442044
:109DE000D2B219462248FEF7F3FE002338E0019B69
:109DF00041331846F2F704FA0346012B30D1019B98
:109E0000D3F84431012B2BD1019B41331846F3F792
:109E10008BFE03468DF80F309DF80F30022B01D9D1
:109E200002231DE09DF80F301946002008F003FCC6
:109E300003468DF80E309DF80E30002B08D10B4AEA
:109E40009DF80F3082F8443001F08CF9002307E0D0
:109E50009DF80E30052B01D1032301E00123FFE71C
:109E6000184605B05DF804FB008703009C1800103D
:109E70000487030000B585B00190019BD3F84831F9
:109E80001F491846F2F74CFB0346002B0FD1019BEC
:109E9000D3F84431012B0AD1019B1A4A92F84D2084
:109EA000D2B219461848FEF793FE002324E0019B26
:109EB00041331846F2F7A4F90346012B1BD1019B4D
:109EC000D3F84431012B16D1019B41331846F3F7E7
:109ED0002BFE03468DF80F309DF80F30012B01D972
:109EE000022309E0074A9DF80F3082F84D3001F057
:109EF00039F9FFF73FFC0123184605B05DF804FB74
:109F0000008703009C1800100487030000B585B08B
:109F10000190264B93F84D30DBB2012B01D1082381
:109F20003FE0019B413322491846F2F7F9FA034614
:109F3000002B0DD1019BD3F84431012B08D1019B9B
:109F40001A4A126D19461B48FEF742FE002328E00C
:109F5000019BD3F84431012B01D0022321E0019B66
:109F600041331846F2F74CF903460A2B18D1019BEE
:109F700041330A2200211846F2F7EAFC0390039BC2
:109F80000D4A934203D8039B0C4A934201D8022303
:109F900007E0064A039B136501F0E4F8002300E0A4
:109FA0000223184605B05DF804FB00BF9C180010A2
:109FB000008703006487030000F90295FF170D8FE7
:109FC00000B585B00190254B93F84D30DBB2012BE5
:109FD00001D108233DE0019B413321491846F2F7A6
:109FE0009FFA0346002B0FD1019BD3F84431012B7C
:109FF0000AD1019B194A92F84F20D2B2194619484A
:10A00000FEF7E6FD002324E0019BD3F84431012B49
:10A0100001D002231DE0019B41331846F2F7F0F80E
:10A020000346022B14D8019B41331846F3F77CFDFD
:10A0300003460393039B0D2B01D9022309E0039BE5
:10A04000DAB2064B83F84F2001F08CF8002300E0D1
:10A050000223184605B05DF804FB00BF9C180010F1
:10A06000008703000487030000B585B00190264BEC
:10A0700093F84D30DBB2012B01D1082340E0019B66
:10A08000413322491846F2F74BFA0346002B0FD111
:10A09000019BD3F84431012B0AD1019B1A4A92F853
:10A0A0005420D2B219461A48FEF792FD002327E049
:10A0B000019BD3F84431012B01D0022320E0019B06
:10A0C00041331846F2F79CF80346022B17D8019B40
:10A0D00041331846F3F728FD03460393039B082BEF
:10A0E00002D8039B002B01D1022309E0039BDAB2C3
:10A0F000054B83F8542001F035F8002300E00223DB
:10A10000184605B05DF804FB9C180010008703009A
:10A110000487030000B585B00190264B93F84D30BD
:10A12000DBB2012B01D1082340E0019B41332249DE
:10A130001846F2F7F5F90346002B0FD1019BD3F82F
:10A140004431012B0AD1019B1A4A92F85520D2B210
:10A1500019461A48FEF73CFD002327E0019BD3F87F
:10A160004431012B01D0022320E0019B41331846EA
:10A17000F2F746F80346012B17D1019B41331846ED
:10A18000F3F7D2FC03460393039B062B02D8039BF1
:10A19000022B01D8022309E0039BDAB2054B83F8B6
:10A1A000552000F0DFFF002300E00223184605B031
:10A1B0005DF804FB9C18001000870300048703006F
:10A1C00000B585B00190254B93F84D30DBB2012BE3
:10A1D00001D108233DE0019B413321491846F2F7A4
:10A1E0009FF90346002B0FD1019BD3F84431012B7B
:10A1F0000AD1019B194A92F85620D2B21946194841
:10A20000FEF7E6FC002324E0019BD3F84431012B48
:10A2100001D002231DE0019B41331846F1F7F0FF06
:10A220000346012B14D1019B41331846F3F77CFC04
:10A2300003460393039B032B01D9022309E0039BED
:10A24000DAB2064B83F8562000F08CFF002300E0C2
:10A250000223184605B05DF804FB00BF9C180010EF
:10A26000008703000487030000B585B00190214BEF
:10A2700093F84D30DBB2012B01D1082335E0019B6F
:10A2800041331D491846F2F74BF90346002B0FD115
:10A29000019BD3F84431012B0AD1019B154A92F856
:10A2A0005720D2B219461548FEF792FC00231CE055
:10A2B000019BD3F84431012B01D0022315E0019B0F
:10A2C00093F84130002B0FD0019B41331846F3F730
:10A2D0002BFC03460393039BDAB2064B83F857200B
:10A2E00000F040FF002300E00223184605B05DF8AF
:10A2F00004FB00BF9C1800100087030004870300C4
:10A3000000B585B00190284B93F84D30DBB2012B9E
:10A3100001D1082344E0019BD3F84431012B01D043
:10A3200002233DE0019B41331846F3F7FDFB034652
:10A330000393039B002B07D1019B93F84130302BF3
:10A3400002D008F0D1FE2AE0039B4FF6FF72934241
:10A3500004D0039B4FF6FE72934210D1124B186D3E
:10A36000114B93F85430D9B20F4B93F85530DAB201
:10A370000D4B93F85630DBB209F0DAF80FE00A4BD8
:10A38000186D094B93F85430D9B2074B93F85530F8
:10A39000DAB2054B93F85630DBB209F0C9F8002366
:10A3A000184605B05DF804FB9C180010F0B5ADF53B
:10A3B0000F7D8EABA3F507731860494B93F84D30B2
:10A3C000DBB2012B03D14748FEF702FC85E08EABE0
:10A3D000A3F507731B68413343491846F2F7A0F809
:10A3E0000346002B02D14148FEF7F2FB8EABA3F5EA
:10A3F00007731B6841334AAA3D491846F1F7C6FF67
:10A400000346012B03D03948FEF7E2FB65E04AAB77
:10A410001846F1F7F5FE8B908B9B03F00103002BA0
:10A4200003D03448FEF7D4FB57E000238D9300237C
:10A430008C931DE04AAA8C9B134409AA2E49184606
:10A44000F1F7A4FF0346012B03D02C48FEF7C0FB15
:10A4500043E08EABA3F5057319688D9B5A1C8D9252
:10A46000C9B28EAAA2F50472D1548C9B02338C938C
:10A470008C9A8B9B9A42DDD307F01EF90346002B82
:10A4800001D108F0CFFD8D9BDCB2154B1D6D144B37
:10A4900093F84F30DBB25EB2114B93F85430DBB21D
:10A4A0000F4A92F85520D2B20D4991F85610C9B210
:10A4B0000B4890F85700C0B206900AA800270497EE
:10A4C000069F039702910192009333462A46214644
:10A4D00008F024FE0A48FEF77BFB0DF50F7DF0BD6A
:10A4E0009C1800106C87030000870300808703001E
:10A4F0009487030098870300AC870300B4870300A8
:10A50000D087030000B587B00590059B41332649ED
:10A510001846F2F705F80346002B27D1234B1B689A
:10A5200019462348FEF754FB224B1B681946224864
:10A53000FEF74EFB214B1B6819462148FEF748FBEE
:10A54000204B1B6819462048FEF742FB1F4B1B6837
:10A5500019461F48FEF73CFB1E4B1B6819461E4858
:10A56000FEF736FB1D48FEF733FB19E0059B03F1B0
:10A570004100184B0393154B0293124B01930F4B61
:10A5800000930C4B094A1649F1F700FF0346062BCE
:10A5900003D01448FEF71CFB02E01048FEF718FB3E
:10A5A00007B05DF804FB00BF00870300C41600106D
:10A5B000D8870300C8160010EC870300CC160010E3
:10A5C00000880300D016001008880300CC2000107B
:10A5D00010880300D416001018880300D0870300E9
:10A5E0002C88030080870300F0B5ADF50F7D8EAB9E
:10A5F000A3F5077318608EABA3F507731B6841338F
:10A600004B491846F1F78CFF0346002B02D149480D
:10A61000FEF7DEFA8EABA3F507731B68413349AA38
:10A6200045491846F1F7B2FE0346012B03D04148D5
:10A63000FEF7CEFA79E049AB1846F1F7E1FD8A90D2
:10A640008A9B03F00103002B03D03C48FEF7C0FABD
:10A650006BE000238D9300238C931DE049AA8C9B13
:10A66000134408AA36491846F1F790FE0346012B19
:10A6700003D03448FEF7ACFA57E08EABA3F506736F
:10A6800019688D9B5A1C8D92C9B28EAAA2F50572CB
:10A69000D1548C9B02338C938C9A8A9B9A42DDD343
:10A6A0002948FEF795FA00238B930CE08EABA3F5B7
:10A6B00005728B9B13441B7819462448FEF788FAD1
:10A6C0008B9B01338B938B9A8D9B9A42EED32048C0
:10A6D000FEF77EFA06F0F0FF0346002B01D108F0EA
:10A6E000A1FC8D9BDDB21B4B1E681B4B1B685FB230
:10A6F0001A4B1B68DBB20693194A1268D2B2194989
:10A700000968C9B21848006809AC00230493039093
:10A7100002910192069B00933B4632462946204611
:10A7200008F0FCFC1148FEF753FA0DF50F7DF0BD63
:10A730000087030080870300948703009887030045
:10A74000AC870300B48703004088030050880300EF
:10A7500060870300C4160010C8160010CC16001045
:10A76000D0160010CC200010D4160010D0870300A3
:10A7700000B583B0019006F09FFF0346002B01D186
:10A7800008F050FC094B1868094B1B68D9B2094BFB
:10A790001B68DAB2084B1B68DBB208F0C9FE074839
:10A7A000FEF716FA00BF03B05DF804FBC4160010F4
:10A7B000CC160010D0160010CC200010D08703005B
:10A7C00000B583B0019008F08FFC00BF03B05DF8C6
:10A7D00004FB000000B589B00190019B41332C4976
:10A7E0001846F1F79DFE0346002B0FD1019BD3F8CD
:10A7F0004431012B0AD1019B264A92F84520D2B25E
:10A8000019462548FEF7E4F900233CE0019BD3F804
:10A810004431012B01D0022335E0019B413318461E
:10A82000F1F7EEFC0346012B2CD1019B4133184676
:10A83000F3F77AF903468DF81F309DF81F30052B8A
:10A8400001D902231FE0134A9DF81F3082F84530DA
:10A8500003AB00221A605A609A60DA600D4B93F8DD
:10A860004530DBB2194603AB10221846F1F734FD30
:10A8700003AB1A460321002007F04BFF00F072FCE7
:10A88000002300E00223184609B05DF804FB00BF76
:10A89000008703009C1800100487030000B583B0F4
:10A8A0000190019B413310491846F1F739FE0346E8
:10A8B000002B0DD1019BD3F84431012B08D1019B12
:10A8C0000A4A126819460A48FEF782F9002307E08F
:10A8D000019BD3F84431012B01D0022300E0012376
:10A8E000184603B05DF804FB00870300D020001079
:10A8F0000487030000B585B00190019B41332149D5
:10A900001846F1F70DFE0346002B0FD1019BD3F83B
:10A910004431012B0AD1019B1B4A92F84620D2B246
:10A9200019461A48FEF754F9002326E0019BD3F894
:10A930004431012B01D002231FE0019B4133184613
:10A94000F1F75EFC0346012B16D1019B41331846FB
:10A95000F3F7EAF803468DF80F309DF80F30012B1E
:10A9600001D9022309E0084A9DF80F3082F84630E9
:10A9700000F0F8FB002300E00123184605B05DF865
:10A9800004FB00BF008703009C180010048703002D
:10A9900000B585B001901948FEF71AF9019B1946D8
:10A9A0001748FEF715F9019B413319461548FEF784
:10A9B0000FF9019BD3F8443119461348FEF708F903
:10A9C000002303930CE0019B039A523253F8223088
:10A9D0001A4603990D48FEF7FBF8039B01330393D6
:10A9E000019BD3F84431039A9A42ECDB0848FEF706
:10A9F000EFF80023184605B05DF804FB5888030003
:10AA000068880300788803008C8803009C88030012
:10AA1000D087030000B585B00190019BD3F8483181
:10AA20002A491846F1F77CFD0346002B13D1019B00
:10AA3000D3F84431012B0ED1019B19462448FEF76F
:10AA4000C7F8244B93F84C30DBB219462248FEF786
:10AA5000BFF8002335E0019B41331846F1F7D0FBE6
:10AA60000346012B2CD8019BD3F84431012B27D16D
:10AA700000238DF80F30019B41331846F3F754F84B
:10AA800003468DF80F309DF80F30012B01D90223BA
:10AA900017E09DF80F30002B09D19DF80F30002BE7
:10AAA0000CBF01230023DBB2184602F099F9094AD2
:10AAB0009DF80F3082F84C3000F054FB002300E08A
:10AAC0000223184605B05DF804FB00BF00870300B1
:10AAD000548703009C180010B488030000B585B0AB
:10AAE0000190019BD3F8483121491846F1F718FD30
:10AAF0000346002B11D1019BD3F84431012B0CD11B
:10AB0000019B19461B48FEF763F81B4B1B6C19464B
:10AB10001A48FEF75DF8002326E0019B41331846F2
:10AB2000F1F76EFB0346082B1DD1019BD3F844318E
:10AB3000012B18D100230393019B413303AA104931
:10AB40001846F1F723FC0346012B01D002230BE04A
:10AB5000039B184602F060F9039B074A136400F058
:10AB600001FB002300E00223184605B05DF804FB5A
:10AB700000870300548703009C180010BC88030062
:10AB8000C488030000B585B0019000238DF80F3014
:10AB9000019BD3F8483126491846F1F7C1FC03461A
:10ABA000002B0FD1019BD3F84431012B0AD1019B1B
:10ABB000204A92F84720D2B219461F48FEF708F8FB
:10ABC000002331E0019B41331846F1F719FB03469E
:10ABD000022B28D8019B41331846F2F7A5FF034604
:10ABE0008DF80F309DF80F300F2B01D902231BE099
:10ABF000032002F09BF89DF80F301946002007F063
:10AC0000D4FE03468DF80E309DF80E30002B01D097
:10AC1000022309E0074A9DF80F3082F8473000F020
:10AC2000A1FA002300E00223184605B05DF804FBFA
:10AC3000008703009C1800100487030010B588B03B
:10AC40000190019B41332E491846F1F769FC0346F8
:10AC5000002B21D1019BD3F84431012B1CD1019B46
:10AC600019462848FDF7B4FF002307930CE0264A55
:10AC7000079B134420331B78DBB219462348FDF7AA
:10AC8000A7FF079B01330793079B0F2BEFDD20489E
:10AC9000FDF79EFF002330E0019BD3F84431012BE8
:10ACA00001D0022329E0019B41331846F1F7A8FAAD
:10ACB0000346202B20D103AB00221A605A609A6011
:10ACC000DA60019B413303A910221846FEF7ACFD60
:10ACD0000346002B01D002230FE00B4B03F12004AD
:10ACE00003AB0FCB84E80F0000F03CFA09490620C3
:10ACF00017F00AFB002300E00223184608B010BD3D
:10AD000000870300548703009C1800105887030035
:10AD100060870300BC18001010B588B00190019B3B
:10AD200041332E491846F1F7FBFB0346002B21D196
:10AD3000019BD3F84431012B1CD1019B19462848B3
:10AD4000FDF746FF002307930CE0264A079B1344B8
:10AD500030331B78DBB219462348FDF739FF079BD8
:10AD600001330793079B0F2BEFDD2048FDF730FFE2
:10AD7000002330E0019BD3F84431012B01D00223A2
:10AD800029E0019B41331846F1F73AFA0346202B9C
:10AD900020D103AB00221A605A609A60DA60019BEE
:10ADA000413303A910221846FEF73EFD0346002B4F
:10ADB00001D002230FE00B4B03F1300403AB0FCBA8
:10ADC00084E80F0000F0CEF90949072017F09CFA3B
:10ADD000002300E00223184608B010BD00870300DE
:10ADE000548703009C1800105887030060870300F5
:10ADF000CC18001000B583B00190019B93F841304E
:10AE0000002B01D0022303E00348FDF7E1FE0023FD
:10AE1000184603B05DF804FBC888030000B5ADF523
:10AE20001B7D9AABA3F5197318609AABA3F51A733F
:10AE300019609AABA3F51A733D211868F1F7FEFA71
:10AE40009790979B002B55D09AABA3F51A73979ABE
:10AE50001B68D31A9693979B01331846F1F7D0F9E4
:10AE600095909AABA3F51A7303A8969A1968F2F70E
:10AE7000B9FF979B591C03AB4133959A1846F2F7DB
:10AE8000B1FF9AABA3F51772969B134400221A7078
:10AE90009AABA3F51772959B1344413300221A70A5
:10AEA00003AB413319462848F4F77EFA2749264870
:10AEB000F1F764FA9990002398930EE0989B5A1C3E
:10AEC00098929AAAA2F517725233999942F82310D0
:10AED0001E490020F1F752FA9990999B002B02D05D
:10AEE000989B3F2BEADD9AABA3F51773989AC3F8AA
:10AEF000442113E09AABA3F51A7303AA196810460C
:10AF0000F4F752FA9AABA3F51773002283F84120A5
:10AF10009AABA3F517730022C3F844219AABA3F5AB
:10AF200019731A689AABA3F51773104619464FF4B4
:10AF300012731A46F2F756FF9AABA3F51973186805
:10AF40000DF51B7D5DF804FBD42000101C90030060
:10AF500000B5ADF5197D98ABA3F517731860012303
:10AF6000979398ABA3F5157298ABA3F5177319686F
:10AF70001046FFF753FF03AB1B78002B04D1284882
:10AF8000FDF726FE979B45E0222395930023969399
:10AF900023E02449969A13465B0013449B000B441C
:10AFA0001A6803AB11461846F1F710FD0346002B53
:10AFB00010D11B48FDF70CFE1A49969A13465B0008
:10AFC00013449B000B4404331B6803AA10469847A4
:10AFD000979006E0969B01339693969A959B9A429A
:10AFE000D7DB969A959B9A4201D109239793979B19
:10AFF0000A2B08D80C4A979B52F8233019460B4865
:10B00000FDF7E6FD05E0084B5B6819460748FDF7CC
:10B01000DFFD979B18460DF5197D5DF804FB00BF19
:10B020006087030004170010D8160010209003005A
:10B0300000B583B01448FDF7CBFD22230093002315
:10B04000019317E01149019A13465B0013449B00DA
:10B050000B4419680D48019A13465B0013449B008A
:10B06000034408331B681A460948FDF7B1FD019BEC
:10B0700001330193019A009B9A42E3DB00BF00BFBA
:10B0800003B05DF804FB00BF289003000417001014
:10B090004490030000B583B003468DF807309DF857
:10B0A0000730082B0CD1294B1B68002B49DD274B9F
:10B0B0001B68013B254A13602548FDF789FD40E0E8
:10B0C000224B1B68B3F5A17F06DB204B00221A60E0
:10B0D0002048FDF77DFD35E09DF807300A2B03D0B1
:10B0E0009DF807300D2B20D1184B1B68002B18DD65
:10B0F000164B1B68184A0021D15418491648F1F71D
:10B1000065FC0346002B06D015491348F1F75EFC99
:10B110000346002B02D1FFF78BFF02E00E48FFF73A
:10B1200017FF0A4B00221A600CE0084B1B680A4903
:10B130009DF80720CA54054B1B680133034A13606E
:10B1400000E000BF03B05DF804FB00BFD821001091
:10B150005090030054900300DC2100107490030011
:10B160007890030000B583B00C4800F0FBFB034669
:10B17000ADF80630094ABDF80630A2F85E3001216C
:10B180004FF40820FEF702FA602204494FF4082029
:10B19000FEF722FA00BF03B05DF804FB9C18001014
:10B1A00000B59BB001AB602219464FF40820FEF7B2
:10B1B00075FA01AB184600F0D5FB0346ADF86630D2
:10B1C000BDF86230BDF866209A4205D00848FDF708
:10B1D000FFFCFFF7C7FF06E0064B184601AB6022F5
:10B1E0001946F2F7FFFD00BF1BB05DF804FB00BF7E
:10B1F000809003009C18001082B003468DF8073041
:10B200009DF80730013B0C2B36D801A252F823F0F1
:10B2100045B2010049B201004DB2010051B2010036
:10B2200055B2010059B201005DB2010061B20100E6
:10B2300065B2010069B201006DB2010071B2010096
:10B2400075B201000E4B18E00E4B16E00E4B14E0E9
:10B250000E4B12E00E4B10E00E4B0EE00E4B0CE0CE
:10B260000E4B0AE00E4B08E00E4B06E00E4B04E0DE
:10B270000E4B02E00E4B00E00E4B184602B070473A
:10B28000C0900300C4900300C8900300CC9003005A
:10B29000D8900300E4900300F0900300FC900300BA
:10B2A000009103000C910300189103002491030006
:10B2B000309103003C91030030B5CBB000238DF8F2
:10B2C00026310DF1170206AB1146184606F0D2FEE4
:10B2D0004AABA3F588735B78142B00F2ED8101A2D1
:10B2E00052F823F039B30100A3B3010027B40100E1
:10B2F000AFB40100BDB5010071B60100B9B60100DF
:10B30000B9B60100B9B60100B9B6010079B60100BD
:10B31000B9B60100B9B60100B9B60100B9B601006D
:10B32000B9B60100B9B60100B9B60100B9B601005D
:10B33000B9B60100B9B60100904B93F84D30DBB2BD
:10B34000002B02D107F06EFEB8E18D4B00225A802F
:10B350008B4B00229A71894B93F84E30DBB2002B55
:10B3600018D0874B9B8819468648FDF731FC844BE3
:10B37000DB79002B00F0A281804B93F84C30DBB2DC
:10B38000012B40F09B81002007F066FA7E48FDF714
:10B390001FFC93E17A4B00221A70794B0022DA717C
:10B3A0008CE1764B93F84E30DBB2002B00F08881B5
:10B3B000734B1B78002B1BD0714B9B79002B17D044
:10B3C0006F4B5A886E4B9B889A4211D200F03EFA1E
:10B3D0006B4B5B8801339AB2694B5A80684B5B8830
:10B3E0001946674B9B881A466848FDF7F1FB67E1F1
:10B3F000634BDB79002B00F06381614B9B7983F019
:10B400000103DBB2002B00F05B815C4B93F84C3006
:10B41000DBB2012B40F05481002007F01DFA5C489C
:10B42000FDF7D6FB4CE15B48FDF7D2FB032001F0B2
:10B430007DFC524B93F84730DBB21946002007F0F1
:10B44000B4FA4FF47A712C2000F0CEFA4B4B93F8FB
:10B450004630DBB21946494B93F84730DBB21A4607
:10B460004D48FDF7B5FB454B93F84E30DBB2002B52
:10B4700000F02881424B01229A71414B1B78002B2E
:10B4800000F020813E4B5A883D4B9B889A4280F0C9
:10B4900019813A4B9B6D3A4A928819463F48FDF70D
:10B4A00097FB364B9B6D184607F01EF80AE13C48A7
:10B4B000FDF78EFB324B5A88314B9B889A4209D359
:10B4C0002F4B00221A702E4B5B8819463548FDF72A
:10B4D0007FFB04E0294B9B6D184607F005F86421BB
:10B4E0002C2000F081FA4AABA3F588731B79022B5C
:10B4F00014D0022B36DC002B02D0012B04D031E01B
:10B500002948FDF765FB37E01C4B93F84630DBB26A
:10B51000012B30D12548FDF75BFB2CE02448FDF7DB
:10B5200057FB64212D2000F05FFA01F03BFC03463D
:10B53000ADF8243101F040FC0346ADF82231BDF9ED
:10B540002241BDF9243107EE903AF8EEE77A17EE82
:10B55000900AFBF773FB02460B4621461548FDF7A0
:10B5600037FB09E04AABA3F588731B7919461248EB
:10B57000FDF72EFB00E000BFA7E000BF9C18001005
:10B58000FC180010449103007091030084910300A3
:10B59000A8910300BC910300CC910300F491030037
:10B5A00030920300409203006C92030080920300EB
:10B5B000A0920300BC920300E49203004AABA3F5FF
:10B5C0008873B3F8FA30DAB2454B1A70444B1B78E3
:10B5D0001A4606AB083319464248F2F703FC4AAB59
:10B5E000A3F588739B791846FFF706FE05464AAB1C
:10B5F000A3F5887393F90430A3F140044AABA3F593
:10B60000887393F9053007EE903AF8EEE77AB1EED9
:10B61000007AC7EE876A16EE900AFBF70FFB024628
:10B620000B464AA9A1F58871C9790291CDE9002399
:10B63000224629462C48FDF7CBFA00238DF8273106
:10B640000CE09DF82731274AD35C19462748FDF7BF
:10B65000BFFA9DF8273101338DF82731204B1B7835
:10B660009DF827219A42ECD32148FDF7B1FA2CE04E
:10B670002048FDF7ADFA28E01F48FDF7A9FA9DF82C
:10B680002631184607F023F91C4B93F84E30DBB2F5
:10B69000002B19D01A4BDB79002B15D0174B93F8E0
:10B6A0004C30DBB2012B0FD10A211648FDF790FA7E
:10B6B0000A2006F019FF07E000BF06E000BF04E023
:10B6C00000BF02E000BF00E000BF4AABA3F21113CD
:10B6D0001B78002B7FF4F5AD00BF00BF4BB030BD31
:10B6E0001F23001020230010049303002093030065
:10B6F000289303002C930300409303009C18001030
:10B70000FC1800106093030000B589B000230022EC
:10B7100000210020FDF7ECFAFDF794FEFDF7B2FDE5
:10B7200000F02CF9FDF7F2FFFDF7F8FF3D493E4828
:10B7300006F026FCFDF7EEFF0621002006F0C3FF11
:10B740003A4B93F84F30DBB25BB21946002006F05B
:10B7500085FEFFF725FD364A04AB92E8030083E837
:10B760000300324B93F84D30DBB29B0020336B4427
:10B7700053F8103C19462F48FDF72AFA2B4B93F843
:10B780004C30DBB2002B15D1012001F029FB2A48F7
:10B79000FDF71EFA254B1B6C184601F03DFB2749AF
:10B7A000062016F0B1FD07902549072016F0ACFDE4
:10B7B00007900BE01D49002006F0E3FE2149002020
:10B7C00006F0B2FE2049002006F008FF174B93F860
:10B7D0004430DBB21946002006F02DFF03468DF8F9
:10B7E0001B30032001F0A2FA6B4600221A605A6057
:10B7F0009A60DA600D4B93F84530DBB219466B4620
:10B8000010221846F0F768FD6B461A460321002007
:10B8100006F07FFF49F6404007F0E6F800BF09B0A8
:10B820005DF804FBB9B20100309C03009C180010C5
:10B83000B09303008093030098930300BC1800109A
:10B84000CC180010A4180010AC18001000B59DB062
:10B8500002AB642200211846F0F73EFD274B5B88BF
:10B860008DF86F30264B93F84E30DBB2002B41D071
:10B8700052238DF8083041238DF809304B238DF881
:10B880000A309DF86F308DF80B309DF86F301B1229
:10B89000DBB28DF80C301A4B9B6DDBB28DF80D309E
:10B8A000174B9B6D1B0ADBB28DF80E30144B93F8CF
:10B8B0004630DBB2002B08D002AB6422009201229A
:10B8C0000121002007F016F80BE00121002007F00D
:10B8D0006CF802AB6422009200220121002007F0E4
:10B8E00009F89DF86F3019460648FDF771F90648CA
:10B8F000FDF76EF900BF1DB05DF804FBFC180010E9
:10B900009C180010B89303002893030084B00190A2
:10B9100000914FF6FF73ADF80E3016E0BDF90E3012
:10B920001B021AB2BDF80E301B0A9BB21846019BCF
:10B93000591C01911B784340DBB2094931F813309F
:10B940001BB253401BB2ADF80E30009B5A1E009242
:10B95000002BE3D1BDF80E30184604B0704700BF8D
:10B960002C9D030000B583B001905E210198FFF784
:10B97000CDFF0346184603B05DF804FB08B50A4B3B
:10B9800019682C201AF03CFC00212C201AF0A4FD90
:10B99000054B19682D201AF033FC00212D201AF0D8
:10B9A0009BFD00BF08BD00BFF0B1030000B583B030
:10B9B00003468DF807309DF80730012118461AF02C
:10B9C0008BFD00BF03B05DF804FB00B583B00346F8
:10B9D0008DF807309DF80730002118461AF07CFDDD
:10B9E00000BF03B05DF804FB00B583B003460091CF
:10B9F0008DF807309DF807301846FFF7D7FF0098FD
:10BA0000FDF706F99DF807301846FFF7DEFF00BF87
:10BA100003B05DF804FB000008B5294902201AF0C4
:10BA2000E5FE0346002B1AD1254B1B68002200219E
:10BA300018461AF06FFF0346002B10D1204B1B68ED
:10BA4000204918461BF048F80346002B07D11C4B31
:10BA50001B6818461AF0F2FE0346002B03D01A4862
:10BA6000FDF7B6F8FEE70023042262F30203022288
:10BA700062F3471343F44073022262F38B230222E2
:10BA800062F31243194619201AF0BAFB002304226C
:10BA900062F30203022262F3471343F4407302226B
:10BAA00062F38B23022262F3124319461B201AF021
:10BAB000A7FB00F0E7F800F001FA00BF08BD00BFE7
:10BAC0002024001004190010D093030000B591B099
:10BAD0000390029101928DF8033001230693039B9A
:10BAE000079301238DF82430019B0893029B0B934D
:10BAF00000238DF8303000238DF8313000230D9372
:10BB000000230E939DF803300593094B1B6805AA8B
:10BB1000114618461BF034F903460F930F9B002B78
:10BB200001D0002300E00123184611B05DF804FBAA
:10BB30002024001000B591B00390029101928DF87D
:10BB4000033001230693039B079300238DF82430D1
:10BB5000019B0893029B0A9300238DF83030002349
:10BB60008DF8313000230D9300230E939DF80330A0
:10BB700005930B4B1B6805AA114618461BF000F9EC
:10BB800003460F930F9B002B04D00648FDF720F8C7
:10BB9000002300E00123184611B05DF804FB00BF4C
:10BBA00020240010F093030000B591B0039002919F
:10BBB00013468DF8073000230693002307930123D3
:10BBC0008DF82430029B0893039B0B9300238DF880
:10BBD000303000238DF8313000230D9300230E9375
:10BBE0009DF8073005930B4B1B6805AA11461846B4
:10BBF0001BF0C6F803460F930F9B002B04D006489A
:10BC0000FCF7E6FF002300E00123184611B05DF8C1
:10BC100004FB00BF20240010F093030000B591B096
:10BC20000390029113468DF80730002306930023FA
:10BC3000079300238DF82430029B0893039B0A93FB
:10BC400000238DF8303000238DF8313000230D9320
:10BC500000230E939DF807300593094B1B6805AA36
:10BC6000114618461BF08CF803460F930F9B002BD0
:10BC700001D0002300E00123184611B05DF804FB59
:10BC80002024001000B58DB001AB282200211846F9
:10BC9000F0F722FB0F230B9301A9182301220B9825
:10BCA000FFF714FF034683F00103DBB2002B13D12F
:10BCB000019B332B12D1019B19460A48FCF788FFE0
:10BCC000094B01221A7000F011F800F039F800F069
:10BCD00062F800F096F802E000BF00E000BF0DB08F
:10BCE0005DF804FB189403002424001000B585B00F
:10BCF000002303932323029301A91823012202980E
:10BD0000FFF7E4FE034683F00103DBB2002B12D001
:10BD1000019B43F08003019301A91823012202989B
:10BD2000FFF708FF0346002B05D001A918230122C5
:10BD30000298FFF7CBFE039B184605B05DF804FBA5
:10BD400000B585B0002303932023029301A9182393
:10BD500001220298FFF7BAFE0346002B16D0019B82
:10BD600003F00F030193019B43F01003019301A91A
:10BD7000182301220298FFF7DDFE0346002B05D0B1
:10BD800001A9182301220298FFF7A0FE039B184681
:10BD900005B05DF804FB00B585B0002303932023B4
:10BDA000029301A9182301220298FFF78FFE034690
:10BDB000002B21D0019B23F00803019301A9182334
:10BDC00001220298FFF7B6FE0346002B14D023236E
:10BDD000029301A9182301220298FFF777FE034678
:10BDE000002B09D0019B43F00803019301A91823FC
:10BDF00001220298FFF79EFE039B184605B05DF8EE
:10BE000004FB00B585B0002303932323029301A90B
:10BE1000182301220298FFF759FE0346002B12D087
:10BE2000019B23F03003019301A9182301220298FA
:10BE3000FFF780FE0346002B05D001A9182301223D
:10BE40000298FFF743FE039B184605B05DF804FB1C
:10BE500000B585B00346029101928DF80F309DF830
:10BE60000F301A4601990298FFF7D8FE034683F077
:10BE70000103DBB2002B01D0012300E000231846B0
:10BE800005B05DF804FB00B585B003460291019250
:10BE90008DF80F309DF80F301A4601990298FFF780
:10BEA00083FE034683F00103DBB2002B01D00123A4
:10BEB00000E00023184605B05DF804FB00B589B02A
:10BEC00070238DF800303E4B02933E4B01933E4B66
:10BED00003936B460FCB00F095F800F0F9F807904C
:10BEE000079B002B67D13948FCF772FE00F002F97E
:10BEF0000790079B002B03D03548FCF769FE5BE0F9
:10BF000034481AF037F90DF11A03184600F0BFF85B
:10BF10000790079B002B0FD1BDF81A3019462E4809
:10BF2000FCF756FE2D48FCF753FE00F0D1F80790C1
:10BF3000079B002B07D003E02948FCF749FE3BE0B4
:10BF40002848FCF745FE28481AF014F92348FCF766
:10BF50003FFE04AA05AB1146184600F065F80790AD
:10BF6000079B002B18D1059B1846FAF767FE02467F
:10BF70000B461E48FCF72CFE049B1846FAF75EFEA3
:10BF800002460B461A48FCF723FE00F094F807908F
:10BF9000079B002B0BD00FE0079B012B01D1154B0A
:10BFA00000E0154B19461548FCF712FE04E0144B4F
:10BFB00001221A7000E000BF09B05DF804FB00BF69
:10BFC00051BE010087BE010075610300C8940300E3
:10BFD000D8940300006A1800F4940300209503002D
:10BFE0000895030034950300006CDC024C950300B7
:10BFF00060950300709503007C9503008C95030009
:10C000002524001010B485B06C4684E80F00054B61
:10C010001C466B460FCB84E80F0000BF05B05DF8EF
:10C02000044B70472824001000B585B001900091A2
:10C0300047F6A24000F06AF80390039B002B0AD158
:10C0400002AA0DF10A031146184600F0B5F802469F
:10C05000039B13430393039B002B13D1BDF80A30BA
:10C06000184600F04FF9F0EE407A019BC3ED007ADC
:10C07000BDF80830184600F065F9F0EE407A009BF4
:10C08000C3ED007A039B184605B05DF804FB00B5CC
:10C0900085B001904EF6C87000F038F80390039B0D
:10C0A000002B03D1019800F057F80390039B18462A
:10C0B00005B05DF804FB00B583B04BF2980000F0CA
:10C0C00025F80190019B184603B05DF804FB0000C1
:10C0D00000B583B043F2175000F018F80190044BFC
:10C0E000DB6864209847019B184603B05DF804FBA9
:10C0F0002824001000B583B048F25D0000F006F877
:10C100000190019B184603B05DF804FB00B585B0B3
:10C110000346ADF80630BDF806301B0A9BB2DBB211
:10C120008DF80830BDF80630DBB28DF80930094BC8
:10C130009B68084A107802A9022298470390039B43
:10C14000002B01D0012300E0039B184605B05DF8E9
:10C1500004FB00BF2824001000B585B00190154BEA
:10C160005B68144A107802A9032298470390039B46
:10C17000002B01D0012319E09DF80A308DF80B3017
:10C180009DF80B2002AB0221184600F06BF80390DB
:10C190009DF808301BB21B021AB29DF809301BB281
:10C1A00013431BB29AB2019B1A80039B184605B039
:10C1B0005DF804FB2824001000B587B001900091C1
:10C1C000274B5B68264A107803A9062298470590FA
:10C1D000059B002B01D001233DE09DF80E308DF82A
:10C1E00013309DF8132003AB0221184600F03AF8F3
:10C1F0000590059B002B01D0059B2CE09DF811308C
:10C200008DF813309DF8132003AB03330221184639
:10C2100000F028F80590059B002B01D0059B1AE043
:10C220009DF80C301BB21B021AB29DF80D301BB2E8
:10C2300013431BB29AB2019B1A809DF80F301BB2B8
:10C240001B021AB29DF810301BB213431BB29AB2F4
:10C25000009B1A80059B184607B05DF804FB00BFE1
:10C260002824001084B001900B468DF8033013464B
:10C270008DF80230FF238DF80F3000238DF80E303B
:10C280002EE09DF80E30019A13441A789DF80F3075
:10C2900053408DF80F3008238DF80D3017E09DF9CD
:10C2A0000F30002B09DA9DF90F305B005BB283F091
:10C2B00031035BB28DF80F3004E09DF80F305B0066
:10C2C0008DF80F309DF80D30013B8DF80D309DF845
:10C2D0000D30002BE3D19DF80E3001338DF80E3078
:10C2E0009DF80E209DF803309A42CAD39DF80F2086
:10C2F0009DF802309A4201D0022300E00023184644
:10C3000004B0704782B00346ADF80630BDF8063081
:10C3100007EE903AF8EE677A9FED077A27EE877A74
:10C32000DFED066AC7EE267A9FED057A77EEC77ACB
:10C33000B0EE670A02B0704700002F43000080474C
:10C340000000344282B00346ADF80630BDF8063036
:10C3500007EE903AF8EE677A9FED067A67EE877AF5
:10C360009FED057AC7EE876AF0EE667AB0EE670A4F
:10C3700002B070470000C8420000804782B00190C0
:10C380000091009B01221A7000BF02B0704700B5F7
:10C3900087B00390029101920DF115031946002018
:10C3A00006F03BF80346002B02D000238DF8153031
:10C3B000029B93F900301A469DF915301344ADF8ED
:10C3C0001630BDF916300D2B06DD019B0D225A707B
:10C3D000019B0D229A7015E0BDF9163013F1120F72
:10C3E00006DA019BEE225A70019BEE229A7009E058
:10C3F000BDF816305AB2019B5A70BDF816305AB2C9
:10C40000019B9A70019BE0221A7000BF07B05DF893
:10C4100004FB000000B587B003900291009313461F
:10C42000ADF80630039800F0B3F800210B20FCF7BC
:10C4300053FE0023ADF816300DE0BDF81630029A19
:10C4400013441B7819460120FCF7B0FCBDF81630E8
:10C450000133ADF81630BDF81620BDF806309A420B
:10C46000EBD30023ADF814300DE0BDF81430009A82
:10C4700013441B7819460120FCF798FCBDF81430D2
:10C480000133ADF81430BDF81420BDF820309A42C5
:10C49000EBD301210B20FCF71FFE029B1B78842BA2
:10C4A00002D000F091F802E0034B00221A70002342
:10C4B000184607B05DF804FB1819001000B587B0E6
:10C4C0000390029100931346ADF80630039800F0F4
:10C4D0005FF800210B20FCF7FFFD0023ADF81630BC
:10C4E0000DE0BDF81630029A13441B78194601205E
:10C4F000FCF75CFCBDF816300133ADF81630BDF822
:10C500001620BDF806309A42EBD30023ADF8143064
:10C5100010E000210120FCF749FC03461946BDF854
:10C520001430009A1344CAB21A70BDF814300133A3
:10C53000ADF81430BDF81420BDF820309A42E8D38D
:10C5400001210B20FCF7C8FD0023184607B05DF859
:10C5500004FB000000B583B0019000211120FCF71E
:10C56000BBFD41F28830FDF7F9F801211120FCF7FD
:10C57000B3FD41F28830FDF7F1F8044B01221A7047
:10C580000023184603B05DF804FB00BF1819001023
:10C5900000B583B0019000F017F80023184603B0EF
:10C5A0005DF804FB08B503E001212C20FCF758FDE1
:10C5B0001020FCF7A0FD0346012BF5D000212C2014
:10C5C000FCF74EFD00BF08BD08B50B4B1B78002BD8
:10C5D00002D0FFF7E7FF0CE000210B20FCF77CFD09
:10C5E000FFF7E0FF01210B20FCF776FD024B012253
:10C5F0001A7000BF08BD00BF1819001008B5FDF77C
:10C60000A8F800BF08BD00BF704708B5FCF75EFF83
:10C610000346184608BD08B5FCF76EFF03461846EA
:10C6200008BD08B5FCF758FF0346184608BD08B515
:10C63000FCF752FF0346184608BD00B587B00390CB
:10C6400002910192019B0493029B059304AB19464E
:10C650000398FCF72BFE00BF07B05DF804FB08B59C
:10C66000FCF75AFE00BF08BD08B5FCF72FFDFCF72C
:10C6700061FE00BF08BD08B5FCF71EFDFCF754FEC7
:10C6800000BF08BD00B585B00346029101928DF848
:10C690000F309DF80F30032B26D801A252F823F05B
:10C6A000B1C60100BFC60100CDC60100DBC6010056
:10C6B000019A02994FF40220FCF7F0FF17E0019A6B
:10C6C00002994FF40020FCF7E9FF10E0019A02996B
:10C6D0004FF40420FCF7E2FF09E0019A02994FF4BD
:10C6E0000620FCF7DBFF02E0FDF733F800BF00BFD8
:10C6F00005B05DF804FB00BF00B585B003460291AC
:10C7000001928DF80F309DF80F30032B3AD801A21B
:10C7100052F823F025C701003DC7010055C70100AD
:10C720006DC7010001214FF40220FCF72FFF019A91
:10C7300002994FF40220FCF74FFF26E001214FF44D
:10C740000020FCF723FF019A02994FF40020FCF728
:10C7500043FF1AE001214FF40420FCF717FF019A70
:10C7600002994FF40420FCF737FF0EE001214FF44B
:10C770000620FCF70BFF019A02994FF40620FCF704
:10C780002BFF02E0FCF7E5FF00BF00BF05B05DF83E
:10C7900004FB00BF30B482B00190094A019B1446EB
:10C7A0001D4628686968AA68EB680FC4286969692A
:10C7B000AA69EB690FC400BF02B030BC704700BF6C
:10C7C000A87C001030B482B00190019B084A1C463E
:10C7D00015460FCD20606160A260E3600FCD20613F
:10C7E0006161A261E36100BF02B030BC704700BF6D
:10C7F000A87C001082B003468DF80730034A9DF8EC
:10C800000730137000BF02B0704700BFC87C001033
:10C81000024B1B78DBB21846704700BFC87C001083
:10C8200000B585B003900291029B0093039B054ADB
:10C830004FF48571044800F069F84FF47A70FCF702
:10C84000E7F9FEE7EC9503000C96030008B5FCF74A
:10C8500069FE0346184608BD00B583B001900091FB
:10C8600000990198FCF769FE0346184603B05DF88D
:10C8700004FB000000B583B001900091074B0F222C
:10C880001A60064A019B9360044A009B5360034868
:10C89000FCF7FEFB00BF03B05DF804FB382400107A
:10C8A00008B50F20FCF735FC00BF08BD08B5012115
:10C8B0000220FCF7D5FB00BF08BD00BF7047002376
:10C8C00018467047FE231846704782B09DF907301E
:10C8D000184602B07047000082B00023ADF8063061
:10C8E000BDF80630044AA2FB03231B099BB2DBB24E
:10C8F000184602B0704700BFCDCCCCCC024B1B68B1
:10C900005BB21846704700BFC82000100CB400B5D9
:10C91000ADF5477DC6ABA3F543731860C6ABA3F571
:10C9200044731960C9ABC49384ABC49AC8991846C0
:10C93000F0F71AF80346002B24DDC6ABA3F54373CA
:10C940002F211868F1F7AEF9C590C59B002B02D0D6
:10C95000C59B013303E0C6ABA3F543731B68C593C6
:10C9600004A884AB0193C6ABA3F544731B68009382
:10C97000C59B084A4FF40071F1F7ECF904AB184677
:10C98000FAF7CCFF00BF0DF5477D5DF804EB02B070
:10C99000704700BF3096030000B58BB007900023AE
:10C9A0008DF8273006238DF82730254B0493254B2F
:10C9B00003939DF82730029300230193079B009374
:10C9C000214B224A22491E480DF06EFE4FF40072A0
:10C9D0002049214809F00EFD204B0493204B03937E
:10C9E0001E4B02931F4B01930A230093079B0022C7
:10C9F00013491A4811F0F2FA1B4B04931B4B039393
:10CA0000194B02931A4B019307230093079B0022B3
:10CA10000B49154812F09CFB164B0293164B0193E1
:10CA200006230093079B064A0F49124814F020F88A
:10CA3000124807F09EFE00BF0BB05DF804FB00BF7C
:10CA40004424001081CA0100302B0010F02A00108D
:10CA500098290010F8300010982E0010142D0010A6
:10CA6000E1CA010095E40200382F00105DCB0100FF
:10CA70003DFB0200B42E0010D9CB0100E0300010C5
:10CA800000B585B00390039B03F50470039B93F8F6
:10CA90000F12039B03F59A62002309F0C9F90346BC
:10CAA000002B17D0039B03F50471039B93F80F32FF
:10CAB0001846039B03F59A63142200920246074826
:10CAC00009F0F7FC0346002B03D1044809F0C2FC2F
:10CAD00000E000BF05B05DF804FB00BF982E001019
:10CAE00000B585B00390039B03F13900039B93F8D5
:10CAF0003810039B03F12402039B93F86D31002B44
:10CB000014BF01230023DBB209F092F90346002B86
:10CB10001DD0039B03F13901039B93F8383018466D
:10CB2000039B24331422009202460A4809F0C1FCF8
:10CB30000346002B08D00848FFF72CFE0120FFF722
:10CB400059FEFFF75BFD02E0024809F083FC05B0E7
:10CB50005DF804FB982E00102C9F030000B585B0F3
:10CB60000390039B03F14100039B93F84010039B48
:10CB700003F12C02039B93F88131002B14BF012396
:10CB80000023DBB209F054F90346002B1DD0039BB0
:10CB900003F14101039B93F840301846039B2C336B
:10CBA0001422009202460A4809F083FC0346002B37
:10CBB00008D00848FFF7EEFD0120FFF71BFEFFF746
:10CBC0001DFD02E0024809F045FC05B05DF804FBDC
:10CBD000982E0010549F030000B585B00390039B6E
:10CBE00003F11000039B93F82910039B03F17002DB
:10CBF000002309F01DF90346002B1DD0039B03F110
:10CC00001001039B93F829301846039B70331422BC
:10CC1000009202460A4809F04CFC0346002B08D05B
:10CC20000848FFF7B7FD0120FFF7E4FDFFF7E6FC3A
:10CC300002E0034809F00EFC05B05DF804FB00BFFC
:10CC4000982E00107C9F030008B503480EF0DBFA15
:10CC50000346184608BD00BF4424001000B583B049
:10CC600003468DF807309DF80730194603480EF04B
:10CC7000D2FA0346184603B05DF804FB44240010C2
:10CC800000B587B004921A4603468DF817300B465C
:10CC90008DF8163013468DF815309DF816209DF846
:10CCA0001710099B02939DF8203001939DF81530D1
:10CCB0000093049B03480EF07FF80346184607B024
:10CCC0005DF804FB4424001000B583B003468DF8E2
:10CCD00007309DF80730194603480DF068FF0346FA
:10CCE000184603B05DF804FB4424001000B583B07F
:10CCF0000190019903480DF0C3FE0346184603B0A6
:10CD00005DF804FB4424001008B503480DF032FF21
:10CD10000346184608BD00BF4424001008B5024869
:10CD20000DF030FF00BF08BD4424001000B583B0F3
:10CD300003468DF807309DF80730194603480EF07A
:10CD4000DFF80346184603B05DF804FB44240010E6
:10CD500008B503480EF01EF90346184608BD00BF8B
:10CD60004424001000B583B00190019903480EF0EF
:10CD700019F900BF03B05DF804FB00BF44240010A4
:10CD800008B503480DF048FD0346184608BD00BF2E
:10CD90004424001008B502480EF021F900BF08BD78
:10CDA0004424001008B503480EF0A7F903461846BE
:10CDB00008BD00BF4424001008B503480EF0A5F9D3
:10CDC0000346184608BD00BF4424001008B50348B8
:10CDD0000EF066F90346184608BD00BF4424001053
:10CDE00000B583B003468DF807309DF8073019462B
:10CDF00003480EF05DF900BF03B05DF804FB00BF0F
:10CE00004424001008B503480EF032F903461846D2
:10CE100008BD00BF4424001082B00190034A019B6A
:10CE2000D36600BF184602B0704700BF442400100C
:10CE300000B585B0019000238DF80F30019804F003
:10CE4000E5FE0346002B02D0FF238DF80F309DF93D
:10CE50000F30184605B05DF804FB00B585B00190B1
:10CE600000238DF80F30019804F0BEFE0346002B1E
:10CE700002D0FF238DF80F309DF90F30184605B012
:10CE80005DF804FB00B583B001900199012015F015
:10CE90003BFA0346002B02D04FF0FF330AE0019922
:10CEA000002015F031FA0346002B02D04FF0FF337B
:10CEB00000E00023184603B05DF804FB00B585B020
:10CEC000019000238DF80F30019804F0C7FE03464F
:10CED000002B02D0FF238DF80F309DF90F3018463C
:10CEE00005B05DF804FB00B585B0019000238DF816
:10CEF0000F30019804F09EFE0346002B02D0FF2362
:10CF00008DF80F309DF90F30184605B05DF804FB21
:10CF100008B503480FF056FE0346184608BD00BF8B
:10CF20004424001008B503480EF051F80346184693
:10CF300008BD00BF4424001008B503480EF0CDF82A
:10CF40000346184608BD00BF4424001008B5034836
:10CF50000EF0CBF80346184608BD00BF442400106D
:10CF600008B503480EF005F90346184608BD00BF92
:10CF70004424001000B583B003468DF80730094BF8
:10CF8000DB6B9DF807201146184610F082FB034624
:10CF9000012B01D1002301E04FF0FF33184603B00D
:10CFA0005DF804FB4424001000B583B007480EF080
:10CFB0008CF80DF107031A46044915F0A5FE9DF8FB
:10CFC0000730184603B05DF804FB00BF442400108E
:10CFD00000B583B003468DF807309DF80730194639
:10CFE000074811F053F8FFF78FFE0346022B02D1DA
:10CFF000034811F081F800BF03B05DF804FB00BFE7
:10D00000142D001008B5024811F076F800BF08BDD5
:10D01000142D001008B503480EF0EDF8034618462D
:10D0200008BD00BF4424001008B502480EF023F9E3
:10D0300000BF08BD4424001008B503480EF013F9E2
:10D040000346184608BD00BF4424001000B583B055
:10D0500003468DF807309DF8073019460D480EF04D
:10D0600024F99DF80730002B14BF01230023DBB205
:10D070001946094807F08CFB9DF80730002B14BFB8
:10D0800001230023DBB2184600F0A8F900BF03B06B
:10D090005DF804FB44240010E030001008B503489C
:10D0A00007F092FB0346184608BD00BFE0300010B1
:10D0B00008B5034807F08FFB0346184608BD00BFBC
:10D0C000E030001008B5034807F08CFB0346184613
:10D0D00008BD00BFE030001000B585B0039002919C
:10D0E0000192019B029A0399034807F082FB00BF5B
:10D0F00005B05DF804FB00BFE030001008B5034840
:10D1000007F08CFB0346184608BD00BFE030001056
:10D1100008B5024807F089FB00BF08BDE0300010E9
:10D1200008B5034807F089FB0346184608BD00BF51
:10D13000E030001008B503480EF0C9F80346184661
:10D1400008BD00BF4424001008B5034807F07CFB6D
:10D150000346184608BD00BFE030001000B587B098
:10D160000590039202930B468DF813309DF813201F
:10D17000089B0193029B0093039B0599034807F0CA
:10D180006BFB0346184607B05DF804FBE030001067
:10D1900000B58BB00990079206930B468DF82330AB
:10D1A0009DF823200F9B04939DF8383003939DF93D
:10D1B000343002939DF930300193069B0093079B16
:10D1C0000999034807F04EFF00BF0BB05DF804FB60
:10D1D000E030001008B503480EF056F80346184634
:10D1E00008BD00BF44240010014B1846704700BF23
:10D1F00044240010014B1846704700BF982E0010C1
:10D2000000B583B003468DF807309DF80730194606
:10D2100003480BF0FDFE0346184603B05DF804FB1F
:10D220004424001000B583B00190019903480BF02D
:10D2300010FF00BF03B05DF804FB00BF44240010E2
:10D2400000B583B00C480EF04BF803460193002361
:10D250009DF8042062F307039DF8052062F30F2375
:10D260009DF8062062F317439DF8072062F31F63C1
:10D27000184603B05DF804FB4424001000B583B0E9
:10D2800010F04CF80346019300239DF8042062F34C
:10D2900007039DF8052062F30F239DF8062062F333
:10D2A00017439DF8072062F31F63184603B05DF82B
:10D2B00004FB000008B503480EF066F80346184664
:10D2C00008BD00BF4424001000B583B00190009158
:10D2D000009A019903480EF0A3F80346184603B0DC
:10D2E0005DF804FB4424001008B503480EF0BDF8B7
:10D2F0000346184608BD00BF4424001000B583B0A3
:10D3000003468DF807309DF807301946094813F099
:10D31000F9FBFFF7F9FC0346022B06D19DF8073015
:10D32000002B02D0034813F025FC00BF03B05DF8CA
:10D3300004FB00BFB42E001000B583B0019001992A
:10D34000034813F029FF00BF03B05DF804FB00BFE2
:10D35000B42E001008B503480EF095F803461846A1
:10D3600008BD00BF4424001000B583B003468DF80B
:10D3700007309DF80730194603480EF022F803469F
:10D38000184603B05DF804FB4424001008B50348B8
:10D390000EF039F80346184608BD00BF44240010BB
:10D3A00000B585B00346029101928DF80F309DF8CB
:10D3B0000F10019B029A03480FF016FD00BF05B045
:10D3C0005DF804FB4424001008B503480FF01EFE6E
:10D3D0000346184608BD00BF4424001000B583B0C2
:10D3E00003468DF807309DF80730194603480EF0C4
:10D3F00060F800BF03B05DF804FB00BF44240010D8
:10D4000000B585B003900B4601928DF80B30039B5D
:10D410009B6C039A10689DF90B10019A984703467C
:10D42000184605B05DF804FB00B583B0019000918B
:10D43000019B5B6E019A126800991046984703465B
:10D44000184603B05DF804FB00B583B001900B46AD
:10D450008DF80330019B9B6E019A12689DF80310B2
:10D46000104698470346184603B05DF804FB00B524
:10D4700083B001900091019B1B6F019A1268009983
:10D48000104698470346184603B05DF804FB00B504
:10D4900083B001900091019B5B6F019A1268009923
:10D4A000104698470346184603B05DF804FB00B5E4
:10D4B00083B001900091019B9B6F019A12680099C3
:10D4C000104698470346184603B05DF804FB00B5C4
:10D4D00083B001900091019BDB6F019A1268009963
:10D4E000104698470346184603B05DF804FB00B5A4
:10D4F00083B001900091019BD3F88830019A1268A3
:10D500000099104698470346184603B05DF804FB9F
:10D5100000B583B001900091019BD3F88C30019A43
:10D5200012680099104698470346184603B05DF804
:10D5300004FB00B585B00390029113468DF80730C7
:10D54000039BD3F8AC30039A10689DF8072002992A
:10D5500098470346184605B05DF804FB00B583B054
:10D5600001900B468DF80330019BD3F8B030019A3F
:10D5700012689DF80310104698470346184603B0FA
:10D580005DF804FB00B585B00390029113468DF859
:10D590000730039BD3F8B430039A10689DF8072036
:10D5A000029998470346184605B05DF804FB00B59C
:10D5B00083B001900B46ADF802301346ADF8003051
:10D5C000019BD3F8B830019A1068BDF80020BDF86F
:10D5D000021098470346184603B05DF804FB00B5F7
:10D5E00083B001900091019BD3F8BC30019A12687E
:10D5F0000099104698470346184603B05DF804FBAF
:10D6000000B583B001900B46ADF80230019BD3F812
:10D61000C030019A1268BDF80210104698470346C0
:10D62000184603B05DF804FB00B585B00190009189
:10D63000019B00211846FFF707FF03468DF80F30C6
:10D640009DF80F30002B02D09DF80F308AE0019A30
:10D65000009B1B6A19461046FFF7E6FE03468DF84D
:10D660000F309DF80F30002B02D09DF80F3079E07D
:10D670000198009B93F92B10009B1B6A1A46FFF739
:10D68000BFFE03468DF80F309DF80F30002B02D0FF
:10D690009DF80F3066E0019B009A11461846FFF78F
:10D6A000E6FE03468DF80F309DF80F30002B02D0B8
:10D6B0009DF80F3056E0019A009B10331946104632
:10D6C000FFF7E5FE03468DF80F309DF80F30002B75
:10D6D00002D09DF80F3045E0009BDB7D002B11D080
:10D6E0000198009B998C009BDB8C1A46FFF75FFF2B
:10D6F00003468DF80F309DF80F30002B02D09DF8B7
:10D700000F302FE00198009BD969009BDB7C073329
:10D71000002B00DA0733DB10DBB21A46FFF709FFF4
:10D7200003468DF80F309DF80F30002B02D09DF886
:10D730000F3017E0009B93F82A30002B10D0019A8D
:10D74000009B1B8D19461046FFF75AFF03468DF8C4
:10D750000F309DF80F30002B02D09DF80F3001E004
:10D760009DF80F30184605B05DF804FB00B585B094
:10D7700001900091019B01211846FFF765FE0346C9
:10D780008DF80F309DF80F30002B02D09DF80F3030
:10D7900057E0019A009BDB6819461046FFF744FEEC
:10D7A00003468DF80F309DF80F30002B02D09DF806
:10D7B0000F3046E00198009B93F91010009BDB6846
:10D7C0001A46FFF71DFE03468DF80F309DF80F3007
:10D7D000002B02D09DF80F3033E0019B009A1146D8
:10D7E0001846FFF764FE03468DF80F309DF80F30A2
:10D7F000002B02D09DF80F3023E0019A009B0433E8
:10D8000019461046FFF763FE03468DF80F309DF86A
:10D810000F30002B02D09DF80F3012E0019A009BD0
:10D820005B7C19461046FFF799FE03468DF80F30D2
:10D830009DF80F30002B02D09DF80F3001E09DF8CD
:10D840000F30184605B05DF804FB00B585B00190B7
:10D850000091019B02211846FFF7F6FD03468DF863
:10D860000F309DF80F30002B02D09DF80F3061E093
:10D87000019A009B9B6919461046FFF7D5FD0346A8
:10D880008DF80F309DF80F30002B02D09DF80F302F
:10D8900050E00198009B93F92010009B9B691A4669
:10D8A000FFF7AEFD03468DF80F309DF80F30002BCB
:10D8B00002D09DF80F303DE0019B009A11461846BA
:10D8C000FFF715FE03468DF80F309DF80F30002B43
:10D8D00002D09DF80F302DE0019A009B0C331946C1
:10D8E0001046FFF715FE03468DF80F309DF80F30F8
:10D8F000002B02D09DF80F301CE0019A009BDB69E1
:10D9000019461046FFF76BFE03468DF80F309DF861
:10D910000F30002B02D09DF80F300BE00198009BD8
:10D920005B6904221946FFF72DFE03468DF80F3080
:10D930009DF80F30184605B05DF804FB00B587B0C0
:10D9400003900B468DF80B3013468DF80A30842374
:10D950008DF814309DF80B30002B01D0022300E02D
:10D9600000239DF80A201344DBB28DF8153005A979
:10D9700000230093002302220398FEF74BFD034689
:10D98000184607B05DF804FB00B587B003900B465E
:10D990008DF80B3080238DF814309DF80B308DF806
:10D9A000153005A900230093002302220398FEF7F7
:10D9B00031FD0346184607B05DF804FB00B585B09D
:10D9C00001900198FEF7E4FD03468DF80F309DF8B5
:10D9D0000F30002B02D09DF80F301FE00DF10E0329
:10D9E0001946019800F0B3FA03468DF80F309DF800
:10D9F0000F30002B02D09DF80F300FE09DF80E3055
:10DA0000012B09D1074B029302AA0423EF210198AD
:10DA100000F0EFF8034601E09DF80F30184605B01E
:10DA20005DF804FB00AD089A00B587B003900B4683
:10DA30008DF80B301346ADF8083083238DF8143081
:10DA40009DF80B308DF81530BDF808301B0A9BB2DD
:10DA5000DBB28DF81630BDF80830DBB28DF8173028
:10DA600005A900230093002304220398FEF7D2FCAB
:10DA70000346184607B05DF804FB00B587B0039075
:10DA80000B468DF80B301346ADF8083082238DF825
:10DA900014309DF80B308DF81530BDF808301B0A96
:10DAA0009BB2DBB28DF81630BDF80830DBB28DF8D2
:10DAB000173005A900230093002304220398FEF7E2
:10DAC000A9FC0346184607B05DF804FB00B589B011
:10DAD0000590084611461A4603468DF813300B464A
:10DAE000ADF810301346ADF80E3094238DF8183091
:10DAF0009DF813308DF81930BDF810301B0A9BB219
:10DB0000DBB28DF81A30BDF81030DBB28DF81B3067
:10DB1000BDF80E301B0A9BB2DBB28DF81C30BDF88D
:10DB20000E30DBB28DF81D3006A9002300930023D0
:10DB300006220598FEF76EFC0346184609B05DF80C
:10DB400004FB00B587B00390C5238DF8143005A9F8
:10DB500000230093002301220398FEF75BFC034699
:10DB6000184607B05DF804FB00B587B003900B467C
:10DB70008DF80B309E238DF814309DF80B30002B60
:10DB800001D0012300E000238DF8153005A9002302
:10DB90000093002302220398FEF73CFC034618463C
:10DBA00007B05DF804FB00B587B00390D1238DF872
:10DBB000143005A900230093002301220398FEF7E7
:10DBC00029FC0346184607B05DF804FB00B587B092
:10DBD0000390D2238DF8143005A90023009300236D
:10DBE00001220398FEF716FC0346184607B05DF8BD
:10DBF00004FB00B589B0059003921A460B46ADF8B8
:10DC000012301346ADF8103018238DF81C30BDF8D3
:10DC100012301B0A9BB2DBB28DF81D30BDF81230FA
:10DC2000DBB28DF81E3007A9BDF810300093039BBE
:10DC300003220598FEF7EEFB0346184609B05DF88F
:10DC400004FB00B589B0059003921A460B46ADF867
:10DC500012301346ADF8103019238DF81C30BDF882
:10DC600012301B0A9BB2DBB28DF81D30BDF81230AA
:10DC7000DBB28DF81E3000238DF81F3007A9BDF8E8
:10DC800010300093039B04220598FEF717FC03460F
:10DC9000184609B05DF804FB00B589B00590039201
:10DCA0001A460B468DF813301346ADF810301A2380
:10DCB0008DF81C309DF813308DF81D3007A9BDF884
:10DCC00010300093039B02220598FEF7A3FB034646
:10DCD000184609B05DF804FB00B589B005900392C1
:10DCE0001A460B468DF813301346ADF810301B233F
:10DCF0008DF81C309DF813308DF81D3000238DF801
:10DD00001E3007A9BDF810300093039B032205982D
:10DD1000FEF7D4FB0346184609B05DF804FB00B5D6
:10DD20008BB00590084611461A460346ADF81230EE
:10DD30000B46ADF810301346ADF80E308D238DF83C
:10DD40001C30BDF812301B0A9BB2DBB28DF81D30BF
:10DD5000BDF81230DBB28DF81E30BDF810301B0A52
:10DD60009BB2DBB28DF81F30BDF81030DBB28DF8FE
:10DD70002030BDF80E301B0A9BB2DBB28DF821308B
:10DD8000BDF80E30DBB28DF82230BDF830301B0A02
:10DD90009BB2DBB28DF82330BDF83030DBB28DF8AA
:10DDA000243007A900230093002309220598FEF7D9
:10DDB00031FB034618460BB05DF804FB00B587B095
:10DDC000039002910023ADF814301523ADF8103004
:10DDD00005AB04A90222009202220398FEF76EFB13
:10DDE00003468DF817309DF81730002B09D19DF8A8
:10DDF00014301B029BB29DF8152013449AB2029B6B
:10DE00001A809DF81730184607B05DF804FB00B57E
:10DE100087B003900B46ADF80A3097238DF8143085
:10DE2000BDF80A301B0A9BB2DBB28DF81530BDF885
:10DE30000A30DBB28DF8163005A9002300930023C9
:10DE400003220398FEF7E6FA0346184607B05DF88A
:10DE500004FB00B585B0019000910023ADF80C30B3
:10DE600003AB19460198FFF7A9FF03468DF80F3061
:10DE70009DF80F30002B0CD1BDF80C30002B08D0D2
:10DE8000BDF80C3019460198FFF7C1FF03468DF825
:10DE90000F309DF80F30002B06D1009B002B03D0D4
:10DEA000BDF80C20009B1A809DF80F30184605B075
:10DEB0005DF804FB00B585B001900091009800F07A
:10DEC000EFFE03900399019800F005F80346184609
:10DED00005B05DF804FB00B587B00390029186237E
:10DEE0008DF81430029B1B0CDBB28DF81530029BB1
:10DEF0001B0ADBB28DF81630029BDBB28DF81730AF
:10DF000005A900230093002304220398FEF782FA58
:10DF10000346184607B05DF804FB00B587B00390D0
:10DF20000B468DF80B308A238DF814309DF80B309A
:10DF30008DF8153005A900230093002302220398D1
:10DF4000FEF768FA0346184607B05DF804FB00B513
:10DF500087B0039002910323ADF814300DF116033E
:10DF600005A90122009202220398FEF7A7FA0346B0
:10DF70008DF817309DF81620029B1A709DF8173007
:10DF8000184607B05DF804FB00B587B003900B4658
:10DF90008DF80B3013468DF80A309DF90B3013F1D4
:10DFA000120F03DB9DF90B300D2B01DD032316E06F
:10DFB0008E238DF814309DF80B301233DBB28DF8C0
:10DFC00015309DF80A308DF8163005A9002300930E
:10DFD000002303220398FEF71DFA034600BF1846EC
:10DFE00007B05DF804FB00B587B0039002918B2366
:10DFF0008DF81430029B1B788DF81530029B5B78EE
:10E000008DF81630029B9B788DF8173005A90023F8
:10E010000093002304220398FEF7FCF903461846F8
:10E0200007B05DF804FB00B589B0039002918B2323
:10E030008DF81830029B1B788DF81930029B5B78A5
:10E040008DF81A30029B9B788DF81B3006A90023AF
:10E050000093002304220398FEF7DCF903468DF8B1
:10E060001F309DF81F30002B63D1029B1B78C02B03
:10E0700021D0C02B23DCB02B1DD0B02B1FDCA02B5C
:10E0800019D0A02B1BDC902B15D0902B17DC802BEC
:10E090000DD0802B13DC702B09D0702B0FDC502B94
:10E0A00001D0602B0BD11E238DF8173007E03723EA
:10E0B0008DF8173003E032238DF8173000BF0DF1D3
:10E0C0001702012340F625110398FFF792FD03463E
:10E0D0008DF81F309DF81F30002B2AD100238DF8BA
:10E0E00017300DF11702012340F63C110398FFF79A
:10E0F000A8FD03468DF81F309DF81F30002B18D166
:10E100009DF8173023F00703DBB28DF817309DF828
:10E11000173043F00103DBB28DF817300DF1170211
:10E12000012340F63C110398FFF763FD03468DF889
:10E130001F309DF81F30184609B05DF804FB00B58C
:10E1400087B0039002918B238DF81430029B1B78CB
:10E150008DF81530029B5B788DF81630029B9B780A
:10E160008DF8173005A9002300930023042203989B
:10E17000FEF750F90346184607B05DF804FB00B5FA
:10E1800087B0039002918C238DF81030029B1B788E
:10E190008DF81130029B5B788DF81230029B9B78D2
:10E1A0008DF81330029BDB788DF81430029B1B79BD
:10E1B0008DF81530029B5B798DF81630029B9B79A8
:10E1C0008DF8173004A90023009300230822039838
:10E1D000FEF720F90346184607B05DF804FB00B5CA
:10E1E00089B00390029105AB00221A605A608C231B
:10E1F0008DF81430029B1B785AB2029B5B785BB29D
:10E200001B015BB213435BB2DBB28DF81530029B8E
:10E210009B788DF81630029BDB788DF81730029BC7
:10E220001B79002B01D0202300E000238DF818304B
:10E23000029B5B79002B01D0002300E040238DF886
:10E24000193005A900230093002308220398FEF744
:10E25000E1F803468DF81F309DF81F30002B13D1D5
:10E260009DF81930002B01D10D2300E009238DF812
:10E2700013300DF11302012340F63B110398FFF711
:10E28000B8FC03468DF81F309DF81F30184609B0C2
:10E290005DF804FB00B587B0039002918C238DF8E4
:10E2A0001030029B1B788DF81130029B5B788DF843
:10E2B0001230029B9B788DF81330029BDB788DF82F
:10E2C0001430029B1B798DF81530029B5B798DF819
:10E2D000163008238DF8173004A90023009300237B
:10E2E00008220398FEF796F80346184607B05DF833
:10E2F00004FB00B587B003900B468DF80B30134636
:10E300008DF80A308F238DF814309DF80B308DF87E
:10E3100015309DF80A308DF8163005A900230093BA
:10E32000002303220398FEF775F80346184607B04A
:10E330005DF804FB00B587B0039002910023ADF8AF
:10E3400014301723ADF8103005AB04A90222009257
:10E3500002220398FEF7B2F803468DF817309DF8B5
:10E360001730002B07D19DF81420029B1A709DF8DE
:10E370001520029B5A709DF81730184607B05DF8BB
:10E3800004FB00B589B00390029106AB00221A602D
:10E390001A711D23ADF8143006AB05A905220092B1
:10E3A00002220398FEF78AF803468DF81F309DF885
:10E3B0001F30002B12D19DF819305B425B105AB20E
:10E3C000029B1A709DF81A20029B5A709DF81B2020
:10E3D000029B9A709DF81C20029BDA709DF81F30FA
:10E3E000184609B05DF804FB00B589B003900291AE
:10E3F00006AB00221A601A711D23ADF8143006AB6B
:10E4000005A90522009202220398FEF757F8034659
:10E410008DF81F309DF81F30002B0ED19DF818305D
:10E420005B425B105AB2029B1A709DF819305BB2C6
:10E4300002339B105AB2029B5A709DF81F30184647
:10E4400009B05DF804FB00B589B00390029106ABFA
:10E4500000221A601A711D23ADF8143006AB05A90D
:10E460000522009202220398FEF728F803468DF851
:10E470001F309DF81F30002B12D19DF819305B42E0
:10E480005B105AB2029B1A709DF81A20029B5A70B8
:10E490009DF81B20029B9A709DF81C20029BDA704D
:10E4A0009DF81F30184609B05DF804FB00B587B031
:10E4B0000390029100238DF816301F23ADF814301D
:10E4C0000DF1160305A90122009202220398FDF71F
:10E4D000F5FF03468DF817309DF81730002B06D155
:10E4E0009DF816305B425B101AB2029B1A809DF8B1
:10E4F0001730184607B05DF804FB00B583B00190F3
:10E500000198FEF727F80346184603B05DF804FBB0
:10E5100000B587B003900B468DF80B3096238DF82D
:10E5200014309DF80B308DF8153005A900230093A9
:10E53000002302220398FDF76DFF0346184607B03B
:10E540005DF804FB00B587B00390D5238DF8143037
:10E5500005A900230093002301220398FDF75AFF29
:10E560000346184607B05DF804FB000086B0039030
:10E570000291019203238DF81730039B002B3BD0AF
:10E58000029B002B38D002238DF8173000238DF822
:10E5900016302DE09DF816201A4913465B001344EF
:10E5A0009B000B441B68039A9A421CD89DF81620C6
:10E5B000144913465B0013449B000B4404331B684F
:10E5C000029A9A420FD89DF816200E4913465B0016
:10E5D00013449B000B4408331A78019B1A700023E4
:10E5E0008DF8173008E09DF8163001338DF816309D
:10E5F0009DF816300C2BCDD99DF81730184606B073
:10E60000704700BFA09F030086B003900291019263
:10E6100003238DF81730039B002B2DD002238DF898
:10E6200017300F238DF8163022E09DF91630154A69
:10E6300012F813301A46039B03FB02F1029A1346A9
:10E640009B001344DB0099420BD89DF916300D4A0C
:10E650005B0013445A78019B1A7000238DF8173021
:10E660000AE09DF91630DBB2013BDBB28DF81630C3
:10E670009DF91630002BD8DA9DF81730184606B0F1
:10E68000704700BF84A0030086B0039002910192FE
:10E6900003238DF81730039B002B3BD0029B002BEC
:10E6A00038D002238DF8173000238DF816302DE076
:10E6B0009DF816201A4913465B0013449B000B4437
:10E6C0001B68039A9A421CD89DF8162014491346D9
:10E6D0005B0013449B000B4404331B68029A9A426C
:10E6E0000FD89DF816200E4913465B0013449B007B
:10E6F0000B4408331A78019B1A7000238DF81730E9
:10E7000008E09DF8163001338DF816309DF816306C
:10E71000052BCDD99DF81730184606B0704700BFBD
:10E720003CA0030082B003468DF807309DF8073007
:10E73000342B0AD0342B10DC262B08D0262B0CDCF3
:10E740000A2B08D0182B04D007E0064B06E0064B36
:10E7500004E0064B02E0064B00E00023184602B03E
:10E76000704700BF75190300EA320600D4650C003B
:10E77000A8CB180092B001900091019B9B78802B50
:10E780000CBF012300238DF82B30009B9B78072BB7
:10E7900009D0009B9B78013BDBB203F00303DBB2A3
:10E7A0000533DBB200E008238DF82A30019BDB78CB
:10E7B000DB000993009B1B781B09DBB208939DF8D3
:10E7C0002B30002B01D0002300E014230793019B82
:10E7D0001B79002B01D0102300E000230693009B3F
:10E7E0009B78042B8CBF012300238DF81730019BED
:10E7F0001B781A46019B5B7802FA03F30493099A8B
:10E80000069B13440F939DF82B30002B58D09DF896
:10E810001730002B54D09DF82A200F9B02FB03F3E6
:10E820000393089B062B03DC089B9B000D930BE0D6
:10E83000089B0A2B04DC089B023B9B000D9303E022
:10E84000089B023B9B000D93039A0D9B13445A1E99
:10E850000D9B92FBF3F30293029B082B02DC029BBD
:10E860000E9390E0089B062B08DC089B5B01039A43
:10E87000D31A1193089B9B00109317E0089B0A2B57
:10E880000ADC039B03F14002089B5B01D31A11933E
:10E89000089B9B00109309E0089B023B5B01039AD5
:10E8A000D31A1193089B023B9B001093119A109B63
:10E8B00013445A1E109B92FBF3F308330E9362E04D
:10E8C0009DF81730002B27D0089B062B05DC089BF2
:10E8D000053B5B10DB000C9304E0089B073B5B10DF
:10E8E000DB000C930F9A0C9B9A4205DD099A0C9B56
:10E8F0009A4201DA099B0C930F9A0C9BD31A0F933F
:10E900000F9B002B01DA00230F939DF82A200F9B09
:10E9100002FB03F3119313E0089B9B000F9AD31A99
:10E92000079A13440F93089B062B02DD0F9B0833B5
:10E930000F930F9B002B01DA00230F930F9B119372
:10E94000089B0A2B03DC089B9B00109303E0089BA9
:10E95000023B9B001093119A109B13445A1E109B6C
:10E9600092FBF3F30E939DF8173083F00103DBB2B3
:10E97000002B05D09DF82A200E9B02FB03F30E937B
:10E980000E9B08330E930E9A049B134404330B938F
:10E99000089B062B02DC0B9B02330B930B9B9B000B
:10E9A0005A1C089B023B02FA03F3184612B0704748
:10E9B00000B585B00190009100990198FFF7DAFE4B
:10E9C00003464FF47A7202FB03F30393009B5B78D8
:10E9D0001846FFF7A7FE0290039A029B13445A1EA3
:10E9E000029BB2FBF3F3184605B05DF804FB000090
:10E9F00082B003468DF807309DF80730EF2B46D0E4
:10EA0000EF2B46DCCE2B3ED0CE2B42DCC72B3CD0AE
:10EA1000C72B3EDCB12B32D0B12B3ADCAA2B30D045
:10EA2000AA2B36DC8D2B26D08D2B32DC862B24D0E6
:10EA3000862B2EDC702B1AD0702B2ADC692B18D079
:10EA4000692B26DC4C2B0ED04C2B22DC452B0CD01A
:10EA5000452B1EDC042B02D0282B02D019E00F4BD3
:10EA600018E00F4B16E00F4B14E00E4B12E00E4B6C
:10EA700010E00D4B0EE00D4B0CE00C4B0AE00C4B84
:10EA800008E00B4B06E00B4B04E00A4B02E00A4B9C
:10EA900000E00023184602B0704700BF80841E00CB
:10EAA000006A180040420F0000350C0020A107004A
:10EAB000801A060090D0030048E8010030B583B00A
:10EAC0000190019B1B78184600F0CBFA0446019B8D
:10EAD000DB78184600F0FAFA03461C44019B5B7889
:10EAE000184600F0CAFA0246019B1B79D518019B13
:10EAF0005B79184600F0CDFA03462B44DB00234433
:10EB0000184603B030BD00B585B001900091019862
:10EB1000FFF7D4FF03464FF47A7202FB03F303932B
:10EB2000009B1B781846FFF763FF0290039A029B35
:10EB300013445A1E029BB2FBF3F3184605B05DF86E
:10EB400004FB000082B003468DF807309DF80730C3
:10EB5000EB2B1CD0EB2B1CDCC72B16D0C72B18DCE7
:10EB6000AA2B10D0AA2B14DC862B0AD0862B10DC03
:10EB7000452B02D0692B02D00BE0084B0AE0084B72
:10EB800008E0084B06E0084B04E0084B02E0084BA5
:10EB900000E00023184602B0704700BF20D61300E3
:10EBA00080DE0F0010EB090040EF070088F504003D
:10EBB000A0F7030010B586B00190009100230593E3
:10EBC000009B5B78184600F0B8FA0490049B002B79
:10EBD00042D000230393019BDB78184600F08DFAA6
:10EBE0000246039B13440393009B5B78184600F096
:10EBF00092FA0246039B13440393019B1B791C4624
:10EC0000019B5B79184600F04FFA03462344DB0072
:10EC1000039A13440393039B9B000393039A049B5F
:10EC200013445A1E049BB2FBF3F3059A1344059355
:10EC3000019B1B78184600F014FA03461533059A19
:10EC400013440593019B5B78184600F04DFA034688
:10EC5000DB00059A13440593059B184606B010BDCA
:10EC600000B585B00190009100990198FFF7A2FFCF
:10EC700003464FF47A7202FB03F30393009B1B7865
:10EC80001846FFF75FFF0290039A029B13445A1E37
:10EC9000029BB2FBF3F3184605B05DF804FB0000DD
:10ECA00084B00190019B0D4AA2FB03235B0C0393EC
:10ECB000039B0B4A02FB03F3019AD31A0293039BB3
:10ECC0009A02029B9B0203F5C633BA330349A1FBA8
:10ECD00003135B0C1344184604B07047A5E830A535
:10ECE0007519030000B589B0039001921A460B46CE
:10ECF0008DF80B3013468DF80A3003238DF81F3042
:10ED000005AB00221A601A710023ADF81C309DF883
:10ED10000B30032B10D0032B13DC012B02D0022B62
:10ED200005D00EE040F6CE13ADF81C300BE040F6F7
:10ED3000D313ADF81C3006E040F6D813ADF81C3004
:10ED400001E0022316E09DF80A30052B10D89DF84B
:10ED50000A2005AB01991846EFF744F805AABDF85B
:10ED60001C1005230398FEF744FF03468DF81F305F
:10ED70009DF81F30184609B05DF804FB00B585B05A
:10ED800001900B468DF8033003238DF80F300023DC
:10ED9000ADF80C3003AA022340F644110198FEF7A7
:10EDA00050FF03468DF80F309DF80F30002B26D111
:10EDB0009DF80C305BB203F00F035AB29DF903309B
:10EDC00023F00F035BB213435BB2DBB28DF80C3060
:10EDD0009DF80D3003F00F03DAB29DF803301B01EC
:10EDE000DBB21344DBB28DF80D3003AA022340F6E8
:10EDF00044110198FEF7FDFE03468DF80F309DF893
:10EE00000F30184605B05DF804FB00B587B00390DD
:10EE10000B4601928DF80B300023ADF816309DF8AB
:10EE20000B30032B10D0032B13DC012B02D0022B51
:10EE300005D00EE040F6CF13ADF816300BE040F6EB
:10EE4000D413ADF8163006E040F6D913ADF81630FD
:10EE500001E0022307E0BDF816100423019A03988D
:10EE6000FEF7C7FE0346184607B05DF804FB00B581
:10EE700085B001900B46ADF80230BDF802301B0A98
:10EE80009BB2DBB28DF80C30BDF80230DBB28DF8EE
:10EE90000D3003AA022340F6C8110198FEF7A9FE1F
:10EEA0000346184605B05DF804FB00B585B0019037
:10EEB0000091009B1B0EDBB28DF80C30009B1B0CED
:10EEC000DBB28DF80D30009B1B0ADBB28DF80E30E3
:10EED000009BDBB28DF80F3003AA042340F6C61165
:10EEE0000198FEF786FE0346184605B05DF804FB60
:10EEF00000B585B001900B46ADF80230BDF8023088
:10EF00001B0A9BB2DBB28DF80C30BDF80230DBB2CD
:10EF10008DF80D3003AA022340F6C6110198FEF7C2
:10EF200068FE0346184605B05DF804FB00B583B0E3
:10EF300001900B468DF803300DF10302012340F6DA
:10EF4000C5110198FEF755FE0346184603B05DF85B
:10EF500004FB00B585B00190009103238DF80F30BC
:10EF600000238DF80E300DF10E02012340F603113F
:10EF70000198FEF766FE03468DF80F309DF80F30BE
:10EF8000002B06D19DF80E3023F07F03DAB2009BF0
:10EF90001A709DF80F30184605B05DF804FB00B5F7
:10EFA00083B0019000910123009A40F6011101986D
:10EFB000FEF747FE0346184603B05DF804FB00B5B4
:10EFC00085B00190009103238DF80F3000238DF858
:10EFD0000E300DF10E0201234FF415610198FEF77A
:10EFE00030FE03468DF80F309DF80F30002B07D10F
:10EFF0009DF80E301B0903F00703DAB2009B1A706C
:10F000009DF80F30184605B05DF804FB00B585B0DB
:10F010000190009103238DF80F3000238DF80E30FE
:10F020000DF10E02012340F654110198FEF709FE7E
:10F0300003468DF80F309DF80F30002B0BD19DF853
:10F040000E301B1103F00103002B14BF012300231A
:10F05000DAB2009B1A709DF80F30184605B05DF8C3
:10F0600004FB82B003468DF807309DF807309B08FB
:10F07000DBB20433184602B0704782B003468DF805
:10F0800007309DF807305B08DBB20133184602B049
:10F09000704782B003468DF807309DF807301B0992
:10F0A000DBB2184602B0704782B003468DF80730D5
:10F0B0009DF80730002B01D1002304E09DF80730B4
:10F0C0001B09DBB20133184602B0704782B0034619
:10F0D0008DF807309DF80730202B01D1092300E07F
:10F0E0000023184602B0704782B003468DF80730FF
:10F0F0009DF80730184602B0704782B003468DF87D
:10F1000007309DF80730202B01D10C2300E00023AD
:10F11000184602B0704782B003468DF807309DF85C
:10F120000730002B03D09DF80730022B01D10623B6
:10F1300000E00023184602B0704784B003468DF803
:10F140000730002303939DF80730002B02D10223E0
:10F1500003930CE09DF80730022B02D103230393A5
:10F1600005E09DF80730042B01D104230393039B92
:10F17000184604B0704700B587B001900B468DF873
:10F1800003309DF80330032B01D800232FE0019BAF
:10F190001B788DF80830019B5B788DF80930019B56
:10F1A00002331B788DF80A30019B033303939DF8DB
:10F1B0000330033BDBB28DF8103002AB184600F091
:10F1C0001BF803468DF817309DF808309DF809208C
:10F1D0001146184602F092F99DF80830002B04D031
:10F1E0009DF80930184601F095FA9DF81730184639
:10F1F00007B05DF804FB000000B585B00190012365
:10F200008DF80F30019B9A78019B1B7A19461046A6
:10F2100000F0E2F80346002B01D00023D7E0019B69
:10F220009B780D2B00F2C68001A252F823F000BF9C
:10F2300069F20100BDF30100B5F30100A3F2010082
:10F24000C7F20100EFF2010053F3010077F3010070
:10F25000B5F30100B5F3010095F30100A5F301003A
:10F26000ADF301009DF30100019B5B681878019BE1
:10F270005B6801331B781AB2019B5B6802331B7811
:10F280001BB21B021BB213431BB29BB2194600F008
:10F29000CFF80346012B00F0938000238DF80F3048
:10F2A00093E0019B5868019B1B7A0122194601F0EB
:10F2B00063FC0346012B03D000238DF80F3084E05C
:10F2C00001F0D5F981E0019B5B681878019B5B68D0
:10F2D000591C019B1B7A013BDBB21A4601F08CFBE7
:10F2E0000346012B6ED000238DF80F306DE0019B9B
:10F2F0005B6801331B781BB21B021AB2019B5B686F
:10F300001B781BB213431BB2ADF80C30FDF71EFE89
:10F3100003461A46BDF80C30934215D012238DF8DF
:10F32000083002AB01220121184601F025FC0346FA
:10F330008DF80B309DF80B30012B01D101F097F9BE
:10F3400000238DF80F3040E002F01CFA01F050F974
:10F350003BE0019B5B681B78184601F0EDFB01F078
:10F36000C9FB0346012B01D101F0BCF900210720A4
:10F3700001F018F829E0019B5868019B1B7A0022D4
:10F38000194601F0F9FB0346012B1DD000238DF82F
:10F390000F301AE000238DF80F3016E000238DF8AF
:10F3A0000F3012E000238DF80F300EE000238DF8AF
:10F3B0000F300AE000238DF80F3006E000BF04E0B4
:10F3C00000BF02E000BF00E000BF9DF80F3018460C
:10F3D00005B05DF804FB00BF82B003460A468DF815
:10F3E000073013468DF806309DF807300D2B01D9F4
:10F3F000022317E09DF807300C4A12F813309DF8ED
:10F4000006209A4201D201230CE09DF80730074AFA
:10F410005B0013445B789DF806209A4201D90123D2
:10F4200000E00023184602B0704700BFA4A003000C
:10F4300000B585B003460A468DF807301346ADF88F
:10F44000043001238DF80F30FDF776FD03461A4690
:10F45000BDF8043093420DD19DF80730013B022BDB
:10F4600004D8FDF797FCFDF7C9F818E000238DF8E4
:10F470000F3014E00F238DF80C3003AB0122012173
:10F48000184601F079FB03468DF80E309DF80E30DA
:10F49000012B01D101F0EBF800238DF80F309DF81E
:10F4A0000F30184605B05DF804FB000000B583B0CE
:10F4B0000190019B9B6B10221A71019B9B6B102288
:10F4C0005A71019B9B6B03229A71019B9B6B0222D9
:10F4D000DA71019B9B6B05221A72019B9B6B0122C7
:10F4E0005A72019B9B6B0D229A72019B9B6B0722A8
:10F4F000DA72019B9B6B40221A73019B9B6B20224B
:10F500005A73019B9B6B714A1A61019B9B6B022290
:10F510001A75019B9B6B6E4A9A61019B9B6B6D4AAE
:10F52000DA61019B9B6B6C4A1A62019B9B6BC82240
:10F5300083F82420019B9B6B002283F82C20019BE5
:10F540009B6B122283F82D20019B9B6B212283F859
:10F550002E20019B9B6B002283F83820019B9B6B24
:10F56000072283F83B20019B9B6B002283F8392004
:10F57000019B9B6B002283F83A20019B9B6B072227
:10F5800083F83C20019B9B6B062283F83D20019B66
:10F590009B6BFF22DA87019B9B6B3F22A3F84020E5
:10F5A000019B9B6B082283F84220019B9B6B0122ED
:10F5B00083F84320019B9B6B012283F84420019B2D
:10F5C0009B6B002283F84520019B9B6B002283F8F4
:10F5D0004620019B9B6B414A5A65019B9B6B07220E
:10F5E00083F85820019B9B6B3D4A9A66019B9B6B5D
:10F5F0003B4A5A66019B9B6B394A1A66019B9B6B7F
:10F60000374ADA66019B9B6B002283F87020019BCE
:10F610009B6B032283F87120019B9B6B314A5A67D5
:10F62000019B9B6B2F4A9A67019B9A6B019B9B6B7B
:10F63000A432DA67019B9A6B019B9B6BE432C3F89F
:10F640008020019B9A6B019B9B6B02F5AA72C3F809
:10F650008420019B9A6B019B9B6B02F5AB72C3F8F4
:10F660008820019B9A6B019B9B6B02F59272C3F8F9
:10F670009420019B9A6B019B9B6B02F5A272C3F8CD
:10F680009820019B9A6B019B9B6B02F5A672C3F8B5
:10F690009C20019B9B6B03F5A270019B9B6B93F8D5
:10F6A00042301A4601210AF05CFD019B9B6B03F579
:10F6B000A670019B9B6B93F842301A4600210AF01A
:10F6C00050FD00BF03B05DF804FB00BFFCA00300C9
:10F6D00000180D8F00CCD193C00B6C902CA10300AF
:10F6E00034A10300004E7B9000B585B0019000234B
:10F6F0008DF80F302DE0019B9A6B9DF80F30283369
:10F700009B00134400225A60019B9A6B9DF80F30B6
:10F7100038339B00134400225A60019B9B6B03F516
:10F72000AA739DF80F10002218460AF0C4FD019B31
:10F73000996B019B9A6B9DF80F30B1F84010903394
:10F740005B0013440A469A809DF80F3001338DF810
:10F750000F309DF80F300F2BCDD900238DF80E30D0
:10F7600028E09DF80E20019B996B9DF80E301B48F8
:10F7700050F8222028339B000B445A609DF80E203D
:10F78000019B996B9DF80E30144850F822203833B5
:10F790009B000B445A60019B9B6B03F5AA739DF879
:10F7A0000E10012218460AF086FD9DF80E30013336
:10F7B0008DF80E30019B9B6B9B799DF80E209A4231
:10F7C000CFD3019B9B6B03F5AB730222FF2118463D
:10F7D0000AF0C7FC00BF05B05DF804FBC0A0030041
:10F7E00000B583B00190019800F005F80346184673
:10F7F00003B05DF804FB00B589B0019000238DF8DB
:10F800001F3000238DF81E3030E0019B9B6B03F509
:10F81000AA739DF81E20114618460AF0EFFC034615
:10F82000012B1ED1019B9A6B9DF81E3090335B001B
:10F8300013441A1D019B93F84E30194610460AF0E6
:10F840007BFD0346012B0CD19DF81F3020336B4408
:10F850009DF81E2003F8142C9DF81F3001338DF8FD
:10F860001F309DF81E3001338DF81E30019B9B6BBD
:10F870001B799DF81E209A42C7D39DF81F30002B9C
:10F8800002D14FF0FF333CE09DF81F30013B194699
:10F890000020FCF7E1FF02469DF81F30B2FBF3F1B8
:10F8A00001FB03F3D31A8DF81D3000238DF81C30B3
:10F8B0009DF81D3020336B4413F8143C8DF81C3038
:10F8C000019B9B6B1B799DF81C209A4202D34FF041
:10F8D000FF3316E0019B9A6B9DF81C3028339B0088
:10F8E00013445A68019BC3F8B024019B9A6B9DF89E
:10F8F0001C3038339B0013445A68019BC3F8B4246E
:10F900000023184609B05DF804FB000082B00190A6
:10F910000B468DF803309DF80330002B13D1019B6B
:10F9200093F84E301946019B93F8583018460C4A0C
:10F930000B465B000B445B00134403441A78019BA5
:10F9400083F8B82409E09DF80330012B05D1019B11
:10F9500093F85320019B83F8B82400BF02B070478E
:10F96000CCA0030000B585B00190019B9B6B03F513
:10F97000AA70019B9B6B03F5AB73022219460AF038
:10F98000B6FB00238DF80F3004E09DF80F300133F3
:10F990008DF80F30019B9B6B1B799DF80F209A42CD
:10F9A000F3D300BF00BF05B05DF804FB00B585B020
:10F9B00001900B468DF803301346ADF8003000235C
:10F9C0008DF80F309DF80330002B02D0062B46D067
:10F9D00073E0019B9B6B03F5AB739DF80320520012
:10F9E00013446946022218460AF081FB00238DF871
:10F9F0000E301FE0019B9B6B03F5AB739DF80E204F
:10FA0000114618460AF0FAFB0346012B0DD1019B63
:10FA10009A6B9DF80E3028339B0013445B68002BD3
:10FA200003D1FF238DF80F300BE09DF80E3001332A
:10FA30008DF80E30019B9B6B1B799DF80E209A422E
:10FA4000D8D300238DF80D3004E09DF80D3001333C
:10FA50008DF80D309DF80D30012BF6D931E0019B6A
:10FA60009B6B03F5AB730222002118460AF079FB69
:10FA700000238DF80C3018E0019B9A6B9DF80C3038
:10FA800028339B0013445B68002B09D0019B9B6BC0
:10FA900003F5AB739DF80C10012218460AF00BFC1D
:10FAA0009DF80C3001338DF80C30019B9B6B1B795A
:10FAB0009DF80C209A42DFD303E0FE238DF80F302F
:10FAC00000BF019B9B6B03F5AB73022118460AF044
:10FAD00012FC0346012B02D1FF238DF80F309DF954
:10FAE0000F30184605B05DF804FB000000B583B088
:10FAF00003468DF807309DF80730072B01D8002307
:10FB000008E00648FCF746FE0120FCF773FEFCF710
:10FB100075FD0023184603B05DF804FB3CA103000B
:10FB200000B585B00346029101928DF80F309DF823
:10FB30000F30072B0ED89DF80F300C4AD25C029B79
:10FB40001A709DF80F300A4A52F82330DAB2019B3E
:10FB50001A7007E00748FCF71DFE0120FCF74AFE7B
:10FB6000FCF74CFD00BF05B05DF804FB04A10300E9
:10FB70000CA103006CA1030000B583B00190019BB0
:10FB8000F133102200211846ECF7A6FB019B00225E
:10FB9000C3F81421019BF02200211846ECF79CFBCE
:10FBA00000BF03B05DF804FB00B583B00190009185
:10FBB000019B1A461021009804F048FC00BF03B0D6
:10FBC0005DF804FB30B58DB0039002910192039B68
:10FBD000D3F81431002B00F09C80039BD3F8143130
:10FBE000C3F11003019A934228BF13460993039B64
:10FBF00003F20112039BD3F814311344099A0299BA
:10FC00001846EEF7EFF8039BD3F81421099B1A442A
:10FC1000039BC3F81421039BD3F814310F2B40F23C
:10FC20008880019A099B9A4200F0838000230B93FD
:10FC300015E0039A0B9B1344F1331A7803990B9B3D
:10FC40000B4403F201131B785340D9B2039A0B9B68
:10FC50001344F1330A461A700B9B01330B930B9B31
:10FC60000F2BE6DD039BF13305AC186859689A68E1
:10FC7000DB680FC4039A05A905AB184604F002FD22
:10FC8000039BF1331D4605AC0FCC28606960AA6068
:10FC9000EB60029A099B13440293019A099BD31AC1
:10FCA000019336E000230A9313E0039A0A9B13445E
:10FCB000F1331A780A9B02990B441B785340D9B24E
:10FCC000039A0A9B1344F1330A461A700A9B0133C4
:10FCD0000A930A9B0F2BE8DD039BF13305AC1868F0
:10FCE00059689A68DB680FC4039A05A905AB1846E2
:10FCF00004F0C8FC039BF1331D4605AC0FCC286013
:10FD00006960AA60EB60029B10330293019B103B79
:10FD10000193019B102BC5D8039B03F20113019A99
:10FD200002991846EEF75EF8039B019AC3F8142176
:10FD300000E000BF0DB030BD10B592B00190009151
:10FD400007AB102200211846ECF7C6FA009A07A963
:10FD500007AB184604F096FC9DF81C305BB2002BF4
:10FD60002FDA002311931AE007AA119B13441B7882
:10FD70005BB25B005AB2119B013348336B4413F8FA
:10FD80002C3CDB09DBB25BB213435BB2D9B207AAEE
:10FD9000119B13440A461A70119B01331193119B56
:10FDA0000E2BE1DD9DF82B305B00DBB28DF82B30A4
:10FDB0009DF82B3083F07803DB43DBB28DF82B30DA
:10FDC00026E0002310931AE007AA109B13441B7827
:10FDD0005BB25B005AB2109B013348336B4413F89B
:10FDE0002C3CDB09DBB25BB213435BB2D9B207AA8E
:10FDF000109B13440A461A70109B01331093109BFA
:10FE00000E2BE1DD9DF82B305B00DBB28DF82B3043
:10FE1000009BD3F81431102B1CD100230F9315E055
:10FE2000009A0F9B134403F201131A7807A90F9B42
:10FE30000B441B785340D9B2009A0F9B134403F232
:10FE400001130A461A700F9B01330F930F9B0F2B60
:10FE5000E6DD94E09DF81C305BB2002B2FDA002326
:10FE60000E931AE007AA0E9B13441B785BB25B004B
:10FE70005AB20E9B013348336B4413F82C3CDB0918
:10FE8000DBB25BB213435BB2D9B207AA0E9B134439
:10FE90000A461A700E9B01330E930E9B0E2BE1DD6A
:10FEA0009DF82B305B00DBB28DF82B309DF82B30AA
:10FEB00083F07803DB43DBB28DF82B3026E00023A0
:10FEC0000D931AE007AA0D9B13441B785BB25B00ED
:10FED0005AB20D9B013348336B4413F82C3CDB09B9
:10FEE000DBB25BB213435BB2D9B207AA0D9B1344DA
:10FEF0000A461A700D9B01330D930D9B0E2BE1DD0D
:10FF00009DF82B305B00DBB28DF82B30009BD3F8D3
:10FF10001431009A1344802283F8012107E0009BEA
:10FF2000D3F81431009A1344002283F80121009B76
:10FF3000D3F814315A1C009BC3F81421009BD3F84A
:10FF400014310F2BEBD900230C9315E0009A0C9B76
:10FF5000134403F201131A7807A90C9B0B441B7876
:10FF60005340D9B2009A0C9B134403F201130A4682
:10FF70001A700C9B01330C930C9B0F2BE6DD0023B6
:10FF80000B9315E0009A0B9B1344F1331A780099F8
:10FF90000B9B0B4403F201131B785340D9B2009A18
:10FFA0000B9B1344F1330A461A700B9B01330B93DE
:10FFB0000B9B0F2BE6DD009BF13303AC18685968EF
:10FFC0009A68DB680FC4009A03AB0199184604F0E5
:10FFD00059FB07AB102200211846ECF77DF900BF52
:10FFE00012B010BD86B003900B4601928DF80B3015
:10FFF000019B00221A6000238DF8173018E09DF84D
:020000022000DC
:100000001730039A13441B780D2B0CD0019B1B68EF
:100010009DF8172003990A441278114601228A405C
:100020001A43019B1A609DF8173001338DF8173081
:100030009DF817209DF80B309A42E0D300BF06B020
:100040007047000084B001900B468DF80330002308
:100050008DF80F3018E09DF80F30012202FA03F3FB
:100060001A46019B1340002B09D09DF80F300A4A15
:10007000D35C9DF803209A4201D2012309E09DF848
:100080000F3001338DF80F309DF80F301B2BE2D964
:100090000023184604B070478CA1030008B5414BFB
:1000A00000221A70404B81221A70404BC7221A70EE
:1000B0003F4B00221A703F4B00221A703E4B002229
:1000C0001A603E4B7B221A603D4B00221A603D4B6A
:1000D00000221A703C4B00221A703C4B00221A700E
:1000E0003B4B00221A703A4B00225A70394B0022C7
:1000F0001A60394B00221A70384B00221A70384BA4
:1001000000221A70374B00221A60374B00221A70F7
:10011000364B00221A80364B00221A70354B0022D3
:100120001A70354B00221A7004F020FB0346334A44
:100130001360334B00221A70324B00221A80324B6C
:1001400000221A70314B00221A70314B00221A70B3
:10015000304B00221A60304B01221A802F4B0022B4
:100160001A60082200212E48ECF7B6F81922002167
:100170002C48ECF7B1F8192200212B48ECF7ACF829
:10018000192200212948ECF7A7F84FF484720021C6
:100190002748ECF7A1F81E2280212648ECF79CF8AE
:1001A00000BF08BDFC3200101C1900101D19001002
:1001B00008330010093300100C3300102019001010
:1001C00010330010143300101533001016330010D4
:1001D00018330010241900101A330010783400105E
:1001E000793400107C340010803400108234001008
:1001F00084340010853400108634001088340010D8
:100200008C3400108E3400109034001091340010A3
:1002100092340010943400101A190010F8320010B3
:10022000003300101C33001038330010543300101A
:10023000703300109834001000B583B00023019390
:1002400009E0019BDBB200220021184600F048F8CB
:10025000019B01330193019B182BF2DD00BF00BF0E
:1002600003B05DF804FB000000B583B003468DF8D1
:1002700007309DF80730182B07D90848FCF78AFA91
:100280000120FCF7B7FAFCF7B9F99DF80730044AEA
:10029000D35C184603B05DF804FB00BFA8A10300BF
:1002A0001C33001000B583B003468DF807309DF86D
:1002B0000730182B07D90848FCF76CFA0120FCF727
:1002C00099FAFCF79BF99DF80730044AD35C18466D
:1002D00003B05DF804FB00BFC0A103003833001079
:1002E00082B003468DF807300B468DF80630134672
:1002F0008DF805309DF80730182B0BD89DF8073086
:1003000006499DF80620CA549DF8073004499DF817
:100310000520CA5400BF02B0704700BF1C33001054
:100320003833001082B003460A468DF80730134672
:100330008DF806309DF80730182B13D89DF807303C
:100340000A4AD35CFF2B07D09DF80730074AD25CDE
:100350000132D1B2054AD1549DF8073004499DF8C5
:100360000620CA5400BF02B0704700BF1C33001003
:1003700038330010074B1B78002B06D0054B1B7839
:10038000013BDAB2034B1A7002E0024B00221A70F2
:1003900000BF70471A330010014B1B781846704796
:1003A0001A33001000B585B003460A468DF80730B1
:1003B00013468DF80630154B1B78192B21D89DF864
:1003C00007301846FFF750FF03468DF80F309DF8B1
:1003D0000F30002B0CD10D4B1B780133DAB20B4BD5
:1003E0001A700A4B1B781946094A9DF80730535476
:1003F0009DF806209DF8073011461846FFF792FF3A
:1004000000E000BF05B05DF804FB00BF1A33001028
:1004100054330010034B1B781A46034B9B5C184661
:10042000704700BF1A3300105433001008B5FCF7B2
:10043000ECF80246024B1B68D31A184608BD00BFF1
:100440000C33001082B00190074B1B7883F001033E
:10045000DBB2002B05D0044B01221A70034A019B2A
:10046000136000BF02B07047803400100C330010DE
:1004700082B003468DF80730064B1B789DF80720A5
:100480009A4203D0034A9DF807301370012318469F
:1004900002B070471C190010014B1B7818467047BA
:1004A0001C19001000B583B0FFF7F6FF03468DF866
:1004B0000330002301939DF803309B09DBB203F066
:1004C0000303032B2DD801A252F823F0DD04020010
:1004D000E9040200FB0402000F0502009DF803304E
:1004E00003F03F03019325E09DF8033003F03F0341
:1004F000134A02FB03F301931CE09DF8033003F061
:100500003F034FF4616202FB03F3019312E09DF895
:10051000033003F03F0213461B019B1A9B0001931B
:1005200008E00848FCF736F90120FCF763F9FCF70E
:1005300065F800BF019B184603B05DF804FB00BFDF
:1005400080510100D8A10300014B1B781846704769
:100550001D190010014B1B78184670478C34001091
:1005600008B5FCF771FB0346184608BD00B583B01B
:1005700003468DF807309DF807301846FCF76EFBF0
:100580000346002B01D0002300E00123184603B0EE
:100590005DF804FB00B583B000F0BAF90346002B08
:1005A00003D001238DF807300BE0FCF7ADFB0346C9
:1005B000022B03D000238DF8073002E002238DF8D0
:1005C00007309DF80730184603B05DF804FB0000C3
:1005D00000B583B0019000231A4604490198EDF755
:1005E00001FC00BF03B05DF804FB00BF0033001046
:1005F00000B587B001238DF8003001238DF8083055
:10060000FCF703F8059005210020FCF725F90346C7
:100610000193019A059B13440193012000F05EF9B8
:100620006B46184604F0E2FE00BF07B05DF804FB1D
:1006300000B589B0019002238DF80C3003238DF8AA
:10064000143002238DF81D30FBF7DFFF0246019BBB
:1006500013440493FFF79EFF0346022B03D103AB21
:10066000184604F0C3FE00BF09B05DF804FB10B5E6
:1006700086B003238DF8043003238DF80C30022359
:100680008DF81530FBF7C1FF044605210220FCF769
:10069000E3F803462344029301AB184604F0A6FE98
:1006A00000BF06B010BD10B588B001900A238DF8C8
:1006B0000C3003238DF8143002238DF81D30FBF726
:1006C000A4FF0246019BD41805210220FCF7C4F8C0
:1006D00003462344049303AB184604F087FE00BF8F
:1006E00008B010BD00B587B005238DF80430022393
:1006F0008DF80C30FBF789FF034603F5A83303F5AB
:10070000C073029301AB184604F070FE00BF07B03F
:100710005DF804FB00B589B0019006238DF80C301C
:1007200003238DF8143002238DF81D3000238DF83B
:100730001C30FBF76AFF0246019B13440493FFF74A
:1007400029FF0346022B03D103AB184604F04EFEEB
:1007500000BF09B05DF804FB00B589B001900B2320
:100760008DF80C3001238DF8143002238DF81D30E4
:10077000FBF74BFF0246019B13440493FFF70AFF6C
:100780000346022B03D103AB184604F02FFE00BF33
:1007900009B05DF804FB00B589B001900C238DF819
:1007A0000C3001238DF8143002238DF81D30FBF737
:1007B0002CFF0246019B13440493FFF7EBFE034614
:1007C000022B03D103AB184604F010FE00BF09B0A2
:1007D0005DF804FB00B589B001900D238DF80C3055
:1007E00001238DF8143002238DF81D30FBF70DFF27
:1007F0000246019B13440493FFF7CCFE0346022BF1
:1008000003D103AB184604F0F1FD00BF09B05DF859
:1008100004FB000008B5FFF7BDFE0346022B02D023
:10082000002000F041F8024B1B78184608BD00BFBD
:10083000FC32001082B0019000BF02B0704700008F
:1008400082B003468DF807309DF80730002B05D0A5
:10085000074B1B7843F00203DBB204E0044B1B7828
:1008600023F00203DBB2024A137000BF02B07047EC
:10087000FC32001082B003468DF807309DF8073037
:10088000002B05D0074B1B7843F00403DBB204E0D8
:10089000044B1B7823F00403DBB2024A137000BF41
:1008A00002B07047FC32001082B003468DF807306A
:1008B0009DF80730002B05D0074B1B7843F0080349
:1008C000DBB204E0044B1B7823F00803DBB2024ADE
:1008D000137000BF02B07047FC32001082B00346B4
:1008E0008DF807309DF80730002B05D0074B1B789B
:1008F00043F04003DBB204E0044B1B7823F04003D9
:10090000DBB2024A137000BF02B07047FC32001025
:10091000064B1B789B09DBB203F00103002B14BFCD
:1009200001230023DBB21846704700BFFC320010E1
:1009300000B583B000F0DCFE0190019BD3F83429B0
:10094000019BD3F838391A44019BD3F83C3913443E
:100950000093009B054AA2FB03239A09044B1B68E2
:100960001344184603B05DF804FB00BFD34D62107A
:100970007C34001008B5FFF7DBFF0346024AA2FBF8
:100980000323DB0A184608BDC5B3A291014B1B889F
:100990001846704782340010014B1B781846704788
:1009A0008434001008B5FBF797FF0346184608BDCE
:1009B00008B5FBF78AFF0346184608BD82B0034618
:1009C0000A468DF8073013468DF806309DF807303B
:1009D0001B2B01D901230AE09DF80730054AD35C9F
:1009E0009DF806209A4201D0012300E0002318461A
:1009F00002B070478CA1030000B587B00346009198
:100A00008DF8073013468DF8063001238DF8173026
:100A10009DF806209DF8073011461846FFF7CEFFD7
:100A20000346002B06D01C238DF8073000238DF8D9
:100A300017304CE09DF80730083B032B3FD801A24C
:100A400052F823F0550A02007F0A0200950A0200BC
:100A5000AD0A0200009B1A78254B1A70009B1B7888
:100A60001846FCF763F903468DF816309DF91630E9
:100A7000B3F1FF3F2AD100238DF8173026E003ABF6
:100A800008220099184609F04CFB03AB1846FCF706
:100A90002AFA1CE0009B1B781846FFF7E9FCFFF7D9
:100AA00001FD03461846FFF7C3FD10E0002001F0EA
:100AB0000EFF009B1B781846FFF758FD07E01C232C
:100AC0008DF8073000238DF8173000E000BF9DF847
:100AD0001730012B05D19DF8073019460620FFF786
:100AE00061FC9DF81730184607B05DF804FB00BFA5
:100AF0008C34001082B00C4B1B78FF2B03D1FF23EA
:100B00008DF807300AE0084B1B78002B03D0012337
:100B10008DF8073002E000238DF807309DF807308C
:100B2000184602B0704700BF16330010014B1B7807
:100B3000184670471633001000B583B003468DF891
:100B400007300C4B1B789DF807209A420ED0094ABB
:100B50009DF807301370074B1B78002B03D0012042
:100B6000FFF788FE02E00020FFF784FE00BF03B01D
:100B70005DF804FB1633001000B585B001900B46FC
:100B80008DF8033013468DF8023001238DF80F30B5
:100B90000023029300238DF80E3046E09DF80E30BE
:100BA000019A13441B780E2B37D09DF80E30019A12
:100BB00013441B78142B30D09DF80E30019A134447
:100BC0001B78172B29D09DF80E30019A13441B78FF
:100BD000192B22D09DF80E30019A13441B781A2B42
:100BE0001BD09DF80E30019A13441B781B2B14D098
:100BF0009DF80E30019A13441B780C2B0DD09DF8F4
:100C00000E30019A13441B78112B06D09DF80E303C
:100C1000019A13441B781B2B02D900238DF80F3047
:100C20009DF80E3001338DF80E309DF80E209DF8A2
:100C300003309A42B2D39DF80F30012B20D100230C
:100C40008DF80D3016E09DF80D30019A13441B7895
:100C50000D2B0AD19DF80230012B03D10020FFF7A4
:100C600022FD02E000238DF80F309DF80D30013396
:100C70008DF80D309DF80D209DF803309A42E2D397
:100C80009DF80F30012B1CD102AA9DF803301946A4
:100C90000198FFF7A7F99DF80230012B06D1029BBE
:100CA0000B4A13600B4B00221A700AE00A4B1A68B9
:100CB000029B9A4205D0029B074A1360074B002211
:100CC0001A709DF80F30184605B05DF804FB00BFA0
:100CD00010330010153300102019001014330010C9
:100CE00010B5D6B056ACA4F5A674206056A8A0F5F1
:100CF000A8700160194656ABA3F251131A7056AB97
:100D0000A3F5A9730A461A7056ABA3F5A6731B6820
:100D1000559356ABA3F5A6731B68549300235293C7
:100D200000238DF8473156ABA3F5A9731B78012B2F
:100D300005D1B94B1B685393B84B529304E0B84BA1
:100D40001B685393B74B529356ABA3F251131B78C6
:100D500019465398FFF776F90346002B07D056AB98
:100D6000A3F5A8731B6800221A70002396E1529B1A
:100D70001B781B2B40F27F81529B00221A707AE174
:100D8000529B1B781A46012393401A46539B1340EB
:100D9000002B00F06A81559B5A1C5592529A12788A
:100DA0001A70529B1B78182B00F2428101A252F854
:100DB00023F000BF190E0200270E0200570E02009A
:100DC000650E0200730E0200D30E0200F90E02003F
:100DD0004F0F02005B0F0200690F02007F0F02003D
:100DE0008D0F02003110020031100200311002009C
:100DF0009B0F0200BB0F020031100200D10F020056
:100E0000F10F020031100200311002000710020041
:100E1000311002000F100200FFF7FCFC03461A46D7
:100E2000559B1A7005E1FFF7B7FD0346002B03D170
:100E3000FFF7A0FD509003E0FFF7A8FD0346509395
:100E4000509BDAB2559B1A70509B1A0A559B01337E
:100E5000D2B21A70EDE0FFF7A5FD03461A46559B86
:100E60001A70E6E0FFF7A4FD0346DAB2559B1A704C
:100E7000DFE0FBF7A1FF0346ADF83631BDF93631AF
:100E800013F1800F0BDBBDF936313F2B07DCBDF8CA
:100E90003631DBB24033DAB2559B1A700FE0BDF940
:100EA00036313F2B03DD559B7F221A7007E0BDF9D9
:100EB000363113F1800F02DA559B80221A70FBF74E
:100EC00071FF0346DAB2559B01339200D2B21A7019
:100ED000AFE0FFF7ABFA0346534AA2FB0323DB0A5A
:100EE0004E934E9BDAB2559B1A704E9B1A0A559B35
:100EF0000133D2B21A709CE056ABA3F5A273184628
:100F00004FF484731A460021EBF7E6F905AB184657
:100F100000F0B2FAFBF779FB024656ABA3F5A273D9
:100F2000D3F8F8304149A1FB03139B09D31A3E4A79
:100F3000A2FB0323DB0A4F934F9BDAB2559B1A7037
:100F40004F9B1A0A559B0133D2B21A7071E00822E6
:100F500000215598EBF7C0F96BE0FFF7FBFA034669
:100F60001A46559B1A7064E04BAB1846FBF7A6FF78
:100F70004BAB08221946559809F0D3F859E0FFF712
:100F80008BFA03461A46559B1A7052E0FFF7E8FAAF
:100F900003461A46559B1A704BE0FBF7CDFF0346FC
:100FA000DAB2559B1A70FBF7C7FF03461B0A9AB2C9
:100FB000559B0133D2B21A703BE049AB1846FBF7A0
:100FC00037FF49AB08221946559809F0AAF830E0D6
:100FD000FBF7BCFF0346DAB2559B1A70FBF7B6FF6E
:100FE00003461B0A9AB2559B0133D2B21A7020E015
:100FF00047AB00221A605A6047AB08221946559841
:1010000009F08FF815E05598FFF7E2FA11E05598CE
:10101000FFF710FC0DE000BF103300101533001077
:101020002019001014330010C5B3A291D34D6210E3
:1010300000BF529B1B781A461A4B9B5C1A46559B65
:101040001344559356ABA3F5A673559A1B68D21A51
:1010500056ABA3F251131B789A4202DC559B549372
:1010600003E001238DF847310AE0529B1B780133DE
:10107000DAB2529B1A70529B1B781B2B7FF680AE04
:1010800056ABA3F5A673549A1B68D31ADAB256ABC3
:10109000A3F5A8731B681A709DF84731184656B01F
:1010A00010BD00BF8CA10300044B1B78012B0CBFAB
:1010B00001230023DBB21846704700BF093300103C
:1010C00000B587B0034600918DF8073013468DF8C0
:1010D00006309DF80730032B0FD89DF80730032BFF
:1010E00003D19DF80630102B07D19DF80730022B55
:1010F00005D89DF80630002B01D0002371E1AD4AE0
:101100009DF807301370FF238DF817309DF80730D6
:10111000032B00F25C8101A252F823F02D11020092
:101120003B11020049110200571102000020FBF799
:10113000FDFD03468DF817304BE10120FBF7F6FD6E
:1011400003468DF8173044E10220FBF7EFFD03461C
:101150008DF817303DE1FBF7DBFE0346ADF81230AA
:1011600002AB00221A605A6000238DF8163000236B
:101170008DF8153012E19DF81530009A13441B7854
:101180000F2B01D900232CE1BDF812309DF815205A
:1011900000990A441278134103F00103002B00F078
:1011A000F8809DF8163001338DF816309DF8153013
:1011B000009A13441B78002B0BD1029B029A120F4A
:1011C0000F2A02D04FF0805200E000221344029315
:1011D000DFE09DF81530009A13441B78012B0DD1E8
:1011E000029B029A02F07062B2F1706F02D04FF06F
:1011F000807200E0002213440293CAE09DF815308B
:10120000009A13441B78022B0DD1029B029A02F420
:101210007002B2F5700F02D04FF4801200E000228D
:1012200013440293B5E09DF81530009A13441B78DF
:10123000032B0DD1029B029A02F47022B2F5702F9B
:1012400002D04FF4803200E0002213440293A0E069
:101250009DF81530009A13441B78042B0DD1029B86
:10126000029A02F47042B2F5704F02D04FF48052ED
:1012700000E00022134402938BE09DF81530009AA1
:1012800013441B78052B0DD1029B029A02F4706265
:10129000B2F5706F02D04FF4807200E00022134468
:1012A000029376E09DF81530009A13441B78062BC4
:1012B0000BD1029B029A02F0F002F02A01D0102218
:1012C00000E000221344029363E09DF81530009A79
:1012D00013441B78072B0BD1029B029A02F00F02DA
:1012E0000F2A01D0012200E000221344029350E0B3
:1012F0009DF81530009A13441B78082B0BD1039BE3
:10130000039A120F0F2A02D04FF0805200E0002201
:10131000134403933DE09DF81530009A13441B7865
:10132000092B0DD1039B039A02F07062B2F1706F2A
:1013300002D04FF0807200E000221344039328E0B3
:101340009DF81530009A13441B780A2B0DD1039B8E
:10135000039A02F47002B2F5700F02D04FF48012BB
:1013600000E000221344039313E09DF81530009A27
:1013700013441B780B2B0CD1039B039A02F47022AD
:10138000B2F5702F02D04FF4803200E000221344F7
:1013900003939DF8153001338DF815309DF8153005
:1013A0000F2B7FF6E8AE9DF81630002B04D10023FA
:1013B00017E000BF8C34001002AB1846FBF7D2FCDC
:1013C0000320FBF7B3FC03468DF8173001E0002340
:1013D00007E09DF91730B3F1FF3F01D1002300E092
:1013E0000123184607B05DF804FB00BF00B585B0C7
:1013F00003900B4601928DF80B309DF80B301A4686
:1014000003991B48ECF7EEFC1A4A9DF80B3082F862
:10141000F330019B1B68174AC2F8F830019BB3F9FF
:1014200004309B001AB2134BA3F8F620019BB3F9CA
:1014300006309BB240339BB21AB20E4BA3F8F42095
:10144000019B1A7A0B4B1A70019B9A7A094B83F80D
:10145000FC20019BDB68074AC2F80031019B1A7C23
:10146000044B83F8042100BF05B05DF804FB00BF06
:10147000713300107033001000B583B001901D4B24
:10148000D3F8F820019BC3F8F8201A4BB3F9F620E3
:10149000019BA3F8F620174BB3F9F420019BA3F8A6
:1014A000F420144B1A78019B1A70124B93F8FC200D
:1014B000019B83F8FC200F4BD3F80021019BC3F85C
:1014C00000210C4B93F80421019B83F80421094B64
:1014D00093F8F320019B83F8F320019B0133054A25
:1014E00092F8F32004491846ECF77CFC00BF03B0E7
:1014F0005DF804FB703300107133001082B00346B6
:101500000A468DF8073013468DF80630074A9DF8D5
:10151000073013709DF80630142B38BF1423DAB24D
:10152000024B5A7000BF02B0704700BF1833001062
:1015300082B00190054B1A78019B1A70034B5A78C0
:10154000019B5A7000BF02B0704700BF18330010F3
:10155000054B1B78002B05D0034B1B78013BDAB2FF
:10156000014B1A7000BF70471833001000B589B0E6
:1015700001AB1C2219460020FBF784F801AB1821AF
:10158000184603F0C3F80246079B9A420DD1BDF8F6
:101590000430DAB2084B1A709DF808301AB2074BC3
:1015A0001A80039B064A136001E000F00BF800BFAD
:1015B00009B05DF804FB00BF1D1900101A190010D6
:1015C000F832001000B589B001AB00221A605A60F1
:1015D0009A60DA601A615A619A61C723ADF80430E3
:1015E00001238DF8083001AB1821184603F08EF85E
:1015F0000346079301AB1C2219460020FBF77CF839
:1016000001AB1C2219460120FBF73CF8034B0122D9
:101610001A7000BF09B05DF804FB00BF78340010F9
:10162000024B00221A7000BF704700BF1433001035
:10163000014B1B68184670472419001082B00190B6
:10164000024A019B136000BF02B0704724190010CA
:10165000014B1B78184670477834001082B003465F
:101660008DF80730034A9DF80730137000BF02B0B1
:10167000704700BF86340010014B1B781846704736
:1016800086340010014B1B88184670478E340010BA
:1016900008B5FBF79FFD0346184608BD82B0034618
:1016A0008DF80730034A9DF80730137000BF02B071
:1016B000704700BF90340010014B1B7818467047EC
:1016C0009034001082B003468DF80730034A9DF82D
:1016D0000730137000BF02B0704700BF9234001093
:1016E000024B93F900301846704700BF9234001047
:1016F000014B1B68184670479434001082B001906B
:10170000024A019B136000BF02B07047943400107E
:1017100000B585B0019000238DF80F300198FBF7DC
:10172000B1FB0346002B02D001238DF80F309DF84A
:101730000F30184605B05DF804FB000082B0019040
:10174000024A019B136000BF02B07047C034001012
:1017500082B003468DF807309DF80730012B02D187
:10176000064B1B6807E09DF80730022B02D1044BA3
:101770001B6800E00023184602B07047B834001020
:10178000BC34001008B50020FFF78EF8FBF7C6FA4E
:101790000020FFF7A3F80020FBF7B0FD0020FBF7C7
:1017A00017FC03F0DFFD00BF08BD000000B5E9B085
:1017B00068ABA3F5CE730C4A1846114640F29B1352
:1017C0001A46ECF70FFB094A68ABA3F5CE73104637
:1017D000194640F29B131A46ECF704FB0023184607
:1017E00069B05DF804FB00BF3C960300C4340010F0
:1017F00030B589B0034600918DF80730009B002B6F
:1018000001D102235FE000238DF81F3056E09DF8E0
:101810001F202E4913461B0113440B4414331B781D
:101820009DF807209A4244D19DF80730802B0BD0B9
:101830009DF80730832B07D09DF80730862B03D007
:101840009DF80730892B24D106238DF81E3003AB79
:1018500000221A605A609A60DA6003AB7F2210217E
:10186000009800F08EF803468DF81E309DF81F207A
:1018700013461B0113441033144A134405331D4609
:1018800003AC0FCC28606960AA60EB609DF81E3045
:1018900019E09DF81F2013461B01134410330B4A17
:1018A00013440533102200991846ECF79BFA0023E5
:1018B00009E09DF81F3001338DF81F309DF81F306F
:1018C000162BA4D90323184609B030BDC434001028
:1018D00000B587B00590049111461A460B46ADF845
:1018E0000E3013468DF80D309DF80D308B2B01D93D
:1018F00003230BE09DF80D10BDF80E20089B00930C
:101900000B460499059800F069FA0346184607B09B
:101910005DF804FB00B589B0059003921A460B46AA
:10192000ADF8123013468DF81130059B002B01D114
:10193000022322E006238DF81F30002306939DF832
:101940001110BDF8122006AB00930B46059900203C
:1019500000F044FA03468DF81F309DF81F30002B2D
:1019600002D09DF81F3008E0069B039A9A4202D0ED
:1019700001238DF81F309DF81F30184609B05DF81F
:1019800004FB00B5C3B003900846114642AAA2F575
:10199000827213600346ADF80A300B468DF80930A9
:1019A000039B002B05D042ABA3F582731B68002B71
:1019B00001D1022346E0BDF80A3003F00F039BB2C9
:1019C000002B01D005233DE005ABF1220021184694
:1019D000EAF782FC04AA9DF809301146184600F087
:1019E000CBF903468DF806319DF80631002B27D13F
:1019F000049B013305AA1021184602F027FD00239D
:101A00008DF8073118E09DF80731039AD0189DF83A
:101A1000073142AAA2F582721268134405AA194638
:101A200002F030FE9DF8073110338DF80731BDF814
:101A30000A30103BADF80A30BDF80A30002BE2D175
:101A40009DF80631184643B05DF804FB00B589B037
:101A500001900B468DF8033013468DF80230019B40
:101A6000002B01D1022335E006238DF81F3003AB94
:101A700000221A605A609A60DA609DF802307F2B6B
:101A800005D19DF80330082B01D0032322E003ABDE
:101A90009DF8032010210198FFF773FF03468DF88E
:101AA0001F309DF81F30002B02D09DF81F3011E031
:101AB00003AA9DF8023011461846FFF799FE034627
:101AC0008DF81F309DF81F30002B02D09DF81F307D
:101AD00000E00023184609B05DF804FB00B587B0AC
:101AE0000291019303468DF80F301346ADF80C3088
:101AF000019B002B05D0099B002B02D00A9B002BD9
:101B000001D102236CE09DF82030212B01D905235F
:101B100066E001238DF817309DF80F30FF2B02D0BF
:101B200003238DF817309DF820301A460199099843
:101B3000ECF758F9019B581C9DF820309BB2013BF3
:101B400099B2099B01339DF81720FFF71AFF03464E
:101B5000002B01D0072343E0099B0B331B78DB09E3
:101B6000DAB20A9B1A70002304939DF82030043BDC
:101B7000099A13441B7804939DF82030033B099A7B
:101B800013441B781B02049A134304939DF82030DE
:101B9000023B099A13441B781B04049A13430493D1
:101BA0009DF82030013B099A13441B781B06049AC8
:101BB000134304930A9B1B78002B0ED19DF8203011
:101BC0009BB2043B99B20123049A0998FFF7A2FE45
:101BD0000346002B03D0012302E0042300E000238E
:101BE000184607B05DF804FB82B00190019B002B02
:101BF00001D1022305E0044B019A1068516803C328
:101C00000023184602B07047C434001082B001901F
:101C1000019B002B01D1022307E0019B04491A46D6
:101C20000B4603CB106051600023184602B070478A
:101C3000C434001082B00190019B002B01D102231B
:101C400006E0054B019A08331068516803C300236E
:101C5000184602B0704700BFC434001082B0019033
:101C6000019B002B01D1022306E0019A044B0833AB
:101C700003CB106051600023184602B0704700BFCC
:101C8000C434001000B5E9B068ABA3F5D0731846B2
:101C90004FF4D0731A460021EAF71EFB68ABA3F598
:101CA000D073114A1846114640F29B131A46ECF7BE
:101CB00099F86B464FF4CE71184600F001F90246D0
:101CC00068ABA3F5D073C3F89C216B464FF4D07278
:101CD00019460320FAF710FD00F008F80023184613
:101CE00069B05DF804FB00BFC434001000B5ADF569
:101CF000517D68AB4FF4D07219460320FAF7C2FC4D
:101D000068AB4FF4CE71184600F0DAF80246D0AB5B
:101D1000A3F5D073D3F89C319A420CD1144AD0ABBE
:101D2000A3F5D0731046194640F29B131A46ECF700
:101D300059F8002316E0D0ABA3F54F730D4A1846AF
:101D4000114640F29B131A46ECF74CF8084AD0AB08
:101D5000A3F54F731046194640F29B131A46ECF751
:101D600041F8062318460DF5517D5DF804FB00BFD0
:101D7000C43400103C96030084B0034600918DF8F3
:101D8000073000238DF80F301EE09DF80F20124918
:101D900013461B0113440B4414331B789DF8072092
:101DA0009A420CD19DF80F2013461B0113441033A7
:101DB000094A13441A1D009B1A60002309E09DF88C
:101DC0000F3001338DF80F309DF80F30162BDCD912
:101DD0000323184604B07047C434001010B5D0B0C7
:101DE00050ACA4F59A74206050A8A0F59C700160D6
:101DF000194650ABA3F59D731A8050ABA3F23B1369
:101E00000A461A7050ABA3F59C731B68002B02D0D6
:101E1000529B002B01D102234EE005AB1846FDF783
:101E2000ABFE04AA50ABA3F23B131B781146184635
:101E3000FFF7A2FF03468DF83F319DF83F31002B9D
:101E400038D150ABA3F598731B685A1C05AB1146EB
:101E50001846FDF7A9FE50ABA3F59A731B68002B3B
:101E600007D050ABA3F59A7305A810221968FDF7A7
:101E7000A9FE50ABA3F59D731A8850ABA3F59C73D4
:101E800005A81968FDF79EFE05AA4BAB114618463A
:101E9000FDF752FF9DF82F311A069DF82E311B04D5
:101EA0001A439DF82D311B0213439DF82C211A4330
:101EB000529B1A609DF83F31184650B010BD00008B
:101EC00086B0019000914FF0FF3305931CE0019B19
:101ED0005A1C01921B781A46059B53400593002318
:101EE00004930EE0059B03F001035B420393059B03
:101EF0005A080399094B0B4053400593049B013347
:101F00000493049B072BEDDD009B5A1E0092002BCF
:101F1000DDDC059BDB43184606B070472083B8ED37
:101F200000B583B00190019B9B68019A126810462E
:101F300098470346184603B05DF804FB00B583B02C
:101F40000190019BDB68019A12681046984703468E
:101F5000184603B05DF804FB00B583B001900B4652
:101F60008DF80330019B5B69019A12689DF803109C
:101F7000104698470346184603B05DF804FB00007E
:101F800000B583B001900091019B1846FFF7C8FF90
:101F9000019B1846FFF7D2FF019B01211846FFF76E
:101FA000DBFF019B1B681846FFF7C8FB0199184827
:101FB00010F0A4FD16491748FAF75CFC144B164ABA
:101FC0000221134810F024FE114B144A002110483E
:101FD00010F01EFE0E4B124A01210D4810F018FEA3
:101FE0000B4B104A08210A4810F012FE084B0E4A0B
:101FF0000921074810F00CFE0C4A0549009803F02F
:1020000045F9FFF7D3FB00BF03B05DF804FB00BF49
:10201000543700102D410300C52C0200D12C0200C2
:10202000112D0200892D0200012E02001C4100101A
:1020300000B583B0FBF7DEF80346184604F00FFA4C
:1020400003468DF807309DF80730002B0AD0002199
:102050000420FEF7A7F99DF8073000221946042056
:10206000FEF73EF903F0B4FD0346184603B05DF8F1
:1020700004FB000000B58FB005900491FFF71CFB36
:102080000346002B01D0052350E1059B002B01D115
:1020900004234BE1049B002B01D1042346E10023E0
:1020A0008DF83730FEF778F903468DF836309DF815
:1020B0003630192B08D99F48FAF76CFB0120FAF744
:1020C00099FBFAF79BFA2FE19DF83630002B00F0D0
:1020D0002881FEF79FF903461A46059B5A70059B17
:1020E0005B781846FEF7C0F80346013BDAB2059B61
:1020F0009A709DF83630013BDAB2049B1A70059B4A
:102100005B78182B00F2028101A252F823F000BF85
:10211000752102000D2302000D2302002922020076
:10212000832102000D2302003D2202005122020001
:102130000D2302000D2302000D2302000D230200D7
:102140000D230200692202000D2302000D2302006C
:102150007D220200BD220200A1220200D122020043
:10216000E52202000D230200F9220200F9220200FA
:10217000F9220200FAF7E0FE03461A46059B9A8010
:10218000C5E0FBF737F8059B03F10801059B03F158
:10219000FA02142302930DF11F03019308AB00937D
:1021A000F22304F063F9BDF9263013F1800F0CDB44
:1021B000BDF926303F2B08DCBDF92630DBB24033B9
:1021C000DBB25AB2059B1A710FE0BDF926303F2BE6
:1021D00003DD059B7F221A7107E0BDF9263013F15C
:1021E000800F02DA059B80221A71BDF924305BB2A0
:1021F0009B005AB2059B5A719DF82920059B9A7144
:102200009DF82820059BDA719DF82A301A46059B17
:1022100083F8FC200B9A059BC3F800219DF8302021
:10222000059B83F8042172E0059B5B781846FEF756
:1022300039F803461A46059B1A7168E0059B5B78DE
:102240001846FEF72FF803461A46059B1A715EE002
:10225000FEF750FC0346002B14BF01230023DBB222
:102260001A46059B1A7152E0059B5B781846FEF7EB
:1022700019F803461A46059B1A7148E0059B5A1D3A
:10228000059B063319461046FBF71EF8059B5B7845
:102290001846FEF707F803461A46059B1A7136E002
:1022A000254B1A68059B9A60244B1B78184600F052
:1022B00065FC03461A46059B1A7128E0059B5B786E
:1022C0001846FDF7EFFF03461A46059B1A711EE0FC
:1022D000059B5B781846FDF7E5FF03461A46059B0C
:1022E0001A7114E0059B5B781846FDF7DBFF034687
:1022F0001A46059B1A710AE0059B5B781846FDF7A4
:10230000D1FF03461A46059B1A7100E000BF059BEA
:102310005B78002200211846FDF7E2FFFEF72AF85D
:1023200002E0059BFF225A709DF8373018460FB027
:102330005DF804FBF8A10300204100101D410010CE
:1023400000B583B00190FFF7B7F90346002B01D029
:1023500005230EE0019B002B01D1042309E0019B22
:1023600003221A70019B02225A70019B04229A7068
:102370000023184603B05DF804FB00B585B001905A
:10238000FFF79AF90346002B01D0052319E0019BC2
:10239000002B01D1042314E0FAF752FF0346039304
:1023A0009DF80C20019B1A709DF80D20019B5A701E
:1023B0009DF80E20019B9A709DF80F20019BDA700A
:1023C0000023184605B05DF804FB00B585B0019008
:1023D000FFF772F90346002B01D0052319E0019B9A
:1023E000002B01D1042314E0FAF748FF03460393BE
:1023F0009DF80C20019B1A709DF80D20019B5A70CE
:102400009DF80E20019B9A709DF80F20019BDA70B9
:102410000023184605B05DF804FB00B585B00346FF
:1024200000918DF80730FFF747F90346002B01D0E4
:1024300005230FE0009B002B01D104230AE00023B9
:102440008DF80F30FFF74CF903461A46009B1A70BF
:102450009DF80F30184605B05DF804FB00B583B059
:1024600003460A468DF8073013468DF80630FFF70D
:1024700023F90346002B01D0052310E09DF9063017
:1024800013F11E0F03DB9DF906301E2B01DD042323
:1024900005E09DF906301846FFF714F900231846A9
:1024A00003B05DF804FB00B585B0034600918DF8DC
:1024B0000730FFF701F90346002B01D005230FE099
:1024C000009B002B01D104230AE000238DF80F307C
:1024D000FEF7A0F903461A46009B1A609DF80F30DC
:1024E000184605B05DF804FB00B585B00190FFF714
:1024F000E3F80346002B01D0052311E000238DF8FB
:102500000F30019B002B05D0FAF77FF80246019BA4
:10251000134400E000231846FFF790F89DF80F30B1
:10252000184605B05DF804FB00B585B00346009180
:102530008DF80730FFF7C0F80346002B01D00523C4
:102540001BE0009B002B01D1042316E000238DF833
:102550000F30FEF71FF80346002B03D005238DF83C
:102560000F3008E00098FAF7BEFC0346002B02D0BB
:1025700006238DF80F309DF80F30184605B05DF832
:1025800004FB00B585B0034600918DF80730FFF7D6
:1025900093F80346002B01D005231BE0009B002B82
:1025A00001D1042316E000238DF80F30FDF7F2FF70
:1025B0000346002B03D005238DF80F3008E0009868
:1025C000FAF74BFC0346002B02D006238DF80F30A0
:1025D0009DF80F30184605B05DF804FB00B585B0D6
:1025E000034600918DF80730FFF766F80346002B8D
:1025F00001D005231BE0009B002B01D1042316E032
:1026000000238DF80F30FDF7C5FF0346002B03D0E4
:1026100005238DF80F3008E00098FFF779F803469E
:10262000002B02D006238DF80F309DF80F3018468E
:1026300005B05DF804FB00B583B003460A468DF88B
:10264000073013468DF80630FFF736F80346002BA7
:1026500001D0052333E09DF80630022B25D0022B54
:102660002ADC002B02D0012B07D025E00020FAF74E
:1026700045FE0020FAF7ACFC20E0FAF71BFE03460B
:1026800083F00103DBB2002B01D0062317E0FDF736
:1026900081FF0346022B01D0062310E00120FAF748
:1026A0002DFE0020FAF794FC08E00020FAF726FE41
:1026B0000120FAF78DFC01E0042300E00023184616
:1026C00003B05DF804FB00B583B003460A468DF8FD
:1026D000073013468DF80630FEF7EEFF0346002B59
:1026E00001D0052311E0FDF755FF0346002B01D073
:1026F00005230AE09DF806301846FDF737FF03462C
:10270000002B01D1042300E00023184603B05DF83C
:1027100004FB00B585B0034600928DF807300B46E8
:102720008DF80630FEF7C8FF0346002B01D00523C5
:1027300047E000238DF80F309DF80630032B0FD1B2
:10274000009B002B01D104233BE09DF806301022B2
:1027500000991846FEF7B4FC03468DF80E3019E0D8
:102760009DF80630002B07D09DF80630012B03D0D2
:102770009DF80630022B0AD19DF806300022009900
:102780001846FEF79DFC03468DF80E3002E000234C
:102790008DF80E309DF80630012B07D09DF80630DD
:1027A000022B03D09DF80630032B01D1FAF73CFC35
:1027B0009DF80E30002B02D104238DF80F309DF8C8
:1027C0000F30184605B05DF804FB00B585B0034630
:1027D0000A468DF8073013468DF80630FEF76CFF79
:1027E0000346002B01D0052332E000238DF80F3083
:1027F00000238DF80E309DF80730032B03D89DF889
:1028000006303F2B03D904238DF80F301EE09DF9CD
:1028100007309B015AB29DF9063003F03F035BB2CB
:1028200013435BB28DF80E309DF80E301846FDF75D
:102830001FFE0346002B03D104238DF80F3005E063
:10284000FDF730FE03461846FDF7F2FE9DF80F3007
:10285000184605B05DF804FB00B585B003468DF859
:102860000730FEF729FF0346002B01D005232AE09D
:1028700000238DF80F30FAF7A9FA0346012B03D194
:1028800006238DF80F301CE0FDF784FE0346002B75
:1028900003D005238DF80F3013E0FEF72BF9034624
:1028A000FF2B03D106238DF80F300AE0FEF7FCFB67
:1028B0000346012B03D106238DF80F3001E0FDF70D
:1028C00097FE9DF80F30184605B05DF804FB00B583
:1028D00083B003468DF80730FEF7EEFE0346002B6B
:1028E00001D0052302E0FEF74DFF0023184603B098
:1028F0005DF804FB00B587B0029303468DF80F30F6
:102900000B468DF80E3013468DF80D30FEF7D4FED1
:102910000346002B01D0052319E0029B002B01D1B7
:10292000042314E000238DF817309DF820309DF823
:102930000D109DF80E000022019200220092029AD2
:1029400000F08EF803468DF817309DF817301846C2
:1029500007B05DF804FB00B585B003460A468DF864
:10296000073013468DF80630FEF7A6FE0346002B0F
:1029700001D0052315E000238DF80F309DF80630B7
:102980001846FAF763FBFFF77DF99DF8063083F0F0
:102990000103DBB2002B02D0012000F03BFF9DF8C9
:1029A0000F30184605B05DF804FB00B583B0034650
:1029B0000A468DF8073013468DF80630FEF77CFE88
:1029C0000346002B01D005230AE09DF80630184687
:1029D000FAF716FC0346002B01D1002300E0042384
:1029E000184603B05DF804FB00B583B00190FEF714
:1029F00063FE0346002B01D0052303E00198FAF79C
:102A000011FC0023184603B05DF804FB00B583B049
:102A100001238DF80730FEF76DF80346002B03D035
:102A200000238DF8073015E0FEF73EFB0346012B2F
:102A300003D100238DF807300CE0FDF7ABFD034612
:102A4000022B07D0FAF7C2F90346002B02D100236C
:102A50008DF807309DF80730184603B05DF804FB89
:102A600000B589B000921A4603468DF807300B4630
:102A70008DF8063013468DF8053000238DF81F3091
:102A8000FFF7C4FF034683F00103DBB2002B03D042
:102A900006238DF81F3069E09DF80730002B03D026
:102AA0009DF80730DF2B04D9FAF744FB0346002BCF
:102AB00007D0FDF749FD03461A469DF807309342BB
:102AC00003D104238DF81F3050E09DF82830002BEF
:102AD00006D000238DF810300020FAF74BFA02E000
:102AE00001238DF810309DF82C30022B19D0022BC9
:102AF0001DDC002B02D0012B0DD018E09DF8053015
:102B00001A4600991C48EBF76DF900238DF8083040
:102B1000194B05930DE00E238DF80830009B0593AB
:102B200007E0009B05930F238DF8083001E0062392
:102B30001EE09DF807308DF8113001238DF812301A
:102B40009DF806308DF819309DF805308DF8183055
:102B5000F9F75BFD0346039302AB184602F046FC0F
:102B60000346002B02D006238DF81F309DF81F303E
:102B7000184609B05DF804FB6036001084B00346C7
:102B80008DF8073009238DF80F309DF807300A2B98
:102B90003CD801A252F823F0C52B0200CD2B020035
:102BA000D52B0200DD2B0200E52B0200ED2B0200ED
:102BB0000D2C02000D2C0200F52B0200FD2B020053
:102BC000052C020000238DF80F3023E001238DF83F
:102BD0000F301FE002238DF80F301BE003238DF828
:102BE0000F3017E004238DF80F3013E005238DF824
:102BF0000F300FE006238DF80F300BE007238DF820
:102C00000F3007E008238DF80F3003E009238DF81B
:102C10000F3000BF9DF80F30184604B0704700BF5A
:102C200084B003468DF8073009238DF80F309DF8E6
:102C300007300A2B3CD801A252F823F0692C02007D
:102C4000712C0200792C0200812C0200892C0200D8
:102C5000912C0200B12C0200B12C0200992C020030
:102C6000A12C0200A92C020000238DF80F3023E0D4
:102C700001238DF80F301FE002238DF80F301BE089
:102C800003238DF80F3017E004238DF80F3013E085
:102C900005238DF80F300FE006238DF80F300BE081
:102CA00007238DF80F3007E008238DF80F3003E07D
:102CB00009238DF80F3000BF9DF80F30184604B07F
:102CC000704700BF82B0019000BF02B070470000A3
:102CD00000B585B00190019B0393039B93F8841981
:102CE000094B0A4A039810F099F9074B1B780A2BF5
:102CF00004D000211220FDF755FB00E000BF00BF0B
:102D000005B05DF804FB00BF1D410010204100101C
:102D100000B589B00190019B079305AB00221A60B2
:102D20005A60002304930023ADF80E300DF10D031B
:102D300004AA0121079810F071F90DF10E031A464B
:102D40000121079810F098F900238DF81430049BA6
:102D500006939DF80D301846FFF762FF03468DF885
:102D60001530BDF80E30ADF81630064B1B68002B41
:102D700004D0044B1B6805AA1046984700BF09B051
:102D80005DF804FB2441001000B589B00190019B5F
:102D9000079305AB00221A605A60002304930023B6
:102DA000ADF80E300DF10D0304AA0821079810F0BC
:102DB00035F90DF10E031A460821079810F05CF959
:102DC00001238DF81430049B06939DF80D301846AE
:102DD000FFF726FF03468DF81530BDF80E30ADF82D
:102DE0001630064B1B68002B04D0044B1B6805AA49
:102DF0001046984700BF09B05DF804FB2841001059
:102E000000B589B00190019B079305AB00221A60C1
:102E10005A60002304930023ADF80E300DF10D032A
:102E200004AA0921079810F0F9F80DF10E031A46CB
:102E30000921079810F020F902238DF81430049B23
:102E400006939DF80D301846FFF7EAFE03468DF80D
:102E50001530BDF80E30ADF81630064B1B68002B50
:102E600004D0044B1B6805AA1046984700BF09B060
:102E70005DF804FB2C41001082B003460A468DF831
:102E8000073013468DF806309DF806300C2B59D8C4
:102E900001A252F823F000BF412F0200412F02008F
:102EA000412F0200412F0200412F0200192F020082
:102EB000F92E0200E12E0200E12E0200D12E0200C6
:102EC000E12E0200CD2E0200E12E020000233AE0A6
:102ED0009DF807300C2B01D1012334E0002332E0B0
:102EE0009DF807300C2B03D09DF807300B2B01D138
:102EF000012328E0002326E09DF807300C2B07D0A3
:102F00009DF807300B2B03D09DF807300A2B01D119
:102F1000012318E0002316E09DF807300C2B0BD09E
:102F20009DF807300B2B07D09DF807300A2B03D0F4
:102F30009DF80730092B01D1012304E0002302E0B2
:102F4000012300E00023184602B0704700B583B0AB
:102F50000190019B9B68019A1268104698470346AE
:102F6000184603B05DF804FB00B583B00190019BE7
:102F7000DB68019A1268104698470346184603B06A
:102F80005DF804FB00B583B001900B468DF803306B
:102F9000019B5B69019A12689DF8031010469847DF
:102FA0000346184603B05DF804FB00B583B00190FA
:102FB000019BDB6B019A126810469847034618463E
:102FC00003B05DF804FB00B585B003900291019257
:102FD000039BD3F8A03001990298984703461846FE
:102FE00005B05DF804FB00B585B003900291019235
:102FF000039BD3F8A43001990298984703461846DA
:1030000005B05DF804FB00B583B001900091019B11
:10301000D3F8F4300099019898470346184603B056
:103020005DF804FB08B5FEF747FB0346002B01D013
:1030300005232DE0FDF7AEFA0346002B01D0062351
:1030400026E00120FEF72AFB4FF48A720021114886
:10305000E9F742F9FEF74CFB03460E4A1360FAF714
:10306000C3F803460B4A5360F9F79EFF03461A461E
:10307000084B1A72074B1B68064A127A114618460B
:103080000FF012FE034B1B681846F9F785FC00236E
:10309000184608BD3041001008B5FEF70DFB034689
:1030A00083F00103DBB2002B01D0042317E000F012
:1030B0001BF80346002B01D0062310E0094B1B68C8
:1030C000084A127A114618460FF0EEFD054B1B68B0
:1030D0001846F9F761FC0020FEF7E0FA00231846D5
:1030E00008BD00BF3041001008B5FEF7E5FA034601
:1030F00083F00103DBB2002B01D004230AE0064B6E
:103100001B68054A127A114618460FF02FFF00F08F
:1031100049FB0023184608BD3041001030B5C1B04E
:10312000059003921A460B468DF8133013468DF81E
:103130001230FEF7C1FA034683F00103DBB2002B25
:1031400001D0042362E1B34B5B68039918460AF08F
:10315000B3F80346002B01D0042357E19DF810314A
:10316000082B01D9042351E19DF81431062B01D914
:1031700004234BE19DF81831062B01D9042345E1C6
:1031800038AB00221A605A609A60DA601A615A619C
:103190009A6117AB842200211846E9F79DF89D4BF0
:1031A0001B7A8DF8E03001238DF8EA309DF810315C
:1031B000002B60D107AB2C2200211846E9F78CF8D0
:1031C000039B0F939DF812308DF84730914B5B684D
:1031D000184609F047FF03460E9301238DF8463049
:1031E00040F2FF13ADF8443041F60F53ADF84030D4
:1031F00041F22103ADF8423001238DF831309DF8C2
:1032000013308DF832302823ADF82C3018238DF888
:103210002F3001238DF8343004238DF8333046F2FB
:10322000A81308934CF2503307937B4B0993042364
:103230008DF8283000238DF85C3018AC07AD0FCD29
:103240000FC40FCD0FC495E8070084E807000323DF
:103250008DF8E130714B39936E4B1B68D3F8C03950
:10326000184617AB1A1D17AB14331946FFF7BBFEF0
:1032700003463E935DE012AB142200211846E9F7A5
:103280002BF8039B15939DF812308DF85830614B45
:103290005B68184609F0DCFE03468DF85930479B01
:1032A0009BB2ADF84C3000238DF84E309DF81330B2
:1032B0008DF84F3001238DF8503000238DF85130B8
:1032C0009DF81031564AD35C8DF848309DF8143182
:1032D000544AD35C8DF849309DF81831524AD35C7A
:1032E0008DF84A309DF848309DF84920114618461F
:1032F000FFF7C2FD03468DF84B3001238DF85C309B
:1033000018AC12AD0FCD0FC42B68236002238DF8CB
:10331000E130464B39933F4B1B68D3F8C039184610
:1033200017AB1A1D17AB08331946FFF74CFE0346BF
:103330003E93FFF7D9FE0346002B01D0062365E03C
:103340009DF8203183F00103DBB2002B10D0314B0C
:103350001B68304A127A114618460FF0A5FC2D4B17
:1033600018682C4B197A2B4B314A0FF051FC0FE0A7
:10337000284B1B68274A127A114618460FF094FC16
:10338000244B1868234B197A224B2A4A0FF040FC31
:10339000059B002B1DD11F4B012283F81021002318
:1033A0008DF8FF300EE0F9F751FA02469DF8FF3034
:1033B000D1B2184A13440A465A729DF8FF300133BD
:1033C0008DF8FF309DF8FF209DF813309A42EAD324
:1033D0000AE0104B002283F810219DF813301A46A2
:1033E00005991548EAF7FEFCF9F715F90346143379
:1033F0003B93084B18689DF813309AB238A917AB65
:10340000009313460C4A0FF0ADFC0023184641B060
:1034100030BD00BF30410010A08601007D71020068
:1034200010A203001CA2030024A20300A570020046
:103430006B380200753802003941001030B5B3B066
:1034400003900B468DF80B30FEF736F9034683F0F8
:103450000103DBB2002B01D0042362E0324B5B6836
:103460000399184609F028FF0346002B01D00423D6
:1034700057E02DAB142200211846E8F72DFF039BDF
:1034800030939DF80B308DF8C4300C238DF8B43098
:103490000C238DF8B530244B5B68184609F0BFFD4E
:1034A00003468DF8B630204B5B68184609F0D0FD16
:1034B00003468DF8C5300CAB842200211846E8F78E
:1034C0000BFF01238DF830300DAC2DAD0FCD0FC4A7
:1034D0002B68236005AB00221A605A609A60DA609C
:1034E0001A615A619A61104B1B7A8DF814300123CE
:1034F0008DF81E30F9F78FF80346023308934FF426
:10350000FA630B9300238DF81530084B0693064B96
:10351000186805A90CAB0093002300220FF022FCD1
:103520000023184633B030BD30410010F13A02009C
:1035300030B5BDB00390084611461A4603468DF8D3
:103540000B300B468DF80A3013468DF80930FEF724
:10355000B3F8034683F00103DBB2002B01D0042350
:103560000BE1874B5B680399184609F0A5FE0346FB
:10357000002B01D0042300E19DF80B30082B01D96A
:103580000423FAE09DF80A30062B01D90423F4E065
:103590009DF80930062B01D90423EEE0784B002278
:1035A000C3F80C211BAB842200211846E8F794FED7
:1035B0004FF0FF33329314AB00221A605A609A60C6
:1035C000DA601A615A619A616D4B1B7A8DF850303E
:1035D00001238DF85A309DF80B30002B4DD104ABF0
:1035E0002C2200211846E8F777FE039B0C93644BCE
:1035F0005B68184609F036FD03460B9301238DF8EE
:103600003A3040F2FF13ADF8383041F60F53ADF8C1
:10361000343041F22103ADF8363001238DF82530E6
:10362000FF238DF826302823ADF8203018238DF89D
:10363000233001238DF8283004238DF8273046F2FB
:10364000A81305934CF2503304934E4B0693042376
:103650008DF81C3000238DF86C3027AC04AD0FCDF5
:103660000FC40FCD0FC495E8070084E807000123BD
:103670008DF85130444B159356E00FAB14220021C6
:103680001846E8F729FE039B12933D4B5B681846EA
:1036900009F0DEFC03468DF84D3000238DF84E30E6
:1036A000374B5A689DF80B303849CB5C19461046A9
:1036B00009F0B4FA0346ADF8403000238DF84230EB
:1036C000FF238DF8433000238DF8443000238DF81C
:1036D00045309DF80B302D4AD35C8DF83C309DF879
:1036E0000A302B4AD35C8DF83D309DF80930294AC9
:1036F000D35C8DF83E309DF83C309DF83D2011465E
:103700001846FFF7B9FB03468DF83F3001238DF8CB
:103710006C3027AC0FAD0FCD0FC42B682360002396
:103720008DF851301C4B1593FFF7DEFC0346002B40
:1037300001D0062321E0124B1B68114A127A114670
:1037400018460FF0B1FA0E4B18680D4B197A0C4B56
:10375000124A0FF05DFAF8F75EFF03461433179331
:103760004FF4FA631A93064B186814A91BAB009325
:10377000FF230B4A0FF0F6FA002318463DB030BD88
:1037800030410010A0860100CD74020010A2030099
:103790001CA2030024A2030015740200FD390200DC
:1037A0003941001008B5FDF787FF034683F0010398
:1037B000DBB2002B01D0042327E0154B1B68D3F8A4
:1037C000C0391846FFF7C2FB0346002B01D0062381
:1037D0001BE00F4B1B68D3F8C0391846FFF7C4FB3A
:1037E0000346002B01D006230FE0094B1B68D3F8DA
:1037F000C03901211846FFF7C5FB0346002B01D055
:10380000062302E0F9F759F80023184608BD00BF67
:103810003041001000B583B003468DF80730FDF746
:103820004BFF0346002B01D005231AE09DF807301B
:1038300083F00103DBB2002B01D0022300E001235F
:103840001846F9F797FB0346002B09D19DF807307E
:1038500083F00103DBB21846FDF700FF002300E010
:103860000423184603B05DF804FB82B0019000BF4A
:1038700002B0704710B5AEB00390F8F7C4FE039BDA
:103880001B68039A127A134493F878378DF8B53091
:103890009DF8B5300A2B00F0AA8026AB00221A60F2
:1038A0005A609A60DA601A615A619A61039B1B7AC6
:1038B0008DF8983001238DF8A230F8F7ACFE03465E
:1038C00014332993039B1A68039B1B7A19460B46F2
:1038D0005B010B449B001344183305A80433842276
:1038E0001946EAF77FFA9DF81430012B3FD10223E5
:1038F0008DF899303F4B2793039B93F81031002BA1
:1039000018D000238DF8B7300EE0F8F79FFF02467D
:103910009DF8B730D1B2039A13440A465A729DF803
:10392000B73001338DF8B7309DF81F309DF8B720C0
:103930009A42EAD3039B1B68D3F8C039184605ABFB
:103940001A1D05AB08331946FFF73DFB03462C93C0
:10395000039B1868039B03F109029DF81F301C4666
:1039600026A905AB009323460FF0FCF940E00323A2
:103970008DF89930204B2793039B93F81031002B3F
:1039800018D000238DF8B6300EE0F8F75FFF02463E
:103990009DF8B630D1B2039A13440A465A729DF884
:1039A000B63001338DF8B6309DF82E309DF8B62034
:1039B0009A42EAD3039B1B68D3F8C039184605AB7B
:1039C0001A1D05AB14331946FFF70DFB03462C9364
:1039D000039B1868039B03F109029DF82E301C46D7
:1039E00026A905AB009323460FF0BCF900E000BF09
:1039F0002EB010BDA57002007D71020010B5AEB0F2
:103A00000390F8F700FE039B1B68039A127A134495
:103A100093F878378DF8B7309DF8B730042B07D17D
:103A2000039BD3F80C315A1C039BC3F80C2103E011
:103A30009DF8B7300A2B54D026AB00221A605A608A
:103A40009A60DA601A615A619A61039B1B7A8DF859
:103A5000983001238DF8A230F8F7DDFD03461433CA
:103A600029934FF4FA632C93039B1A68039B1B7AE8
:103A700019460B465B010B449B001344183305A801
:103A8000043384221946EAF7ADF99DF81430012B6E
:103A900013D100238DF89930134B2793039B18689B
:103AA000039B03F109029DF84B301C4626A905AB88
:103AB000009323460FF056F914E001238DF8993056
:103AC0000A4B2793039B1868039B03F109029DF897
:103AD0005A301C4626A905AB009323460FF042F945
:103AE00000E000BF2EB010BD15740200CD740200BE
:103AF00000B585B00190019B0393039B93F8843933
:103B00008DF80B30039BD3F8C0391846FFF72CFA19
:103B10000346002B04D040F28D311648F8F780FEA2
:103B2000039BD3F8C0099DF80B2013465B01134497
:103B30009B001833039A134408331946FFF763FABE
:103B40000346002B04D040F28E310A48F8F768FE95
:103B5000039BD3F8C0391846FFF727FA0346002B1A
:103B600004D040F28F310348F8F75AFE00BF05B089
:103B70005DF804FB2CA2030082B001900091009B31
:103B80001A78019B1A70019B0133009A52781A70BF
:103B9000019B0233009A92781A70019B0333009ABA
:103BA000D2781A70019B0433009A12791A70019B23
:103BB0000533009A52791A70019B0633009A927964
:103BC0001A70019B0733009AD2791A70019B08334F
:103BD000009A127A1A70019B0933009A527A1A706D
:103BE000019B0A33009A927A1A70019B0B33009A58
:103BF000D27A1A70019B0C33009A127B1A70019BC7
:103C00000D33009A527B1A70019B0E33009A927BFF
:103C10001A70019B0F33009AD27B1A7000BF02B05A
:103C2000704784B00390029113468DF8073007E087
:103C3000029A531C0293039B591C039112781A7029
:103C40009DF807305A1E8DF80720002BF0D100BFD9
:103C500000BF04B0704782B001900091019B1A78B8
:103C6000009B1B785340DAB2019B1A70019B013311
:103C70001978009B01331A78019B01334A40D2B274
:103C80001A70019B02331978009B02331A78019B4A
:103C900002334A40D2B21A70019B03331978009B59
:103CA00003331A78019B03334A40D2B21A70019B46
:103CB00004331978009B04331A78019B04334A407B
:103CC000D2B21A70019B05331978009B05331A781C
:103CD000019B05334A40D2B21A70019B0633197812
:103CE000009B06331A78019B06334A40D2B21A7001
:103CF000019B07331978009B07331A78019B073320
:103D00004A40D2B21A70019B08331978009B0833DD
:103D10001A78019B08334A40D2B21A70019B0933CA
:103D20001978009B09331A78019B09334A40D2B2B3
:103D30001A70019B0A331978009B0A331A78019B89
:103D40000A334A40D2B21A70019B0B331978009B98
:103D50000B331A78019B0B334A40D2B21A70019B85
:103D60000C331978009B0C331A78019B0C334A40B2
:103D7000D2B21A70019B0D331978009B0D331A785B
:103D8000019B0D334A40D2B21A70019B0E33197851
:103D9000009B0E331A78019B0E334A40D2B21A7040
:103DA000019B0F331978009B0F331A78019B0F3357
:103DB0004A40D2B21A7000BF02B0704784B003907C
:103DC00002910192029B1A78019B1B785340DAB250
:103DD000039B1A70029B01331978019B01331A78F7
:103DE000039B01334A40D2B21A70029B0233197806
:103DF000019B02331A78039B02334A40D2B21A70F5
:103E0000029B03331978019B03331A78039B033316
:103E10004A40D2B21A70029B04331978019B0433D2
:103E20001A78039B04334A40D2B21A70029B0533BE
:103E30001978019B05331A78039B05334A40D2B2A7
:103E40001A70029B06331978019B06331A78039B7C
:103E500006334A40D2B21A70029B07331978019B8D
:103E600007331A78039B07334A40D2B21A70029B79
:103E700008331978019B08331A78039B08334A40AA
:103E8000D2B21A70029B09331978019B09331A7850
:103E9000039B09334A40D2B21A70029B0A33197845
:103EA000019B0A331A78039B0A334A40D2B21A7034
:103EB000029B0B331978019B0B331A78039B0B334E
:103EC0004A40D2B21A70029B0C331978019B0C3312
:103ED0001A78039B0C334A40D2B21A70029B0D33FE
:103EE0001978019B0D331A78039B0D334A40D2B2E7
:103EF0001A70029B0E331978019B0E331A78039BBC
:103F00000E334A40D2B21A70029B0F331978019BCC
:103F10000F331A78039B0F334A40D2B21A7000BF96
:103F200004B0704700B583B00190009100990198EA
:103F3000FFF791FE00BF03B05DF804FB84B0019071
:103F4000019B1B781A464B4B9A5C019B1A70019B94
:103F500004331B781946019B0433464A525C1A709D
:103F6000019B08331B781946019B0833414A525C78
:103F70001A70019B0C331B781946019B0C333D4A88
:103F8000525C1A70019B5B788DF80F30019B0533F2
:103F90001B781946019B0133364A525C1A70019B0B
:103FA00009331B781946019B0533324A525C1A705B
:103FB000019B0D331B781946019B09332D4A525C36
:103FC0001A709DF80F20019B0D332A498A5C1A70E4
:103FD000019B9B788DF80F30019B0A331B781946A3
:103FE000019B0233234A525C1A709DF80F20019BFB
:103FF0000A3320498A5C1A70019B9B798DF80F3037
:10400000019B0E331B781946019B0633194A525CFB
:104010001A709DF80F20019B0E3316498A5C1A70A6
:10402000019BDB7B8DF80F30019B0B331B7819460E
:10403000019B0F330F4A525C1A70019B07331B78A8
:104040001946019B0B330B4A525C1A70019B0333D8
:104050001B781946019B0733064A525C1A709DF87B
:104060000F20019B033303498A5C1A7000BF04B020
:10407000704700BF4CA2030000B587B0019002ABAF
:1040800001991846FFF778FD9DF808301A46B44BA1
:104090009A5C9DF80D301946B24B5B5C5340DAB226
:1040A0009DF812301946B04B5B5C5340DAB29DF874
:1040B00017301946AC4B5B5C5340DAB2019B1A7067
:1040C0009DF808301A46A84B9A5C9DF80D301946A9
:1040D000A34B5B5C5340DAB29DF812301946A14BFA
:1040E0005B5C5340D9B29DF817301A469E4B9A5CE0
:1040F000019B01334A40D2B21A709DF808301A462B
:10410000994B9A5C9DF80D301946974B5B5C534078
:10411000DAB29DF812301946914B5B5C5340D9B22C
:104120009DF817301A468F4B9A5C019B02334A4028
:10413000D2B21A709DF808301A468A4B9A5C9DF8E4
:104140000D301946884B5B5C5340DAB29DF8123053
:104150001946854B5B5C5340D9B29DF817301A461F
:104160007F4B9A5C019B03334A40D2B21A709DF890
:104170000C301A467A4B9A5C9DF811301946794BEF
:104180005B5C5340DAB29DF816301946764B5B5CA7
:104190005340D9B29DF80B301A46734B9A5C019B81
:1041A00004334A40D2B21A709DF80C301A466E4B56
:1041B0009A5C9DF811301946694B5B5C5340DAB24A
:1041C0009DF816301946674B5B5C5340D9B29DF899
:1041D0000B301A46644B9A5C019B05334A40D2B2BD
:1041E0001A709DF80C301A465F4B9A5C9DF811309E
:1041F00019465D4B5B5C5340DAB29DF816301946A8
:10420000574B5B5C5340D9B29DF80B301A46554B67
:104210009A5C019B06334A40D2B21A709DF80C306A
:104220001A46504B9A5C9DF8113019464E4B5B5C18
:104230005340DAB29DF8163019464B4B5B5C534045
:10424000D9B29DF80B301A46454B9A5C019B073357
:104250004A40D2B21A709DF810301A46404B9A5C10
:104260009DF8153019463F4B5B5C5340DAB29DF820
:104270000A3019463C4B5B5C5340D9B29DF80F3075
:104280001A46394B9A5C019B08334A40D2B21A70E5
:104290009DF810301A46344B9A5C9DF8153019463B
:1042A0002F4B5B5C5340DAB29DF80A3019462D4B18
:1042B0005B5C5340D9B29DF80F301A462A4B9A5C8A
:1042C000019B09334A40D2B21A709DF810301A4649
:1042D000254B9A5C9DF815301946234B5B5C534087
:1042E000DAB29DF80A3019461D4B5B5C5340D9B2D7
:1042F0009DF80F301A461B4B9A5C019B0A334A40CB
:10430000D2B21A709DF810301A46164B9A5C9DF87E
:1043100015301946144B5B5C5340DAB29DF80A30F5
:104320001946114B5B5C5340D9B29DF80F301A46C9
:104330000B4B9A5C019B0B334A40D2B21A709DF82A
:1043400014301A46064B9A5C9DF809301946054B05
:104350005B5C5340DAB29DF80E30194606E000BFB0
:104360004CA303004CA403004CA20300344B5B5C41
:104370005340D9B29DF813301A46314B9A5C019BD9
:104380000C334A40D2B21A709DF814301A462C4BA6
:104390009A5C9DF8093019462A4B5B5C5340DAB2AF
:1043A0009DF80E301946284B5B5C5340D9B29DF8FE
:1043B00013301A46224B9A5C019B0D334A40D2B20D
:1043C0001A709DF814301A461D4B9A5C9DF80930FE
:1043D00019461B4B5B5C5340DAB29DF80E30194610
:1043E000184B5B5C5340D9B29DF813301A46164BFC
:1043F0009A5C019B0E334A40D2B21A709DF8143079
:104400001A46114B9A5C9DF8093019460C4B5B5CBF
:104410005340DAB29DF80E301946094B5B5C5340AD
:10442000D9B29DF813301A46064B9A5C019B0F33A4
:104430004A40D2B21A7000BF07B05DF804FB00BF5B
:104440004CA203004CA303004CA4030000B587B0AA
:1044500003900B4601928DF80B309DF80B30103B0A
:10446000102B8CBF01220022D2B2002A0BD1834A2A
:1044700022FA03F303F00103002B14BF01230023EE
:10448000DBB2002B05D1019B002283F8F020FF2333
:10449000EFE000BF019B9DF80B2003991846FFF742
:1044A000C0FB9DF80B301C33DBB29B008DF8113044
:1044B0009DF811301B09DBB2013BDAB2019B83F896
:1044C000F0209DF80B308DF8173001238DF8163051
:1044D000C7E09DF81730043B019AD35C8DF8153086
:1044E0009DF81730033B019AD35C8DF814309DF88A
:1044F0001730023B019AD35C8DF813309DF81730CA
:10450000013B019AD35C8DF812309DF817309DF86D
:104510000B20B3FBF2F101FB02F29B1ADBB2002B82
:1045200035D19DF815308DF810309DF81430544A6F
:10453000D25C9DF8163053408DF815309DF813303D
:104540004F4AD35C8DF814309DF812304C4AD35C3E
:104550008DF813309DF81030494AD35C8DF8123035
:104560009DF916305B005AB29DF81630DB09DBB2BC
:104570005BB2194649000B441946C8001946034668
:104580000B445BB253405BB28DF8163027E09DF8C8
:104590000B30182B23D99DF817309DF80B20B3FB57
:1045A000F2F101FB02F29B1ADBB2102B17D19DF83E
:1045B0001530334AD35C8DF815309DF81430304AED
:1045C000D35C8DF814309DF813302D4AD35C8DF8F0
:1045D00013309DF812302A4AD35C8DF812309DF8C2
:1045E00017209DF80B30D31A8DF810309DF810303D
:1045F000019AD15C9DF817309DF815204A40D1B240
:10460000019AD1549DF810300133019AD15C9DF884
:10461000173001339DF814204A40D1B2019AD15489
:104620009DF810300233019AD15C9DF817300233A7
:104630009DF813204A40D1B2019AD1549DF8103010
:104640000333019AD15C9DF8173003339DF8122093
:104650004A40D1B2019AD1549DF8173004338DF8F5
:1046600017309DF817209DF811309A42FFF431AFB2
:104670000023184607B05DF804FB00BF01010100EC
:104680004CA2030000B58BB0039002910192019BF4
:1046900093F8F030002B33D0019A05AB03991846FC
:1046A000FFF78CFB01238DF8273012E005AB18468D
:1046B000FFF7E2FC019B9DF8272012011A4405AB8D
:1046C00011461846FFF72EFC9DF8273001338DF870
:1046D0002730019B93F8F0309DF827209A42E5D3CC
:1046E00005AB1846FFF72AFC019B9DF82720120115
:1046F0001A4405AB19460298FFF760FB002300E05F
:10470000FF2318460BB05DF804FB000086B0019053
:1047100000914FF0FF3305931CE0019B5A1C01925E
:104720001B781A46059B53400593002304930EE023
:10473000059B03F001035B420393059B5A08039911
:10474000094B0B4053400593049B01330493049B96
:10475000072BEDDD009B5A1E0092002BDDDC059B34
:10476000DB43184606B070472083B8ED0023184697
:10477000704700B583B00190182200210198E7F737
:10478000ABFD019B05221A7100BF03B05DF804FB6D
:1047900000B583B001900B468DF80330019B1B7868
:1047A00083F00103DBB2002B06D09DF80330002B11
:1047B00002D00198FFF7DDFF019B9DF803201A70DE
:1047C00000BF03B05DF804FB82B00190019B1B7831
:1047D000184602B0704782B00190019B1B791846C1
:1047E00002B0704782B00190019B5B79184602B01D
:1047F000704784B00390029101920093039B1A8941
:10480000029B1A80039BDA68019B1A60039B93F951
:104810001020009B1A7000BF04B0704782B0019056
:10482000019B9B79184602B0704782B00190019BB2
:1048300000229A7100BF02B0704782B00190019BC4
:104840005B7C184602B0704782B00190019B1B7DD3
:10485000184602B07047000010B58CB0039002916A
:10486000009313468DF8073000238DF82E300E9BF1
:1048700000221A70039B1B7883F00103DBB2002B2C
:1048800001D00023EAE3039B5B8801339AB2039BC8
:104890005A809DF80730002B01D10123DEE39DF8FB
:1048A0002E30029A13441B787F2B00F2D38301A28F
:1048B00052F823F0B54A02000D4B0200214B0200D2
:1048C000454B0200894B0200C54B0200ED4B020034
:1048D0001B4C02004D4C0200FD4C0200614D0200D9
:1048E000555002005550020055500200555002002C
:1048F000555002005550020055500200555002001C
:10490000555002005550020055500200555002000B
:1049100055500200555002005550020055500200FB
:1049200055500200555002005550020055500200EB
:1049300055500200774D02008D4D0200A34D02003C
:1049400055500200555002005550020055500200CB
:1049500055500200555002005550020055500200BB
:1049600055500200555002005550020055500200AB
:10497000555002005550020055500200555002009B
:10498000555002005550020055500200555002008B
:10499000555002005550020055500200555002007B
:1049A000555002005550020055500200555002006B
:1049B00055500200C54D020055500200E74D02005F
:1049C000514E020055500200555002005550020051
:1049D000555002005550020055500200555002003B
:1049E000555002005550020055500200555002002B
:1049F000555002005550020055500200555002001B
:104A0000555002005550020055500200555002000A
:104A100055500200555002005550020055500200FA
:104A200055500200555002005550020055500200EA
:104A300055500200555002005550020055500200DA
:104A400055500200555002005550020055500200CA
:104A500055500200555002005550020055500200BA
:104A600055500200555002005550020055500200AA
:104A7000555002005550020055500200555002009A
:104A8000555002005550020055500200555002008A
:104A9000555002005550020055500200555002007A
:104AA0005550020055500200654E0200C54E0200EE
:104AB000E54E02009DF80730012B25D10E9B1B7897
:104AC0005A1CD1B20E9A11701A46009B1344002250
:104AD0001A700E9B1B785A1CD1B20E9A11701A468E
:104AE000009B134406221A700E9B1B785A1CD1B2ED
:104AF0000E9A11701A46009B134401221A700F9BE4
:104B0000E0221A700223A9E20023A7E29DF80730F1
:104B1000012B03D1F7F772FD00239FE200239DE2F2
:104B20009DF80730012B0BD10020F8F759F9002030
:104B3000FBF7BAFEF8F7F2F8FBF75AFD00238DE217
:104B400000238BE29DF80730022B1BD1029B01331F
:104B50001B78002B03D1039B00221A7510E0029BE7
:104B600001331B78012B03D1039B01221A7507E047
:104B7000029B01331B78022B02D1039B02221A7580
:104B800007236BE2002369E29DF80730022B17D15F
:104B9000029B01331B78002B0BD1AB4B07AC0FCB27
:104BA00084E80F0007AB1A4603210120FDF7B1FD91
:104BB00004E0002200210120FDF7ABFD00234DE2BF
:104BC00000234BE29DF80730022B0DD1029B0133ED
:104BD0001B78002B03D10020FEF71CFE02E0012011
:104BE000FEF718FE002339E2002337E29DF8073074
:104BF000022B10D1029B01331B781A46934B33F8DA
:104C00001230DAB2039B1A71039B1B791846FDF729
:104C10006BFC002322E2002320E29DF80730F22BF8
:104C200012D8029B01331B78012B03D1039B002276
:104C30005A7107E0029B01331B78022B02D1039BC0
:104C400001225A71002309E2002307E29DF8073090
:104C5000F22B51D89DF80740F8F7D4F802460E9B86
:104C60001B78D31A9C4208D3F8F7CCF80346DAB283
:104C70000E9B1B78D31ADBB201E09DF807308DF84C
:104C80002D309DF82D30013B8DF82D300E9B1B787B
:104C90005A1CD1B20E9A11701A46009B1344082276
:104CA0001A7000238DF82F301BE09DF82F30013350
:104CB000029A13441B7801335A42DBB2D2B258BF76
:104CC00053420E9A1278511CC8B20E9908701146C0
:104CD000009A0A44DBB213709DF82F3001338DF82F
:104CE0002F309DF82F209DF82D309A42DDD30F9B59
:104CF000E0221A700223B1E10023AFE19DF80730F2
:104D0000012B2BD10E9B1B785A1CD1B20E9A11701D
:104D10001A46009B134409221A70039B59880E9B64
:104D20001B785A1CD0B20E9A10701A46009B13447E
:104D3000CAB21A70039B5B881B0A99B20E9B1B7840
:104D40005A1CD0B20E9A10701A46009B1344CAB275
:104D50001A700F9BE0221A7002237FE100237DE18D
:104D60009DF80730012B04D1039B00225A800023B9
:104D700074E1002372E19DF80730012B04D100207B
:104D8000FBF7EAFC032369E1002367E19DF80730A4
:104D9000012B04D10020FBF7FEFC04235EE100237D
:104DA0005CE19DF80730022B0AD1029B01331B788E
:104DB0001846F8F7D9FA0020FBF70CFD05234DE162
:104DC00000234BE19DF80730022B0AD1029B0133EF
:104DD0001B78002B14BF01230023DAB2039B5A7403
:104DE0003BE100233AE19DF80730022B2AD10E9BCC
:104DF0001B785A1CD1B20E9A11701A46009B1344AC
:104E000042221A70039B598A0E9B1B785A1CD0B2FF
:104E10000E9A10701A46009B1344CAB21A70039B74
:104E20005B8A1B0A99B20E9B1B785A1CD0B20E9A51
:104E300010701A46009B1344CAB21A700F9BE022EE
:104E40001A700AE1002309E1D89703004CA503007A
:104E50009DF80730012B03D1039B00225A82FCE00E
:104E60000023FBE09DF80730072B29D1039B01228B
:104E70009A71029B02331B781B029BB2029A013289
:104E8000127813449AB2039B1A81029B05331B7854
:104E90001A04029B04331B781B021344029A033248
:104EA00012781344642202FB03F31A46039BDA6070
:104EB000029B06331B785AB2039B1A740623CDE07B
:104EC0000023CBE09DF80730012B09D1039B002282
:104ED0001A700020F8F7BAF8F7F790FB0023BDE04E
:104EE0000023BBE09DF80730012B40F0B180F7F7BD
:104EF00089FF03460C2B40F2AF800E9B1B785A1C97
:104F0000D1B20E9A11701A46009B13447F221A7078
:104F100006AB1846FDF714FA05AB1846FDF72DFA57
:104F200004AB1846FDF751FA0E9B1B785A1CD1B200
:104F30000E9A11701A46009B13449DF818201A709F
:104F40000E9B1B785A1CD1B20E9A11701A46009B08
:104F500013449DF819201A700E9B1B785A1CD1B26D
:104F60000E9A11701A46009B13449DF81A201A706D
:104F70000E9B1B785A1CD1B20E9A11701A46009BD8
:104F8000134400221A700E9B1B785A1CD1B20E9A41
:104F900011701A46009B13449DF814201A700E9B42
:104FA0001B785A1CD1B20E9A11701A46009B1344FA
:104FB0009DF815201A700E9B1B785A1CD1B20E9AC0
:104FC00011701A46009B13449DF816201A700E9B10
:104FD0001B785A1CD1B20E9A11701A46009B1344CA
:104FE0009DF817201A700E9B1B785A1CD1B20E9A8E
:104FF00011701A46009B13449DF810201A700E9BE6
:105000001B785A1CD1B20E9A11701A46009B134499
:105010009DF811201A700E9B1B785A1CD1B20E9A63
:1050200011701A46009B13449DF812201A700E9BB3
:105030001B785A1CD1B20E9A11701A46009B134469
:105040009DF813201A700F9BE0221A70022305E0CE
:10505000002303E000BF00E000BF002318460CB0AF
:1050600010BD00BF00B593B00390029100931346AA
:105070008DF8073005AB1846F8F75EF9089B002B52
:1050800005D1039B5B8A01339AB2039B5A820DF1CF
:1050900012020DF113019DF85C301846F8F780F903
:1050A0009DF81330194602980CF085F811909DF880
:1050B0001330194602980CF0CDF803468DF84330B2
:1050C000F8F782F903461A46189BB3FBF2F31893DC
:1050D000149B1B785A1CD1B2149A11701A46009B6B
:1050E000134441221A70149B1B785A1CD1B2149A93
:1050F00011701A46009B134401221A70039B598AAF
:10510000149B1B785A1CD0B2149A10701A46009B3C
:105110001344CAB21A70039B5B8A1B0A99B2149B90
:105120001B785A1CD0B2149A10701A46009B134474
:10513000CAB21A70149B1B785A1CD1B2149A1170FF
:105140001A46009B1344189AD2B21A70189B190A77
:10515000149B1B785A1CD0B2149A10701A46009BEC
:105160001344CAB21A70189B190C149B1B785A1C52
:10517000D0B2149A10701A46009B1344CAB21A7027
:10518000149B1B785A1CD1B2149A11701A46009BBA
:1051900013449DF85C201A70149B1B785A1CD1B2E2
:1051A000149A11701A46009B13449DF854201A70EB
:1051B0009DF954301912149B1B785A1CD0B2149AC2
:1051C00010701A46009B1344CAB21A70149B1B78C5
:1051D0005A1CD1B2149A11701A46009B13449DF8C0
:1051E00058201A70149B1B785A1CD1B2149A117053
:1051F0001A46009B13449DF843201A70149B1B7899
:105200005A1CD1B2149A11701A46009B1344119A79
:10521000D2B21A70119B190A149B1B785A1CD0B277
:10522000149A10701A46009B1344CAB21A70119B4C
:10523000190C149B1B785A1CD0B2149A10701A4681
:10524000009B1344CAB21A70119B990B149B1B78D4
:105250005A1CD0B2149A10701A46009B1344CAB25A
:105260001A709DF81310149B1B781A46009B134468
:105270001A4602980BF0FCFF149B1B780733DAB236
:10528000149B1A7000BF13B05DF804FB00B585B025
:10529000039002910192284B00221A70274B0122A1
:1052A0001A70274B00221A70264B01221A70264BC7
:1052B00000221A70254A039B1360254B0A221A709C
:1052C000F22200212348E7F707F8234B01221A7046
:1052D000224B00221A70224B00221A700298F7F714
:1052E0005BFB0020F7F722FDF7F718FDFAF7D6FE73
:1052F000FAF7A2FF00F036F8FCF738F9F7F785F96E
:1053000003461846FBF79EF80298FCF7F7F9F7F703
:105310007FFA0346002B03D00120FBF791FA02E04D
:105320000020FBF78DFA00210020FBF73BF800BFBF
:1053300005B05DF804FB00BF44420010904300102C
:10534000914300102819001092430010944300105C
:1053500029190010984300102A1900108A440010DF
:105360008B44001082B00023019317E01049019A8A
:1053700013469B0013449B000B44083304221A700D
:10538000019BD8B20A49019A13469B0013449B0023
:105390000B4402461A70019B01330193019B0F2BB2
:1053A000E4DD034B042283F8412100BF02B07047C3
:1053B0004842001082B003468DF807309DF8073050
:1053C0000F2B0CD89DF80720074913469B00134468
:1053D0009B000B44083304221A70002300E00123D1
:1053E000184602B0704700BF4842001082B00190DA
:1053F000019B1B780F2B61D8019B1B781846019BE2
:105400005A68304903469B0003449B000B44043315
:105410001A60019B1B781946019B187A294A0B4692
:105420009B000B449B001344083302461A70019BF7
:105430001B781946019B587A224A0B469B000B4465
:105440009B001344093302461A70019B1B781946CE
:10545000019B987A1B4A0B469B000B449B0013440C
:105460000A3302461A70019B1B781846019BDA68C2
:10547000144903469B0003449B000B440C331A6001
:10548000019B1B781946019B187C0E4A0B469B001A
:105490000B449B001344103302461A70019B1B7887
:1054A0001946019B587C074A0B469B000B449B0006
:1054B0001344113302461A70002300E001231846FA
:1054C00002B07047484200102DE9F041C4B00246D6
:1054D00044ABA3F201131A70FF238DF80F3144ABD4
:1054E000A3F201131B780F2B00F26F8101A252F877
:1054F00023F000BF6555020035550200CB5702006E
:105500001F560200CB570200F55602001157020049
:10551000CB5702005B570200CB5702007B560200BC
:10552000435702004B5702005357020065550200D3
:1055300065550200FBF72EF80346022B04D1B14B50
:10554000042283F8412142E1FBF724F80346012BB2
:1055500040F03D81F7F75FF80346C8331846F7F788
:10556000C5FB34E144ABA3F201131A78A5491346F5
:105570009B0013449B000B4409331D7844ABA3F2FA
:1055800001131A789F4913469B0013449B000B4458
:105590000A331E7844ABA3F201131A7899491346D3
:1055A0009B0013449B000B440C331F6844ABA3F2D5
:1055B00001131A78934913469B0013449B000B4434
:1055C000103393F8008044ABA3F201131A788D498D
:1055D00013469B0013449B000B4411331B78012B93
:1055E00001D1042400E00224F7F715F80346C8337C
:1055F0000193009443463A4631462846F7F740FB6C
:1056000003468DF80F319DF90F31002B03D17E4BEE
:1056100001221A70E4E07C4B00221A70E0E0FAF7F5
:10562000B9FF0346022B40F0D480F7F7EBFB0346AB
:105630008DF80C319DF80C210DF20B1105A80123FA
:10564000FBF74EFB03461A46704B1A70FAF77CFFC5
:1056500003461D469DF80B41F6F7DDFF0346C833B0
:1056600005AA019302230093234601212846F7F758
:1056700007FB03468DF80F31ABE0FAF78BFF0346CB
:10568000022B40F0A88021238DF80E310D238DF8D8
:10569000143005AB01331846F7F794F8F7F7B2FB6F
:1056A00003468DF80D319DF80E219DF80D31934282
:1056B00028BF13468DF80E31FAF746FF03461C4605
:1056C000F6F7A9FF0346C8339DF80E1105AA01930A
:1056D000022300930B4601212046F7F7D1FA034637
:1056E0008DF80F319DF90F31002B74D10020F7F7A1
:1056F00081F870E0FBF7FEF90346012B6DD1FBF753
:1057000015FA0346013BDBB21846FBF715FA64E0D5
:1057100042AB1846FBF70CFF9DF80831002B5ED01A
:10572000F6F779FF0346C833019302230093002361
:10573000002200210020F7F7A3FA03468DF80F316D
:105740004DE00220F7F7C0FA4AE00D20F7F7BCFA67
:1057500046E01020F7F7B8FA42E0FAF7F5FE034604
:105760001F4644ABA3F201131A78264913469B0047
:1057700013449B000B440C331D6844ABA3F201138C
:105780001A78204913469B0013449B000B441033A6
:105790001E7844ABA3F201131A781A4913469B00F2
:1057A00013449B000B4411331C78F6F734FF034677
:1057B000C8330193009433462A4601213846F7F74F
:1057C0005FFA03468DF80F310AE000BF08E000BF22
:1057D00006E000BF04E000BF02E000BF00E000BF41
:1057E0009DF90F31002B01D1FBF7B2FE44ABA3F2C0
:1057F00001131B781846FFF7DDFD00BF44B0BDE87C
:10580000F08100BF48420010924300109143001005
:1058100000B585B003468DF807309DF807300F2B93
:1058200000F2008101A252F823F000BF5559020096
:105830006D5802001359020047590200255A020010
:105840007559020085590200255A0200255A0200A6
:10585000255A0200255A0200A1590200D15902001E
:10586000075A02005D59020069590200FAF792FED8
:105870000346012B2AD1F7F747FA0346022B25D11D
:105880000020FBF72BF80120FBF70EF86D4B0122EF
:105890001A706D4B01221A700020FAF7C9FEFBF74F
:1058A000BFFEF6F7B5FF0346002B08D00A210520FE
:1058B000F6F7D2FF03461E331846FAF7F4FE00212E
:1058C0000220FAF76FFDF7F79DFB18E0FAF762FE8A
:1058D0000346012B09D10020FBF700F800210A2024
:1058E000FAF760FDFAF784FE09E0F7F70DFA0346D0
:1058F000022B04D10020FAF7F1FFF7F70FFAFBF7BC
:10590000BBFE0346012B40F08F800220F7F732FBED
:105910008AE0FAF7C7FD0346002B00F08780494B69
:105920001B78002B08D00F210A20F6F795FF0346BD
:105930001846FAF77DFE79E0FAF7B4FD03461846FB
:10594000FAF776FE72E0414B1B78002B70D0FAF725
:105950008EFE6DE0032000F019FD6EE00120FBF7E4
:10596000F7FE0346984768E00220FBF7F1FE034686
:10597000984762E0FBF7BEF80346012B5AD1FAF7CD
:10598000B1FE57E003AB1846FBF7D2FD9DF80C3093
:10599000002B51D09DF80D301846FAF7BBFE4BE0B6
:1059A00000238DF80F300DF10A020DF10B031146A3
:1059B0001846F7F789FC0346002B02D101238DF826
:1059C0000F309DF80F3019461020FAF7EBFC34E049
:1059D00000238DF80E30F7F787FC0346002B03D128
:1059E00001238DF80E3007E0F7F764FC0346002B27
:1059F00002D002238DF80E309DF80E3019460D208E
:105A0000FAF7D0FC19E0F7F7A5FC0346002B04D108
:105A100001211320FAF7C6FC0FE000211320FAF74A
:105A2000C1FC0AE000BF08E000BF06E000BF04E0E0
:105A300000BF02E000BF00E000BF00BF05B05DF89E
:105A400004FB00BF28190010904300109143001080
:105A500010B586B0F7F766FA0346002B02D04FF474
:105A6000C873AEE0584B93F84131042B09D0564B24
:105A700093F841311846FFF7CBFE534B042283F8CD
:105A8000412104238DF81730504B049300238DF8E7
:105A90000F3043E09DF80F204B4913469B00134401
:105AA0009B000B4408331B78042B32D09DF80F2049
:105AB000454913469B0013449B000B4404331C6868
:105AC000F6F7A3FD0346E31A0193019B002B20DCAC
:105AD0009DF80F203C4913469B0013449B000B4448
:105AE00008331B789DF817209A4212D99DF80F2091
:105AF000354913469B0013449B000B4408331B7825
:105B00008DF81730019B04932F4A9DF80F3082F8CF
:105B100041319DF80F3001338DF80F309DF80F3073
:105B20000F2BB7D99DF81730042B32D100238DF8F5
:105B30000E302AE09DF80E20234913469B001344A3
:105B40009B000B4408331B78042B19D09DF80E20C2
:105B50001D4913469B0013449B000B4404331C68EF
:105B6000F6F753FD0346E31A0293029A049B9A4206
:105B700006DA029B0493144A9DF80E3082F84131F4
:105B80009DF80E3001338DF80E309DF80E300F2B3E
:105B9000D0D9049B002B0DDD049B0B4AC2F8443185
:105BA000094B042283F84121049B4FF47A7202FBD3
:105BB00003F306E0044B93F841311846FFF784FCE9
:105BC0000023184606B010BD48420010FFFF1F001A
:105BD00000B587B0FBF73CFD0346002B03D0F6F77A
:105BE00043FDF6F70BFDFBF723FD03906FF0004339
:105BF0000593039B002B19D0F6F707FD0246039B84
:105C00009B1A0593059B002B10DC00210120FAF75D
:105C1000C9FB0020FBF712FD6FF000430593484BD2
:105C20001B68002B02D0464B1B689847F7F77AF9A0
:105C300003461A46434B1A70424B1B78002B10D078
:105C4000404B1B78062B0CD03E4B1B78052B08D005
:105C5000F7F796F803461A463A4B1A704FF4C87392
:105C60006AE000F0A3F800F073F8374B93F8413185
:105C7000042B09D0344B93F841311846FFF7C8FD87
:105C8000314B042283F84121FAF786FB0346002BAF
:105C90000ED0F7F74FFA0346012B02D100F02EF990
:105CA00006E0274B1B68002B02D0254B1B6898474A
:105CB000FAF772FB03468DF80B30FAF76DFB0346DB
:105CC0001A469DF80B309342DED300230493F7F776
:105CD00047F90190019B002B02DD019B04930FE02B
:105CE000FBF7E2F90346002B08D1FAF703FF03465E
:105CF000FF2B03D0FFF7ACFE049001E0134B04939D
:105D0000FBF796FC0390039B002B0AD0F6F77DFC73
:105D10000246039B9B1A0593059B002B01DC002385
:105D20000593059B4FF47A7202FB03F3049A9342A6
:105D300028BF13460493049B184607B05DF804FB84
:105D4000944300104442001048420010FEFFFF7FC1
:105D500000B583B0F7F71AFB03468DF80730124BF6
:105D60001B789DF807209A421AD00F4A9DF80730F9
:105D7000137001AB1846FBF7DBFB9DF80430002BDA
:105D800005D19DF8053019460120FBF7B7FB01202E
:105D9000FAF7C0FC044B1B7819461420FAF702FBF3
:105DA00000BF03B05DF804FB8B44001000B583B066
:105DB000FAF7D0FB03468DF80730FBF763FC034688
:105DC000ADF80430F7F738F90346ADF80230BDF806
:105DD0000220BDF804309A4207D99DF80730002B05
:105DE00003D0BDF80430002B08D19DF80730002BFC
:105DF0000DD0F6F7ADFF0346002B08D1002200219D
:105E00000020FBF75DF900210E20FAF7CBFA9DF890
:105E10000730002B08D1FBF73BFC0346002B03D0D7
:105E200000210F20FAF7BEFA00BF03B05DF804FBB3
:105E300010B5C8B048ACA4F58A742060084648A9DB
:105E4000A1F58E710A60194648ABA3F215130246FC
:105E50001A7048ABA3F58B730A461A7048ABA3F5CA
:105E60008B731B78002B14D005AB1846FBF760FB37
:105E700048ABA3F586731B78002B07D148ABA3F57D
:105E800086735B7819460120FBF738FB0120FAF78F
:105E900041FC48ABA3F58E7248ABA3F215131978F9
:105EA00048ABA3F58A7312681868FBF79FFA06AB34
:105EB0001846FBF7E1FA48ABA3F58E731B685B7AD3
:105EC0000D2B01D1012316E048ABA3F584731C7898
:105ED000FAF73AFB03469C420CD148ABA3F5847316
:105EE00093F8F32006AB013311461846F9F743F94E
:105EF000002300E00123184648B010BD30B5ADF5D1
:105F00000D7D00238DF82C328CABA3F5047318465D
:105F1000FF231A460021E6F7DFF900238DF82F3220
:105F200000238DF82B3200238DF82E3200238DF8BC
:105F30002D320DF21F1248AB11461846FCF79AF8A5
:105F40008CABA3F588735B78132B00F2E18001A280
:105F500052F823F0A55F0200C15F0200FB5F020060
:105F600019600200716002001161020011610200FB
:105F70001161020011610200116102001161020051
:105F80001161020011610200C36002001161020090
:105F90001161020011610200116102001161020031
:105FA000C3600200FBF7A2FE9DF82C321846FCF7F6
:105FB00053FC9DF82C3201211846FCF7CCFCACE0D8
:105FC000F7F79CF80346002B04D0F7F7A1F8FDF78C
:105FD00063F8A2E0F6F7A6FF0346002B03D00120EA
:105FE000FCF782FA99E0F7F763F803461846FCF7E6
:105FF0007BFA01238DF82D328FE005210320F6F77F
:106000002BFC03461846FCF76FFA0020FDF702FC54
:106010000120F7F7E3F980E08CABA3F588731B79D7
:10602000022B12D0022B1DDC002B17D0012B19D113
:10603000F7F734F80346002B16D09DF82E32002BCC
:1060400012D102238DF82E320EE0F7F727F803461F
:10605000002B0BD001238DF82E3207E0AA4B002233
:106060001A7004E000BF58E000BF56E000BF54E0E3
:106070008CABA3F58873B3F8FA308DF82F329DF806
:106080002F2248AB03F1080108AB1846E7F7AAFE38
:106090008CABA3F588739B790D2B3BD08CABA3F510
:1060A0008873DB798DF82B329DF82B32E02B04D0EE
:1060B000F6F7F4FF0346002B2CD001238DF82E3287
:1060C00028E0F7F741F80346012B25D1F7F742F90D
:1060D0000346002B08D1F7F7EDF80346002B03D059
:1060E0000120F7F70BF917E0F7F7E4F8034683F020
:1060F0000103DBB2002B02D00120FAF74CFBF7F7CB
:1061000029F90346002B07D00220FAF763FB03E0CE
:1061100000BF02E000BF00E000BF8CABA3F2111390
:106120001B78002B7FF405AF9DF82E32012B40F039
:10613000AE8000210020FCF748FB9DF82F1208A834
:10614000724B0093704B724AF7F708F803468DF8CC
:106150002A329DF82A32023B052B75D801A252F84B
:1061600023F000BF656202007D61020085610200CC
:106170008D61020095610200DD61020000238DF84F
:106180002D3272E000238DF82D326EE000238DF861
:106190002D326AE09DF82C321846FCF798FB0DF181
:1061A000170206A90DF11E031846F6F795FF8CABF2
:1061B000A3F212231B881846FCF796F9FCF732FF6E
:1061C0008CABA3F506731A688CABA3F2192393F971
:1061D000003019461046FDF731F946E0F6F7B4FFF6
:1061E00003468DF829329DF82932002B06D1002074
:1061F000F7F784F80020F6F7EBFE35E09DF829323A
:10620000012B16D10020F6F7E3FEF7F753F803460B
:1062100083F00103DBB2002B02D00020FAF7BBFAB7
:10622000F7F798F80346002B1ED00020FAF7D2FAB1
:106230001AE09DF82932022B16D10020F7F75EF8FC
:106240000120F6F7C5FE0FE0304B01221A702E4BED
:1062500001221A702C4B1B781A4601212C48E6F7B4
:106260003BF802E000BF00E000BFF6F717FF03466F
:1062700083F00103DBB2002B03D03C210020FCF7AC
:10628000A4FA00238DF82E32224B01221A708CAB17
:10629000A3F588739B790D2B3ED1F6F741FF03469A
:1062A000002B4DD0184B00221A708CABA3F58873CD
:1062B00093F90430DBB2403BDBB25BB28CAAA2F5AF
:1062C000887292F90520921052B28CA9A1F58871BA
:1062D00091F804118CA8A0F58870D0F800019DF801
:1062E0002F5208AC0390029101920093064B084A8A
:1062F00029462046F6F74CFF044BE0221A70012392
:106300008DF82D321CE000BF291900102A19001049
:10631000984300108A440010184B1B7883F0010347
:10632000DBB2002B0CD0164B02221A70154B012247
:106330001A70144B1B781A4602211348E5F7CCFF5C
:106340009DF82D32002B14D000238DF82D320B4BED
:1063500000221A700A4B1C78F6F7B4FE03461A4660
:10636000084B1B789DF82C020093074B2146FCF745
:10637000C1FA00BF0DF50D7D30BD00BF8A4400108D
:106380002A190010291900109843001000B583B095
:1063900003468DF80730164B1B78002B12D0F6F70A
:1063A00039FE0346012B06D19DF80730022118461D
:1063B000F9F7F8FF0CE09DF8073001211846F9F7CE
:1063C000F1FF05E09DF8073000211846F9F7EAFFD4
:1063D000FBF752F90346012B03D10220F6F7CAFD61
:1063E00002E00120F6F7C6FD00BF03B05DF804FB34
:1063F0009243001000B585B0039002911346ADF8AA
:106400000630039B029A1A60039BBDF806209A800F
:10641000039800F004F800BF05B05DF804FB82B0FB
:106420000190019B0022DA80019B00221A81019BCE
:1064300000229A81019B00221A61019B00225A616D
:10644000019B00229A61019B9A88019B5A8100BF9F
:1064500002B0704782B0019000BF02B0704782B0B6
:106460000190019B9B89184602B0704700B58BB024
:10647000079006910592ADF81230F6F7F5F8BDF8E1
:1064800012209DF8383002930D9B01930C9B0093D2
:106490001346059A0699079800F06BF903468DF8A4
:1064A0002730F6F7E8F89DF8273018460BB05DF86E
:1064B00004FB00B589B00590049102931346ADF832
:1064C0000E30F6F7D1F8BDF80E209DF82830009375
:1064D000029B0499059800F00BF803468DF81F30D5
:1064E000F6F7C9F89DF81F30184609B05DF804FBAF
:1064F00010B58AB00790069104931346ADF8163094
:106500009DF830309AB2BDF8163013449BB2033375
:10651000ADF82630079B9B88BDF826209A4212D9F9
:10652000032323E10023029300230193002300931C
:10653000002300220021079800F01BF9079B9B69AC
:106540005A1C079B9A61079B5B89BDF826209A42DB
:10655000E8D8BDF816301B0A99B2079B1B68079A4A
:1065600012891344CAB21A70079B1B8901339AB26D
:10657000079B1A81079B1B89079A9288B3FBF2F14C
:1065800001FB02F29B1A9AB2079B1A81079B1B68B8
:10659000079A12891344BDF81620D2B21A70079BCD
:1065A0001B8901339AB2079B1A81079B1B89079AA3
:1065B0009288B3FBF2F101FB02F29B1A9AB2079B9D
:1065C0001A81079B1B68079A128913449DF8302093
:1065D0001A70079B1B8901339AB2079B1A81079B8C
:1065E0001B89079A9288B3FBF2F101FB02F29B1A16
:1065F0009AB2079B1A819DF83030002B4FD0079B31
:106600001B891A469DF830301344079A92889342AA
:1066100025DD079B1B68079A12899818079B9B88A2
:106620001A46079B1B89D31A1A460499E7F7DAFB27
:10663000079B1868079B9B881A46079B1B89D31AE0
:10664000049AD1189DF83020079B9B881C46079B15
:106650001B89E31AD31A1A46E7F7C4FB0AE0079B23
:106660001B68079A128913449DF830200499184634
:10667000E7F7B8FB079B1A899DF830309BB21344AB
:106680009AB2079B1A81079B1B89079A9288B3FBD2
:10669000F2F101FB02F29B1A9AB2079B1A81BDF834
:1066A0001630002B4ED0079B1B891A46BDF81630BA
:1066B0001344079A9288934225DD079B1B68079A2B
:1066C00012899818079B9B881A46079B1B89D31A27
:1066D0001A460699E7F786FB079B1868079B9B8875
:1066E0001A46079B1B89D31A069AD118BDF81620A3
:1066F000079B9B881C46079B1B89E31AD31A1A46E3
:10670000E7F770FB0AE0079B1B68079A128913449E
:10671000BDF8162006991846E7F764FB079B1A890F
:10672000BDF8163013449AB2079B1A81079B1B8948
:10673000079A9288B3FBF2F101FB02F29B1A9AB21C
:10674000079B1A81079B5A89BDF82630D31A9AB243
:10675000079B5A81079B9B8901339AB2079B9A81B9
:10676000079B1B695A1C079B1A61002318460AB035
:1067700010BD10B586B0039002910192ADF80230C1
:10678000039B9B89002B01D102232AE1039B1B68F9
:10679000039AD28813441B781B02ADF81630039B72
:1067A0001968039BDB880133039A928893FBF2F00C
:1067B00000FB02F29B1A0B441B781A46BDF81630F8
:1067C0001344ADF81630039B1968039BDB88023332
:1067D000039A928893FBF2F000FB02F29B1A0B449F
:1067E0001B788DF81530029B002B20D0089B002BC6
:1067F0001DD0019B002B02D0099B002B01D101234E
:10680000EFE0019BBDF816201A80099B9DF815202A
:106810001A70BDF81620BDF802309A4205D89DF8CE
:1068200015209DF828309A4201D90323D9E0039B13
:10683000DB8803339AB2039BDA80039BDB88039ADD
:106840009288B3FBF2F101FB02F29B1A9AB2039B0E
:10685000DA80089B002B3ED09DF81530002B3AD0F3
:10686000039BDB881A469DF815301344039A9288DF
:10687000934225DD039B1B68039AD2889918039BDA
:106880009B881A46039BDB88D31A1A460898E7F7B9
:10689000A9FA039B9B881A46039BDB88D31A089AA4
:1068A000D018039B19689DF81520039B9B881C46F4
:1068B000039BDB88E31AD31A1A46E7F793FA0AE038
:1068C000039B1B68039AD28813449DF81520194630
:1068D0000898E7F787FA039BDA889DF815309BB292
:1068E00013449AB2039BDA80039BDB88039A928855
:1068F000B3FBF2F101FB02F29B1A9AB2039BDA801E
:10690000029B002B3ED0BDF81630002B3AD0039BE3
:10691000DB881A46BDF816301344039A92889342D6
:1069200025DD039B1B68039AD2889918039B9B88DB
:106930001A46039BDB88D31A1A460298E7F752FAE5
:10694000039B9B881A46039BDB88D31A029AD018B4
:10695000039B1968BDF81620039B9B881C46039B6C
:10696000DB88E31AD31A1A46E7F73CFA0AE0039BDE
:106970001B68039AD2881344BDF816201946029862
:10698000E7F730FA039BDA88BDF8163013449AB261
:10699000039BDA80039BDB88039A9288B3FBF2F1B6
:1069A00001FB02F29B1A9AB2039BDA80039B5A897D
:1069B0009DF8153099B2BDF816300B449BB21344C4
:1069C0009BB203339AB2039B5A81039B9B89013B81
:1069D0009AB2039B9A81039B5B695A1C039B5A6181
:1069E0000023184606B010BD82B003460A468DF853
:1069F000073013468DF806309DF806300C2B59D819
:106A000001A252F823F000BFB16A0200B16A02008D
:106A1000B16A0200B16A0200B16A0200896A02002A
:106A2000696A0200516A0200516A0200416A02006A
:106A3000516A02003D6A0200516A020000233AE0F6
:106A40009DF807300C2B01D1012334E0002332E004
:106A50009DF807300C2B03D09DF807300B2B01D18C
:106A6000012328E0002326E09DF807300C2B07D0F7
:106A70009DF807300B2B03D09DF807300A2B01D16E
:106A8000012318E0002316E09DF807300C2B0BD0F3
:106A90009DF807300B2B07D09DF807300A2B03D049
:106AA0009DF80730092B01D1012304E0002302E007
:106AB000012300E00023184602B0704700B583B000
:106AC0000190019B1B6A019A126810469847034681
:106AD000184603B05DF804FB00B583B00190009147
:106AE000019B5B6A019A1268009910469847034619
:106AF000184603B05DF804FB00B585B003900B4663
:106B000001928DF80B30039B9B6C039A10689DF9E2
:106B10000B10019A98470346184605B05DF804FB30
:106B200000B585B0039002911346ADF80630039B83
:106B3000DB6C039A1068BDF806200299984703465B
:106B4000184605B05DF804FB00B583B001900B4614
:106B5000ADF80230019B1B6E019A1268BDF802105D
:106B6000104698470346184603B05DF804FB00B58D
:106B700085B0039002910192039BD3F8A030019954
:106B8000029898470346184605B05DF804FB00B527
:106B900085B0039002910192039BD3F8A430019930
:106BA000029898470346184605B05DF804FB00B507
:106BB00083B001900091019BD3F8C430019A126810
:106BC0000099104698470346184603B05DF804FB49
:106BD00010B586B0059004910392ADF80A30059B7C
:106BE000D3F8C840059B1868BDF80A20BDF82430CA
:106BF0000193089B00931346039A0499A047034608
:106C0000184606B010BD10B584B0039002910093F1
:106C10001346ADF80630039BD3F8D440039B1868A5
:106C2000BDF80620009B0299A0470346184604B011
:106C300010BD00B583B001900091019BD3F8D8300E
:106C4000019A12680099104698470346184603B007
:106C50005DF804FB00B583B001900091019BD3F86F
:106C6000F0300099019898470346184603B05DF844
:106C700004FB00B583B001900091019BD3F8F43080
:106C80000099019898470346184603B05DF804FB45
:106C900082B001900091019B009AC3F84C2100BF83
:106CA00002B0704782B001900091019B009AC3F836
:106CB000502100BF02B0704700B583B001900B4671
:106CC0008DF8033013468DF80230019B002283F8C3
:106CD0007420019B002283F8BB24019B0022C3F88F
:106CE000A424019B002283F8CE24019B002283F878
:106CF0001025019B9DF8032083F87020019B012241
:106D000083F85120019B002283F81023019B9B6B89
:106D10009DF802201A70019B002283F81A25019B1E
:106D20000022C3F8E424019B0022A3F81C23019B4A
:106D30000022A3F84C20019B002283F89224019B9F
:106D4000002283F89324019B4FF08052C3F89424CF
:106D5000019B0022C3F89824019B002283F8BA24E7
:106D6000019B0022C3F82425019B0022C3F828259B
:106D7000019B0022C3F83425019B0022C3F82C2577
:106D8000019B0022C3F83025019B0022C3F838255F
:106D9000019B0022C3F83C25019B03F59D63202243
:106DA00000211846E5F798FA019B03F21E330622EC
:106DB000FF211846E5F790FA019800F004F800BFAB
:106DC00003B05DF804FB00B583B00190019B4FF068
:106DD000FF329A66019B00225A66019B0022C3F88B
:106DE000A824019B0022A3F8A024019B0022A3F861
:106DF0009E24019B0022C3F88824019B002283F873
:106E0000EA21019B002283F87921019B002283F86B
:106E1000DA21019B002283F88724019B002283F85A
:106E20002624019B002283F81125019B00221A666B
:106E3000019B0022C3F81423F5F7EDFB0246019BEA
:106E4000C3F81823019B002283F81925019B002217
:106E500083F84425019B002283F84525019B0022ED
:106E600083F84625019B002283F82025019B002200
:106E700083F82125019B002283F87620019B0022C4
:106E800083F8772000BF03B05DF804FB00B585B040
:106E9000019000238DF80F30019B93F87130002B87
:106EA00004D0019B93F8EA318DF80F30019B93F8E1
:106EB0009134DB01DAB2019B93F890349B01DBB291
:106EC0001344DAB2019B93F876305B01DBB21344D2
:106ED000DAB2019B93F877301B01DBB21344DAB2CC
:106EE0009DF80F3003F00F03DBB21344DAB2019BBD
:106EF00083F87520019B002283F87620019802F028
:106F0000F6F8019802F008F9019B93F87830019A9D
:106F100092F872201344DAB29DF80F301344DBB2BA
:106F20000833DAB2019B83F8792000BF05B05DF821
:106F300004FB000070B588B0059000238DF81F3069
:106F4000059B93F87130002B04D0059B93F8EA3130
:106F50008DF81F30059B93F8723003F108029DF8FD
:106F60001F3013447833059A1344981C059B93F8FB
:106F700078301E46059B93F87130002B01D1062412
:106F800000E00724059BDD6E059B5B6E059A92F879
:106F9000722002F108019DF81F200A4478320599F9
:106FA0000A44023202920193002300932B462246A8
:106FB00031460AF0D7FF0346002B07D01748F5F7F4
:106FC000E9FB0120F5F716FCF5F718FB059B03F12B
:106FD0007A00059B93F879301946059BDA6E059B7C
:106FE0005B6E019300230093134606220BF064F9B5
:106FF0000346002B07D00948F5F7CCFB0120F5F735
:10700000F9FBF5F7FBFA059B93F879300433DAB214
:10701000059B83F8792000BF08B070BD74A50300FC
:1070200000B583B00190019B022283F8BB24F5F7E1
:10703000F2FA0246019BD3F8BC34D3F8C4391A449F
:10704000019BC3F81425019B012283F818250198A0
:1070500000F0AAFA00BF03B05DF804FB00B583B0EE
:107060000190019B002283F8BB24F5F7D4FA024675
:10707000019BD3F8BC34D3F8C4391A44019BC3F83C
:107080001425019805F016F800BF03B05DF804FB65
:1070900082B00190019B062283F8BB2400BF02B09E
:1070A0007047000010B584B00190019B0393039BCF
:1070B00093F884398DF80B30039BD3F8C0099DF801
:1070C0000B2013465B0113449B001833039A1344AF
:1070D00008331946FFF7CDFD0346002B03D0EE2100
:1070E0002548F5F79DFB039BD3F8C03902211846CC
:1070F000FFF72AFD0346002B03D0EF211E48F5F7CA
:107100008FFB039BD3F8C03918469DF80B30039AC8
:1071100003F5DF739B00134459689DF80B20039B14
:1071200002F5657233F812301A46FFF7F9FC034690
:10713000002B03D0F0211048F5F772FBF5F7B6FBF2
:10714000039BD3F8C0391846FFF7B8FC0346002B61
:1071500004D04FF484710848F5F762FB039B03F2F7
:10716000F474F5F758FA034619462046FFF790FDE8
:1071700000BF04B010BD00BF94A5030010B584B0DB
:107180000190019B0393039B93F884398DF80B3096
:10719000039BD3F8C0099DF80B2013465B011344F1
:1071A0009B001833039A134408331946FFF752FD26
:1071B0000346002B04D040F211112F48F5F730FBA5
:1071C000039BD3F8C03902211846FFF7BDFC0346E4
:1071D000002B04D04FF489712748F5F721FB039B5E
:1071E000D3F8C03918469DF80B30039A03F5DF73C6
:1071F0009B00134459689DF80B20039B02F56572B0
:1072000033F812301A46FFF78BFC0346002B04D0EC
:1072100040F213111848F5F703FB00BF9DF80B204F
:1072200003991346DB009B1A9B000B4403F2D453D3
:107230001C68F5F7F0F90346E31A002BEEDCF5F7CE
:1072400035FB039BD3F8C0391846FFF737FC0346DC
:10725000002B04D040F21B110748F5F7E1FA039B1D
:1072600003F2F474F5F7D7F9034619462046FFF701
:107270000FFD00BF04B010BDC4A5030070B586B0FB
:107280000390039B0593059B93F884398DF8133085
:10729000059BD3F8C03918469DF8132013465B01AF
:1072A00013449B001833059A134408331946FFF71B
:1072B0007EFC0346002B04D040F225115448F5F71C
:1072C000AFFA059BD3F8C0391C469DF813200599E9
:1072D00013465B0113449B000B44343393F90000C5
:1072E0009DF81320059913465B0113449B000B4442
:1072F0002C331B681A4601462046FFF7FDFB034668
:10730000002B04D040F227114148F5F789FA059B7C
:10731000D3F8C03940F202411846FFF715FC034686
:10732000002B04D04FF495713948F5F779FA059B95
:10733000D3F8C0391E469DF8132013465B01134451
:107340009B001833059A134403F108009DF813209D
:1073500013465B0113449B008033059A13449C1D24
:107360009DF81320059913465B0113449B000B44C1
:1073700036331D889DF81330059A03F5DF739B00A3
:1073800013445B689DF81310059A01F5657132F896
:107390001120019200932B46224601463046FFF70A
:1073A00017FC0346002B04D04FF496711848F5F7EC
:1073B00037FA00BF9DF8132005991346DB009B1A8E
:1073C0009B000B4403F2D4531C68F5F724F90346E1
:1073D000E31A002BEEDCF5F769FA059BD3F8C03908
:1073E0001846FFF76BFB0346002B04D04FF49C714B
:1073F0000748F5F715FA059B03F2F474F5F70BF956
:10740000034619462046FFF743FC00BF06B070BD97
:10741000F4A5030010B584B00190019B0393039B76
:1074200093F884398DF80B30039BD3F8C0099DF88D
:107430000B2013465B0113449B004833039A13440B
:1074400004331946FFF715FC0346002B04D040F225
:1074500041111D48F5F7E4F9039BD3F8C039CC215D
:107460001846FFF771FB0346002B04D04FF4A171BF
:107470001548F5F7D5F9F5F719FA039BD3F8C03994
:1074800018469DF80B20039913465B0113449B009B
:107490000B4478331B681946FFF71EFB0346002B8D
:1074A00004D040F24B110848F5F7BAF9039B03F2F8
:1074B000F474F5F7B0F8034619462046FFF7F2FBDF
:1074C00000BF04B010BD00BF24A6030010B584B0F7
:1074D0000190019B0393039B93F884398DF80B3043
:1074E000039BD3F8C0099DF80B2013465B0113449E
:1074F0009B004833039A134404331946FFF7AAFB51
:107500000346002B04D04FF4AA712648F5F788F9FA
:10751000039BD3F8C0398C211846FFF715FB0346AF
:10752000002B04D040F255111E48F5F779F900BF41
:107530009DF80B2003991346DB009B1A9B000B441C
:1075400003F2D4531C68F5F766F80346E31A002BE0
:10755000EEDCF5F7ABF9039BD3F8C03918469DF87C
:107560000B20039913465B0113449B000B447833B3
:107570001B681946FFF7B0FA0346002B04D040F20F
:107580005D110848F5F74CF9039B03F2F474F5F725
:1075900042F8034619462046FFF784FB00BF04B0BB
:1075A00010BD00BF54A6030030B5C9B048ABA3F569
:1075B0008A73186025AB842200211846E4F78CFEFC
:1075C0001EAB00221A605A609A60DA601A615A6132
:1075D0009A6100231D9348ABA3F58A731B6893F847
:1075E0004E2048ABA3F58A731146186805F0DAFB04
:1075F00003468DF81F319DF81F31002B40F09A8013
:1076000048ABA3F58A731B6893F84E100DF1710314
:107610000DF1720248A8A0F58A70006805F0E4FB3D
:1076200017AB142200211846E4F756FE48ABA3F529
:107630008A731B68D3F8B0341A9348ABA3F58A73E6
:10764000186805F005FD03468DF86D3048ABA3F5CD
:107650008A731B6893F9501048ABA3F58A731B68B3
:10766000D3F8B02448ABA3F58A731B6893F84E3067
:1076700048A8A0F58A70006805F03CFC03468DF828
:107680006C309DF872308DF85C309DF871308DF85B
:107690005D3048ABA3F58A73186805F0C0FC03465B
:1076A0008DF85E309DF85C309DF85D2011461846DF
:1076B000FFF79AF903468DF85F309DF85C2048ABE0
:1076C000A3F58A731146186805F0A8FA0346ADF8C9
:1076D000603000238DF8623048ABA3F58A731B68D5
:1076E00093F879308DF8633001238DF864300023EE
:1076F0008DF8653001238DF8943026AC17AD0FCD91
:107700000FC42B68236048ABA3F58A731B68D3F8BA
:10771000BC34D3F8C039184617AA17AB043319463E
:10772000FFF725FA03461D9302238DF87930B74BF6
:107730001F937BE19DF81F31012B40F0C68048ABC1
:10774000A3F58A731B6893F84E100DF15B0248ABEA
:10775000A3F58A73186805F06BFB05AB2C2200219A
:107760001846E4F7B9FD48ABA3F58673012283F808
:107770002A2048ABA3F5867340F2FF121A8548AB66
:10778000A3F5867341F60F529A8448ABA3F586732E
:1077900041F22102DA8448ABA3F58A731B68D3F85F
:1077A000B02448ABA3F586731A6248ABA3F58A737D
:1077B000186805F057FC024648ABA3F58673DA61FA
:1077C00048ABA3F58A731B6893F9501048ABA3F537
:1077D0008A731B68D3F8B02448ABA3F58A731B687F
:1077E00093F84E3048A8A0F58A70006805F082FB37
:1077F00003461A4648ABA3F5867383F82B2048ABA3
:10780000A3F5867301225A7548ABA3F58A731B68EA
:1078100093F8792048ABA3F586739A7548ABA3F526
:10782000867328221A8248ABA3F586731822DA746D
:1078300048ABA3F5867301221A7648ABA3F586738D
:107840000422DA7548ABA3F5867346F2A8125A6093
:107850009DF85B301A464FF47A7302FB03F31A4625
:1078600048ABA3F586731A6048ABA3F58673684AE4
:107870009A6048ABA3F5867304221A7300238DF82F
:10788000943048ABA3F5867326AC1D460FCD0FC4CC
:107890000FCD0FC495E8070084E8070048ABA3F5B7
:1078A0008A731B68D3F8BC34D3F8C039184605AACC
:1078B00005AB10331946FFF76AF903461D930323FE
:1078C0008DF87930534B1F93B0E09DF81F31022B98
:1078D00040F0A48048ABA3F58A731B6893F84E1060
:1078E0000DF159030DF15A0248A8A0F58A700068FD
:1078F00005F0B4FA10AB182200211846E4F7ECFCAE
:1079000048ABA3F58A731B6893F9501048ABA3F5F5
:107910008A731B68D3F8B02448ABA3F58A731B683D
:1079200093F84E3048A8A0F58A70006805F0E2FA96
:1079300003468DF8543048ABA3F58A731B68D3F81F
:10794000BC34D3F8C0391A4610AB19461046FFF7BD
:1079500070F9469046990020F4F77EFF03469BB2EB
:10796000ADF8563000238DF844309DF85A308DF82C
:10797000453048ABA3F58A73186805F0A7FA0346AB
:107980008DF8463001238DF848309DF859308DF838
:1079900047309DF85A30184605F078FA03468DF8BE
:1079A000493048ABA3F58A73186805F06DFB0346B0
:1079B000109348ABA3F58A731B68D3F8B0341393C4
:1079C00000238DF8503026AC10AD0FCD0FC495E8D4
:1079D000030084E8030048ABA3F58A731B68D3F85F
:1079E000BC34D3F8C039184648ABA3F58A731B687A
:1079F00093F879301A461DAB10A9FFF704F9042358
:107A00008DF87930044B1F9310E000BFA570020081
:107A1000A08601007D7102007D7202003A48F4F7F1
:107A2000B9FE0120F4F7E6FEF4F7E8FD48ABA3F554
:107A30008A731B68D3F8BC040DF1730248ABA3F53D
:107A40008A7319680BF060F90346002B07D02E48A3
:107A5000F4F7A0FE0120F4F7CDFEF4F7CFFD9DF87A
:107A600073308DF878301D9B249348ABA3F58A734F
:107A70001B68D3F81445F4F722FF0346E31A219359
:107A800048ABA3F58A731B6893F81835012B0AD10C
:107A900048ABA3F58A731B68002283F818250023DE
:107AA0008DF8823002E001238DF8823048ABA3F5D7
:107AB0008A731B68022283F8BB2448ABA3F58A7340
:107AC0001B68D3F8BC0448ABA3F58A731B6803F1A9
:107AD0007A0248ABA3F58A731B6893F879301C4689
:107AE0001EA925AB009323460BF03CF90346002B5F
:107AF00006D048ABA3F58A731B68062283F8BB2423
:107B000000BF49B030BD00BF84A6030030B5C5B08A
:107B1000059044ABA3F582731A600B468DF81330C1
:107B200000234393059B93F8B8348DF80B319DF8EF
:107B30000B311946059805F035F903468DF80A31E1
:107B400021AB842200211846E4F7C6FB059B9DF873
:107B5000132083F8BA249DF81330002B02D0012B98
:107B600005D008E0059BD3F8B43443930CE0059BA3
:107B70005B6D439308E09048F4F70CFE0120F4F7A6
:107B800039FEF4F73BFD00BF9DF80A31002B58D1B8
:107B90000DF162030DF163029DF80B11059805F0DC
:107BA00023F913AB142200211846E4F795FB05983E
:107BB00005F04EFA03468DF85D30059BB3F8CC34E2
:107BC000DBB28DF85E30439B1693059805F027FADB
:107BD00003468DF84E309DF863308DF84C309DF89B
:107BE00062308DF84D309DF84C309DF84D20114697
:107BF0001846FEF7F9FE03468DF84F3000238DF846
:107C00005230FF238DF8533000238DF85430012378
:107C10008DF855309DF84C301946059804F0FEFF5C
:107C20000346ADF8503001238DF884302DAC13ADF0
:107C30000FCD0FC42B682360059BD3F8C434389351
:107C400063E09DF80A31012B57D10DF14B029DF8ED
:107C50000B311946059805F0EBF807AB2C220021F3
:107C60001846E4F739FB439B0F93059805F0FAF9A2
:107C700003460E9301238DF8463040F2FF13ADF812
:107C8000443041F60F53ADF8403041F22103ADF8D6
:107C9000423001238DF83130FF238DF83230282314
:107CA000ADF82C3018238DF82F3001238DF83430A7
:107CB00004238DF8333046F2A81308933F4B099301
:107CC00004238DF828309DF84B301A464FF47A7310
:107CD00002FB03F3079300238DF884302DAC07AD2E
:107CE0000FCD0FC40FCD0FC495E8070084E807003F
:107CF000059BD3F8C834389307E02F48F4F74AFDC2
:107D00000120F4F777FDF4F779FC059BD3F8BC3438
:107D10000DF18302059918460AF0F6FF0346002B81
:107D200007D02548F4F736FD0120F4F763FDF4F79A
:107D300065FC19AB00221A605A609A60DA601A6119
:107D40005A619A619DF883308DF864309DF88430D3
:107D5000012B14BF01230023DBB28DF865309DF8A1
:107D60008430012B01D1164B00E0164B1A9344AB23
:107D7000A3F582731B681C93059BD3F8C8341F932B
:107D8000059BD3F8BC04059B03F5047219A921AB2C
:107D90000093FF230AF0E6FF0346002B04D1059B66
:107DA000042283F8BB2403E0059B062283F8BB244E
:107DB00000BF45B030BD00BFA4A60300A0860100EF
:107DC00015740200CD74020000B585B00190019BCE
:107DD000D3F8BC340DF10B02019918460AF094FF58
:107DE000019BD3F8BC049DF80B10019B03F2CF4319
:107DF00003AA0BF013F9019B93F8CF340A2B60D838
:107E000001A252F823F000BFC37E0200C37E02002D
:107E1000C37E0200357E02003F7E0200C37E020068
:107E2000C37E0200C37E0200C37E0200C37E020046
:107E3000C37E0200039A019BC3F8E42444E0039A42
:107E4000019BC3F8D024019BD3F8BC249DF80B30D0
:107E500019460B465B010B449B0013447E33B3F978
:107E60000020019BA3F8D424019BD3F8BC249DF8E7
:107E70000B3019460B465B010B449B0013447C33CB
:107E8000B3F90020019BA3F8D624019BD3F8BC349E
:107E90009DF80B2002F5657233F81230DAB2019BBF
:107EA00083F80F22019801F0DEF80346002B0AD078
:107EB000019B052283F8CF24019B002283F80F2227
:107EC00001E000BF00E000BF019B93F8BB34022B30
:107ED00002D0042B09D00DE0019B032283F8BB24C0
:107EE000019B002283F8102312E0019B052283F8F6
:107EF000BB240DE0019B93F8CF340A2B07D00B482D
:107F0000F4F748FC0120F4F775FCF4F777FB00BFA9
:107F1000019B93F8CF340A2B03D1019B062283F8EF
:107F2000BB2400BF05B05DF804FB00BFC4A603007E
:107F300010B58EB005900B468DF81330F4F76BFB3F
:107F40000B9001238DF837309DF8133019460598B2
:107F500004F0ECF89DF81330002B02D0012B05D073
:107F60000AE0059B93F859300C9311E0059B93F8B8
:107F7000593001330C930BE000238DF837304F4814
:107F8000F4F708FC0120F4F735FCF4F737FB00BFE9
:107F90000C9B4FF47A7202FB03F30C939DF837307D
:107FA000002B00F08880059B93F8B834194605989B
:107FB00004F0F8FE03468DF82B309DF82B30002B93
:107FC0000AD1059B93F8B8140DF11E030DF11F02A1
:107FD000059804F009FF15E09DF82B30012B09D11D
:107FE000059B93F8B8340DF11D021946059804F06D
:107FF0001FFF07E03148F4F7CDFB0120F4F7FAFB4F
:10800000F4F7FCFAF4F75BFC0446F4F777FC03465C
:108010002344059A92F8B8241146059A01F51D717A
:1080200032F9112013440993059B93F8B814059B6A
:1080300003F2CC40059B03F59963059A02F2C44212
:10804000002402940192009303460C9A059805F0CF
:10805000E9F9059B93F8B814099B5AB2059BB3F84C
:10806000CC04059B03F5A16300930346059805F036
:10807000AFFA059BD3F8E4240C9B1A440B9BD31A4C
:108080000893059BD3F808351A46089B9B1A002BCA
:1080900004DA059B052283F8BB240CE00B9A089BAD
:1080A0001344059AD2F808251A449DF8133019464E
:1080B0000598FFF72BFD00BF0EB010BDE0A6030032
:1080C000F0B58FB0079000230D9300238DF8333067
:1080D00000230993079B93F80F32184602F0ADF97D
:1080E00003461A460D9B13440D93079B93F80F12FA
:1080F000079B93F8B8341A46079801F03BFE0346F5
:108100001A460D9B13440D930D9B002B01D00023A9
:10811000E4E1079B03F504700DF129030DF12A0238
:108120000DF12B0102F09CF903461A460D9B1344F6
:108130000D930D9B002B01D00023CFE19DF82B3038
:10814000012B28D1079B03F50470079B93F80F328E
:108150001946079B03F504731A4609F0E8FF034626
:108160008DF832309DF83230002B40F08C81079B27
:108170000022A3F8A024079B0022A3F89E24042336
:108180008DF83330079B93F80F32043BDAB2079B2C
:1081900083F80F2277E10023ADF82230079B9B6E16
:1081A0000993079B03F50475079B93F80F62079BE0
:1081B00003F2FF17079BDB6E079A02F59B62079994
:1081C00001F20F31079800F5FE70079C04F500746A
:1081D0000DF1220C049403900291019200936346E6
:1081E0003A463146284602F07BF902460D9B13447D
:1081F0000D930D9B002B08D1BDF8223009AA114622
:10820000184602F0D9F903460D930D9B002B2DD192
:10821000079B93F80F32043BDAB2079B83F80F22D7
:10822000079B93F80F3203F50473079AD1180BAB31
:108230000422184601F05BFF079B03F50470079BBF
:1082400093F80F321C46079BD96E099B0B9A02923A
:108250000193012300930B460622214609F0BBFF40
:108260000346002B02D04FF0FF330D930D9B002BE4
:1082700040F00981079B012283F85220079B93F865
:10828000FC315B09DBB203F00103002B08D0079B34
:1082900093F87330042B03D1079B012283F8FD214F
:1082A000079B93F8FC311B09DBB203F00103DAB240
:1082B000079B83F8FE21079B93F8FE31002B14BF28
:1082C00001230023DAB2079B83F8DA24079B93F893
:1082D000BA34002B06D1079BD3F8B424079BC3F80C
:1082E000DC2412E0079B93F8BA34012B05D1079BDD
:1082F0005A6D079BC3F8DC2407E07A48F4F74AFA82
:108300000120F4F777FAF4F779F9079B93F8B8248A
:10831000079B83F8E024079B93F80F33002B40F072
:108320009480079B93F80F22079B93F8FF31D31A91
:10833000DBB2093BDAB2079B83F80F22079B93F865
:10834000D834002B38D1079B93F8FF31002B2FD165
:10835000079B03F21920079B93F80F321C46079BDB
:10836000D96E099B079A02F54D720292019301237F
:1083700000930B460622214609F0A1FE0346002B7E
:1083800007D05848F4F706FA0120F4F733FAF4F767
:1083900035F9079B93F80F32F22B74D8079B93F8AB
:1083A0000F22079B83F8262403238DF833306AE0DD
:1083B0004FF0FF330D9366E0079B93F8FF310933CD
:1083C00003F50473079AD018079B93F80F321C46E5
:1083D000079BD96E099B079A02F5047202920193DA
:1083E000012300930B460722214609F068FE03464D
:1083F000002B07D03B48F4F7CDF90120F4F7FAF948
:10840000F4F7FCF8079B93F8FF31002B15D0079B7E
:1084100003F54D70079B03F50071079B93F8FF313F
:108420001A4601F064FE079B93F8FF21079B83F82F
:10843000262402238DF8333002E001238DF83330F7
:10844000079B012283F810231DE0079B93F8FF315F
:10845000002B15D0079B03F54D70079B03F50071AA
:10846000079B93F8FF311A4601F041FE079B93F8F2
:10847000FF21079B83F8262402238DF8333002E086
:1084800001238DF833300D9B002B25D19DF82B2037
:10849000079B83F8FA219DF82A20079B83F8FB218C
:1084A0009DF82920079B83F87620099A079B9A66F6
:1084B000079B0022C3F88824079B0022A3F8A0246E
:1084C000079B0022A3F89E24079B002283F8EA2141
:1084D000079B002283F8DA219DF8333018460FB04D
:1084E000F0BD00BF04A7030082B00190019BB3F868
:1084F000A0344FF6FF7293420CD0019B93F8923454
:10850000002B07D0019BB3F8A03401339AB2019B32
:10851000A3F8A024019BB3F89E344FF6FF72934258
:1085200007D0019BB3F89E3401339AB2019BA3F8A4
:108530009E24019B93F84435012B03D1019B022219
:1085400083F84425019B93F84535012B09D1019B04
:10855000022283F84525019BD3F8E424019BC3F84C
:108560003025019B93F84635012B03D1019B022254
:1085700083F8462500BF02B07047000030B585B0D3
:108580000190019B93F88D24019B83F88E24019B1D
:1085900093F88C24019B83F88F24019B002283F89D
:1085A0001025019B93F8CE34012B44D1F4F72DF81C
:1085B0000390019BD3F8A8345A1C019BC3F8A8244C
:1085C000019BD3F8AC3403F56163039A9A420DD250
:1085D000019800F01DFC0346B94AA2FB0323DA0808
:1085E000039B1A44019BC3F8A42420E0019BD3F809
:1085F000AC3403F51A43B033039A9A4209D2019876
:1086000000F006FC0246039B1A44019BC3F8A42415
:108610000DE0019800F0FCFB024613469B0013445A
:108620005B001A46039B1A44019BC3F8A424019BD8
:10863000002283F8CE24019BD3F88834019A92F863
:108640008E24934204DB019B012283F8902403E0F3
:10865000019B002283F89024019B93F85230012B58
:1086600010D8019B012283F85220019B5B6E5A1C9B
:10867000019B5A66019BD3F888345A1C019BC3F8AE
:1086800088240BE0019B032283F81025019B93F8BB
:108690005230013BDAB2019B83F85220019BD3F8A0
:1086A0008824019B93F88E341946019B93F88F34EC
:1086B0000B449A422DDB019B93F81035032B1ED1FE
:1086C000019803F007FE03468DF80B30019B93F8E9
:1086D0007820019B93F85B309DF80B10019804F013
:1086E0002DF80346002B14D1019803F059FE019B8D
:1086F00093F88E341A46019BC3F8882409E0019848
:1087000003F04EFE019B93F88E341A46019BC3F88A
:108710008824019BD3F88834019AB2F89C249342B0
:108720000CDB019BB3F89C34002B07D06548F4F7B1
:1087300031F80120F4F75EF8F3F760FF019B93F83E
:108740007921019B93F8DA319A4221D3019B93F866
:108750007931002B1CD0019B93F87921019B83F880
:108760008724019B03F22740019B03F5BD71019B08
:1087700093F879311A4601F0BAFC019B012283F883
:108780001025019B93F85120019B83F8522011E0A2
:10879000019B93F8DA21019B83F8EA21019B03F204
:1087A000EB10019B03F2DB11019B93F8DA311A46BF
:1087B00001F09DFC019B002283F87921019B93F835
:1087C000CE34022B17D1019B93F81035032B12D016
:1087D000019803F01BFA03468DF80A309DF90A3020
:1087E000B3F1FF3F07D13748F3F7D4FF0120F4F787
:1087F00001F8F3F703FF019B93F81035022B5CD0CF
:10880000022B62DC002B5FD0012B00D05DE0019BCE
:1088100093F84E10019B93F88724019B93F85B30EB
:10882000019803F08BFF0346002B1CD0019B03F241
:108830002744019B93F88754019B93F84E10019BAA
:1088400093F85B301A46019804F090FC0346083B0D
:10885000DBB21A462946204601F0EEFE03461A46D0
:10886000019B83F88724019B012283F87220019BDE
:1088700093F8723008337833019A1344981C019BA3
:1088800003F22741019B93F887341A4601F02FFC2D
:10889000019B93F88724019B83F87820019B002299
:1088A00083F87120019B022283F873200198FEF760
:1088B000EDFA0198FEF73EFB07E000BF05E000BFC0
:1088C000CDCCCCCC24A7030000BF00BF05B030BD89
:1088D00000B585B00190019B002283F81125019B12
:1088E000002283F88724019B002283F87921019BD1
:1088F000002283F8DA21E8E0019B93F87931602BBC
:1089000002D94FF0FF33EAE0019B93F811351A4684
:10891000019B134493F834338DF80E309DF80E30DC
:10892000023B112B00F2CC8001A252F823F000BFD1
:108930007989020095890200F5890200FD8902000B
:10894000058A02000D8A0200158A02001D8A0200B3
:10895000258A0200C18A0200C18A02002D8A020013
:10896000C18A0200C18A0200858A0200B18A02001F
:10897000C18A0200B98A0200019B93F84435022B98
:1089800040F0A380019B032283F84425019800F066
:108990002DFC9AE000238DF80F3004E09DF80F3095
:1089A00001338DF80F30019B93F8113519469DF86E
:1089B0000F2013469B0013440B44019A134493F871
:1089C0003433032B0FD1019B93F8113519469DF8D1
:1089D0000F305A1C13469B0013440B44019A92F823
:1089E00026249342DADD9DF80F301946019800F0F5
:1089F0002DFC6AE0019800F06DFE66E0019800F041
:108A0000A0FD62E0019800F0A4FE5EE0019800F095
:108A100000FF5AE0019800F0F3FF56E0019801F0E2
:108A20004FF852E0019801F0EBF84EE0019B93F80B
:108A30004535022B49D1019801F0C1F90346002BBD
:108A400043D1019B032283F84525019BD3F83025B0
:108A5000019BC3F82C25F3F7D8FD0246019BC3F810
:108A60003425019BD3F83835002B2ED0019BD3F849
:108A70003835019AD2F83C05019AD2F834251146CE
:108A8000984722E0019B93F84635022B1DD10198AF
:108A900001F010FB0346002B17D1019B93F85125E1
:108AA000019B83F85225019B032283F846250CE0A5
:108AB000019801F055FA08E0019801F0EBF904E0A3
:108AC000019B002283F8262400BF019B93F82624F3
:108AD000019B93F811359A423FF60EAF00231846DA
:108AE00005B05DF804FB00BF00B589B0019003AB91
:108AF0001846F9F7B3F805AB1846F9F787F8019B64
:108B0000B3F81C334FF6FF72934207D0019BB3F8C2
:108B10001C3301339AB2019BA3F81C23019B002252
:108B200083F87320019B012283F85220019B0122CC
:108B300083F85120019800F0DAFA002307931EE031
:108B4000079BC3F10702079B013320326A4412F8E6
:108B5000141C019A13440A4683F87A20079BC3F138
:108B60000702079B093320326A4412F80C1C019A51
:108B700013440A4683F87A20079B01330793079B27
:108B8000072BDDDD019BB3F81C33DAB2019B83F8C0
:108B90008B20019BB3F81C331B0A9BB2DAB2019BFA
:108BA00083F88C20019B132283F87920019B03F129
:108BB0007A00019B93F87930194602AB1A4609F006
:108BC0009CFA0346002B07D00F48F3F7E3FD012082
:108BD000F3F710FEF3F712FD019B93F87930783329
:108BE000019A1344023302A90422184601F07FFAC5
:108BF000019B93F879300433DAB2019B83F8792032
:108C000000BF09B05DF804FB3CA7030000B589B0C4
:108C10000190019B03F2112103AB0622184601F0DB
:108C200066FA019B93F81E330693019B93F81F335A
:108C30001B02069A13430693019B93F820331B04EF
:108C4000069A134306939DF80C3005939DF80D305A
:108C50001B02059A134305939DF80E301B04059AD9
:108C600013430593059A069B9A4202D14FF0FF33B6
:108C700093E0019B03F21E3303A90622184601F07C
:108C800036FA019BB3F81C2303ABD91C03AB18467F
:108C900009F070FA019B93F80F320D2B19D90023BC
:108CA00007930FE0079B0D33019A134493F81012BA
:108CB000019A079B134403F549730A461A70079BF0
:108CC00001330793079B0F2BECD9019803F095F81C
:108CD00002E0019803F0BCFA019B93F817321A46A0
:108CE000019B93F818321B021A44019B93F8193226
:108CF0001B041A44019B93F81A321B0613441A46AC
:108D0000019BDA66019B93F81B321B11DBB203F067
:108D10000703DAB2019B83F85820019B93F81B32BA
:108D200003F00F03DAB2019B83F85320019B93F801
:108D30001C3203F00F03DAB2019B83F85920019B28
:108D400093F85930002B03D1019B012283F859205D
:108D5000019B93F858301946019803F0B5FB034680
:108D6000002B02D04FF0FF3317E0019B93F85330F4
:108D70001946019803F0C0FB0346002B02D04FF0C8
:108D8000FF330AE0019B022283F8CE240198FEF70C
:108D90001AF8019802F022FE0023184609B05DF887
:108DA00004FB00B587B0019000230593019BD3F825
:108DB0001433002B27D0F3F72EFC0390019BD3F83C
:108DC0001833039A9A4206D3019BD3F81833039AB7
:108DD000D31A049308E0019BD3F81833DB430493C0
:108DE000049A039B13440493019BD3F81433049A0D
:108DF0009A4202D90023059305E0019BD3F814237E
:108E0000049BD31A0593059B184607B05DF804FB35
:108E100000B59DB0019000231A93019B93F84E304A
:108E20001946019803F0BEFF03468DF86F309DF898
:108E30006F30002B4ED1019B93F84E100DF166035D
:108E40000DF16702019803F0CFFF14AB142200214B
:108E50001846E3F741FA9DF867308DF850309DF8D9
:108E600066308DF85130019804F0D9F803468DF83A
:108E700052309DF850309DF8512011461846FDF7AC
:108E8000B3FD03468DF8533001238DF8583000238D
:108E90008DF85930019B93F879308DF857309DF853
:108EA00050301946019803F0B9FE0346ADF854302E
:108EB00000238DF85630019BD3F8BC34D3F8C03969
:108EC000184614AA14AB04331946FDF750FE0346A6
:108ED0001A9394E09DF86F30012B56D1019B93F8C3
:108EE0004E300DF14F021946019803F0A1FF02AB7D
:108EF0002C2200211846E3F7EFF9019BD3F8B03498
:108F00000A93019804F0AEF80346099301238DF803
:108F1000323040F2FF13ADF8303041F60F53ADF868
:108F20002C3041F22103ADF82E3046F2A813039302
:108F30009DF84F301A464FF47A7302FB03F3029305
:108F4000314B0493019B93F879308DF81E30282320
:108F5000ADF8183001238DF81D3018238DF81B3023
:108F600001238DF8203004238DF81F30019BD3F8A6
:108F7000BC34D3F8C039184602AA02AB10331946E4
:108F8000FDF705FE03461A9339E09DF86F30022B7A
:108F90002DD1019B93F84E100DF14D030DF14E02B2
:108FA000019803F05BFF0DAB182200211846E3F790
:108FB00093F99DF84E308DF8393001238DF83C300F
:108FC0009DF84E30184603F061FF03468DF83D30A2
:108FD000019BD3F8BC34D3F8C0391846019B93F8F1
:108FE00079301A461AAB0DA9FDF70DFE07E00748C8
:108FF000F3F7D0FB0120F3F7FDFBF3F7FFFA1A9B21
:1090000018461DB05DF804FBA086010060A70300B0
:1090100082B001900B468DF80330019B93F8923497
:10902000002B02D14FF0FF3310E09DF80330002BEE
:109030000AD09DF803300F2B06D8019B9DF8032022
:1090400083F85120002301E04FF0FF33184602B0AF
:10905000704782B001900091019B009AC3F81C25D3
:1090600000BF02B0704784B00190019B93F81032AA
:109070005B098DF80F309DF80F30002B0FD09DF855
:109080000F30022B0BD09DF80F30042B07D09DF82A
:109090000F30062B03D09DF80F30072B02D14FF075
:1090A000FF3321E0019B93F8CE34022B1BD1019BAF
:1090B00093F811321A46019B93F812321B021A449C
:1090C000019B93F813321B041A44019B93F814324A
:1090D0001B0613440293019BDB6E029A9A4202D054
:1090E0004FF0FF3300E00023184604B0704782B011
:1090F0000190019B93F873305B01DAB2019B93F806
:10910000743003F00303DBB21344DAB2019B83F83B
:109110007A2000BF02B0704784B00190019BDB6EE3
:10912000DAB2019B83F87B20019BDB6E1B0ADAB26B
:10913000019B83F87C20019BDB6E1B0CDAB2019B48
:1091400083F87D20019BDB6E1B0EDAB2019B83F856
:109150007E20019B93F87520019B83F87F20019B63
:109160005B6EDAB2019B83F88020019B5B6E1B0A69
:10917000DAB2019B83F88120019B93F87130002BB8
:1091800006D1019B93F87120019B83F882202AE08D
:10919000002303930FE0039B08330199039A0A44C9
:1091A00002F2EB121178019A13440A4683F87A20EE
:1091B000039B01330393019B93F8EA311A46039B07
:1091C0009342E8DB019B93F87230002B0BD0019B9C
:1091D00093F8EA310833019A92F87110019A134416
:1091E0000A4683F87A2000BF04B0704782B001902D
:1091F000019B93F811350233019A92F82624934289
:1092000004DB019B002283F826241DE0019B93F8D8
:1092100011350133019A134493F83423019B83F8E9
:109220002025019B93F811350233019A134493F8DA
:109230003423019B83F82125019B93F811350333D7
:10924000DAB2019B83F8112502B0704700B587B0F0
:1092500001900B468DF803309DF80330002B04D1AC
:10926000019B002283F8262468E100238DF8173043
:1092700004E09DF8173001338DF817309DF8172062
:109280009DF803309A42F4D307238DF8163000235B
:109290008DF815304FE0019B93F8113519469DF874
:1092A000152013469B0013440B440233019A1344C8
:1092B00093F834331946019B93F8113518469DF8FD
:1092C000152013469B00134403440333019A1344AF
:1092D00093F834331B029BB20B44ADF80E30019B64
:1092E00093F8113519469DF8152013469B00134439
:1092F0000B440433019A134493F834331B11DBB24B
:1093000003F007038DF80D30BDF80E209DF80D30E9
:109310001946019802F0B4FF034613F1020F05D17C
:109320009DF8163003F006038DF816309DF81530C1
:1093300001338DF815309DF815209DF803309A42C1
:10934000A9D3019B93F89234002B1DD09DF81630C1
:10935000072B15D1019803F07BFC0346B3F1FF3FC7
:1093600003D100238DF816309BE0019802F02AFF0C
:10937000019B012283F8192501238DF8163090E016
:1093800000238DF816308CE0019B93F811351946B7
:109390009DF803305A1E13469B0013440B440133BF
:1093A000019A134493F834331B098DF813309DF858
:1093B00013300F2B10D09DF813300122194601985D
:1093C00003F0EEF80346B3F1FF3F05D19DF81630E8
:1093D00003F005038DF81630019B93F811351946FB
:1093E0009DF803305A1E13469B0013440B4401336F
:1093F000019A134493F8343303F00F038DF81230BD
:109400009DF812300F2B0FD09DF81230194601989D
:1094100003F06CFF0346B3F1FF3F05D19DF8163012
:1094200003F003038DF81630019B93F811351946AC
:109430009DF803305A1E13469B0013440B4404331B
:10944000019A134493F8343303F00F038DF811306D
:109450009DF81630072B24D1019802F0B3FE9DF839
:1094600012300F2B05D09DF812301946019802F0EA
:109470007FFE9DF81130002B02D09DF8112000E0F6
:109480000122019B83F851209DF813300F2B04D04B
:10949000019B9DF8132083F84F20019B012283F844
:1094A0001925019B93F811259DF803301946890071
:1094B0000B44DBB21344DAB2019B83F81125019B04
:1094C00093F81125019B93F826349A4236D800234D
:1094D0008DF8143020E0019B93F879311A469DF8FD
:1094E00014305B001344019A1344032283F87A2159
:1094F000019B93F879311A469DF814305B001344B0
:109500000133019A13449DF8162083F87A219DF8BF
:10951000143001338DF814309DF814209DF8033079
:109520009A42D8D3019B93F879219DF803305B00D0
:10953000DBB21344DAB2019B83F8792107B05DF8FE
:1095400004FB00B585B00190019B93F811350433FD
:10955000019A92F82624934204DB019B002283F8AF
:109560002624B4E007238DF80F30019B93F81135C2
:109570000133019A134493F834331B11DBB203F027
:1095800007038DF80E309DF80E301946019802F051
:109590009BFF0346B3F1FF3F05D19DF80F3003F069
:1095A00006038DF80F30019B93F811350133019AB2
:1095B000134493F8343303F00F038DF80D309DF806
:1095C0000D301946019802F097FF0346B3F1FF3FB3
:1095D00005D19DF80F3003F005038DF80F30019B86
:1095E00093F81135023303F54C73019A1344043395
:1095F0001946019803F042FE02900299019803F087
:109600005BFE0346B3F1FF3F05D19DF80F3003F039
:1096100003038DF80F309DF80F30072B0CD1019B01
:109620009DF80E2083F85820019B9DF80D2083F8AB
:109630005320019B029A5A65019B93F8113505331B
:10964000DAB2019B83F81125019B93F81125019B48
:1096500093F826349A423AD8019B93F879311A4606
:10966000019B1344052283F87A21019B93F87931F9
:109670000133019A13449DF80F2083F87A21019B4E
:1096800093F879310233DAB2019B83F87921019B97
:1096900093F8DA310D2B1AD8019B93F8DA311A4678
:1096A000019B1344052283F8DB21019B93F8DA31F7
:1096B0000133019A13449DF80F2083F8DB21019BAD
:1096C00093F8DA310233DAB2019B83F8DA2105B07C
:1096D0005DF804FB82B00190019B93F811350133D2
:1096E000019A92F82624934204DB019B002283F81E
:1096F00026242CE0019B93F811350133019A134481
:1097000093F8343303F00F02019B1A66019B93F820
:1097100011350233DAB2019B83F81125019B93F8CE
:109720001125019B93F826349A4210D8019B93F897
:1097300079311A46019B1344042283F87A21019B54
:1097400093F879310133DAB2019B83F8792102B0C1
:10975000704710B584B00190019B93F81125019BCF
:1097600093F826349A4204D3019B002283F82624DE
:109770004DE0019BD3F8BC340DF10F02019918465E
:1097800009F0C2FA019B93F811350133DAB2019B5B
:1097900083F81125019B93F8DA310C2B37D8019B04
:1097A00093F8DA311A46019B1344062283F8DB2131
:1097B000019B93F8DA315C1CF3F784F803461A46F0
:1097C000019B234483F8DB21019BD3F8BC249DF843
:1097D0000F3019460B465B010B449B0013447E334C
:1097E000B3F90030DAB2019B93F8DA31023302F0B8
:1097F0003F02D1B2019A13440A4683F8DB21019B50
:1098000093F8DA310333DAB2019B83F8DA2104B03A
:1098100010BD00B587B00190019B93F81135053359
:10982000019A92F82624934204DB019B002283F8DC
:109830002624E2E0019803F0CFFB034683F0010306
:10984000DBB2002B08D0019B93F811350633DAB256
:10985000019B83F81125D0E003238DF81730019B7D
:1098600093F811350133019A134493F834338DF88A
:1098700016309DF816301946019802F02BFF03466A
:10988000B3F1FF3F02D100238DF81730019B93F80D
:109890001135023303F54C73019A1344043319460E
:1098A000019803F0EBFC04900499019802F0E4FEA7
:1098B0000346B3F1FF3F05D19DF8173003F00203D3
:1098C0008DF81730019B93F811350533019A134435
:1098D00093F8343303F00F038DF80F309DF80F30F9
:1098E0001946019802F032FE0346B3F1FF3F05D15D
:1098F0009DF8173003F001038DF81730019B93F8A2
:1099000011350533019A134493F834331B098DF84C
:109910000E309DF80E301946019802F017FE0346EE
:10992000B3F1FF3F05D19DF8173003F001038DF827
:1099300017309DF80E209DF80F309A4205D29DF801
:10994000173003F001038DF817309DF81730032B03
:1099500028D19DF816301A460499019802F03EFF6E
:109960009DF816301A460499019802F06DFF9DF893
:109970000E309DF80F209DF81610019802F09EFF02
:10998000049B002B07D19DF816301A460021019840
:1099900002F0FEFF06E09DF816301A4601210198FC
:1099A00002F0F6FF019B93F811350633DAB2019B02
:1099B00083F81125019B93F81125019B93F8263418
:1099C0009A421AD8019B93F879311A46019B1344A5
:1099D000072283F87A21019B93F879310133019AA8
:1099E00013449DF8172083F87A21019B93F879316D
:1099F0000233DAB2019B83F8792107B05DF804FBEA
:109A000082B00190019B93F811350133019A92F8CD
:109A10002624934204DB019B002283F826244DE098
:109A2000019B93F811350133019A134493F83433B1
:109A300003F00F03DAB2019B83F85920019B93F8DE
:109A40005930002B03D1019B012283F85920019B3F
:109A500093F811350233DAB2019B83F81125019B8B
:109A600093F81125019B93F826349A4226D8019B3E
:109A700093F879311A46019B1344082283F87A211E
:109A8000019B93F879310133DAB2019B83F8792194
:109A9000019B93F8DA310E2B10D8019B93F8DA3141
:109AA0001A46019B1344082283F8DB21019B93F89B
:109AB000DA310133DAB2019B83F8DA2102B0704760
:109AC00000B585B00190019B93F811350133019ADF
:109AD00092F82624934204DB019B002283F826247B
:109AE00089E0019803F06FFA034683F00103DBB2CB
:109AF000002B08D0019B93F811350233DAB2019B99
:109B000083F8112577E0019B93F811350133019A11
:109B1000134493F8343303F00F03384AD35C023B09
:109B20008DF80F30019B9B6B9B7A9DF80F20934221
:109B300028BF1346DAB2019B83F85A20019B93F8A1
:109B400011350133019A134493F834331B1103F098
:109B50000103002B14BF01230023DAB2019B83F819
:109B60005B20019B93F811350133019A134493F85C
:109B700034335B1103F00103002B14BF01230023D6
:109B8000DAB2019B83F85C20019B93F81135023314
:109B9000DAB2019B83F81125019B93F81125019BF3
:109BA00093F826349A4226D8019B93F879311A46C5
:109BB000019B1344092283F87A21019B93F87931A0
:109BC0000133DAB2019B83F87921019B93F8DA31F2
:109BD0000E2B10D8019B93F8DA311A46019B1344DF
:109BE000092283F8DB21019B93F8DA310133DAB2E1
:109BF000019B83F8DA2105B05DF804FB64A503003E
:109C000000B585B00190019B93F811350433019A9A
:109C100092F82624934204DB019B002283F8262439
:109C2000A5E0019803F0D8F9034683F00103DBB205
:109C3000002B08D0019B93F811350533DAB2019B54
:109C400083F8112593E003238DF80F30019B93F8DF
:109C500011350133019A134493F834338DF80E30E3
:109C60009DF80E301946019802F0CCFE0346002BF9
:109C700005D19DF80F3003F001038DF80F30019BE3
:109C800093F81135023303F54C73019A13440433EE
:109C90001946019803F0F2FA02900299019803F034
:109CA0000BFB0346B3F1FF3F05D19DF80F3003F0E6
:109CB00002038DF80F309DF80F30032B0CD19DF867
:109CC0000E301A460299019802F0BEFD0346002BA1
:109CD00002D000238DF80F30019B93F81135053326
:109CE000DAB2019B83F81125019B93F81125019BA2
:109CF00093F826349A423AD8019B93F879311A4660
:109D0000019B13440A2283F87A21019B93F879314D
:109D10000133019A13449DF80F2083F87A21019BA7
:109D200093F879310233DAB2019B83F87921019BF0
:109D300093F8DA310D2B1AD8019B93F8DA311A46D1
:109D4000019B13440A2283F8DB21019B93F8DA314B
:109D50000133019A13449DF80F2083F8DB21019B06
:109D600093F8DA310233DAB2019B83F8DA2105B0D5
:109D70005DF804FB00B585B001900B468DF803300B
:109D800013468DF80230019B93F85C301A469DF81B
:109D900002301946019803F0E9F9034605338DF8BE
:109DA0000F309DF803209DF80F309A4202D94FF0F2
:109DB000FF3300E00023184605B05DF804FB82B0D5
:109DC0000190019B93F811350533019A92F82624EE
:109DD000934206DB019B002283F826244FF0FF33D9
:109DE00055E0019B93F811350133019A134493F820
:109DF00034331A46019BC3F82425019BD3F824254C
:109E0000019B93F81135023301990B4493F83433D5
:109E10001B021A43019BC3F82425019BD3F8242578
:109E2000019B93F81135033301990B4493F83433B4
:109E30001B041A43019BC3F82425019BD3F8242556
:109E4000019B93F81135043301990B4493F8343393
:109E50001B061A43019BC3F82425019B93F8113577
:109E60000533019A134493F834331A464FF47A7346
:109E700002FB03F31A0A019BC3F82825019B93F800
:109E800011350633DAB2019B83F8112500231846F9
:109E900002B0704700B585B00190019B93F8113571
:109EA0000333019A92F82624934204DB019B00229B
:109EB00083F8262451E001238DF80F30019B93F89D
:109EC0001135013303F54C73019A134404331946D9
:109ED000019803F0D3F90290029B002B0AD002995B
:109EE000019803F0E9F90346B3F1FF3F02D10023E3
:109EF0008DF80F309DF80F30012B03D1019B029A92
:109F0000C3F84825019B93F811350433DAB2019B5D
:109F100083F81125019B93F81125019B93F82634B2
:109F20009A421AD8019B93F879311A46019B13443F
:109F3000132283F87A21019B93F879310133019A36
:109F400013449DF80F2083F87A21019B93F879310F
:109F50000233DAB2019B83F8792105B05DF804FB86
:109F600000B587B00190019B93F811350433019A35
:109F700092F82624934204DB019B002283F82624D6
:109F800095E003238DF81730019B93F811350133C9
:109F900003F54C73019A134404331946019803F0F6
:109FA0006DF90490049B002B0DD00499019803F0E7
:109FB00083F90346B3F1FF3F05D19DF8173003F055
:109FC00002038DF81730019B93F811350433019A81
:109FD000134493F8343303F00F038DF80F309DF8DA
:109FE0000F301946019802F087FA0346B3F1FF3F9C
:109FF00005D19DF8173003F001038DF817309DF857
:10A000001730032B08D1019B049AC3F84C25019B00
:10A010009DF80F2083F85025019B93F811350533E7
:10A02000DAB2019B83F81125019B93F81125019B5E
:10A0300093F826349A423AD8019B93F879311A461C
:10A04000019B1344112283F87A21019B93F8793103
:10A050000133019A13449DF8172083F87A21019B5C
:10A0600093F879310233DAB2019B83F87921019BAD
:10A0700093F8DA310D2B1AD8019B93F8DA311A468E
:10A08000019B1344112283F8DB21019B93F8DA3101
:10A090000133019A13449DF8172083F8DB21019BBB
:10A0A00093F8DA310233DAB2019B83F8DA2107B090
:10A0B0005DF804FB82B00190019B93F81125019B90
:10A0C00093F826349A4206D3019B002283F8262473
:10A0D0004FF0FF3308E0019B93F811350133DAB2FA
:10A0E000019B83F811250023184602B0704784B005
:10A0F000039002911346ADF8063007E0029A531C14
:10A100000293039B591C039112781A70BDF8063014
:10A110005A1EADF80620002BF0D100BF00BF04B0DE
:10A12000704786B0039002911346ADF80630BDF833
:10A130000630013B029A1344059307E0059A531E2B
:10A140000593039B591C039112781A70BDF80630D1
:10A150005A1EADF80620002BF0D100BF00BF06B09C
:10A16000704782B001900B468DF803301346ADF86E
:10A17000003005E0019B5A1C01929DF803201A70E3
:10A18000BDF800305A1EADF80020002BF2D100BF00
:10A1900000BF02B07047000086B0019000916FF0E0
:10A1A000050305931CE0019B5A1C01921B781A467B
:10A1B000059B53400593002304930EE0059B03F099
:10A1C00001035B420393059B5A0803990A4B0B401A
:10A1D00053400593049B01330493049B072BEDDD4F
:10A1E000009B5A1E0092002BDDDC059BC3F102038D
:10A1F000184606B0704700BF2083B8ED82B00190CA
:10A200000B468DF803309DF80330DB08DBB21A46AD
:10A21000019B13441B781A469DF8033003F0070393
:10A2200042FA03F3DBB203F00103DBB2184602B0DB
:10A23000704782B001900B468DF803309DF80330D3
:10A24000DB08D8B20246019B13441B785AB29DF832
:10A25000033003F00703012101FA03F35BB2134358
:10A260005AB20146019B0B44D2B21A7000BF02B031
:10A27000704782B001900B468DF803309DF8033093
:10A28000DB08D8B20246019B13441B785AB29DF8F2
:10A29000033003F00703012101FA03F35BB2DB4350
:10A2A0005BB213405AB20146019B0B44D2B21A7002
:10A2B00000BF02B0704700B583B001900B468DF827
:10A2C000033013468DF802309DF8023003F001038D
:10A2D000002B06D09DF8033019460198FFF7A9FF1F
:10A2E00005E09DF8033019460198FFF7C2FF00BF53
:10A2F00003B05DF804FB84B001900B468DF8033089
:10A3000000238DF80F300DE09DF80F30019A1344B3
:10A310001B78002B01D000230BE09DF80F30013398
:10A320008DF80F309DF80F209DF803309A42EBD343
:10A330000123184604B0704782B001900B468DF897
:10A3400003309DF803301B09DBB25B00019A134414
:10A350001B881A469DF8033003F00F0342FA03F3FB
:10A36000DBB203F00103DBB2184602B0704782B0E3
:10A3700001900B468DF803309DF803301B09D8B2CD
:10A3800003465B00019A13441B881AB29DF8033000
:10A3900003F00F03012101FA03F31BB2134319B2B7
:10A3A00003465B00019A13448AB21A8000BF02B0D0
:10A3B000704782B001900B468DF803309DF8033052
:10A3C0001B09D8B203465B00019A13441B881AB2DA
:10A3D0009DF8033003F00F03012101FA03F31BB2D0
:10A3E000DB431BB2134019B203465B00019A1344CE
:10A3F0008AB21A8000BF02B0704700B583B00190E6
:10A400000B468DF8033013468DF802309DF802306C
:10A4100003F00103002B06D09DF803301946019884
:10A42000FFF7A5FF05E09DF8033019460198FFF7F7
:10A43000C0FF00BF03B05DF804FB84B003468DF895
:10A44000073000238DF80F309DF807300B2B02D812
:10A45000FF238DF80F309DF90F30184604B0704778
:10A4600086B0039002910192009300238DF817307B
:10A47000039B1B785B09DAB2029B1A70039B1B7863
:10A4800003F00303DAB2019B1A70029B1B78002BC6
:10A4900013D0029B1B78022B0FD0029B1B78042B3E
:10A4A0000BD0029B1B78062B07D0029B1B78072B37
:10A4B00003D0019B1B78002B02D0FF238DF81730AF
:10A4C000029B1B78052B0CBF01230023DBB21A462D
:10A4D000009B1A709DF91730184606B070470000AF
:10A4E00000B587B00390019200930B468DF80B30B6
:10A4F0000023059300230493039B01331B781A4622
:10A50000039B02331B781B021A44039B03331B7803
:10A510001B041A44039B04331B781B061344049347
:10A52000049A089B9A4201D1002301E04FF0FF33C7
:10A530000593039B5A790B9B1A70039B06331B7878
:10A540001A46039B07331B781B029BB213449AB233
:10A55000009B1A800B9B1B7803F00F03DAB2019B60
:10A560001A70039B03F10801019B1B781A460C9893
:10A57000FFF7BDFD9DF80B20019B1B780C339A4221
:10A580000CDD019B1B7808331A46039B13441A7891
:10A59000099B1A700A9B00221A7005E00A9B01228F
:10A5A0001A70044B01221A60059B184607B05DF82B
:10A5B00004FB00BFD020001084B003460091ADF82A
:10A5C0000630009B1B68ADF80E30009B1B681B0C0F
:10A5D0001B040293BDF80620BDF80E309A4204D841
:10A5E000009B1B68B3F1FF3F10D1009B1B68B3F1C8
:10A5F000FF3F04D1BDF80620009B1A6018E0BDF8AB
:10A600000620029B1A44009B1A6011E0BDF8062048
:10A61000BDF80E309A4208D2BDF80620029B1344C2
:10A6200003F58032009B1A6002E04FF0FF3300E038
:10A630000023184604B0704784B001900B468DF893
:10A64000033013468DF80230019B0393019B029364
:10A6500011E0039B1B781A46124B9B5C1A46039B26
:10A6600013440393039A019BD21A9DF802309A4235
:10A670000FDC039B0293039A019BD31A9DF80210EF
:10A680009DF803208A4228BF0A46D2B29342E0DBFB
:10A6900000E000BF029A019BD31ADBB2184604B057
:10A6A000704700BF74A7030000B587B00390029104
:10A6B0000192009340F2545200210398E1F70CFEFE
:10A6C000039B002283F81225039B002283F81123A9
:10A6D000039B002283F8D924039B032283F8C02420
:10A6E000039B029A9A63039B019A1A64039B009A44
:10A6F000DA63039B002283F81825039B0B9A5A64A4
:10A70000039B0C9A9A64039B0A22C3F81C25039BA3
:10A710003F4AC3F840259DF828209DF8243019466B
:10A720000398FCF7C9FA039800F0F7FC03468DF88C
:10A7300017309DF91730002B08D0039801F031F83D
:10A74000039800F0EAFC03468DF817309DF91730A6
:10A75000002B0FD1039B9B6B1B78184601F052F81E
:10A760000346002B03D100238DF8173002E0FF23AE
:10A770008DF817309DF91730B3F1FF3F0FD1039BD0
:10A780004FF08052C3F89424039B0022C3F898240E
:10A79000039B9B6B06221A70039800F020FC039821
:10A7A00000F0D0FF039BB3F84C3001339AB2039B07
:10A7B000A3F84C20039B089AC3F8BC24039B4FF4D6
:10A7C0001662A3F89C24039BD3F8BC04039B93F864
:10A7D000C014039B0F4A08F01BFA039801F030F8ED
:10A7E000039801F09FF8039802F02AFC03461A46EA
:10A7F000039B83F88D24039802F01AFC03461A4643
:10A80000039B83F88C2400BF07B05DF804FB00BFF6
:10A8100080994000C97D0200F0B587B00390039B8A
:10A82000D3F8BC340DF117020399184608F06CFAFE
:10A83000039B93F81235002B17D0F1F7E6FE044680
:10A84000039800F06EFE0346E31AA3F59673002BFF
:10A850000BDD8A48F1F79EFF0120F1F7CBFFF1F7FE
:10A86000CDFE039B062283F81225039B93F8BB348D
:10A87000062B02D1039800F085FE039B93F8123556
:10A88000042B00F2E48001A252F823F061AA020036
:10A89000A1A8020099A90200FDA9020033AA0200A2
:10A8A000039B93F8BB34002B02D0032B2CD072E017
:10A8B000039B012283F8BB24039B1B6C184604F006
:10A8C0009CF90346002B1BD0039B1C6C039BD3F805
:10A8D000B054039B93F81835002B14BF01230023B9
:10A8E000DEB2039BD3F814750398FEF791FA034682
:10A8F00000933B4632462946204604F07BFA4AE064
:10A900000398FCF751FE46E0039B022283F81225D0
:10A91000039BD3F8E424039BC3F81823039BD3F8C9
:10A92000BC249DF8173003F5FE739B0013445A684E
:10A93000039B1B6E9A40039BD3F8BC149DF8173001
:10A9400003F5FE739B000B445B68D21A039BC3F8AC
:10A950001423039B93F8CE34012B02D1039800F00B
:10A96000BAFE00210398FDF7E3FA0398FDF7BCFD5A
:10A97000039BD86B039BD3F8B014039BD3F8BC2480
:10A980009DF8173003F5FE739B0013445B681A466D
:10A9900002F092FE00BF6AE0039B93F8BB34052BE4
:10A9A00060D1039800F0C5FD0346042B1DD1039B25
:10A9B000012283F8D9240398FDF782FB03461A4647
:10A9C000039B83F81123039B93F81133002B08D1C9
:10A9D000039B032283F8122501210398FDF7A8FAAF
:10A9E00040E0039800F0CEFD3CE0039B032283F897
:10A9F000122501210398FDF79BFA33E0039B93F89E
:10AA0000BB34052B30D1039800F093FD0346042B93
:10AA10000BD1039B022283F8D9240398FDF750FB46
:10AA200003461A46039B83F81123039800F0AAFDFE
:10AA30001AE0F1F7F0FD0246039BD3F81435D31A60
:10AA4000002B13DD039B012283F812250EE00B4837
:10AA5000F1F7A0FE0120F1F7CDFEF1F7CFFD06E002
:10AA600000BF04E000BF02E000BF00E000BF039BA6
:10AA700093F81235184607B0F0BD00BF88A7030051
:10AA800000B585B001900091019B93F81235002B21
:10AA900002D04FF0FF3369E0019800F001FB03465C
:10AAA000012B02D14FF0FF3360E0F1F7AEFD0390D0
:10AAB000019B039AC3F80C25019B009AC3F8142547
:10AAC000019B012283F8CE24019800F02BFF019B0B
:10AAD00093F89234042B09D1019BD3F8A834002BAE
:10AAE00012D1019B93F89234042B0DD1019B93F862
:10AAF0009224019B83F893240421019800F086FF9F
:10AB0000019B042283F89224019801F07FF8019BB5
:10AB1000DB6B184602F0B6FE019801F0E9FA034635
:10AB2000002B02D04FF0FF3320E00198FDF7DCFF4F
:10AB3000019802F05AFA03461A46019B83F85920FD
:10AB4000019802F05AFA03461A46019B83F85320F3
:10AB5000019BD3F8A834002B03D1019B039AC3F8BF
:10AB6000AC24019B012283F812250023184605B06E
:10AB70005DF804FB82B00190019B93F8CE34184637
:10AB800002B0704700B583B00190019B002283F8AA
:10AB9000CE24019800F0D5FC019801F041FB019B07
:10ABA0000022C3F8A82400BF03B05DF804FB10B571
:10ABB000C6B046ABA3F5827318600A4646ABA3F253
:10ABC00005131A7000238DF81731F1F724FD0446A0
:10ABD00003210120F1F740FE03464FF47A7202FB95
:10ABE00003F32344449346ABA3F582731B6893F8A5
:10ABF0004435012B33D046ABA3F582731B6893F821
:10AC00004535012B2BD046ABA3F582731B6893F817
:10AC10004635012B23D046ABA3F582731B6893F80E
:10AC2000EA31002B1BD046ABA3F582731B6893F867
:10AC3000EA219DF8173113448DF8173146ABA3F57F
:10AC400082731B6803F2EB1146ABA3F582731B689A
:10AC500093F8EA311A4607AB1846FFF748FA46ABB5
:10AC6000A3F205131B78102B51D0102B00F3878013
:10AC7000022B02D00D2B2CD081E046ABA3F58273C2
:10AC80001B6893F84435012B7CD046ABA3F5827347
:10AC90001B68012283F8442546ABA3F582731B6829
:10ACA000002283F8202546ABA3F582731B6800229F
:10ACB00083F821259DF817315A1C8DF8172103F5CB
:10ACC0008C736B4446AAA2F20512127803F8FC2C8E
:10ACD00058E046ABA3F582731B6893F84535012B0A
:10ACE00052D046ABA3F582731B68012283F8452539
:10ACF0009DF817315A1C8DF8172103F58C736B449E
:10AD000046AAA2F20512127803F8FC2C3CE046ABEE
:10AD1000A3F582731B6893F84635012B36D046ABFA
:10AD2000A3F582731B68012283F846259DF817312D
:10AD30005A1C8DF8172103F58C736B4446AAA2F2B6
:10AD40000512127803F8FC2C46ABA3F582731B683E
:10AD500093F851259DF81731591C8DF8171102F001
:10AD60000702D2B203F58C736B4403F8FC2C46AB9C
:10AD7000A3F582731B68002283F8772006E04FF06A
:10AD8000FF3316E000BF02E000BF00E000BF07AAEB
:10AD900046ABA3F58270449B0293022301939DF876
:10ADA00017310093134601220021006800F004F8D7
:10ADB0000346184646B010BD00B587B00390019316
:10ADC0000B468DF80B3013468DF80A309DF80A308B
:10ADD00083F00103DBB2002B02D000238DF820307A
:10ADE000039B93F84E10039B93F85B309DF8202053
:10ADF000039801F0A3FC03468DF817309DF9173036
:10AE0000B3F1FF3F02D14FF0FF3375E09DF82430DE
:10AE1000042B06D09DF82430022B02D04FF0FF33D4
:10AE20006AE0039800F03CF90346002B07D1039B2E
:10AE300093F8CE34022B02D04FF0FF335CE0039B3B
:10AE400093F81235002B02D04FF0FF3354E0039BF0
:10AE5000DB6B184602F016FD039801F02BF9034650
:10AE6000002B02D04FF0FF3346E0039800F081F949
:10AE70000346002B02DD4FF0FF333DE0F1F7C5FB49
:10AE80000246039BC3F80C25039B0A9AC3F81425BA
:10AE9000039B9DF8202083F87820039B9DF80B20CE
:10AEA00083F87120039B9DF80A2083F87220039B8E
:10AEB0009DF8242083F87320039B002283F8FD2152
:10AEC0009DF820301A460199039800F0FFFA039884
:10AED000FBF7DCFF0398FCF72DF8039B002283F8B7
:10AEE000D924039B93F85120039B83F85220039BA2
:10AEF000012283F812250023184607B05DF804FBF1
:10AF000000B585B001900B468DF80330019B93F896
:10AF100092348DF80F30019B9DF8032083F8922422
:10AF20009DF80330002B08D1019801F09FFD0346E6
:10AF30001A46019B83F84F2007E0019802F050F970
:10AF400003465AB2019B83F850209DF803301946FE
:10AF5000019800F05BFD019800F058FE03468DF863
:10AF60000E309DF90E30B3F1FF3F0DD1019B9DF8DE
:10AF70000F2083F892249DF80F301946019800F0B5
:10AF800045FD019800F042FE9DF90E30184605B0CF
:10AF90005DF804FB82B00190019B93F8923418464F
:10AFA00002B0704700B583B001900091009B1A6811
:10AFB000019BC3F89424009B5A68019BC3F8982412
:10AFC000019800F00CF800BF03B05DF804FB82B0FC
:10AFD0000190019B93F81235184602B0704700B5F6
:10AFE00091B00190019B1A6A019BD3F894349A4264
:10AFF0000FD1019B93F82420019B9B6B1B789A42F5
:10B0000007D1019B93F82520019B93F81A359A42AA
:10B010002AD0019BD3F89424019B1A62019B9B6B5D
:10B020001A78019B83F82420019B93F81A25019B31
:10B0300083F82520019B34211846FFF7ADF802461E
:10B04000019B5A63019B382219460120F1F754FBFA
:10B0500002AB382200211846E1F73EF902AB382254
:10B0600019460120F1F70EFB00BF11B05DF804FB9B
:10B0700000B583B00190019B93F84E10019B93F8AB
:10B080005B301A46019802F071F803461A46019B9C
:10B0900093F8EA31D31A083B184603B05DF804FB75
:10B0A00082B00190019B93F87030184602B070474F
:10B0B00082B001900B468DF80330019B9DF8032070
:10B0C00083F8702000BF02B0704782B00190019BEE
:10B0D000D3F8BC34184602B0704782B00190019B8F
:10B0E000B3F84C30184602B0704782B00190019B13
:10B0F000B3F81C33184602B0704782B00190019B30
:10B10000B3F9D434184602B0704782B00190019B65
:10B11000B3F9D634184602B0704700B583B0019039
:10B12000019B382219460120F1F7ACFA019B34212A
:10B130001846FFF731F80246019B5B6B9A4212D129
:10B14000019B1A6A019BC3F89424019B9B6B019A93
:10B1500092F824201A70019B93F82520019B83F814
:10B160001A25002301E04FF0FF33184603B05DF8C5
:10B1700004FB00B599B001900023179300238DF8CC
:10B180004F3010238DF8573003AB40220021184672
:10B19000E1F7A2F8002316930198FDF702FE149040
:10B1A000019801F083FF0346002B13D09DF8573020
:10B1B00003AA0DF14F01019801F0C0FE0346012BD7
:10B1C00008D1019BDB6B9DF84F1003AA184602F0D3
:10B1D00063FC1690149B002B02D1169B179305E07D
:10B1E000169A149B9342B8BF13461793179B1846A1
:10B1F00019B05DF804FB82B00190019B93F8FD311A
:10B20000184602B0704782B00190019B9B6B1B787F
:10B21000184602B0704700B583B001900B468DF818
:10B2200003309DF80330184600F0ECFA0346002B7B
:10B2300013D1019B9B6B9DF803201A700198FFF7B7
:10B24000CEFE019800F0FCFA019800F06BFB019B28
:10B250000022C3F8A824002301E04FF0FF33184672
:10B2600003B05DF804FB82B00190019BB3F8A034F9
:10B27000184602B0704782B00190019B0022A3F8EB
:10B28000A02400BF02B0704782B00190019B93F8E8
:10B290001935002B05D0019B002283F819250123C5
:10B2A00000E00023184602B0704700B583B001905B
:10B2B0000B468DF80330019B9DF8032083F81A2577
:10B2C0000198FFF78CFE00BF03B05DF804FB82B06D
:10B2D0000190019B93F81A35184602B070470000A0
:10B2E00084B001900C4B1B680293029B03930023D4
:10B2F0009DF80C2062F307039DF80D2062F30F23E5
:10B300009DF80E2062F317439DF80F2062F31F6330
:10B31000184604B0704700BFE897030000B589B035
:10B320000390029101920093039BD3F82C35029A6B
:10B33000D31A0793039BD3F82835079A134406932F
:10B34000069B104AA2FB03239B090593059B4FF420
:10B350007A7202FB03F3069AD31A0693039BD3F87F
:10B360002435059A13440493019B049A1A60009BA8
:10B37000069A1A60039800F007F80346184609B0C9
:10B380005DF804FBD34D621000B585B00190F1F774
:10B390003CF90390019BD3F83435002B0CD0019B72
:10B3A000D3F83435039AD21A019BD3F84035D31A17
:10B3B000002B01DA012300E00023184605B05DF8F8
:10B3C00004FB82B001900B468DF803309DF80330EA
:10B3D000072B02D94FF0FF3312E0019B93F846355B
:10B3E000012B04D0019B93F84635022B02D14FF07C
:10B3F000FF3305E0019B9DF8032083F851250023CE
:10B40000184602B0704782B00190019B93F87730E4
:10B41000002B14BF01230023DBB2184602B0704793
:10B4200086B003900291019200238DF81730039BA0
:10B4300093F84435032B0AD1039B93F82025029BF4
:10B440001A70039B93F82125019B1A7008E0029B58
:10B4500000221A70019B00221A70FF238DF817300A
:10B460009DF91730184606B0704782B00190019BD5
:10B4700093F84535032B01D1002301E04FF0FF3352
:10B48000184602B0704782B00190019B93F8463590
:10B49000032B01D1002301E04FF0FF33184602B027
:10B4A000704782B00190019B93F85335184602B063
:10B4B000704782B001900B468DF80330019B9DF8D8
:10B4C000032083F8532500BF02B0704700B587B052
:10B4D0000390029113468DF8073000238DF8173042
:10B4E000039B93F87130002B04D0039B93F8EA314F
:10B4F0008DF81730039B93F8723003F108029DF822
:10B50000173013447833039A134402339DF807200D
:10B5100092B202991846FEF7EAFD00BF07B05DF847
:10B5200004FB82B00190019BD3F80C35184602B0A1
:10B53000704782B00190019B93F8CF34184602B057
:10B54000704700B583B00190019B002283F811235E
:10B55000019B002283F81025019B002283F8D92447
:10B56000019B012283F85220019BD3F8BC24019B4C
:10B5700093F8C0341946104607F0F8FC00BF03B03A
:10B580005DF804FB10B582B00190019B002283F8A6
:10B59000BB24019B93F81133042B15D10198FDF7BF
:10B5A00035FB0346002B0FD1019B93F89324019B9D
:10B5B00083F89224019B93F893341946019800F084
:10B5C00025FA019800F087F8019B93F81133032BBB
:10B5D00004D0019B93F81133022B02D10198FDF79F
:10B5E00077F90198FCF7CAFF019B93F84435022BC9
:10B5F00003D1019B002283F84425019B93F8453534
:10B60000022B03D1019B002283F84525019B93F86F
:10B610004635022B03D1019B002283F84625019B6E
:10B6200093F81033012B05D1019B5B6C019A926C4E
:10B6300010469847019B93F81035012B04D0019BCD
:10B6400093F81035032B39D1019BDB6B184602F0C0
:10B6500019F9019800F02EFD0346002B15D0019B2F
:10B66000002283F81225019B93F81035032B2AD171
:10B67000019B5B6E5A1C019B5A66019BD3F8883470
:10B680005A1C019BC3F888241DE0019B002283F80B
:10B690001025F0F7C0FF044603210120F1F7DCF884
:10B6A00003464FF47A7202FB03F3E218019BC3F8DE
:10B6B0001425019B042283F8122504E0019B00223B
:10B6C00083F8122500E000BF019B002283F81123BC
:10B6D00000BF02B010BD00B593B001900AAB2022AC
:10B6E00000211846E0F7F8FD019BB3F81C33ADF8D4
:10B6F0002830019BB3F84C300B93019B03F21E32B0
:10B700000CAB1068186092889A800AAB1C2118460E
:10B71000FEF742FD034611930AAB20221946022090
:10B72000F0F7EAFF02AB202200211846E0F7D4FD33
:10B7300002AB202219460220F0F7A4FF00BF13B08D
:10B740005DF804FB00B58BB0019002AB2022002114
:10B750001846E0F7C1FD02AB202219460220F0F79F
:10B7600091FF02AB1C211846FEF716FD0246099B0D
:10B770009A4212D1BDF80820019BA3F81C23039B19
:10B780009AB2019BA3F84C20019B03F21E331A4688
:10B7900004AB186810609B88938000BF0BB05DF805
:10B7A00004FB00B58FB0019002AB30221946012096
:10B7B000F0F768FF02AB2C211846FEF7EDFC0246BD
:10B7C0000D9B9A421AD1BDF828300A339AB2019BD8
:10B7D000A3F81C230B9A019BC3F89424BDF82A20DC
:10B7E000019BA3F84C20019B9B6B9DF830201A70A5
:10B7F0000198FFF770FF0198FFF7F1FB00BF0FB052
:10B800005DF804FB84B003468DF8073000238DF803
:10B810000F300BE006229DF80730934201D1002340
:10B820000AE09DF80F3001338DF80F3001229DF8AA
:10B830000F309342EED30123184604B07047000046
:10B8400070B588B00790079BDB6B184601F014FFBA
:10B85000079B9B6B0433782200211846E0F73CFDE0
:10B86000079B9B6B1B78062B03D10798F3F71EFEF3
:10B8700008E02848F0F78EFF0120F0F7BBFFF0F753
:10B88000BDFE00BF079B186C079BD3F8BC14079B39
:10B890000493214B0393079B0293204B0193079B37
:10B8A00000931F4B042203F01DF9079B9B6B93F839
:10B8B0004630002B19D0079B1C6C079801F000FC48
:10B8C0000546079801F018FC03461E46079801F04C
:10B8D00031FC034632462946204603F063F9079BB4
:10B8E0001B6C0121184603F07BF9079BDA6B079B61
:10B8F0009B6B93F845301946104601F0CAFE079B32
:10B900009A6B079B9B6B92F82E2083F8A02000BFB8
:10B9100008B070BD9CA70300917002005D7002002A
:10B920002170020000B583B00190019B9B6B1A6AE5
:10B93000019B5A65019B9B6B9B7A5AB2019B83F8D2
:10B940005020019B9B6B9A7A019B83F85A20019BA4
:10B95000002283F85820019B9B6B93F82C20019BBD
:10B9600083F85320019B9B6B5A7A019B83F85920E3
:10B97000019B9B6B93F83920019B83F84F20019B1F
:10B98000002283F85B20019B002283F85C20019B4E
:10B990000022C3F84825019B9B6B93F87120019B03
:10B9A00083F85025019B072283F85125019B9B6B4F
:10B9B0001B78062B03D10198F3F796FE08E00648A2
:10B9C000F0F7E8FE0120F0F715FFF0F717FE00BFD3
:10B9D00000BF03B05DF804FBB0A7030000B583B05F
:10B9E0000190019B9B6B1B78062B08D00648F0F753
:10B9F000D1FE0120F0F7FEFEF0F700FE00E000BFF0
:10BA000000BF03B05DF804FBC0A7030000B585B01C
:10BA100001900B468DF803309DF80330013B032B5A
:10BA200000F2CE8001A252F823F000BF3DBA02001E
:10BA300081BA020009BB0200C5BA0200019B9B6BE0
:10BA4000D3F89800019B9B6B196E019B9B6B93F83D
:10BA500042301A46E2F7C6F9019B9B6BD3F89C0073
:10BA6000019B9B6BD3F89810019B9B6B93F8423022
:10BA70001A46E2F7B7F9019B032283F85120C1E08F
:10BA8000019B9B6BD3F89800019B9B6B596E019BAC
:10BA90009B6B93F842301A46E2F7A4F9019B9B6B2B
:10BAA000D3F89C00019B9B6BD3F89810019B9B6B78
:10BAB00093F842301A46E2F795F9019B032283F886
:10BAC00051209FE0019B9B6BD3F89800019B9B6BDF
:10BAD000996E019B9B6B93F842301A46E2F782F90C
:10BAE000019B9B6BD3F89C00019B9B6BD3F8981038
:10BAF000019B9B6B93F842301A46E2F773F9019B66
:10BB0000012283F851207DE000238DF80F303BE0C7
:10BB10009DF80F30072B16D8019BD3F894249DF87D
:10BB20000F30C3F107039B0022FA03F3DAB2019B43
:10BB30009B6BD3F898109DF80F300B4402F00F0266
:10BB4000D2B21A701BE09DF80F3003F007038DF896
:10BB50000E30019BD3F898249DF80E30C3F10703F3
:10BB60009B0022FA03F3DAB2019B9B6BD3F8981087
:10BB70009DF80F300B4402F00F02D2B21A709DF8FC
:10BB80000F3001338DF80F30019B9B6B93F84230DF
:10BB90009DF80F209A42BBD3019B9B6BD3F89C006E
:10BBA000019B9B6BD3F89810019B9B6B93F84230E1
:10BBB0001A46E2F717F9019B012283F8512021E090
:10BBC000019B9B6BD3F89800019B9B6BD96E019BEB
:10BBD0009B6B93F842301A46E2F704F9019B9B6B8A
:10BBE000D3F89C00019B9B6BD3F89810019B9B6B37
:10BBF00093F842301A46E2F7F5F8019B012283F8E8
:10BC0000512000BF00BF05B05DF804FB00B587B050
:10BC1000019000230593BCE0019B93F89234002B24
:10BC200023D1019B93F8CE34022B1ED1019B93F8B4
:10BC30005B30002B0ED0019B93F84F20019B9B6B38
:10BC400093F83930934238BF1346DAB2019B83F838
:10BC50004E2005E0019B93F84F20019B83F84E2076
:10BC6000019B012283F891246EE000238DF81330AC
:10BC700000238DF8123011E0019B9B6BD3F89C20C0
:10BC80009DF8123013441A789DF8133013448DF840
:10BC900013309DF8123001338DF81230019B9B6BED
:10BCA00093F842309DF812209A42E5D39DF8133064
:10BCB000002B0ED1019B9B6BD3F89C00019B9B6BCF
:10BCC000D3F89810019B9B6B93F842301A46FEF70D
:10BCD0000EFA00238DF81130019B9B6B93F83830DE
:10BCE0001A46019B9B6B93F83B3019461046F0F7C0
:10BCF000B3FD0346019A926B92F83B200132B3FBED
:10BD0000F2F101FB02F29B1A8DF81130019B9B6B43
:10BD1000D3F89C209DF8113013441B78002BDBD006
:10BD2000019B9DF8112083F84E20019B9B6BD3F85B
:10BD30009C209DF8113013441A78013AD2B21A703F
:10BD4000019B002283F89124019B93F84E20019BD4
:10BD50009B6B93F83B30934228BF1346DAB2019BAA
:10BD600083F84E20019800F02DFF0346ADF80E3009
:10BD7000019B93F84E200DF10E0311461846FEF775
:10BD8000DBFA0346012B01D1002329E0059B013397
:10BD90000593059BDF2B7FF73FAF019B002283F8C4
:10BDA0009224019B93F85B30002B0ED0019B93F8FB
:10BDB0004F20019B9B6B93F83930934238BF134659
:10BDC000DAB2019B83F84E2005E0019B93F84F20E7
:10BDD000019B83F84E20019B012283F891240023CC
:10BDE000184607B05DF804FB82B00190019B9B6B85
:10BDF00093F87030184602B0704710B586B00190C5
:10BE000000238DF81730019B93F833338DF81230EF
:10BE10000198FFF7E9FF03461A469DF81230934256
:10BE200002D0FF238DF817309DF91730002B40F01A
:10BE300021819DF81230002B03D0012B00F0C4802B
:10BE400013E100238DF81630B8E09DF81620134654
:10BE50005B00134403F54873019A1344191D019BB9
:10BE60009B6BDA6F019B9B6B9B7918469DF8163094
:10BE700003449B00D418019801F000FA03462360A4
:10BE8000019B9B6BDA6F019B9B6B9B7919469DF81D
:10BE900016300B449B001A44019B9B6BD3F8801017
:10BEA000019B9B6B9B7918469DF8163003449B00C1
:10BEB0000B4412681A60019B9B6BDA6F019B9B6BB2
:10BEC0009B7919469DF816300B449B0013441B6860
:10BED0001946019800F0D0FB0346002B3DD1019B91
:10BEE0009B6BDA6F019B9B6B9B7919469DF8163013
:10BEF0000B449B0013441B68002B2ED0019B9A6BB4
:10BF0000019B9B6BD3F89410019B9B6B9B7918460C
:10BF10009DF8163003445B000B44B2F840201A80B1
:10BF2000019B9B6BD3F88400019B9B6B9A799DF8D6
:10BF300016301344DBB201221946FEF7BCF9002388
:10BF40008DF8153004E09DF8153001338DF815306B
:10BF50009DF815300F2BF6D92BE0019B9B6BDA6F08
:10BF6000019B9B6B9B7919469DF816300B449B00F7
:10BF7000134400221A60019B9B6BD3F88020019B25
:10BF80009B6B9B7919469DF816300B449B0013441C
:10BF900000221A60019B9B6BD3F88400019B9B6B72
:10BFA0009A799DF816301344DBB200221946FEF749
:10BFB00082F99DF8163001338DF816309DF8163051
:10BFC000042B7FF642AF55E0019800F059F8034684
:10BFD0008DF8113000238DF81430019800F00EF91F
:10BFE00000238DF813302EE09DF813305B00019A8A
:10BFF000134493F8243319469DF813305B00013342
:10C00000019A134493F824331B029BB20B44ADF8FE
:10C010000E30BDF80E209DF813301946019800F03F
:10C020002FF903468DF814309DF9143013F1020FE7
:10C0300010D09DF91430B3F1FF3F0DD09DF81330AF
:10C0400001338DF813309DF813209DF811309A427A
:10C05000CAD302E000BF00E000BF9DF91430002BFE
:10C0600007D1019800F0AEF803E0FF238DF81730F8
:10C0700000E000BF9DF91730184606B010BD000063
:10C0800000B583B00190019B9B6B1B78062B01D1FF
:10C09000002309E00648F0F77DFB0120F0F7AAFB3A
:10C0A000F0F7ACFA00BFFF23184603B05DF804FBBD
:10C0B000D8A7030000B583B00190019B9B6B1B7850
:10C0C000062B04D10198F3F796FB03460AE00748D4
:10C0D000F0F760FB0120F0F78DFBF0F78FFA00BF5F
:10C0E0004FF0FF33184603B05DF804FB04A80300CB
:10C0F00000B583B00190019B9B6B1B78062B04D18C
:10C100000198F3F76DFB03460AE00748F0F742FB9E
:10C110000120F0F76FFBF0F771FA00BF4FF0FF332B
:10C12000184603B05DF804FB20A8030000B583B0F7
:10C1300001900B468DF80330019B9B6B1B78062BFF
:10C1400006D19DF8033019460198F3F7DFFB08E0AC
:10C150000648F0F71FFB0120F0F74CFBF0F74EFA12
:10C1600000BF00BF03B05DF804FB00BF40A80300A0
:10C1700084B001900B468DF80330019B9B6BDB7AFA
:10C180009DF803209A4207D9019B93F85A305AB27E
:10C19000019B83F8502012E0019B93F85A209DF8F0
:10C1A00003305B00DBB2D31ADBB28DF80F309DF9A0
:10C1B0000F3023EAE3735AB2019B83F8502000BF8B
:10C1C00004B0704700B583B00190019B9B6B1B7856
:10C1D000062B03D10198F3F7C5FB08E00648F0F7FA
:10C1E000D9FA0120F0F706FBF0F708FA00BF00BF0C
:10C1F00003B05DF804FB00BF58A8030000B583B08E
:10C200000190019B9B6BD3F88800019B9B6BDB79B2
:10C210001A46FF21FDF7A5FF00BF03B05DF804FB40
:10C2200000B583B00190019B9B6B1B78062B08D057
:10C230000648F0F7AFFA0120F0F7DCFAF0F7DEF984
:10C2400000E000BF00BF03B05DF804FB74A803006A
:10C2500000B583B00190019B9B6B1B78062B08D027
:10C260000648F0F797FA0120F0F7C4FAF0F7C6F99C
:10C2700000E000BF00BF03B05DF804FBA0A803000E
:10C2800000B583B001900B468DF803301346ADF82E
:10C290000030019B9B6B1B78062B09D1BDF8002059
:10C2A0009DF8033019460198F3F780FB03460AE036
:10C2B0000748F0F76FFA0120F0F79CFAF0F79EF9C3
:10C2C00000BF6FF00203184603B05DF804FB00BF27
:10C2D000D0A8030000B585B0019000238DF80F3081
:10C2E000019B93F84F308DF80E303DE0019B93F8A1
:10C2F0005B301A46019B9B6B93F8423012FB03F3B1
:10C30000DAB29DF80E3013448DF80D309DF80D20F3
:10C31000019B9B6B93F83B301946019B93F85B3074
:10C32000013301FB03F39A4207DD1C48F0F732FAB0
:10C330000120F0F75FFAF0F761F9019B9B6B1A6936
:10C340009DF80D3013441B788DF80E309DF80E309B
:10C3500000221946019800F023F90346002B03D16F
:10C3600001238DF80F3007E0019B9B6B93F8383069
:10C370009DF80E209A42B9D89DF80F3083F0010342
:10C38000DBB2002B03D0019B93F84F3001E09DF806
:10C390000E30184605B05DF804FB00BFF0A803009E
:10C3A00010B582B00190019B93F89234002B32D1EA
:10C3B000019B93F950301A46019B9B6B9B7A9A42E2
:10C3C00007DA019B9B6B9B7A5AB2019B83F8502042
:10C3D00022E0019B93F84F40019800F047FB034691
:10C3E0009C4208D00198FFF775FF03461A46019B4F
:10C3F00083F84F2010E0019B012283F8512001981F
:10C4000000F00CF80198FFF765FF03461A46019B00
:10C4100083F84F2000E000BF02B010BD00B585B02A
:10C420000190019B9B6B1B78062B3ED100238DF85E
:10C430000F3032E0019B9B6BDA6F9DF80F309B0051
:10C4400013441B68002B23D0019B9B6BD3F88430D3
:10C450009DF80F2011461846FDF7D0FE0346002B2D
:10C4600016D1019B9B6BD3F884309DF80F100122ED
:10C470001846FDF720FF019B9A6B019B9B6BD3F83D
:10C4800094109DF80F305B000B44B2F840201A80E6
:10C490009DF80F3001338DF80F30019B9B6B1B799A
:10C4A0009DF80F209A42C5D308E00648F0F772F9CC
:10C4B0000120F0F79FF9F0F7A1F800BF00BF05B029
:10C4C0005DF804FB14A9030084B001900B468DF8BD
:10C4D000033000238DF80F30019B9B6B93F83D30A8
:10C4E0009DF803209A4202D3FF238DF80F309DF967
:10C4F0000F30184604B0704700B583B001900B466A
:10C500008DF80330019B9B6B93F83A309DF8032024
:10C510009A4215D3019B9B6B93F83C309DF8032006
:10C520009A420DD8019B9B6B3E339DF80320114628
:10C530001846FDF701FF0346012B01D1002301E05E
:10C540004FF0FF33184603B05DF804FB00B583B02D
:10C5500001900B468DF80330019B9B6B93F83830AC
:10C560009DF803209A4215D3019B9B6B93F83B30B7
:10C570009DF803209A420DD8019B9B6B3E339DF89A
:10C58000032011461846FDF7D7FE0346012B01D1C3
:10C59000002301E04FF0FF33184603B05DF804FBC1
:10C5A00000B585B001900B468DF8033013468DF829
:10C5B0000230019B9B6B1B78062B4CD19DF80230FF
:10C5C000002B04D0019B9B6BD3F8883003E0019BC8
:10C5D0009B6BD3F884300293019B93F85B30002B64
:10C5E0000AD0019B9B6B93F839309DF803209A4247
:10C5F00002D24FF0FF3339E000238DF80F3020E0F6
:10C600009DF80F3019460298FDF7F8FD0346012BFF
:10C6100012D1019B9B6BD3F894209DF80F305B00E7
:10C6200013449DF8032011461846FDF785FE034686
:10C63000012B01D1002319E09DF80F3001338DF853
:10C640000F30019B9B6B1B799DF80F209A42D7D32B
:10C650004FF0FF330AE00748F0F79CF80120F0F7AD
:10C66000C9F8EFF7CBFF00BF4FF0FF33184605B016
:10C670005DF804FB44A9030000B585B0019000916A
:10C68000019B9B6B1B78062B12D100238DF80F307A
:10C69000009B002B02D19DF90F3014E00099019806
:10C6A00000F00AFE03468DF80F309DF90F300AE0C6
:10C6B0000748F0F76FF80120F0F79CF8EFF79EFFBE
:10C6C00000BF4FF0FF33184605B05DF804FB00BF14
:10C6D00064A9030000B585B001900B468DF80330C6
:10C6E000019B9B6B1B78062B16D100238DF80F3016
:10C6F000019B9B6B9B799DF803209A4206D3019B7B
:10C700009B6B1B799DF803209A4202D3FF238DF87F
:10C710000F309DF90F300AE00748F0F73BF8012091
:10C72000F0F768F8EFF76AFF00BF4FF0FF331846E5
:10C7300005B05DF804FB00BF94A9030000B585B007
:10C740000190084611461A4603468DF803300B4601
:10C750008DF8023013468DF80130019B9B6B93F8E6
:10C76000433083F00103DBB2002B0BD09DF8013086
:10C77000002B07D01848F0F70DF80120F0F73AF831
:10C78000EFF73CFF019B9B6B93F842309DF8012033
:10C7900012FB03F3DAB29DF8033013448DF80F3027
:10C7A000019B9B6B5A6D9DF80F3013441B78DA1F69
:10C7B0009DF80230019991F8EA110B449A4202DC8B
:10C7C0004FF0FF3300E000238DF80E309DF90E305E
:10C7D000184605B05DF804FBB8A9030000B585B0A4
:10C7E0000390029113468DF80730039B9B6B1B78D7
:10C7F000062B19D1039B9B6B1B799DF807209A424E
:10C8000008D31048EFF7C6FF0120EFF7F3FFEFF76B
:10C81000F5FE12E0039B9B6BDA6F9DF807309B00DF
:10C820001344029A1A6008E00648EFF7B3FF0120AC
:10C83000EFF7E0FFEFF7E2FE00BF00BF05B05DF8E5
:10C8400004FB00BFD8A9030000B585B00390029196
:10C8500013468DF80730039B9B6B1B78062B1BD16F
:10C86000039B9B6B5B799DF807209A4208D3124883
:10C87000EFF790FF0120EFF7BDFFEFF7BFFE09E0F4
:10C88000039B9B6BD3F880209DF807309B001344DB
:10C89000029A1A6000230AE00748EFF77BFF0120A5
:10C8A000EFF7A8FFEFF7AAFE00BF4FF0FF331846DF
:10C8B00005B05DF804FB00BFFCA9030000B585B01E
:10C8C0000190084611461A4603468DF803300B4680
:10C8D0008DF8023013468DF80130019B9B6B1B785D
:10C8E000062B45D1019B9B6B1B799DF803209A4237
:10C8F00008D32648EFF74EFF0120EFF77BFFEFF755
:10C900007DFE3EE0019B9B6BD3F894209DF80330A5
:10C910005B00134400221A809DF802308DF80F301E
:10C920001FE0019B9B6B3E339DF80F20114618467C
:10C93000FDF702FD03468DF80E30019B9B6BD3F88B
:10C9400094209DF803305B0013449DF80E209DF861
:10C950000F101846FDF751FD9DF80F3001338DF88B
:10C960000F309DF80F209DF801309A42D9D908E088
:10C970000648EFF70FFF0120EFF73CFFEFF73EFE11
:10C9800000BF00BF05B05DF804FB00BF20AA030094
:10C9900000B583B001900B468DF8033013468DF837
:10C9A0000230019B9B6B1B78062B1BD1019B9B6B61
:10C9B0001B799DF802209A4208D31148EFF7EAFE4E
:10C9C0000120EFF717FFEFF719FE14E0019B9B6BB7
:10C9D000D3F884309DF803209DF802101846FDF727
:10C9E0006AFC08E00648EFF7D5FE0120EFF702FFEA
:10C9F000EFF704FE00BF00BF03B05DF804FB00BF0B
:10CA00003CAA030000B583B001900B468DF80330BB
:10CA1000019B9B6B1B78062B17D1019B9B6B1B7992
:10CA20009DF803209A4207D30F48EFF7B3FE012089
:10CA3000EFF7E0FEEFF7E2FD019B9B6BDA6F9DF8ED
:10CA400003309B0013441B680AE00748EFF7A2FE7F
:10CA50000120EFF7CFFEEFF7D1FD00BF4FF0FF331E
:10CA6000184603B05DF804FB5CAA030000B585B06E
:10CA70000190019B9B6B93F83B308DF80F300023A6
:10CA80008DF80E3048E0019B9B6BD3F884309DF805
:10CA90000E2011461846FDF7B1FB0346012B36D197
:10CAA000019B9B6B93F838308DF80D301FE0019B94
:10CAB0009B6BD3F894209DF80E305B0013449DF8D7
:10CAC0000D2011461846FDF737FC0346012B09D10E
:10CAD0009DF80F209DF80D309A4203D99DF80D3036
:10CAE0008DF80F309DF80D3001338DF80D30019B1E
:10CAF0009B6B93F83B309DF80D209A42D7D9019B50
:10CB00009B6B93F838309DF80F209A420CD09DF81B
:10CB10000E3001338DF80E30019B9B6B1B799DF815
:10CB20000E209A42AFD300E000BF019B93F85B3028
:10CB3000002B0AD0019B9B6B93F839309DF80F2096
:10CB4000934238BF13468DF80F309DF80F301846CA
:10CB500005B05DF804FB00B585B001900023ADF889
:10CB60000E3000238DF80D301FE0019B9B6BD3F836
:10CB700084309DF80D2011461846FDF73FFB034613
:10CB8000012B0DD1019B9B6BD3F894209DF80D30A8
:10CB90005B0013441A88BDF80E301343ADF80E3015
:10CBA0009DF80D3001338DF80D30019B9B6B1B7987
:10CBB0009DF80D209A42D8D3BDF80E30184605B026
:10CBC0005DF804FB00B585B001900198FFF7C3FF45
:10CBD0000346ADF80C30019B93F85B30002B17D067
:10CBE00000238DF80F300BE09DF80F1003AB0022EF
:10CBF0001846FDF702FC9DF80F3001338DF80F3019
:10CC0000019B9B6B93F839309DF80F209A42EBD330
:10CC1000BDF80C30184605B05DF804FB82B00190F9
:10CC20000B468DF80330019B9B6B1B78062B0BD1B9
:10CC30009DF80330052B03D09DF80330062B01D15E
:10CC40000C2302E0082300E00823184602B07047D6
:10CC500000B589B00190FF238DF80E30019B9B6BCE
:10CC600093F838308DF81F30019B9B6B93F83B3065
:10CC70008DF81E30002306930FE0019B9B6BD3F8C9
:10CC80009820069B13441B78002B03D0069B8DF83D
:10CC90001F300AE0069B01330693019B9B6B93F8C0
:10CCA00042301A46069B9342E7DB019B93F85B30C8
:10CCB000002B0AD0019B9B6B93F839309DF81F2005
:10CCC000934238BF13468DF81F30019B9B6B93F83E
:10CCD0004230013B05930FE0019B9B6BD3F89820FA
:10CCE000059B13441B78002B03D0059B8DF81E3049
:10CCF00005E0059B013B0593059B002BECDD002324
:10CD0000049341E0019B9B6BD3F88830049AD2B224
:10CD100011461846FDF772FA0346012B31D1019BEB
:10CD20009B6B93F838308DF80F3022E0019B9B6BA2
:10CD3000D3F89420049B5B0013449DF80F20114608
:10CD40001846FDF7F9FA0346012B0DD19DF80F2087
:10CD50009DF81F309A4207D39DF80F209DF81E3092
:10CD60009A4201D8002318E09DF80F3001338DF866
:10CD70000F30019B9B6B93F83B309DF80F209A423C
:10CD8000D4D9049B01330493019B9B6B1B791A46F6
:10CD9000049B9342B6DB9DF90E30184609B05DF84E
:10CDA00004FB000000B583B001900B468DF8033002
:10CDB000019B9B6B1B78062B06D19DF80330184610
:10CDC000F2F794FE034609E00648EFF7E3FC012082
:10CDD000EFF710FDEFF712FC00BF0023184603B079
:10CDE0005DF804FB80AA030000B585B003900192B2
:10CDF00000930B468DF80B30039B9B6B1B78062B27
:10CE000007D19DF80B30009A01991846F2F788FE79
:10CE100008E00648EFF7BEFC0120EFF7EBFCEFF768
:10CE2000EDFB00BF00BF05B05DF804FBACAA03003A
:10CE300000B585B003900B4601928DF80B30064883
:10CE4000EFF7A8FC0120EFF7D5FCEFF7D7FB00BF09
:10CE500000BF05B05DF804FBC8AA030000B585B0AB
:10CE60000390019200930B468DF80B300648EFF7C4
:10CE700091FC0120EFF7BEFCEFF7C0FB00BF00BF45
:10CE800005B05DF804FB00BFE4AA030000B583B061
:10CE900003468DF807309DF80730032B01D103239B
:10CEA0000EE09DF80730012B01D1022308E006486F
:10CEB000EFF770FC0120EFF79DFCEFF79FFB0023DD
:10CEC000184603B05DF804FB04AB030000B583B063
:10CED00001900748EFF75EFC0120EFF78BFCEFF7BE
:10CEE0008DFB00BFFF23184603B05DF804FB00BFB5
:10CEF00028AB030000B585B0039001921A460B469B
:10CF00008DF80B3013468DF80A30039B9B6B1B7812
:10CF1000062B02D19DF90B3009E00748EFF73AFCE8
:10CF20000120EFF767FCEFF769FB00BF002318460D
:10CF300005B05DF804FB00BF44AB030000B587B04B
:10CF40000390029101928DF80330029B00221A7027
:10CF5000039B9B6B1B799DF803209A4201D200230F
:10CF60002DE00023059322E0039B9B6BD3F88430D4
:10CF7000059AD2B211461846FDF740F90346012B37
:10CF800012D1039B9B6BDA6F059B9B001A44029B9B
:10CF90001B789B0001990B4412681A60029B1B7856
:10CFA0000133DAB2029B1A70059B01330593039B90
:10CFB0009B6B1B791A46059B9342D5DB01231846D0
:10CFC00007B05DF804FB82B00190019B9B6B93F866
:10CFD0004330184602B0704782B00190019B9B6BB2
:10CFE00093F84430184602B0704782B00190019B1C
:10CFF0009B6B1B7A184602B0704782B00190019B70
:10D000009B6B93F82C30184602B0704782B00190A9
:10D01000019B9B6B93F82430184602B0704782B096
:10D020000190019B9B6B93F85830184602B07047F3
:10D0300082B00190019B9B6B5B7B184602B07047EE
:10D0400082B00190019B9B6B1B7B184602B070471E
:10D0500082B00190019B9B6B93F8A030184602B000
:10D060007047000000B583B001900648EFF792FBCF
:10D070000120EFF7BFFBEFF7C1FA0023184603B01A
:10D080005DF804FB78AB030000B583B0019006485F
:10D09000EFF780FB0120EFF7ADFBEFF7AFFA0023CE
:10D0A000184603B05DF804FB98AB030082B0019012
:10D0B000019B9B6B93F84530184602B07047000007
:10D0C00000B583B00190019B9B6B93F84630002B19
:10D0D00003D0019B9B6B9B6C08E00648EFF75AFB63
:10D0E0000120EFF787FBEFF789FA0023184603B01A
:10D0F0005DF804FBB8AB030000B583B00190019B61
:10D100009B6B93F84630002B04D0019B9B6BB3F9CB
:10D110004C3008E00648EFF73DFB0120EFF76AFBD3
:10D12000EFF76CFA0023184603B05DF804FB00BF6C
:10D13000D8AB030000B583B00190019B9B6B93F8C3
:10D140004630002B03D0019B9B6B1B6D08E006480B
:10D15000EFF720FB0120EFF74DFBEFF74FFA00232D
:10D16000184603B05DF804FBF8AB030000B585B0CA
:10D1700001900B468DF8033013468DF80230019B69
:10D180009B6B93F8433083F00103DBB2002B0BD091
:10D190009DF80230002B07D01048EFF7FBFA012072
:10D1A000EFF728FBEFF72AFA019B9B6B93F84230CD
:10D1B0009DF8022012FB03F3DAB29DF8033013440A
:10D1C0008DF80F30019B9B6B5A6D9DF80F30134407
:10D1D0001B78184605B05DF804FB00BF10AC0300D7
:10D1E00082B00190019B9B6B9B7A184602B07047FE
:10D1F00082B00190019B9B6B93F87130184602B08E
:10D200007047000000B583B001900091019B9B6BBB
:10D210001B78062B03D1019B9B6B5B6F09E00748D2
:10D22000EFF7B8FA0120EFF7E5FAEFF7E7F900BFFB
:10D230000023184603B05DF804FB00BF30AC0300C8
:10D2400000B585B0039002910192039B9B6B1B7804
:10D25000062B03D1039B9B6B9B6F09E00648EFF7FE
:10D2600099FA0120EFF7C6FAEFF7C8F900BF0023DB
:10D27000184605B05DF804FB50AC030084B0019083
:10D280000091009B1B781A46009B01331B781B0200
:10D290001A44009B02331B781B0413440393019B25
:10D2A0009B6B93F824301A46039B02FB03F3039312
:10D2B000039B184604B0704784B00190009100238E
:10D2C0008DF80F30019B9B6BDB69009A9A4205D861
:10D2D000019B9B6B9B69009A9A4202D2FF238DF8B7
:10D2E0000F309DF90F30184604B0704784B001909C
:10D2F0000B468DF8033000238DF80F30019B9B6B9C
:10D30000DB7A9DF803209A4202D9FF238DF80F3073
:10D310009DF90F30184604B07047000082B00C4BE6
:10D320001B680093009B019300239DF8042062F387
:10D3300007039DF8052062F30F239DF8062062F392
:10D3400017439DF8072062F31F63184602B0704729
:10D35000EC97030000B585B001900B468DF80330C3
:10D360009DF8033019460198FFF71CFD03468DF820
:10D370000B307D2303939DF80B30002B3ED10DF134
:10D3800009030DF10A029DF803100198FFF72CFD27
:10D390009DF80930073B052B1CD801A252F823F059
:10D3A000B9D30200D5D30200BFD30200D5D3020007
:10D3B000C5D30200CDD302007D23039313E0FA23EB
:10D3C000039310E04FF4FA7303930CE04FF44873A7
:10D3D000039308E01248EFF7DDF90120EFF70AFAAE
:10D3E000EFF70CF900BF9DF80A301A464FF47A7334
:10D3F00093401A46039BB2FBF3F30DE002AA9DF89B
:10D40000033019460198FFF713FD9DF808301A46BE
:10D410004FF4FA5393FBF2F3184605B05DF804FBA2
:10D4200074AC030000B589B00390019200930B46E1
:10D430008DF80B309DF80B3019460398FFF78AFFE3
:10D4400006909DF83030063307939DF80B3019464F
:10D450000398FFF7A7FC03468DF817309DF81730A7
:10D46000012B02D1079B02330793039BD3F81C3592
:10D47000019A02FB03F35B00524AA2FB03239909C2
:10D48000069A13465B0013445B000B444D4AA2FB13
:10D4900003239A09079B9A4238BF1A460A9B1A60CF
:10D4A0000A9B1B684FF47A7203FB02F2069BB2FBE5
:10D4B000F3F3FE2B0DD80A9B1B684FF47A7203FB23
:10D4C00002F2069BB2FBF3F3062B38BF06239AB297
:10D4D00000E0FF22009B1A80009B1B8803F00103E1
:10D4E0009BB2002B05D0009B1B8801339AB2009B96
:10D4F0001A80009B1B881A46069B02FB03F341F629
:10D50000573293420AD9009B1B881A46069B02FB9E
:10D5100003F32C4AA2FB03239B0900E006230A9A8B
:10D5200013600B9B40F6B8321A60009B1B8807EE15
:10D53000903AF8EE677A9FED247A37EE877A069B69
:10D5400007EE903AF8EE677A67EE277AB0EE670A50
:10D55000DEF7D6FDB0EE407ADFED1C6AC7EE267A24
:10D56000B1EE087AF4EEC77AF1EE10FA1FDD009BF7
:10D570001B8807EE903AF8EE677A9FED137A37EE44
:10D58000877A069B07EE903AF8EE677A67EE277A7D
:10D59000B0EE670ADEF7B4FDB0EE407ADFED0B6A5D
:10D5A000C7EE267AFCEEE77A17EE902A00E0062214
:10D5B0000B9B1A600B9B1A680A9B1A6000BF09B08C
:10D5C0005DF804FBD34D62100000824100007A44F4
:10D5D00000B585B00190084611461A4603468DF8FD
:10D5E00003300B468DF802301346ADF800309DF83D
:10D5F000033019460198FFF7D5FB03468DF80F302D
:10D600009DF8033019460198FFF7A4FE03460293E4
:10D610009DF80F30012B13D1029B5B42BDF8002017
:10D62000520892B202FB03F3124A82FB03129211D8
:10D63000DB17D21A9DF90230D21A069B1A6015E048
:10D64000BDF80030063BDA0F13445B105B42013338
:10D65000029A02FB03F3074A82FB03129211DB17C3
:10D66000D21A9DF90230D21A069B1A6000BF05B08B
:10D670005DF804FBD34D621000B583B001904FF408
:10D68000F27200210198DEF727FE00BF03B05DF8BB
:10D6900004FB82B001900B468DF80330019B5B7850
:10D6A000002B01D1002304E0019B9DF803201A7098
:10D6B0000123184602B0704710B58AB0039002915A
:10D6C0000192039B5B78002B00F0D280039B1B78B8
:10D6D000022B00F0CF80EEF79EFF0890029903988E
:10D6E00000F024FB03468DF81F309DF81F2003999E
:10D6F00013469B0013441B010B4414331B788DF815
:10D700001E309DF81F20039913469B0013441B01F4
:10D710000B4410331B681946089800F09FFB0690D5
:10D720009DF81E301946069800F062FB03468DF8FE
:10D7300017300222019B93420AD30223012B05D00A
:10D740000222019BB3FBF2F3013302E0019B00E0F4
:10D75000012301939DF81F20039913469B00134456
:10D760001B010B4410331B681946089800F076FB28
:10D770000346424A93420FD39DF81F2013469B0055
:10D7800013441B011033039A134406333C22002137
:10D790001846DEF7A1FD42E09DF817209DF81E30E7
:10D7A0009A4216D1069B364A934212D89DF81F2002
:10D7B0009DF81700039913469B001344DB000344B4
:10D7C00008335B000B44DB881A46019B134401932A
:10D7D00025E09DF81E308DF827301AE09DF827309F
:10D7E00001338DF827309DF827301D2B02D90023F7
:10D7F0008DF827309DF81F209DF8270003991346C8
:10D800009B001344DB00034408335B000B440022FD
:10D81000DA809DF827209DF817309A42DED19DF8D6
:10D820001F209DF81700019B9CB2039913469B0093
:10D830001344DB00034408335B000B442246DA80C8
:10D840009DF81F20039913469B0013441B010B44B2
:10D850001033089A1A609DF81F20039913469B0005
:10D8600013441B010B4414339DF817201A7002E077
:10D8700000BF00E000BF0AB010BD00BF80EE360060
:10D88000BFD4010000B589B00190019B5B78002BEB
:10D8900000F0A780EEF7BFFE069000238DF81F3042
:10D8A00097E09DF81F20019913469B0013441B012C
:10D8B0000B4414331B788DF817309DF81F20019905
:10D8C00013469B0013441B010B4410331B6819467D
:10D8D000069800F0C3FA04909DF817301946049892
:10D8E00000F086FA03468DF80F309DF81F2001994D
:10D8F00013469B0013441B010B4410331B6819464D
:10D90000069800F0ABFA0346384A934226D39DF8B6
:10D910001F2013469B0013441B011033019A13442C
:10D9200006333C2200211846DEF7D6FC9DF81F2066
:10D93000019913469B0013441B010B441033069AB4
:10D940001A609DF81F20019913469B0013441B0188
:10D950000B4414339DF80F201A7035E09DF81730F2
:10D960008DF81E302AE09DF81E3001338DF81E30F0
:10D970009DF81E301D2B02D900238DF81E309DF816
:10D980001E209DF80F309A4209D19DF81E209DF867
:10D990000F309A4212D1049B154A93420ED99DF83A
:10D9A0001F209DF81E00019913469B001344DB00C5
:10D9B000034408335B000B440022DA809DF81E20EC
:10D9C0009DF80F309A42CED19DF81F3001338DF86B
:10D9D0001F30019B5B789DF81F209A42FFF461AFD6
:10D9E00000E000BF09B05DF804FB00BF80EE360028
:10D9F000BFD4010000B587B001900B468DF803300D
:10DA0000019B1B78012B03D1019B5B78002B01D17B
:10DA100001231BE09DF803301946019800F0B9F985
:10DA200005909DF80320019913469B0013441B01A8
:10DA30000B440C331B88ADF81230BDF81230054A88
:10DA4000B2FBF3F2059BD31A0393039B184607B06E
:10DA50005DF804FB80EE360000B583B001900B4604
:10DA60008DF80330019B1B78012B03D1019B5B7860
:10DA7000002B01D101230BE09DF8033019460198DA
:10DA8000FFF7B8FF0346002B01DD012300E0002370
:10DA9000184603B05DF804FB00B593B003900B4645
:10DAA00001928DF80B30039B1B78012B03D1039B54
:10DAB0005B78002B01D100232DE10023119300237B
:10DAC0008DF8223000238DF8213006AB0622FF218D
:10DAD0001846DEF701FC04AB0622FF211846DEF7EC
:10DAE000FBFB0398FFF7CEFEFF238DF843300023A6
:10DAF0008DF8423035E09DF842309B00019A134486
:10DB00001B681946039800F011F903468DF823307D
:10DB10009DF843209DF823309A421DD09DF8233074
:10DB20008DF843309DF8233019460398FFF794FF92
:10DB30000346002B08D00DF122039DF8232006A9EF
:10DB4000039800F0A3F907E00DF121039DF82320CD
:10DB500004A9039800F09AF99DF8423001338DF83A
:10DB600042309DF842209DF80B309A42C3D39DF875
:10DB70002130002B0BD19DF82230002B07D16848B3
:10DB8000EEF708FE0120EEF735FEEEF737FD9DF8C3
:10DB90002230002B1DD000238DF8413012E09DF87B
:10DBA000413048336B4413F8303C19460398FFF773
:10DBB00021FF0246119B9B1A11939DF841300133BE
:10DBC0008DF841309DF822309DF841209A42E6D3ED
:10DBD000A0E04FF0FF330F93EEF71DFD0D900023F3
:10DBE0008DF83B308DE09DF83B3048336B4413F8A3
:10DBF000383C8DF833309DF83320039913469B0051
:10DC000013441B010B4414331B788DF832309DF8FC
:10DC10003320039913469B0013441B010B4410331C
:10DC20001B6819460D9800F019F90B909DF83230D9
:10DC300019460B9800F0DCF803468DF82B300D9A4E
:10DC4000384BA3FB0213DB0B374901FB03F3D31A59
:10DC5000C3F5EA33C033099300238DF83A309DF8B9
:10DC60002B308DF839309DF8393001338DF839304B
:10DC70009DF839301D2B02D900238DF839309DF8DD
:10DC800033209DF83900039913469B001344DB00B1
:10DC9000034408335B000B44DB88002B1DD19DF847
:10DCA00039209DF832309A4204D09DF83A30013341
:10DCB0008DF83A309DF83A301E2B07D91848EEF708
:10DCC00069FD0120EEF796FDEEF798FC9DF83920EE
:10DCD0009DF832309A42C6D100E000BF9DF83A303C
:10DCE000114A02FB03F3099A134409930F9A099B03
:10DCF0009A4201D9099B0F939DF83B3001338DF86F
:10DD00003B309DF821309DF83B209A42FFF46BAFE9
:10DD10000F9B1193119B184613B05DF804FB00BFD5
:10DD200098AC030073B2E745C0D4010084B0019001
:10DD3000009100238DF80F3021E09DF80F2001990C
:10DD400013469B0013441B010B4404331B68009AC9
:10DD50009A420FD39DF80F20019913469B0013445C
:10DD60001B010B4408331B68009A9A4202D29DF8AB
:10DD70000F300BE09DF80F3001338DF80F30019B11
:10DD80005B789DF80F209A42D7D30023184604B041
:10DD9000704784B001900B468DF803300023039345
:10DDA00000238DF80B3016E09DF803209DF80B0042
:10DDB000019913469B001344DB00034408335B00C6
:10DDC0000B44DB881A46039B134403939DF80B30E6
:10DDD00001338DF80B309DF80B301D2BE4D9022256
:10DDE000039B02FB03F30393039B184604B07047A5
:10DDF00084B001900B468DF80330019B144AA2FBBE
:10DE00000323990B4B08134AA2FB03231A09134659
:10DE10005B019B1A5B00CA1A53088DF80F309DF8FE
:10DE20000F209DF8033013448DF80F309DF80F201C
:10DE3000094BA3FB021319090B461B015B1A5B007C
:10DE4000D31A8DF80F309DF80F30184604B0704784
:10DE500073B2E745430821848988888882B001909D
:10DE60000091009A074BA3FB0213DB0B064901FB51
:10DE700003F3D31A009A9A1A019B1344184602B06E
:10DE8000704700BF73B2E745C0D4010086B003906D
:10DE90000291009313468DF8073000238DF8173058
:10DEA00000238DF8163011E09DF81630029A1344C5
:10DEB0001B789DF807209A4203D101238DF8173073
:10DEC0000AE09DF8163001338DF81630039B5B781D
:10DED0009DF816209A42E7D39DF8173083F001038E
:10DEE000DBB2002B0DD0009B1B781A46029B13441B
:10DEF0009DF807201A70009B1B780133DAB2009B53
:10DF00001A7000BF06B0704782B003460A468DF80B
:10DF1000073013468DF806309DF806300C2B59D883
:10DF200001A252F823F000BFD1DF0200D1DF0200CE
:10DF3000D1DF0200D1DF0200D1DF0200A9DF020041
:10DF400089DF020071DF020071DF020061DF020081
:10DF500071DF02005DDF020071DF020000233AE0A2
:10DF60009DF807300C2B01D1012334E0002332E06F
:10DF70009DF807300C2B03D09DF807300B2B01D1F7
:10DF8000012328E0002326E09DF807300C2B07D062
:10DF90009DF807300B2B03D09DF807300A2B01D1D9
:10DFA000012318E0002316E09DF807300C2B0BD05E
:10DFB0009DF807300B2B07D09DF807300A2B03D0B4
:10DFC0009DF80730092B01D1012304E0002302E072
:10DFD000012300E00023184602B0704700B587B067
:10DFE00003900291019200934FF4C27200210398B2
:10DFF000DEF772F9039B029A5A60039B009ADA607B
:10E00000039B9DF820201A72039B00221A70039B29
:10E0100000225A70039B099A5A61039B0A9A9A61DB
:10E02000039B0B9ADA61039B0C9A1A62039B0122F1
:10E0300083F83C21039B062283F84821039B072297
:10E0400083F84921039B03F59E72039BC3F8682163
:10E05000019B002B03D000238DF8173000BF039BDA
:10E06000DA68039B1B7A1946104604F01DFE039BD9
:10E07000D868039B197A039B034A04F0C9FD00BFCB
:10E0800007B05DF804FB00BF51E4020000B583B0A7
:10E0900001900B468DF803309DF8033083F00103A7
:10E0A000DBB2002B02D0019800F008F8019B9DF82C
:10E0B00003201A7000BF03B05DF804FB00B583B005
:10E0C0000190019B1B7883F00103DBB2002B0FD181
:10E0D000019B00225A70019BDA68019B1B7A19464A
:10E0E000104604F043FF019B002283F82D2000E03E
:10E0F00000BF03B05DF804FB00B583B00190019B45
:10E100005B7883F00103DBB2002B02D0019800F0B2
:10E1100005F800BF03B05DF804FB000030B5C1B0E6
:10E120000390039B1B7883F00103DBB2002B40F0CC
:10E130008181039B5B69002B07D1C048EEF72AFB66
:10E140000120EEF757FBEEF759FA039B5A68039B41
:10E15000D3F86831D26E5A60039B5A68039BD3F898
:10E16000683192F853201A75039B5A68039BD3F8C1
:10E170006831526D1A61039B012283F83821002314
:10E180008DF8FF3013E09DF8FF20039B5A3253F8BF
:10E1900022301B78002B05D0039B9DF8FF2083F8CD
:10E1A000382108E09DF8FF3001338DF8FF309DF8ED
:10E1B000FF30002BE7D0039B93F83831012B07D1B8
:10E1C0009E48EEF7E7FA0120EEF714FBEEF716FA99
:10E1D0001EAB842200211846DEF77EF8984B35935B
:10E1E000039B5868039B93F838311A46039B5A32B5
:10E1F00053F822301B7D1946FEF7D4FD03468DF8F7
:10E20000FE309DF8FE30002B67D1039B5868039BBE
:10E2100093F838311A46039B5A3253F82230197D4D
:10E220000DF15A030DF15B02FEF7DEFD11AB142276
:10E2300000211846DEF750F8039B5B681846FEF78E
:10E2400007FF03468DF8553000238DF85630039BA9
:10E2500093F838311A46039B5A3253F822301B691F
:10E26000149300238DF84A30FF238DF84B300023A0
:10E270008DF84C3001238DF84D30039B5B689DF881
:10E28000442011461846FEF7C9FC0346ADF8483055
:10E29000039B5B681846FEF7C2FE03468DF84630C6
:10E2A0009DF85B308DF844309DF85A308DF845303C
:10E2B0009DF844309DF8452011461846FFF724FE8E
:10E2C00003468DF8473001238DF878302AAC11AD24
:10E2D0000FCD0FC42B68236071E09DF8FE30012B39
:10E2E00065D1039B5868039B93F838311A46039B0A
:10E2F0005A3253F822301B7D0DF143021946FEF7C6
:10E3000097FD05AB2C2200211846DDF7E5FF039BA6
:10E310005B681846FEF7A6FE03460C9301238DF8B2
:10E320003E3040F2FF13ADF83C3041F60F53ADF8EC
:10E33000383041F22103ADF83A30039B93F838317D
:10E340001A46039B5A3253F822301B690D9301235E
:10E350008DF82930FF238DF82A302823ADF824309A
:10E3600018238DF8273001238DF82C3004238DF8E5
:10E370002B3046F2A8130693324B079304238DF8F3
:10E3800020309DF843301A464FF47A7302FB03F3B2
:10E39000059300238DF878302AAC05AD0FCD0FC45E
:10E3A0000FCD0FC495E8070084E8070007E0234875
:10E3B000EEF7F0F90120EEF71DFAEEF71FF917ABB3
:10E3C00000221A605A609A60DA601A615A619A6192
:10E3D000039B1B7A8DF85C3001238DF86630EEF7D5
:10E3E0001AF903461A9314231D939DF87830012BD4
:10E3F00005D100238DF85D30134B189304E0012301
:10E400008DF85D30114B1893039BD868039B03F183
:10E41000390217A91EAB0093FF2304F0A3FC0346A7
:10E42000002B02D1039B01225A70039B002283F828
:10E430002D2000E000BF41B030BD00BFC0AC0300E4
:10E44000C0D40100A086010015740200CD74020042
:10E4500000B585B00190019BDB68019A127A1344E4
:10E4600093F878378DF80F309DF80F30042B05D1D5
:10E47000019B5B69019A926910469847019B5B7802
:10E48000002B02D00198FFF749FE00BF05B05DF8F0
:10E4900004FB000000B587B0019000230593019BA9
:10E4A000DB680DF10F020199184604F02DFC019B69
:10E4B000D8689DF80F10019B103304AA04F0AEFD3C
:10E4C000019B1B7C0A2B00F2848001A252F823F0EE
:10E4D000D3E50200D3E50200D3E50200D3E5020054
:10E4E000FDE40200D3E50200D3E50200D3E502001B
:10E4F000D3E50200D3E50200D3E50200049A019BB4
:10E500005A62019BDA689DF80F3019460B465B0191
:10E510000B449B0013447E33B3F90020019B1A8502
:10E52000019BDA689DF80F3019460B465B010B44DE
:10E530009B0013447C33B3F90020019B5A85019B57
:10E54000DB689DF80F2002F5657233F81230DAB2FD
:10E55000019B83F83820019800F040F80590059B56
:10E56000002B31D1019800F0C9F803461A46019BEF
:10E5700083F86C21019B93F86C31012B24D1019B12
:10E5800093F838311A46019B5A3253F822301A7DDB
:10E59000019B83F83420019B93F838311A46019B84
:10E5A0005A3253F822301A69019B1A63019B93F87F
:10E5B00038310333DAB2019B83F82D20019BDB69EC
:10E5C000019A126A10469847019B002283F86C2139
:10E5D00000E000BF00BF07B05DF804FB86B001900B
:10E5E00000230593019B012283F83821019B93F8B6
:10E5F00039305B098DF811309DF81130002B13D0A4
:10E600009DF81130012B0FD09DF81130022B0BD04B
:10E610009DF81130042B07D09DF81130062B03D044
:10E620009DF81130072B02D1059B013B0593019BFF
:10E630005B6893F8CE34022B55D1059B002B52D149
:10E64000019B93F83A301A46019B93F83B301B022A
:10E650001A44019B93F83C301B041A44019B93F825
:10E660003D301B061344039300238DF813301DE047
:10E670009DF81320019B5A3253F822305B68039AAD
:10E680009A420ED19DF81320019B5A3253F8223042
:10E690001B78002B05D0019B9DF8132083F83821AF
:10E6A00008E09DF8133001338DF813309DF81330D6
:10E6B000002BDDD0019B93F83831002B13D0059B44
:10E6C000013B0593019B012283F8382100238DF83B
:10E6D000123004E09DF8123001338DF812309DF8AD
:10E6E0001230002BF6D0059B002B03D0019B00229B
:10E6F00083F83820059B184606B07047F0B58FB0F8
:10E70000079000230D9300238DF83330079B93F877
:10E7100038301846FBF791FE03461A460D9B13440A
:10E720000D93079B5868079B93F83810079B93F845
:10E7300038311A46079B5A3253F822301B7D1A464D
:10E74000FBF718FB03461A460D9B13440D930D9BD4
:10E75000002B01D0002358E1079B03F13900079BF0
:10E7600003F26D130DF12A020DF12B01FBF778FE78
:10E7700003461A460D9B13440D930D9B002B01D0AD
:10E78000002342E1079B93F83831002B0AD0079B06
:10E7900093F86D31012B03D09DF82B30042B01D160
:10E7A000002332E1079B5A68079BD3F86831926EC9
:10E7B0009A600023ADF82830079B93F838311A4649
:10E7C000079B5A3253F822309B680993079B03F149
:10E7D0003905079B93F83860079B03F28117079B65
:10E7E00093F838311A46079B5A3253F822305B6847
:10E7F000079A2C32079901F5C171079800F2711040
:10E80000079C04F5B9740DF1280C0494039002914F
:10E810000192009363463A4631462846FBF760FE74
:10E8200002460D9B13440D930D9B002B08D1BDF8A0
:10E83000283009AA11461846FBF7BEFE03460D9381
:10E840000D9B002B3DD1079B93F83830043BDAB287
:10E85000079B83F83820079B93F838303833079AA2
:10E860001344591C0BAB04221846FBF740FC079BD2
:10E8700003F13900079B93F838301D46079B93F846
:10E8800038311A46079B5A3253F82230197B079BBE
:10E8900093F838311A46079B5A3253F822305C6895
:10E8A000099B0B9A029201930123009323460A4687
:10E8B000294603F090FC0346002B02D04FF0FF33B3
:10E8C0000D930D9B002B40F08280079B93F838310D
:10E8D0001A46079B5A3253F82230099A9A60079BCE
:10E8E000D3F86821079B5B6892689A66079B93F848
:10E8F0008231002B5FD1079B93F83820079B93F858
:10E900008131D31ADBB2093BDAB2079B83F8382096
:10E91000079B93F82C30002B59D0079B93F881313B
:10E9200009333833079A1344581C079B93F838303F
:10E930001D46079B93F838311A46079B5A3253F805
:10E940002230597B079B93F838311A46079B5A327D
:10E9500053F822305C68079B93F838311A46079BBE
:10E960005A3253F822309B68079A39320292019347
:10E970000123009323460A46294603F0A0FB0346E1
:10E98000002B07D02248EDF705FF0120EDF732FFFD
:10E99000EDF734FE079B93F88131002B03D04FF045
:10E9A000FF330D9313E001238DF83330079B0122D1
:10E9B00083F883210BE0079B93F88131002B03D070
:10E9C0004FF0FF330D9302E001238DF833300D9BA0
:10E9D000002B18D19DF82B20079B83F86F219DF801
:10E9E0002A20079B83F87021079B5B681846FCF779
:10E9F000C0FB0346002B06DC079B5B68079A92F876
:10EA00006D2183F876209DF8333018460FB0F0BDA5
:10EA1000D8AC030000B583B001900091019B5B6A04
:10EA2000019A12680099104698470346184603B0A9
:10EA30005DF804FB00B583B001900B46ADF80230E1
:10EA4000019B1B6E019A1268BDF802101046984790
:10EA50000346184603B05DF804FB00B583B001908F
:10EA60000091019B5B6E019A1268009910469847CD
:10EA70000346184603B05DF804FB00B583B001906F
:10EA80000B468DF80330019B9B6E019A12689DF82E
:10EA90000310104698470346184603B05DF804FB80
:10EAA00000B583B001900091019B1B6F019A126821
:10EAB0000099104698470346184603B05DF804FBDA
:10EAC00000B583B001900091019BD3F89C30019A6E
:10EAD00012680099104698470346184603B05DF83F
:10EAE00004FB000000B585B003900291009313462B
:10EAF0008DF80730009B002B05D0079B002B02D020
:10EB0000099B002B07D12548EDF744FE0120EDF7C6
:10EB100071FEEDF773FD039B029A1A60039B9DF84B
:10EB200007201A71039B009A9A61039B069ADA6187
:10EB3000039B079A1A62039B089A5A62039B099ADD
:10EB40009A62039B0A9ADA62039B00221A86039B4D
:10EB500000225A63039B00229A63039B00221A75CA
:10EB6000039B002283F83C20039B00229A60039BB6
:10EB700000229A81039B00221A619DF807301946F2
:10EB8000029804F091F89DF80710039B044A02983C
:10EB900004F03EF800BF05B05DF804FBFCAC0300D8
:10EBA00045EF020084B00390029100931346ADF844
:10EBB0000630039B00221A86039B00225A63039BA4
:10EBC00000229A63029B9A1C039B9A60039BBDF8E8
:10EBD00006209A81039B009A1A6100BF04B0704717
:10EBE00082B001900B468DF80330019B9DF8032005
:10EBF00083F83C2000BF02B0704782B00190019BB7
:10EC000093F83C30184602B07047000010B586B04B
:10EC10000190019B0593059B93F884398DF813307F
:10EC2000EDF744FE059BD3F8C03918469DF8132034
:10EC3000059913465B0113449B000B441C331B785E
:10EC40001946FFF71AFF0346002B03D06A216848D4
:10EC5000EDF7E6FD059BD3F8C03918469DF8132063
:10EC6000059913465B0113449B000B446C331B68EE
:10EC70001946FFF7F2FE0346002B03D06B215C48D8
:10EC8000EDF7CEFD059BD3F8C03918469DF813204B
:10EC900013465B0113449B004833059A1344043325
:10ECA0001946FFF7FDFE0346002B03D06D215048A7
:10ECB000EDF7B6FD059BD3F8C03900211846FFF7E4
:10ECC000B9FE0346002B03D06F214948EDF7A8FD9C
:10ECD000059BD3F8C0394FF0FF311846FFF79AFE75
:10ECE0000346002B03D070214148EDF799FDEDF765
:10ECF00092FC039000BFEDF78EFC0246039B9B1A2B
:10ED00000233002BF7DC059BD3F8C0391A460DF10E
:10ED10000A0319461046FFF7D3FE0346002B03D023
:10ED200078213348EDF77CFD9DF81330059A03F503
:10ED3000E9739B0013445B68BDF90A201A869DF8AD
:10ED40001330059A03F5E9739B0013445B685A6B13
:10ED5000BDF90A3018469DF81330059903F5E9739B
:10ED60009B000B445B6802445A639DF81330059A7C
:10ED700003F5E9739B0013445B689A6B01329A6355
:10ED80009DF81320059913465B0113449B000B4427
:10ED90008433B3F90020BDF90A309A420ADC9DF8A9
:10EDA0001330059A1344072283F87827019805F059
:10EDB000BDF91BE09DF81320059913465B01134430
:10EDC0009B000B4478331A68039BD418EDF723FC9F
:10EDD0000346E31A002B96DC9DF81330059A134482
:10EDE000062283F87827019805F0A0F906B010BD37
:10EDF0000CAD030030B5BBB00590049102931346EF
:10EE00008DF80F30059B9DF80F201A75059B9B69A7
:10EE1000002B07D0059B1B6A002B03D0059B9B6A28
:10EE2000002B07D14548EDF7B5FC0120EDF7E2FCDA
:10EE3000EDF7E4FB07AB00221A605A609A60DA60D3
:10EE40001A615A619A610EAB842200211846DDF7DF
:10EE500043FA07AB1C2200211846DDF73DFA2FAB21
:10EE60002C2200211846DDF737FA01238DF8E63011
:10EE7000049B3793059B1B695B082F93059B1B69BC
:10EE8000319304238DF8C830059B1B699B08309390
:10EE900000238DF838301AAC2FAD0FCD0FC40FCD35
:10EEA0000FC495E8070084E80700059B9B6825933D
:10EEB000059BB3F90C30ADF8A030059B1B680DF134
:10EEC0001B020599184603F01FFF0346002B07D0CD
:10EED0001A48EDF75FFC0120EDF78CFCEDF78EFB97
:10EEE0009DF81B308DF81C30059B9A683E9B13449F
:10EEF0000D930C238DF81D30114B0893059B9B68D7
:10EF0000029AD41AEDF7DBFC0346E31A0A939DF844
:10EF10000F30002B03D000238DF8263002E00123B0
:10EF20008DF82630059B186807A90EAB00930023C7
:10EF3000002203F017FF00BF3BB030BD2CAD030033
:10EF40000DEC020000B585B00190019B1B680DF12E
:10EF50000A020199184603F0D7FE019B18689DF834
:10EF60000A100DF10B0303AA04F058F89DF80B30BA
:10EF7000062B06D1019B9B69019AD26910469847DE
:10EF80001BE09DF80B30072B11D1019B1B7D002B43
:10EF900006D0019B9B6A019AD26A104698470CE002
:10EFA000019B1B6A019A526A1046984705E0019B33
:10EFB0009B6A019AD26A1046984700BF05B05DF877
:10EFC00004FB000082B003460A468DF80730134662
:10EFD0008DF806309DF806300C2B59D801A252F856
:10EFE00023F000BF8DF002008DF002008DF00200D2
:10EFF0008DF002008DF0020065F0020045F0020085
:10F000002DF002002DF002001DF002002DF0020094
:10F0100019F002002DF0020000233AE09DF80730BD
:10F020000C2B01D1012334E0002332E09DF807309E
:10F030000C2B03D09DF807300B2B01D1012328E0C6
:10F04000002326E09DF807300C2B07D09DF80730F1
:10F050000B2B03D09DF807300A2B01D1012318E0B8
:10F06000002316E09DF807300C2B0BD09DF80730DD
:10F070000B2B07D09DF807300A2B03D09DF80730E3
:10F08000092B01D1012304E0002302E0012300E069
:10F090000023184602B0704700B583B0019000917C
:10F0A000019B5B6A019A12680099104698470346D3
:10F0B000184603B05DF804FB00B583B001900B4621
:10F0C000ADF80230019B1B6E019A1268BDF8021068
:10F0D000104698470346184603B05DF804FB00B598
:10F0E00085B0039002910192039BD3F8A03001995F
:10F0F000029898470346184605B05DF804FB00B532
:10F1000085B0039002910192039BD3F8A43001993A
:10F11000029898470346184605B05DF804FB00B511
:10F1200083B001900091019BD3F8F43000990198CD
:10F1300098470346184603B05DF804FB82B001907F
:10F140000091019B009AC3F8502100BF02B07047A4
:10F1500000B587B003900291019200934FF4D472EE
:10F1600000210398DDF7B8F8039B029A1A60039B0D
:10F17000009A9A60039B9DF820201A71039B099ABC
:10F180001A61039B0A9A5A61039B0B9A9A61039B2B
:10F190000C9ADA61039B00229A62039B9A68039B94
:10F1A0001B791946104603F07FFD039B98689DF874
:10F1B0002010039B154A03F02BFD039B012283F8CB
:10F1C0004421039B022283F86C21039B0622A3F8AF
:10F1D0005A21039B062283F85021039B072283F8C0
:10F1E0005121039B03F5A272039BC3F87021039B7B
:10F1F00000221A62019B002B03D000238DF81730E8
:10F2000000BF00BF07B05DF804FB00BFA9FA020011
:10F2100000B583B00190019B5B7B83F00103DBB2FF
:10F22000002B10D1019B00225A73019B9A68019B0D
:10F230001B791946104603F099FE019B1B680022BA
:10F2400083F8772000E000BF03B05DF804FB000006
:10F2500010B588B00590049103920293059B039A20
:10F26000C3F87421059B029AC3F87821059B0A9A7A
:10F27000C3F87C21059B1A68059BD3F87031D26EC8
:10F280005A60059B1A68059BD3F8703192F8522595
:10F290001A7600238DF81F307EE09DF81F20059B15
:10F2A0005C3253F8223093F82930002B10D09DF8AF
:10F2B0001F20059B5C3253F82230002283F829205E
:10F2C0009DF81F20059B5C3253F8223001221A70F2
:10F2D0009DF81F20059B5C3253F822301B78002BD1
:10F2E00055D09DF81F20059B5C3253F822301B7EC1
:10F2F000C3F10703012202FA03F19DF81F20059BC9
:10F300005C3253F82230CAB29A779DF81F20059BD1
:10F310005C3253F822301B7E0533012202FA03F1DE
:10F320009DF81F20059B5C3253F822308AB29A83E5
:10F330009DF81F20059B5C3253F8223058689DF8D9
:10F340001F20059B5C3253F822309B8B9DF81F10C9
:10F35000059A5C3152F82140009303460B9A0299BA
:10F36000049800F0ADFC034663629DF81F20059BE6
:10F370005C3253F822305A6A9DF81F10059B5C31AD
:10F3800053F821300949A1FB0212D2081A629DF8F4
:10F390001F3001338DF81F309DF81F30002B3FF4D4
:10F3A0007CAF00BF00BF08B010BD00BFCDCCCCCC3F
:10F3B00030B5C9B048ABA3F58673186048ABA3F568
:10F3C00086731B681B69002B07D18248EDF7E2F9B1
:10F3D0000120EDF70FFAEDF711F948ABA3F58673AD
:10F3E0001B681B681846FBF7CFFF034683F0010339
:10F3F000DBB2002B06D048ABA3F586731868FFF785
:10F4000007FF46E348ABA3F586731B681B6893F8B8
:10F410004635032B06D048ABA3F586731868FFF773
:10F42000F7FE36E322AB842200211846DCF754FFB6
:10F4300019AB00221A605A609A60DA601A615A6148
:10F440009A61EDF7E8F8479048ABA3F586734799C2
:10F45000186800F0D8FC48ABA3F586731B68D3F896
:10F4600070311B78002B00F0118348ABA3F5867335
:10F470001B681A6848ABA3F586731B68D3F8703114
:10F48000D26E5A6048ABA3F586731B68186848AB08
:10F49000A3F586731B68D3F87031196A43AB44AA8D
:10F4A000FBF73CFF48ABA3F586731B681B68D3F8DA
:10F4B0004C35002B07D048ABA3F586731B681B683F
:10F4C000D3F84C3510E048ABA3F586731B68186879
:10F4D000449948ABA3F586731B68D3F870315B6819
:10F4E0001A46FDF7ADFE034648AAA2F586721268D9
:10F4F000D2F87021136148ABA3F586731B681A68B4
:10F5000048ABA3F586731B68D3F8703192F8502589
:10F510001A7548ABA3F586731B681B6893F87730A0
:10F52000002B07D148ABA3F586731B681B6801222B
:10F5300083F8772048ABA3F586734799186800F0E5
:10F54000D6FC48ABA3F586731B6893F84031012BBA
:10F5500000F09E8248ABA3F586731B6801225A73A4
:10F5600048ABA3F586731B68186848ABA3F5867390
:10F570001B6893F840311A4648ABA3F586731B68A5
:10F580005C3253F82230196A43AB44AAFBF7C6FE3B
:10F5900048ABA3F586731B6893F840311A4648AB15
:10F5A000A3F586731B685C3253F822301B69002B6D
:10F5B00012D048ABA3F586731B6893F840311A4606
:10F5C00048ABA3F586731B685C3253F822301B6985
:10F5D0001BE000BF44AD030048ABA3F586731B6876
:10F5E0001868449948ABA3F586731B6893F84031BB
:10F5F0001A4648ABA3F586731B685C3253F8223079
:10F600005B681A46FDF71CFE0346469348ABA3F51C
:10F6100086731B6893F840311A4648ABA3F586738E
:10F620001B685C3253F822301B7D8DF8173148ABD4
:10F63000A3F586731B681B689DF8172111461846B1
:10F64000FDF7B0FB03468DF8163148ABA3F5867382
:10F650001B68186848ABA3F586731B6893F84031A4
:10F660001A4648ABA3F586731B685C3253F8223008
:10F67000197D48ABA3F586731B6893F840311A4691
:10F6800048ABA3F586731B685C3253F822301A6AC4
:10F6900048ABA3F586731B68D3F89831D41A48ABEE
:10F6A000A3F586731B6893F840311A4648ABA3F55F
:10F6B00086731B685C3253F8223003F11602002374
:10F6C000029320AB019321AB009313462246FDF732
:10F6D000A9FE9DF81631002B6AD148ABA3F58673BD
:10F6E0001B6818680DF15E030DF15F029DF817119C
:10F6F000FDF77AFB12AB142200211846DCF7ECFD73
:10F7000048ABA3F586731B681B681846FDF7A0FC81
:10F7100003468DF8593048ABA3F586731B6893F800
:10F7200040311A4648ABA3F586731B685C3253F828
:10F730002230DB8ADBB28DF85A30469B15930023CA
:10F740008DF84E30FF238DF84F3000238DF8503068
:10F7500001238DF85130FF23ADF84C3048ABA3F5B1
:10F7600086731B681B681846FDF759FC03468DF825
:10F770004A309DF85F308DF848309DF85E308DF846
:10F7800049309DF848309DF8492011461846FFF74A
:10F7900019FC03468DF84B3001238DF888302EACD0
:10F7A00012AD0FCD0FC42B682360209B399395E0D9
:10F7B0009DF81631012B40F0898048ABA3F5867384
:10F7C0001B681B680DF147029DF817111846FDF7DD
:10F7D0002FFB06AB2C2200211846DCF77DFD48AB41
:10F7E000A3F586731B681B681846FDF73BFC0246B1
:10F7F00048ABA3F58473DA6148ABA3F584730122A7
:10F8000083F82A2048ABA3F5847340F2FF121A85CF
:10F8100048ABA3F5847341F60F529A8448ABA3F525
:10F82000847341F22102DA8448ABA3F58473469ACB
:10F830001A6248ABA3F5847301225A7548ABA3F54D
:10F840008473FF229A7548ABA3F5847328221A8229
:10F8500048ABA3F584731822DA7448ABA3F584731C
:10F8600001221A7648ABA3F584730422DA7548ABFB
:10F87000A3F5847346F2A8125A6048ABA3F58473CB
:10F88000854A9A6048ABA3F5847304221A739DF8E5
:10F8900047301A464FF47A7302FB03F31A4648AB1B
:10F8A000A3F584731A6000238DF8883048ABA3F564
:10F8B00084732EAC1D460FCD0FC40FCD0FC495E839
:10F8C000070084E80700219B399307E07348ECF7B1
:10F8D00061FF0120ECF78EFFECF790FE48ABA3F53B
:10F8E00086731B681B798DF8643000238DF86E30A9
:10F8F00001238DF86D30ECF7E2FF0346DCB2ECF744
:10F90000FDFF0346DBB22344DBB28DF8153148AB73
:10F91000A3F586731B68186848ABA3F586731B684C
:10F9200093F840311A4648ABA3F586731B685C32E6
:10F9300053F82230197D48ABA3F586731B6893F802
:10F9400040311A4648ABA3F586731B685C3253F806
:10F950002230DC8A9DF9152118AB00932346FDF770
:10F9600037FE48ABA3F586731B6893F840311A46FF
:10F9700048ABA3F586731B685C3253F822301B6AD0
:10F98000189A13441C9348ABA3F586731B6893F82D
:10F9900040311A4648ABA3F586731B685C3253F8B6
:10F9A0002230596A189A13469B0013445B000B449B
:10F9B0001D9348ABA3F586731B6893F840311A4634
:10F9C00048ABA3F586731B685C3253F82230D98AA2
:10F9D00048ABA3F586731B6893F840311A4648ABD1
:10F9E000A3F586731B685C3253F822301A7D48AB4E
:10F9F000A3F58673186800F04BFE03461F939DF82D
:10FA00008830012B05D100238DF86530244B1A93E3
:10FA100004E001238DF86530224B1A9348ABA3F51F
:10FA200086731B68986848ABA3F586731B6803F15F
:10FA3000410219A922AB0093FF2303F093F9034677
:10FA40008DF814319DF81431032B3FF4FAAC9DF876
:10FA50001431002B12D148ABA3F586731B681B6AC7
:10FA6000002B0BD048ABA3F586731B681B6A48AA12
:10FA7000A2F586721268526A1046984748ABA3F501
:10FA800086731B68002283F8352002E000BF00E087
:10FA900000BF49B030BD00BFA086010044AD0300E7
:10FAA00029080300CD74020010B584B00190019BB9
:10FAB0009B68019A1279134493F878378DF80F30C8
:10FAC0009DF80F30042B06D1019B1B69019A5269E6
:10FAD0001046984728E09DF80F300A2B24D1019B4F
:10FAE00093F840311A46019B5C3253F822301C6A6D
:10FAF000019B93F840311A46019B5C3253F8223047
:10FB0000D98A019B93F840311A46019B5C3253F825
:10FB100022301B7D1A46019800F0BAFD03462344AB
:10FB20001946019800F06FF9019B5B7B002B02D016
:10FB30000198FFF73DFC00BF04B010BD00B587B0D1
:10FB40000190019B9B680DF10F020199184603F08B
:10FB5000DBF8019B98689DF80F10019B0C3304AAF9
:10FB600003F05CFA019B1B7B0A2B00F2A38001A22D
:10FB700052F823F0B5FC0200B5FC0200B5FC02000F
:10FB8000B5FC0200A1FB0200B5FC0200B5FC0200BE
:10FB9000B5FC0200B5FC0200B5FC0200B5FC020099
:10FBA000019B0022C3F8A421049A019BDA62019B05
:10FBB0009A689DF80F3019460B465B010B449B0079
:10FBC00013447E33B3F90020019B1A86019B9A6887
:10FBD0009DF80F3019460B465B010B449B00134404
:10FBE0007C33B3F90020019B5A86019B9B689DF8EA
:10FBF0000F2002F5657233F81230DAB2019B83F8F8
:10FC00004020019800F09CF80590059B002B4CD1FA
:10FC1000019800F057FB03461A46019B83F88021A8
:10FC2000019B93F88031012B3FD1019B1868019B08
:10FC300093F840311A46019B5C3253F82230197D0B
:10FC4000019B9B68019A127902F5657233F81230B4
:10FC5000DBB21A4600F042FD0246019BC3F8A42124
:10FC6000019B93F840311A46019B5C3253F82230D5
:10FC70001A7D019B83F83C20019B93F840311A4682
:10FC8000019B5C3253F822301A69019B9A63019BF5
:10FC900093F840310833DAB2019B83F83520019B99
:10FCA0009B69019AD26910469847019B002283F80C
:10FCB000802100E000BF00BF07B05DF804FB00BF7B
:10FCC00000B58BB0039002910192009305AB002226
:10FCD0001A605A609A60DA6005AB1A46009901987A
:10FCE00002F03BFB0346002B07D01448ECF752FD13
:10FCF0000120ECF77FFDECF781FC029A13469B0094
:10FD000013445B0018469DF814301A469DF81530D0
:10FD10001B021344BDF8302093FBF2F101FB02F209
:10FD20009B1A4FF4967202FB03F30344039A1344A5
:10FD30000993099B18460BB05DF804FB5CAD03000A
:10FD400086B0019000230593019B93F841305B0935
:10FD50008DF813309DF81330002B13D09DF813301D
:10FD6000012B0FD09DF81330022B0BD09DF81330D0
:10FD7000042B07D09DF81330062B03D09DF81330C9
:10FD8000072B02D1059B013B0593019B1B6893F850
:10FD9000CE34022B26D1059B002B23D1019B93F857
:10FDA00042301A46019B93F843301B021A44019BD0
:10FDB00093F844301B041A44019B93F845301B060A
:10FDC00013440393019B93F840311A46019B5C3224
:10FDD00053F822305B68039A9A4208D0059B013B96
:10FDE000059304E0019B012283F8402100E000BF5D
:10FDF000059B002B03D0019B002283F84020059B2C
:10FE0000184606B0704784B00190009100238DF829
:10FE10000F3064E09DF80F20019B5C3253F82230D4
:10FE20001B78002B56D041E09DF80F20019B5C32DF
:10FE300053F822309A7F013AD2B29A779DF80F2078
:10FE4000019B5C3253F822301A6A9DF80F10019B17
:10FE50005C3153F821309B8B19460B461B015B1A12
:10FE60005B0018469DF80F10019B5C3153F8213060
:10FE700002441A629DF80F20019B5C3253F8223035
:10FE80005A6A9DF80F10019B5C3153F821309B8B0F
:10FE900019464FF4967301FB03F318469DF80F10B3
:10FEA000019B5C3153F8213002445A629DF80F20C7
:10FEB000019B5C3253F822301A6A009BD31A002B44
:10FEC00008DC9DF80F20019B5C3253F822309B7FA9
:10FED000002BA9D19DF80F3001338DF80F309DF81C
:10FEE0000F30002B96D000BF00BF04B0704710B594
:10FEF00084B001900091019B012283F840210023EE
:10FF00008DF80F302FE09DF80F20019B5C3253F8E5
:10FF100022301B78002B21D09DF80F20019B5C32F2
:10FF200053F822301A6A019BD3F87C11019BD3F855
:10FF30007431CB1A1344002B10DC9DF80F20019B69
:10FF40005C3253F822301A6A009BD31A002B05DD6D
:10FF5000019B9DF80F2083F8402108E09DF80F30A9
:10FF600001338DF80F309DF80F30002BCBD0019B63
:10FF700093F84031012B00F0A181019B93F84031AF
:10FF80008DF80E3094E1019B93F840319DF80E20DE
:10FF90009A4200F083819DF80E20019B5C3253F859
:10FFA00022301B78002B00F07E819DF80E20019BF3
:10FFB0005C3253F822301A6A009BD31A002B09DAFC
:10FFC0009DF80E20019B5C3253F822309B7F002B62
:10FFD00000F066819DF80E20019B5C3253F82230C0
:10FFE0001A6A019BD3F87C11019BD3F87431CB1AA8
:10FFF0001344002B80F256819DF80E20019B5C3249
:020000023000CC
:1000000053F822301A6A019B93F840311946019B3C
:100010005C3153F821301B6A9A4247D1019B93F817
:1000200040311A46019B5C3253F8223093F8282065
:100030009DF80E10019B5C3153F8213093F8283065
:100040009A4205D2019B9DF80E2083F840212AE1B7
:10005000019B93F840311A46019B5C3253F82230E1
:1000600093F828209DF80E10019B5C3153F8213045
:1000700093F828309A4240F01681019B93F8403162
:100080001A46019B5C3253F822305A689DF80E10D4
:10009000019B5C3153F821305B689A4280F0038108
:1000A000019B9DF80E2083F84021FCE09DF80E2076
:1000B000019B5C3253F822301A6A019B93F840315D
:1000C0001946019B5C3153F821301B6AD31A002B6F
:1000D00073DA9DF80E20019B5C3253F822301C6AC3
:1000E0009DF80E20019B5C3253F82230D98A9DF88E
:1000F0000E20019B5C3253F822301B7D1A4601987A
:1001000000F0C6FA0346E218019B93F84031194605
:10011000019B5C3153F821301B6AD31A002B05DA9E
:10012000019B9DF80E2083F84021BCE0019B93F8D1
:1001300040311A46019B5C3253F8223093F8282054
:100140009DF80E10019B5C3153F8213093F8283054
:100150009A4205D2019B9DF80E2083F84021A2E02F
:10016000019B93F840311A46019B5C3253F82230D0
:1001700093F828209DF80E10019B5C3153F8213034
:1001800093F828309A4240F08E80019B93F84031DA
:100190001A46019B5C3253F822305A689DF80E10C3
:1001A000019B5C3153F821305B689A427BD2019B02
:1001B0009DF80E2083F8402175E0019B93F84031B3
:1001C0001A46019B5C3253F822301C6A019B93F85B
:1001D00040311A46019B5C3253F82230D98A019B88
:1001E00093F840311A46019B5C3253F822301B7D54
:1001F0001A46019800F04CFA0346E2189DF80E10DA
:10020000019B5C3153F821301B6AD31A002B4ADB67
:10021000019B93F840311A46019B5C3253F822301F
:1002200093F828209DF80E10019B5C3153F8213083
:1002300093F828309A4205D2019B9DF80E2083F84E
:10024000402130E0019B93F840311A46019B5C321B
:1002500053F8223093F828209DF80E10019B5C3152
:1002600053F8213093F828309A421CD1019B93F81F
:1002700040311A46019B5C3253F822305A689DF88F
:100280000E10019B5C3153F821305B689A420AD210
:10029000019B9DF80E2083F8402104E000BF02E09E
:1002A00000BF00E000BF9DF80E3001338DF80E3026
:1002B0009DF80E30002B3FF466AE00E000BF04B0A6
:1002C00010BD0000F0B58FB0079000230D93002300
:1002D0008DF83330079B93F840301846FAF7ADF8A5
:1002E00003461A460D9B13440D93079B1868079B02
:1002F00093F84010079B93F840311A46079B5C32F5
:1003000053F822301B7D1A46F9F734FD03461A468E
:100310000D9B13440D930D9B002B01D00023B2E1E4
:10032000079B03F14100079B03F281130DF12A02A1
:100330000DF12B01FAF794F803461A460D9B13446E
:100340000D930D9B002B01D000239CE1079B93F89C
:100350004031002B0AD0079B93F88131012B03D049
:100360009DF82B30042B01D100238CE1079B1A68E8
:10037000079BD3F87031926E9A600023ADF8283055
:10038000079B93F840311A46079B5C3253F82230A2
:100390009B680993079B03F14105079B93F8406015
:1003A000079B03F29517079B93F840311A46079B6A
:1003B0005C3253F822305B68079A3432079901F5B2
:1003C000CB71079800F28510079C04F5C3740DF1FA
:1003D000280C0494039002910192009363463A46DC
:1003E00031462846FAF77CF802460D9B13440D93DC
:1003F0000D9B002B08D1BDF8283009AA11461846DC
:10040000FAF7DAF803460D930D9B002B4AD1079BB0
:1004100093F84030043BDAB2079B83F84020079BF7
:1004200093F840304033079A1344591C0BAB042215
:100430001846F9F75CFE079B03F14100079B93F810
:1004400040301D46079B93F840311A46079B5C32AB
:1004500053F82230197B079B93F840311A46079BCB
:100460005C3253F822305C68099B0B9A029201932C
:100470000123009323460A46294601F0ACFE0346B9
:10048000002B0FD0079B9B6A002B08D0079B9B6A11
:100490000B9A09A90798984703460D9302E04FF07D
:1004A000FF330D930D9B002B40F0CF80079B93F8FB
:1004B00040311A46079B5C3253F82230099A9A6001
:1004C000079BD3F87021079B1B6892689A66079B6D
:1004D00093F885311B09DBB203F00103002B14BF35
:1004E00001230023DAB2079B83F83620079B93F899
:1004F0004031002B1CD1079B93F83630002B0BD0DA
:10050000079B93F840311A46079B5C3253F8223020
:10051000022283F8282027E0079B93F840311A46EF
:10052000079B5C3253F82230002283F828201BE01E
:10053000079B93F83630002B0BD0079B93F8403184
:100540001A46079B5C3253F82230032283F8282096
:100550000AE0079B93F840311A46079B5C3253F838
:100560002230012283F82820079B93F89631002B34
:100570005FD1079B93F84020079B93F89531D31ADE
:10058000DBB2093BDAB2079B83F84020079B93F864
:100590003430002B59D0079B93F895310933403301
:1005A000079A1344581C079B93F840301D46079B3D
:1005B00093F840311A46079B5C3253F82230597B3E
:1005C000079B93F840311A46079B5C3253F8223060
:1005D0005C68079B93F840311A46079B5C3253F8DE
:1005E00022309B68079A41320292019301230093C3
:1005F00023460A46294601F062FD0346002B07D038
:100600002248ECF7C7F80120ECF7F4F8EBF7F6FF17
:10061000079B93F89531002B03D04FF0FF330D93D8
:1006200013E001238DF83330079B012283F8A021CA
:100630000BE0079B93F89531002B03D04FF0FF336D
:100640000D9302E001238DF833300D9B002B18D160
:100650009DF82B20079B83F883219DF82A20079B78
:1006600083F88421079B1B681846FAF782FD03462E
:10067000002B06DC079B1B68079A92F8812183F800
:1006800076209DF8333018460FB0F0BD80AD0300E2
:1006900010B584B001900B46ADF8023013468DF8CA
:1006A0000130BDF80240019B1B689DF801201146F6
:1006B0001846FCF74FFE034604FB03F3064AA2FB71
:1006C00003239B090393039B002B01D0039B00E0B2
:1006D0000123184604B010BDD34D621000B597B089
:1006E00001900B468DF8033013468DF8023000233D
:1006F00015939DF8033019460198FCF753FB034608
:100700008DF853309DF85330002B48D10DF1510333
:100710000DF152029DF803100198FCF765FB0FAB39
:10072000142200211846DBF7D7FD9DF852308DF8D2
:100730003C309DF851308DF83D300198FCF76FFC4E
:1007400003468DF83E309DF83C3019460198FCF781
:1007500065FA0346ADF8403000238DF842309DF82D
:1007600002308DF8433000238DF844309DF83C3042
:100770009DF83D2011461846FEF724FC03468DF8EF
:100780003F30019BD3F8BC34D3F8C03918460FAAC8
:100790000FAB04331946FEF7A2FC15903CE09DF820
:1007A0005330012B30D10DF13B029DF80330194637
:1007B0000198FCF73DFB03AB2C2200211846DBF728
:1007C0008BFD9DF83B301A464FF47A7302FB03F31E
:1007D00003932823ADF81C3001238DF821309DF8B8
:1007E00002308DF8223004238DF82330019BD3F89A
:1007F000BC34D3F8C039184603AA03AB10331946EA
:10080000FEF77DFC159007E00648EBF7C3FF0120DB
:10081000EBF7F0FFEBF7F2FE159B184617B05DF80B
:1008200004FB00BFA4AD030010B584B00190019B90
:100830000393039B93F884398DF80B30ECF736F86B
:10084000039BD3F8C0099DF80B2013465B011344AA
:100850009B004833039A134404331946FEF75FFCA8
:100860000346002B04D040F279412548EBF7D8FF2E
:10087000039BD3F8C039CC211846FEF71DFC034674
:10088000002B04D040F27A411D48EBF7C9FF00BFAE
:100890009DF80B2003991346DB009B1A9B000B4429
:1008A00003F5BB631C68EBF7BCFE0346E31A002BA1
:1008B000EEDC039BD3F8C03918469DF80B20039952
:1008C00013465B0113449B000B4478331B681946A5
:1008D000FEF7E2FB0346002B04D040F281410848BA
:1008E000EBF79EFF039B03F2F474EBF794FE0346D1
:1008F00019462046FEF722FC00BF04B010BD00BF21
:10090000C8AD030082B003460A468DF8073013468F
:100910008DF806309DF806300C2B59D801A252F8FC
:1009200023F000BFCD090300CD090300CD0903006A
:10093000CD090300CD090300A509030085090300C3
:100940006D0903006D0903005D0903006D090300D3
:10095000590903006D09030000233AE09DF80730B0
:100960000C2B01D1012334E0002332E09DF8073045
:100970000C2B03D09DF807300B2B01D1012328E06D
:10098000002326E09DF807300C2B07D09DF8073098
:100990000B2B03D09DF807300A2B01D1012318E05F
:1009A000002316E09DF807300C2B0BD09DF8073084
:1009B0000B2B07D09DF807300A2B03D09DF807308A
:1009C000092B01D1012304E0002302E0012300E010
:1009D0000023184602B0704700B583B00190009123
:1009E000019B5B6A019A126800991046984703467A
:1009F000184603B05DF804FB00B583B001900B46C8
:100A0000ADF80230019B1B6E019A1268BDF802100E
:100A1000104698470346184603B05DF804FB00B53E
:100A200085B0039002910192039BD3F8A030019905
:100A3000029898470346184605B05DF804FB00B5D8
:100A400083B001900091019BD3F8F4300099019894
:100A500098470346184603B05DF804FB82B0019046
:100A60000091019B009AC3F8502100BF02B070476B
:100A700000B585B003900291019200938422002179
:100A80000398DBF729FC039B009A5A60039B9DF8AF
:100A900018201A73039B029A1A60039B019A9A60AA
:100AA000039B00229A73039B0022DA73039B0022AC
:100AB0005A73039B002283F82A20039B079A1A6526
:100AC000039B089A5A65039B0C4A5A64039B0122B4
:100AD00083F84C20039B5A68039B1B7B19461046E6
:100AE00002F0E2F8039B5868039B197B039B044ABE
:100AF00002F08EF800BF05B05DF804FB008813001B
:100B0000E10F030000B583B001900B468DF8033070
:100B10009DF8033083F00103DBB2002B02D0019873
:100B200000F008F8019B9DF803209A7300BF03B002
:100B30005DF804FB00B583B00190019B9B7B83F0C3
:100B40000103DBB2002B10D1019B0022DA73019B61
:100B50005A68019B1B7B1946104602F007FA019B5D
:100B60001B681846FEF754FB00E000BF03B05DF8B9
:100B700004FB000010B588B00190EBF74CFD034674
:100B800003F57A7307930023059300230493019BD5
:100B90005B680DF10F020199184602F0B5F8019B50
:100BA000002283F82A20019B1A7B9DF80F309A427D
:100BB00004D040F217114E48EBF732FE019B9B7BAD
:100BC00083F00103DBB2002B01D001238DE0019BF8
:100BD000986804AB05AA0799FAF7A0FB034683F0CF
:100BE0000103DBB2002B01D003237EE0059B03F061
:100BF0007F03404A02FB03F303F5FA330693069A98
:100C0000079B13440693049B069AD31A0693069AED
:100C100013469B0013445B001A46019B9A64019B98
:100C20009C68019B9B681846FCF7E2FA034619464C
:100C30002046FCF78FFB0346B3F57A7F11D3019B67
:100C40009C68019B9B681846FCF7D2FA034619463C
:100C50002046FCF77FFB0346274AA2FB03239B09A0
:100C600000E001234FF4FA62B2FBF3F3FE2B28D825
:100C7000019B9C68019B9B681846FCF7B9FA0346E8
:100C800019462046FCF766FB0346B3F57A7F11D37D
:100C9000019B9C68019B9B681846FCF7A9FA0346D8
:100CA00019462046FCF756FB0346134AA2FB0323D2
:100CB0009B0900E001234FF4FA62B2FBF3F39AB20E
:100CC00000E0FF22019B1A86019B0122DA73019B3F
:100CD000986804AB05AA0699FAF720FB059A019BD0
:100CE000DA62019800F00AF80023184608B010BD37
:100CF000F8AD030018FCFFFFD34D621030B5B3B060
:100D000003902BAB00221A605A609A60DA601A6175
:100D10005A619A6126AB142200211846DBF7DCFAEF
:100D2000039800F0B9FB03468DF8AD30039B1B7BA5
:100D30008DF8AC3000238DF8B630039801F098F8A8
:100D400003462E93039B9C68039B9B681846FCF705
:100D50004FFA034619462046FCF7FCFA0346B3F562
:100D60007A7F11D3039B9C68039B9B681846FCF712
:100D70003FFA034619462046FCF7ECFA0346554A6B
:100D8000A2FB03239B0900E00123039A128E02FBBE
:100D900003F33193504B2C9305AB8422002118466A
:100DA000DBF79AFA01238DF81430039B1B8EDBB21C
:100DB0008DF8AA30039B9B681846FCF749F9034657
:100DC0008DF8A930039B9B681846FCF728F9034669
:100DD0008DF89A3001238DF89E30039B9C68039B0D
:100DE0009B681846FCF704FA03461946204600F0B3
:100DF000E9FA0346184600F00FFB03468DF89F30D2
:100E000000238DF8A03000238DF8A130039B9C684F
:100E1000039B9B681846FCF7EBF9034619462046EE
:100E200000F0D0FA03468DF89830039B9C68039B32
:100E30009B681846FCF7DCF903461946204600F08B
:100E4000D6FA03468DF89930039B9A68039BDB6AB8
:100E500019461046FCF7D6F9034629939DF89830B9
:100E60009DF8992011461846FFF74CFD03468DF872
:100E70009B300A23ADF89C3011AC26AD0FCD0FC4CA
:100E80002B68236040F6B8331C93039B5B68D3F850
:100E9000C039184626AA26AB04331946FFF7BFFD12
:100EA0000246039B5A63039B5868039B03F110029D
:100EB0002BA905AB0093192301F054FF0346002B27
:100EC00004D04FF4AE710548EBF7AAFC00BF33B075
:100ED00030BD00BFD34D6210E10E030010AE030021
:100EE00010B584B00190019B0393039B93F8843960
:100EF0008DF80B309DF80B2003991346DB009B1AED
:100F00009B000B4403F2C9531B780E2B06D19DF8AE
:100F10000B301946039802F029F85DE0EBF7C6FCA8
:100F2000039BD3F8C0099DF80B2013465B011344C3
:100F30009B004833039A134404331946FFF77FFD9F
:100F40000346002B04D040F26D112448EBF768FCF7
:100F5000039BD3F8C039CC211846FFF74DFD03465B
:100F6000002B04D04FF4B7711C48EBF759FC00BFBD
:100F70009DF80B2003991346DB009B1A9B000B4442
:100F800003F2D4531C68EBF746FB0346E31A002B2D
:100F9000EEDC039BD3F8C03918469DF80B2003996B
:100FA00013465B0113449B000B4478331B681946BE
:100FB000FFF712FD0346002B04D040F275110748DD
:100FC000EBF72EFC039B03F2F474EBF724FB0346D0
:100FD00019462046FFF742FD04B010BD24AE0300C1
:100FE00030B589B00390039BDB7B83F00103DBB258
:100FF000002B40F0C980039B5B68039A127B13446B
:1010000093F878378DF81B3000230793039B5B68B8
:10101000039A127B02F5F97253F82240039B9D68F4
:10102000039B9B681846FCF7E3F8034619462846DD
:10103000FCF790F903465B08554AA2FB03235B09C2
:10104000E31A0593039B00225A739DF81B30042B6F
:1010500028D1039B03F11004039B9D68039B9B68AD
:101060001846FCF7C5F803461946284600F0AAF9C9
:1010700003461946204600F09EF80790059903980C
:1010800000F026FF03461A46039B5A73039B5B68D6
:10109000039A127B02F5657233F81230DAB2039BC1
:1010A00083F829200599039800F0AAFA039800F024
:1010B0002BFB059B374AA2FB0323DB08079A194643
:1010C000039800F005FA039B9B6C324AA2FB0323B2
:1010D000DB081946039800F091FB039800F088FBA9
:1010E000039B93F82A30012B24D1039B9B6893F830
:1010F0004635032B1ED1039B9A6C039B5B6CD31A62
:101100000493039B1868039B9B6C224AA2FB032356
:10111000DA08039BDB6A019340F6B833009340F68C
:1011200048030499FEF794F8039B1B681846FEF7E2
:101130003FF904E0039B1B681846FEF769F8039B20
:10114000DB6A03F18002039BDA62039B93F82A3087
:10115000002B03D10398FFF70DFD16E00398FFF76E
:10116000CDFD039B9B681846FAF79BF90346002BBD
:101170000BD0039B0D2283F87920039B1B6D039AF0
:10118000526D1046984700E000BF09B030BD00BF67
:101190001F85EB51CDCCCCCC00B583B00190009134
:1011A000019B58332C2219460098DCF71BFE00BF28
:1011B00003B05DF804FB00B585B001900B468DF8D7
:1011C00003309DF80330033B019A13441B78194602
:1011D0009DF80330023B019A13441B781B029BB21B
:1011E0000B44ADF80E309DF803309BB2033B9BB22D
:1011F0001946019800F092F80346ADF80C30BDF89E
:101200000C20BDF80E309A4201D000231EE09DF85C
:101210000330073B019A13441B7819469DF80330AD
:10122000063B019A13441B781B02CA189DF8033031
:10123000053B01990B441B781B041A449DF80330AD
:10124000043B01990B441B781B061344184605B058
:101250005DF804FB82B001900B468DF803309DF8D9
:101260000330083B019A13441B78184602B07047BC
:1012700010B586B003900B4601928DF80B309DF8A7
:101280000B30184600F0C8F80346023B039A13449B
:101290001B781C469DF80B30184600F0BDF803463D
:1012A000013B039A13441B781B029BB22344ADF805
:1012B00016309DF80B30013B039AD4189DF80B3083
:1012C000184600F0A9F803461A469DF80B309BB269
:1012D000D31A9BB201339BB21946204600F01EF888
:1012E0000346ADF81430BDF81420BDF816309A420C
:1012F00006D0072200210198DAF7EEFF00230AE06A
:101300009DF80B30013B039A1344072219460198BC
:10131000DCF768FD0123184606B010BD86B00190C9
:101320000B46ADF802300023ADF81630BDF80230A0
:10133000002B01D1002342E00023049338E0019AFE
:10134000049B13441B78ADF80C30BDF90C301B0224
:101350001AB2BDF9163053401BB2ADF81630002357
:101360008DF80F301DE0BDF8163023F4FF4323F055
:101370007F03ADF80A30BDF816305B00ADF81630CB
:10138000BDF80A30002B07D0BDF8163083F4815326
:1013900083F00103ADF816309DF80F3001338DF85E
:1013A0000F309DF80F30072BDDD9049B01330493D8
:1013B000BDF80230049A9A42C1D3BDF816301846DF
:1013C00006B0704700B585B001900B468DF803302C
:1013D0000DF10E030DF10F029DF803100198FBF7BC
:1013E00003FD9DF80F30184605B05DF804FB00B50D
:1013F00085B001900B468DF803300DF10E030DF111
:101400000F029DF803100198FBF7EEFC9DF80E30DB
:10141000184605B05DF804FB00B585B003468DF8AD
:10142000073000238DF80F309DF80730083B042B60
:1014300020D801A252F823F04D14030055140300E4
:101440005D140300651403006D14030013238DF86D
:101450000F3018E011238DF80F3014E013238DF8AE
:101460000F3010E015238DF80F300CE017238DF8A6
:101470000F3008E00748EBF78DF90120EBF7BAF9D8
:10148000EBF7BCF800BF9DF80F30184605B05DF8CB
:1014900004FB00BF50AE030082B00190019BDA6DE7
:1014A000019B9B6D1344019A92F84C20B3FBF2F11F
:1014B00001FB02F29B1A002B04D0019B93F82A3007
:1014C000002B01D1002300E00E23184602B0704724
:1014D00000B585B0039002910192039B002283F82E
:1014E0007A20039B002283F87820039B5B7B002BF0
:1014F00059D0039B029A1A67039B5A68039B1B7B74
:1015000019460B465B010B449B0013447E33B3F931
:101510000020039BA3F87420039B5A68039B1B7B4A
:1015200019460B465B010B449B0013447C33B3F913
:101530000020039BA3F87620039B9B681846FBF7CB
:1015400057FE03461A46039B83F88020039B9A6844
:10155000039BDB6A19461046FBF754FE0246039BC9
:10156000DA67039B029A9A66039B1B68029AC3F888
:101570009821039B9B6D5A1C039B9A65039B1B6ED2
:101580005A1C039B1A66039B00225A66039B93F81E
:101590006C30032B28BF0323DBB20133DAB2039B89
:1015A00083F86C2028E0039BDB6D5A1C039BDA65F3
:1015B000039B00221A66039B5B6E5A1C039B5A66B0
:1015C000039B5A68039B1B7B19460B46DB005B1A87
:1015D0009B00134403F2C9531B780E2B0CD0039BC2
:1015E00093F86C30002B07D0039B93F86C30013BD1
:1015F000DAB2039B83F86C2000BF05B05DF804FBF2
:1016000082B001900091019B5B7B002B5DD0019B20
:1016100093F82A30002B16D1019B3A4A5A64019B59
:101620000022DA63019B00229A63019B00221A6464
:10163000019B5A6B13469B0013445B001A46009BA8
:101640009A1A019B9A64019B93F82A30012B3CD192
:10165000019B9B6C009AD11A019B5A6B13469B000D
:1016600013445B00CB1A1A46019B9A63019BDA6B09
:101670001346DB009A1A019B9B6B1344002B00DA84
:101680000733DB101A46019BDA63019B1A6C019B3E
:10169000DB6B1A44019B1A64019B1B6C202B07DD3A
:1016A000019B5B6C5A1C019B5A64019B00221A64CB
:1016B000019B1B6C13F1200F07DA019B5B6C5A1E18
:1016C000019B5A64019B00221A64019B9A6C019B46
:1016D000596C019BDB6B002BB8BF5B42642B08DDB0
:1016E000019BDB6B002B02DA6FF0630303E06423E2
:1016F00001E0019BDB6B0B441A44019B9A6400BF21
:1017000002B070470088130030B583B00190019B90
:101710005B7B83F00103DBB2002B5FD0019B1B8E50
:101720001D46019B9C68019B9B681846FBF760FD6A
:10173000034619462046FBF70DFE0346B3F57A7FB4
:1017400011D3019B9C68019B9B681846FBF750FDD9
:10175000034619462046FBF7FDFD0346234AA2FB3C
:1017600003239B0900E001234FF4FA62B2FBF3F379
:10177000FE2B27D8019B9C68019B9B681846FBF7B2
:1017800037FD034619462046FBF7E4FD0346B3F553
:101790007A7F11D3019B9C68019B9B681846FBF7DD
:1017A00027FD034619462046FBF7D4FD03460F4AA2
:1017B000A2FB03239B0900E001234FF4FA62B2FB72
:1017C000F3F300E0FF23AB4203D9019B5B6E382BA0
:1017D00004D9019B002283F82A2004E0019B012206
:1017E00083F82A2000BF00BF03B030BDD34D621084
:1017F00082B0019000BF02B07047000070B588B0A1
:1018000005900491059B93F82A30002B55D1059B38
:101810009C68059B9B681846FBF7EAFC0346194643
:101820002046FBF797FD0346B3F57A7F11D3059B5E
:101830009C68059B9B681846FBF7DAFC0346194633
:101840002046FBF787FD0346AD4AA2FB03239B0915
:1018500000E001234FF4FA62B2FBF3F3FE2B28D829
:10186000059B9C68059B9B681846FBF7C1FC0346DB
:1018700019462046FBF76EFD0346B3F57A7F11D378
:10188000059B9C68059B9B681846FBF7B1FC0346CB
:1018900019462046FBF75EFD0346994AA2FB032347
:1018A0009B0900E001234FF4FA62B2FBF3F39AB212
:1018B00000E0FF22059B1A86D5E2059B9C68059BEC
:1018C0009B681846FBF794FC03461846059B9B6EE5
:1018D000049AD21A059B03F130010023029306AB50
:1018E000019307AB00930B4601462046FBF79AFD98
:1018F000059B5B6E002B40F0B682059B93F86C3025
:10190000C3F10503059A128E02FB03F5059B9C6843
:10191000059B9B681846FBF76BFC0346194620465F
:10192000FBF718FD0346B3F57A7F11D3059B9C683E
:10193000059B9B681846FBF75BFC0346194620464F
:10194000FBF708FD03466E4AA2FB03239B0900E058
:1019500001234FF4FA62B2FBF3F3062B27D9059B60
:101960009C68059B9B681846FBF742FC034619469A
:101970002046FBF7EFFC0346B3F57A7F11D3059BB6
:101980009C68059B9B681846FBF732FC034619468A
:101990002046FBF7DFFC0346594AA2FB03239B09C1
:1019A00000E001234FF4FA62B2FBF3F400E00624F6
:1019B000059B9E68059B9B681846FBF719FC034630
:1019C00019463046FBF7C6FC0346B3F57A7F11D3C0
:1019D000059B9E68059B9B681846FBF709FC034620
:1019E00019463046FBF7B6FC0346454AA2FB0323E3
:1019F0009B0900E001234FF4FA62B2FBF3F3FE2BE4
:101A000027D8059B9E68059B9B681846FBF7F0FB53
:101A1000034619463046FBF79DFC0346B3F57A7F33
:101A200011D3059B9E68059B9B681846FBF7E0FB5E
:101A3000034619463046FBF78DFC0346304AA2FBAD
:101A400003239B0900E001234FF4FA62B2FBF3F396
:101A500000E0FF239C4255D2059B9C68059B9B6838
:101A60001846FBF7C5FB034619462046FBF772FCF8
:101A70000346B3F57A7F11D3059B9C68059B9B6851
:101A80001846FBF7B5FB034619462046FBF762FCF8
:101A900003461B4AA2FB03239B0900E001234FF4EA
:101AA000FA62B2FBF3F3062B27D9059B9C68059BD2
:101AB0009B681846FBF79CFB034619462046FBF73C
:101AC00049FC0346B3F57A7F11D3059B9C68059BBF
:101AD0009B681846FBF78CFB034619462046FBF72C
:101AE00039FC0346064AA2FB03239B0900E00123BD
:101AF0004FF4FA62B2FBF3F356E0062354E000BF62
:101B0000D34D6210059B9C68059B9B681846FBF7AC
:101B10006FFB034619462046FBF71CFC0346B3F552
:101B20007A7F11D3059B9C68059B9B681846FBF741
:101B30005FFB034619462046FBF70CFC0346AF4A01
:101B4000A2FB03239B0900E001234FF4FA62B2FBDE
:101B5000F3F3FE2B27D8059B9C68059B9B681846D2
:101B6000FBF746FB034619462046FBF7F3FB03460B
:101B7000B3F57A7F11D3059B9C68059B9B6818463B
:101B8000FBF736FB034619462046FBF7E3FB03460B
:101B90009A4AA2FB03239B0900E001234FF4FA6257
:101BA000B2FBF3F300E0FF23AB420BD9059B93F8A4
:101BB0006C30C3F105039AB2059B1B8E12FB03F335
:101BC0009BB24EE1059B9C68059B9B681846FBF702
:101BD0000FFB034619462046FBF7BCFB0346B3F553
:101BE0007A7F11D3059B9C68059B9B681846FBF781
:101BF000FFFA034619462046FBF7ACFB03467F4A33
:101C0000A2FB03239B0900E001234FF4FA62B2FB1D
:101C1000F3F3062B27D9059B9C68059B9B68184608
:101C2000FBF7E6FA034619462046FBF793FB03460B
:101C3000B3F57A7F11D3059B9C68059B9B6818467A
:101C4000FBF7D6FA034619462046FBF783FB03460B
:101C50006A4AA2FB03239B0900E001234FF4FA62C6
:101C6000B2FBF3F400E00624059B9D68059B9B688E
:101C70001846FBF7BDFA034619462846FBF76AFBF0
:101C80000346B3F57A7F11D3059B9D68059B9B683E
:101C90001846FBF7ADFA034619462846FBF75AFBF0
:101CA0000346564AA2FB03239B0900E001234FF49D
:101CB000FA62B2FBF3F3FE2B27D8059B9D68059BC8
:101CC0009B681846FBF794FA034619462846FBF72B
:101CD00041FB0346B3F57A7F11D3059B9D68059BB5
:101CE0009B681846FBF784FA034619462846FBF71B
:101CF00031FB0346414AA2FB03239B0900E0012379
:101D00004FF4FA62B2FBF3F300E0FF239C4253D29C
:101D1000059B9C68059B9B681846FBF769FA034680
:101D200019462046FBF716FB0346B3F57A7F11D31D
:101D3000059B9C68059B9B681846FBF759FA034670
:101D400019462046FBF706FB03462C4AA2FB032359
:101D50009B0900E001234FF4FA62B2FBF3F3062B78
:101D600028D9059B9C68059B9B681846FBF740FAA1
:101D7000034619462046FBF7EDFA0346B3F57A7F92
:101D800011D3059B9C68059B9B681846FBF730FAAE
:101D9000034619462046FBF7DDFA0346174AA2FB25
:101DA00003239B0900E001234FF4FA62B2FBF3F333
:101DB0009BB256E0062354E0059B9C68059B9B68FC
:101DC0001846FBF715FA034619462046FBF7C2FAF8
:101DD0000346B3F57A7F13D3059B9C68059B9B68EC
:101DE0001846FBF705FA034619462046FBF7B2FAF8
:101DF0000346024AA2FB03239B0902E0D34D621073
:101E000001234FF4FA62B2FBF3F3FE2B28D8059BB3
:101E10009C68059B9B681846FBF7EAF90346194640
:101E20002046FBF797FA0346B3F57A7F11D3059B5B
:101E30009C68059B9B681846FBF7DAF90346194630
:101E40002046FBF787FA0346084AA2FB03239B09B7
:101E500000E001234FF4FA62B2FBF3F39BB200E01F
:101E6000FF23059A138600BF08B070BDD34D6210E2
:101E700010B586B00390EAF722FD0346DCB2EAF71C
:101E80003DFD0346DBB22344DBB28DF81730039BE4
:101E90009C68039B9B681846FBF7AAF90346184603
:101EA000039B198E9DF9172004AB00930B46014646
:101EB0002046FBF78DFB039B9B6C044AA2FB03238C
:101EC000DB08049A1344184606B010BDCDCCCCCC28
:101ED00030B589B001900091019B03F11004019B82
:101EE0009D68019B9B681846FBF782F903461946DB
:101EF0002846FFF767FA034619462046FFF75BF9C5
:101F00000790019B9868009B154AA2FB0323DA08FF
:101F1000019B5B6BD11A03AB04AAF9F7FFF90346E7
:101F20008DF81B309DF81B30002B14D0049B079AB2
:101F3000D31A4FF47A7203FB02F2039BD31A059370
:101F4000059B002BB8BF5B42B3F5FA6F01D20123AA
:101F500002E0012300E00123184609B030BD00BFB4
:101F6000CDCCCCCC00B58FB0039001930B46ADF82F
:101F70000A3013468DF80930039B002B02D0129BC8
:101F8000002B01D1092396E00023ADF83630012360
:101F9000ADF8343008AB00221A605A609A60DA60FB
:101FA00004AB00221A605A609A60DA60BDF80A3009
:101FB000ADF8323001238DF810309DF840308DF8A7
:101FC0001530019BDBB28DF81630019B1B0ADBB28A
:101FD0008DF81730019B1B0CDBB28DF81830019B7C
:101FE0001B0EDBB28DF81930119BDBB28DF81A3065
:101FF000119B1B0ADBB28DF81B30119B1B0CDBB253
:102000008DF81C30119B1B0EDBB28DF81D304DE09E
:10201000BDF83430DBB28DF81F30BDF834300133F9
:10202000ADF8343008AB9DF8092004A81021EFF773
:10203000A8FC0346002B01D00E233CE000238DF8C2
:1020400031301EE0BDF836209DF8313013441A4679
:10205000039B134419789DF8313038336B4413F8DF
:10206000182CBDF836009DF8313003441846129BF9
:1020700003444A40D2B21A709DF8313001338DF8D2
:1020800031309DF83130BDF93220102AA8BF10221E
:1020900012B29342D6DBBDF83230103B9BB2ADF8A2
:1020A0003230BDF836301033ADF83630BDF932304D
:1020B000002BADDC002318460FB05DF804FB00B523
:1020C00089B0079005930B46ADF81A3013468DF88A
:1020D00019309DF81920BDF81A100C9B02930B9B28
:1020E00001939DF828300093059B0798FFF73AFF6E
:1020F0000346184609B05DF804FB00B587B00590AB
:102100000B460392ADF81230BDF81220039B0093EA
:10211000012305990020EFF7DBFB0346002B01D0DC
:102120000E2300E00023184607B05DF804FB00B55D
:102130008BB007900B460592ADF81A3000238DF84E
:102140002730BDF81A30DBB20DF127020292059A52
:1021500001920093079B00220021FF20EFF7BEFCB5
:102160000346002B01D00E2300E0002318460BB0DD
:102170005DF804FB00B587B0039002911346ADF8FB
:10218000063012238DF81730BDF80630029A0399F5
:10219000072000F0C7F903468DF817309DF8173077
:1021A000002B02D09DF8173011E0BDF80630029ADE
:1021B0000399062000F0B6F903468DF817309DF814
:1021C0001730002B02D09DF8173000E0002318468E
:1021D00007B05DF804FB10B5CCB04CACA4F58E7420
:1021E0002060084611464CAAA2F5927213604CABCF
:1021F000A3F58F7302461A804CABA3F21F130A4655
:102200001A704CABA3F58E731B68002B01D1092308
:102210004FE04CABA3F58F731B88B3F5807F01D9DA
:102220000D2346E04CABA3F58A7318464FF4887330
:102230001A460021DAF750F84CABA3F592729DF8DC
:1022400038114CABA3F58F73188807AB00934F9BE5
:10225000126800F005F907AB10334CAAA2F58F7293
:1022600012884CA9A1F58E7109681846DBF7BAFDF2
:1022700006238DF82F314CABA3F58F731B881033D9
:1022800099B24CABA3F21F131B7807A8509AEFF733
:1022900041FB03468DF82F319DF82F31002B01D1E2
:1022A000002306E09DF82F31012B01D1012300E02E
:1022B0000E2318464CB010BD00B58BB007900593A7
:1022C0000B46ADF81A3013468DF819309DF81920D9
:1022D000BDF81A1008AB02930D9B01939DF83030A6
:1022E0000093059B079800F083F803468DF827308C
:1022F000BDF81A30079A1344089A1A609DF82730DF
:1023000018460BB05DF804FB00B583B0034600919E
:102310008DF807309DF8073000991846EFF768FAF6
:102320000346002B01D00E2313E09DF80730002B4D
:102330000ED1002000F054F90346002B01D00E23EB
:1023400007E000F06FF90346002B01D00E2300E0F8
:102350000023184603B05DF804FB00B589B0039074
:102360000291019204AB00221A605A609A60DA600E
:1023700004AB19468C20EFF73BFA0346002B01D043
:102380000E2331E0039BDBB28DF81030039B1B0A58
:10239000DBB28DF81130039B1B0CDBB28DF81230D1
:1023A000039B1B0EDBB28DF81330029BDBB28DF862
:1023B0001430029B1B0ADBB28DF81530029B1B0CFC
:1023C000DBB28DF81630029B1B0EDBB28DF8173096
:1023D00004A8019B8C221021EFF7D3FA0346002BAF
:1023E00001D00E2300E00023184609B05DF804FB7D
:1023F00000B58BB0059003930B46ADF81230134631
:102400008DF81130059B002B02D00E9B002B01D1C3
:10241000092321E0BDF81230B3F5807F01D90D23E7
:102420001AE09DF83010BDF8120006AB00930D9B2A
:10243000039A00F015F89DF81110BDF8122006A8B7
:102440000E9B00930B460599EFF742FA0346002BCB
:1024500001D00E2300E0002318460BB05DF804FB0A
:1024600084B0029201930346ADF80E300B468DF80E
:102470000D30049B002B01D1092350E0049B49221D
:102480001A70049B013300221A70049B023300224D
:102490001A70049B033300221A70049B0433002239
:1024A0001A70049B05339DF80D201A70049B0633A7
:1024B000029AD2B21A70029B1A0A049B0733D2B254
:1024C0001A70029B1A0C049B0833D2B21A70029B3A
:1024D0001A0E049B0933D2B21A70049B0A33019A74
:1024E000D2B21A70019B1A0A049B0B33D2B21A7033
:1024F000019B1A0C049B0C33D2B21A70019B1A0E6A
:10250000049B0D33D2B21A70049B0E3300221A7052
:10251000049B0F33BDF80E20D2B21A700023184668
:1025200004B0704700B589B0029101921A46034683
:102530008DF80F301346ADF80C3004AB00221A6052
:102540005A609A60DA609DF80F30062B02DC042B8B
:1025500003DA0AE0072B04D007E001238DF81030DE
:1025600005E002238DF8103001E00A2334E0029BDD
:102570001B788DF81130029B01331B788DF81230D7
:10258000029B02331B788DF81330019B1B788DF86A
:102590001430019B01331B788DF81530019B0233F9
:1025A0001B788DF81630BDF80C30DBB28DF8173083
:1025B000BDF80C301B0A9BB2DBB28DF818309DF8C9
:1025C0000F2004AB01211846EFF740FA0346002B19
:1025D00001D00E2300E00023184609B05DF804FB8B
:1025E00000B587B003468DF8073002AB00221A60B1
:1025F0005A609A60DA609DF80730012B02D12023DF
:102600008DF8083002AB082200211846EFF71EFAB9
:102610000346002B01D00E2300E00023184607B02C
:102620005DF804FB00B585B06B4600221A605A6065
:102630009A60DA606B467F2208211846EFF706FAA7
:102640000346002B01D00E2300E00023184605B0FE
:102650005DF804FB00B583B001900B468DF80330A4
:10266000019B5B69019A12689DF803101046984718
:102670000346184603B05DF804FB00B583B0019033
:102680000B468DF80330019B9B69019A12689DF8F7
:102690000310104698470346184603B05DF804FB44
:1026A00010B584B00390019200930B46ADF80A3048
:1026B000039B1C6D039B1868BDF80A10009B019AD0
:1026C000A0470346184604B010BD00B583B0019082
:1026D0000B46ADF80230019B9B6D019A1268BDF864
:1026E0000210104698470346184603B05DF804FBF5
:1026F00000B583B001900091019BDB6D019A1268D7
:102700000099104698470346184603B05DF804FB4D
:1027100000B583B001900091019BD3F89030019AED
:1027200012680099104698470346184603B05DF8B2
:1027300004FB00B583B001900091019BD3F8943065
:10274000019A12680099104698470346184603B04C
:102750005DF804FB00B585B0039002910192039BE4
:10276000D3F8CC30039A1068019A0299984703462F
:10277000184605B05DF804FB00B585B003900291E2
:102780000192039BD3F8D030039A1068019A029902
:1027900098470346184605B05DF804FB10B584B0B1
:1027A0000390019200930B468DF80B30039BD3F8F6
:1027B000E040039B18689DF90B10009B019AA0470D
:1027C0000346184604B010BD10B586B005900491BC
:1027D00003928DF80B30059BD3F8E440059B1868F5
:1027E0009DF80B20089B00931346039A0499A04779
:1027F0000346184606B010BD10B584B0039001938F
:102800000B468DF80B3013468DF80A30039BD3F836
:10281000E840039B18689DF80A209DF80B10019B67
:10282000A0470346184604B010BD00B583B0019020
:102830004FF4C47200210198D9F74EFD00BF03B0D8
:102840005DF804FB86B003900291009313468DF867
:1028500007300023059300230493039BD3F84C31E6
:10286000002B46D0039BD3F84C31029AD31A059320
:102870009DF80720039B059943F822109DF8073027
:10288000039A0A339B00134459689DF80730059A50
:102890000A4403990A339B000B445A60039BD3F804
:1028A0003421059B1A44039BC3F83421059B009AED
:1028B00002FB03F304939DF80720039B2C3253F88B
:1028C0002210049B584AA2FB03239B099DF8072072
:1028D0001944039B2C3243F82210039BD3F8402168
:1028E000049B5149A1FB03139B091A44039BC3F8A2
:1028F0004021039BD3F85031002B40D0039BD3F8E9
:102900005031029AD31A05939DF80720039B163283
:1029100053F822109DF80720059B1944039B16329B
:1029200043F82210039BD3F83821059B1A44039BDC
:10293000C3F83821059B009A02FB03F304939DF82A
:102940000730039A36339B0013445968049B364A78
:10295000A2FB03239A099DF807300A4403993633F2
:102960009B000B445A60039BD3F84421049B2E49DF
:10297000A1FB03139B091A44039BC3F84421039B47
:10298000D3F85431002B40D0039BD3F85431029A32
:10299000D31A05939DF80730039A20339B00134404
:1029A00059689DF80730059A0A44039920339B0023
:1029B0000B445A60039BD3F83C21059B1A44039BAC
:1029C000C3F83C21059B009A02FB03F304939DF896
:1029D0000720039B423253F82210049B124AA2FBA9
:1029E00003239B099DF807201944039B423243F8B7
:1029F0002210039BD3F84821049B0B49A1FB03132E
:102A00009B091A44039BC3F84821039B0022C3F887
:102A10004C21039B0022C3F85021039B0022C3F8E2
:102A2000542100BF06B07047D34D621086B00390AA
:102A30000291019200930023059300230493039BCA
:102A4000D3F85431029AD31A05939DF81830039A9B
:102A500020339B00134459689DF81830059A0A44A6
:102A6000039920339B000B445A60039BD3F83C210D
:102A7000059B1A44039BC3F83C21019B1E4AA2FB01
:102A800003239B09079A03FB02F2009B1A49A1FB4F
:102A900003139B09089901FB03F3134404939DF866
:102AA0001820039B423253F82210049B124AA2FBC7
:102AB00003239B099DF818201944039B423243F8D5
:102AC0002210039BD3F84821049B0B49A1FB03135D
:102AD0009B091A44039BC3F84821039B0022C3F8B7
:102AE0004C21039B0022C3F85021039B0022C3F812
:102AF000542100BF06B07047D34D621000B585B0B9
:102B00000190009140F6C81200210198D9F7E4FB2A
:102B1000019B009AC3F8C029002303935CE0039B48
:102B2000D8B20199039A1346DB009B1A9B000B4411
:102B300003F5B96302461A700199039A1346DB0044
:102B40009B1A9B000B4403F2C9530E221A70019981
:102B5000039A1346DB009B1A9B000B4403F2CC53F1
:102B600000221A600199039A1346DB009B1A9B000E
:102B70000B4403F2D25304221A700199039A1346AC
:102B8000DB009B1A9B000B4403F2D15300221A7006
:102B9000019A039B03F5E9739B00134400225A60DA
:102BA0000199039A1346DB009B1A9B000B4403F226
:102BB000CC5300221A60019B039A02F5197200217E
:102BC00043F82210019A039B134403F5EF630B2291
:102BD0001A70039B01330393039B0A2B9FDD019B18
:102BE0000E225A70019B04229A72019B03F2F47325
:102BF0001846FFF71AFE019B002283F8BC29019BAF
:102C00000822C3F8C42900BF05B05DF804FB00002A
:102C100000B585B00390019200930B468DF80B3000
:102C20009DF80B300A2B09D91E48E9F7B3FD0120A6
:102C3000E9F7E0FDE9F7E2FC01232EE09DF80B2027
:102C4000039B02F5197253F82230002B02D1019B2D
:102C5000002B09D11348E9F79DFD0120E9F7CAFDD2
:102C6000E9F7CCFC012318E09DF80B30039A1344DC
:102C70000B2283F878279DF80B20039B02F519722D
:102C8000019943F822109DF80B30039A03F5E9737C
:102C90009B001344009A5A600023184605B05DF863
:102CA00004FB00BF64AE030000B583B001900B4687
:102CB0008DF803309DF803300A2B09D91148E9F744
:102CC00069FD0120E9F796FDE9F798FC012314E07E
:102CD0009DF80320019B02F51972002143F8221090
:102CE0009DF8032001991346DB009B1A9B000B44BF
:102CF00003F2D15300221A700023184603B05DF886
:102D000004FB00BF74AE030000B587B003900291CE
:102D100001920023059312E0039A059B03F5E973E2
:102D20009B0013445B68029A9A4205D1059BDAB274
:102D3000019B1A7000230EE0059B01330593059B50
:102D40000A2BE9DD0648E9F725FD0120E9F752FDE8
:102D5000E9F754FC0123184607B05DF804FB00BFF7
:102D600084AE030030B587B0039002910192ADF8B4
:102D70000230029B1B788DF817309DF817300A2B14
:102D800009D97948E9F706FD0120E9F733FDE9F7AC
:102D900035FC0123E4E0029B5B68002B08D09DF822
:102DA0001720039B02F5197253F82230002B09D12A
:102DB0006D48E9F7EFFC0120E9F71CFDE9F71EFC7F
:102DC0000123CDE0029B9B7A012B09D96648E9F7E4
:102DD000E1FC0120E9F70EFDE9F710FC0123BFE05B
:102DE00001F041FB0490029B9B7A002B07D1029BD0
:102DF000DA68049BD31A002B01DC0323B0E09DF8B2
:102E0000172003991346DB009B1A9B000B4403F227
:102E1000D2531B78022B01D10223A1E001F006FB63
:102E20009DF81730039A13440B2283F878279DF8F6
:102E3000172003991346DB009B1A9B000B4403F5F4
:102E4000B962029B14461D460FCD0FC495E80700DA
:102E500084E807009DF81720039913465B0113448B
:102E60009B000B4418330A9A0433114684221846F7
:102E7000DAF7B8FF9DF81730039A03F5DF739B006C
:102E80001344019A5A609DF81720039B02F565725E
:102E9000BDF8021023F812109DF81720039913466D
:102EA000DB009B1A9B000B4403F2D1531B78002BD1
:102EB00010D09DF817209DF817300B33D8B2039926
:102EC0001346DB009B1A9B000B4403F5BA630246D2
:102ED0001A7020E09DF8172003991346DB009B1A17
:102EE0009B000B4403F2D2531B781A4692001A44FB
:102EF00052001344D9B29DF817209DF817300B44A7
:102F0000D8B203991346DB009B1A9B000B4403F5D0
:102F1000BA6302461A709DF817109DF8172003989F
:102F20000B46DB005B1A9B00034403F2D453196881
:102F300003981346DB009B1A9B00034403F2DC5307
:102F40001960039800F03EFD039B93F88639002B2F
:102F500003D10549039800F091FA01F06CFA0023BF
:102F6000184607B030BD00BF94AE030000B583B073
:102F700001900B468DF8033001F058FA9DF80330AC
:102F80000A2B0BD901F057FA2348E9F703FC01207B
:102F9000E9F730FCE9F732FB012339E09DF8032023
:102FA00001991346DB009B1A9B000B4403F2D2539A
:102FB0001B78032B03D901F03EFA002328E09DF88B
:102FC000032001991346DB009B1A9B000B4403F27C
:102FD000D2531B78022B03D1019800F07BF814E048
:102FE0009DF8032001991346DB009B1A9B000B44BC
:102FF00003F2D25303221A70019B93F88639002BF7
:1030000003D10549019800F039FA01F014FA0023C0
:10301000184603B05DF804FBA4AE030000B585B00C
:103020000390019200930B468DF80B309DF80B3006
:103030000A2B0AD901F0FFF90E48E9F7ABFB012092
:10304000E9F7D8FBE9F7DAFA11E09DF80B30039ABB
:1030500003F5F3739B0013445A68019B1A609DF8B3
:103060000B30039A134493F87827009B1A7005B02D
:103070005DF804FBB4AE030000B585B003900B46C9
:1030800001928DF80B309DF80B300A2B0AD901F014
:10309000D2F90F48E9F77EFB0120E9F7ABFBE9F72E
:1030A000ADFA12E09DF80B30039A03F570735B00E4
:1030B00013449A88019B1A809DF80B30039A03F5FC
:1030C00070735B00134400229A8005B05DF804FB26
:1030D000C4AE030010B584B00190019B93F884390D
:1030E0001946019A0B46DB005B1A9B00134403F25E
:1030F000D2531B78022B00F2B380019B012283F88C
:10310000862901F0B6F90390019B93F884391A4699
:10311000019B02F5F972039943F82210019B93F881
:1031200084391C4601F09FF90146019A04F5F373B6
:103130009B0013445960019B93F884391946019808
:1031400000F0FEFA019B93F884391A46019B134460
:1031500093F878370C2B00F08680019B93F8843924
:103160001A46019B134493F87837022B16D1019B22
:1031700093F884391946019A0B46DB005B1A9B00D1
:10318000134403F2C9531B78062B07D1019B93F814
:1031900084391946019800F0DDFF65E0019B93F842
:1031A00084391A46019B134493F87837012B16D1C2
:1031B000019B93F884391946019A0B46DB005B1A90
:1031C0009B00134403F2C9531B78072B07D1019BC3
:1031D00093F884391946019800F0BCFF44E0019B44
:1031E00093F88419019B93F88439019A03F5F373DA
:1031F0009B0013445B681A46019801F013F8019B89
:1032000093F884391A461346DB009B1A9B0003F59A
:10321000B963019A13441946019800F029F8019BFB
:10322000D3F8C03901211846FFF714FA0346002BE2
:1032300004D04FF4D3710D48E9F7F2FA019B93F8EB
:1032400084391946019800F085FF019800F028FFA5
:10325000019B002283F886290449019800F00EF9A9
:10326000E9F72BFB00E000BF04B010BDE4AE0300A3
:1032700082B001900091009B0B221A70009B0022EB
:10328000DA60009B00225A61009B00229A61009B39
:1032900004229A72009B00225A7200BF02B070474B
:1032A00000B585B001900091002303938DE0019952
:1032B000039A1346DB009B1A9B000B4403F2D25384
:1032C0001B78012B7ED10199039A1346DB009B1AD0
:1032D0009B000B4403F2DC531B68009AD31A002BAB
:1032E0000ADD0199039A1346DB009B1A9B000B44ED
:1032F00003F2D453009A1A600199039A1346DB0033
:103300009B1A9B000B4403F2DC531B68009AD31AF0
:103310001A46594B9A4255DD0199039A1346DB0030
:103320009B1A9B000B4403F2D25300221A70009B9D
:1033300003F5FA610198039A1346DB009B1A9B0080
:10334000034403F2D45319600199039A1346DB0036
:103350009B1A9B000B4403F2D1531B78002B0FD018
:10336000039BDBB20B33D8B20199039A1346DB00FF
:103370009B1A9B000B4403F5BA6302461A701EE0C9
:103380000199039A1346DB009B1A9B000B4403F23E
:10339000D2531B781A4692001A4452001344DAB2F0
:1033A000039BDBB21344D8B20199039A1346DB00A6
:1033B0009B1A9B000B4403F5BA6302461A700198EE
:1033C00000F000FB039B01330393039B0A2B7FF761
:1033D0006EAF019B93F884391946019A0B46DB00C6
:1033E0005B1A9B00134403F2D2531B78022B3ED18D
:1033F000019B93F884391946019A0B46DB005B1A4E
:103400009B00134403F2C9531B78002B0ED0019B81
:1034100093F884391946019A0B46DB005B1A9B002E
:10342000134403F2C9531B78012B20D1019BD3F81D
:10343000C429009B1A44019B93F8843918460199CA
:103440000346DB001B1A9B000B4403F2D4531B689A
:10345000D31A019A92F8842910469A1C01990346BE
:10346000DB001B1A9B000B4403F5BC631A6000BF12
:1034700005B05DF804FB00BFC0D4010030B587B0D3
:103480000190009100F0EFFF059005990198FFF77A
:1034900007FF0599019800F009FB0346012B40F056
:1034A0004681019BDA68059BD31A0493049B002B89
:1034B00019DA019B9B7A022B00F0B480019BD3F8B0
:1034C00078395A1C019BC3F87829019B1B7819464F
:1034D000019A0B46DB005B1A9B00134403F2D253A4
:1034E00003221A709EE0019BD3F8C429049B9A42E0
:1034F000C0F09880019B93F884391946019A0B46D5
:10350000DB005B1A9B00134403F2D2531B78022B9F
:1035100072D1019B93F884391946019A0B46DB005E
:103520005B1A9B00134403F5B9631A78019B1B785F
:103530009A4277D0019B93F884391946019A0B4639
:10354000DB005B1A9B00134403F2D25303221A7070
:10355000019BD3F8C03900211846FFF78EF80346C7
:10356000002B04D040F21B217448E9F759F9019B64
:10357000D3F8C03941F6FE711846FFF7A6F80346A6
:10358000002B04D040F21D216C48E9F749F900F006
:1035900076FF019BD3F8C03901211846FFF75AF88E
:1035A0000346002B04D040F221216448E9F738F9A2
:1035B000E9F783F9019B93F8844900F054FF03462F
:1035C0001A462146019800F02DFE019B1A78019BB6
:1035D00083F88429019B93F884391946019A0B4694
:1035E000DB005B1A9B00134403F2D25302221A70D1
:1035F000019800F027FA15E0019B1A78019B83F8E7
:103600008429019B93F884391946019A0B46DB0003
:103610005B1A9B00134403F2D25302221A700198E2
:1036200000F010FA019B93F88C391946019A0B4669
:10363000DB005B1A9B00134403F2D4531A68059B0A
:10364000D31A0393039B002B2EDD019BD3F8C429CF
:10365000039B9A4228D9019B93F8BC39012B23D1B3
:10366000019B93F88C29019B1B789A421CD0019BEB
:1036700093F88C391946019A0B46DB005B1A9B00C4
:10368000134403F2D2531B78002B0DD1019B93F806
:103690008C391946019A0B46DB005B1A9B001344D8
:1036A00003F2D25303221A70019B93F8843919460E
:1036B000019A0B46DB005B1A9B00134403F2D253C2
:1036C0001B78022B02D0019800F0EAFC019B03F664
:1036D0008814019B03F68C1500F0C5FE03462A46AC
:1036E0002146019800F016FB03461A46019B83F819
:1036F000BC29019B93F8BC39012B1BD1019BD3F84A
:103700008829019BD3F8C4399A420BD9019BD3F87D
:103710008829019BD3F8C439D31A1946019800F0BF
:103720009FFC07E00121019800F09AFC02E001985B
:1037300000F0B6FC00BF07B030BD00BFF4AE030020
:1037400000B585B001900B468DF803300023ADF82D
:103750000E309DF8032001991346DB009B1A9B0055
:103760000B4403F2C9531B780C2B00F025819DF804
:10377000032001991346DB009B1A9B000B4403F2C4
:10378000C9531B78092B00F017819DF8032001997C
:103790001346DB009B1A9B000B4403F2C9531B78B2
:1037A000082B00F00981019BD3F8C0391A460DF1AE
:1037B0000E0319461046FEF79BFF0346002B07D069
:1037C0007F48E8F7E7FF0120E9F714F8E8F716FF6C
:1037D0009DF80330BDF80E10019A03F570735B007D
:1037E00013440A469A80BDF80E3003F00203002B02
:1037F00027D09DF80330019A1344032283F87827D9
:10380000019B5B78042B40F0D880019BD3F8C03932
:1038100018469DF8032013465B0113449B001833A0
:10382000019A1344083300221946FEF7A5FF034608
:10383000002B00F0C2804FF41D716148E8F7F0FFE3
:10384000BBE0BDF80E3003F04003002B05D1BDF8FE
:103850000E3003F08003002B07D09DF80330019A4F
:103860001344002283F87827A7E0BDF80E3003F058
:103870000803002B07D09DF80330019A134405225A
:1038800083F8782799E0BDF80E3003F00403002B8D
:1038900020D09DF80330019A1344042283F878273E
:1038A0009DF803201346DB009B1A9B0003F5B963C8
:1038B000019A13441946019800F030FB0346012B8E
:1038C0007BD13F48E8F766FF0120E8F793FFE8F770
:1038D00095FE72E0BDF80E3003F40073002B07D0A4
:1038E0009DF80330019A1344012283F8782764E09D
:1038F000BDF80E3003F48073002B07D09DF8033021
:10390000019A1344022283F8782756E0BDF80E305E
:1039100003F48063002B2BD09DF80330019A1344ED
:103920000C2283F87827019BD3F8C03918469DF8FC
:10393000032013465B0113449B001833019A134480
:1039400003F108019DF8032013465B0113449B001B
:103950008033019A134406331A46FEF7FBFE0346F2
:10396000002B2AD040F297211548E8F759FF24E0B0
:10397000BDF80E3003F40063002B07D09DF8033030
:10398000019A1344082283F8782716E0BDF80E3018
:1039900003F48053002B07D09DF80330019A1344A1
:1039A000092283F8782708E09DF80330019A134430
:1039B0000A2283F8782700E000BF05B05DF804FB19
:1039C00004AF030000B589B001900023079311E014
:1039D0000199079A1346DB009B1A9B000B4403F5E1
:1039E000BA63197803AA079B13440A461A70079B07
:1039F00001330793079B0A2BEADD0023069319E0A6
:103A000003AB0B21184600F05DFA03468DF8173022
:103A10009DF8173020336B44FF2203F8142C019AD1
:103A2000069B134403F23E739DF817201A70069B01
:103A300001330693069B0A2BE2DD00BF00BF09B0ED
:103A40005DF804FB00B585B00190019B93F88439C3
:103A50008DF80F309DF80F2001991346DB009B1A5B
:103A60009B000B4403F2CC531B68002B1AD09DF82B
:103A70000F201346DB009B1A9B0003F5B963019AE4
:103A800013441946019800F0A1FB9DF80F200199FD
:103A90001346DB009B1A9B000B4403F2CC531B68BC
:103AA0000198984700BF05B05DF804FB30B48AB0B8
:103AB00001900091FF238DF8273000230893002305
:103AC000059300238DF8133000238DF81F30002359
:103AD0008DF81F302CE09DF81F2001991346DB0064
:103AE0009B1A9B000B4403F2D2531B78002B1AD174
:103AF0009DF81F2001991346DB009B1A9B000B4485
:103B000003F2D4531A68009BD31A002B0BDA9DF8EA
:103B10001F2001991346DB009B1A9B000B4403F204
:103B2000D25303221A709DF81F3001338DF81F30D5
:103B30009DF81F300A2BCED900238DF81F304FE09F
:103B40009DF81F30019A134493F83E378DF81330D7
:103B50009DF8132001991346DB009B1A9B000B4430
:103B600003F2D2531B78012B0ED89DF81320019934
:103B70001346DB009B1A9B000B4403F2D4531A68D4
:103B8000009BD31A002B0CDA9DF8132001991346E1
:103B9000DB009B1A9B000B4403F2D2531B78022BD1
:103BA00019D19DF8132001991346DB009B1A9B0045
:103BB0000B4403F5B9631B788DF827309DF813206B
:103BC00001991346DB009B1A9B000B4403F2D4536C
:103BD0001B68089308E09DF81F3001338DF81F30F3
:103BE0009DF81F300A2BABD99DF81F300B2B01D14C
:103BF00000238BE09DF81F30069370E0019A069B2E
:103C0000134403F23E731B788DF813309DF8132094
:103C100001991346DB009B1A9B000B4403F2D2531D
:103C20001B78012B0ED89DF8132001991346DB0059
:103C30009B1A9B000B4403F2D4531A68009BD31ABF
:103C4000002B0CDA9DF8132001991346DB009B1A18
:103C50009B000B4403F2D2531B78022B3CD19DF8FE
:103C6000132001991346DB009B1A9B000B4403F2BF
:103C7000D45319689DF8132001981346DB009B1A52
:103C80009B00034403F5BC631B680B440593059A32
:103C9000089BD31A0393039B002B1DDA059A009B04
:103CA000D31A002B18DB9DF8132001991346DB0073
:103CB0009B1A9B000B4403F5B9631B788DF82730E2
:103CC0009DF8132001991346DB009B1A9B000B44BF
:103CD00003F2D4531B680893069B01330693069B9B
:103CE0000A2B8BDD9DF82720019801991346DB00F4
:103CF0009B1A9B000B4403F5B96304461D460FCD88
:103D00000FC495E8070084E80700012318460AB0AD
:103D100030BC704788B00390029101920093002359
:103D20008DF81F3000238DF81E30009B0693002372
:103D30008DF81F302CE09DF81F2003991346DB00FF
:103D40009B1A9B000B4403F2D2531B78002B1AD111
:103D50009DF81F2003991346DB009B1A9B000B4420
:103D600003F2D4531A68069BD31A002B0BDA9DF882
:103D70001F2003991346DB009B1A9B000B4403F2A0
:103D8000D25303221A709DF81F3001338DF81F3073
:103D90009DF81F300A2BCED900238DF81F3031E05B
:103DA0009DF81F2003991346DB009B1A9B000B44D0
:103DB00003F2D2531B78012B1FD89DF81F200399C3
:103DC0001346DB009B1A9B000B4403F2D4531A6882
:103DD000069BD31A002B10DB9DF81F200399134676
:103DE000DB009B1A9B000B4403F2D4531B68069321
:103DF0009DF81F308DF81E3008E09DF81F3001330C
:103E00008DF81F309DF81F300A2BC9D99DF81F303F
:103E10000B2B01D1002352E09DF81F308DF8173095
:103E20003FE09DF8172003991346DB009B1A9B0087
:103E30000B4403F2D2531B78012B2DD89DF8172089
:103E400003991346DB009B1A9B000B4403F2D453E7
:103E50001A68069BD31A002B1EDA9DF817200399C7
:103E60001346DB009B1A9B000B4403F2D4531A68E1
:103E7000009BD31A002B0FDB9DF8172003991346E4
:103E8000DB009B1A9B000B4403F2D4531B68069380
:103E90009DF817308DF81E309DF8173001338DF8DE
:103EA00017309DF817300A2BBBD9019B9DF81E20B7
:103EB0001A70069A009BD21A029B1A6001231846B8
:103EC00008B0704784B001900B468DF80330FF2393
:103ED0008DF80F3000238DF80E300023029313E08D
:103EE000029B019A13441B789DF80F209A4208D335
:103EF000029B019A13441B788DF80F30029B8DF8BA
:103F00000E30029B013302939DF80330029A9A42CD
:103F1000E6DB9DF80E30184604B0704710B584B04B
:103F20000190009100238DF80F30009B1B788DF8D5
:103F30000E30009B5B780D2B03D0009B5B780E2B23
:103F400002D19DF80F3086E0019BD3F8C0391C46A2
:103F50009DF80E20019B02F5657233F812109DF852
:103F60000E30019A03F5DF739B00134458689DF8E7
:103F70000E3003F565735B00019A13440246204638
:103F8000FEF78EFB0346002B04D04FF452713348EA
:103F9000E8F746FC009B5B78002B03D0009B5B7826
:103FA000072B27D19DF80E20019913465B0113447E
:103FB0009B000B441C3301221A7000238DF80F3034
:103FC000019BD3F8C03918469DF80E2013465B01BB
:103FD00013449B007833019A134404331946FEF7C7
:103FE000A8FB0346002B34D04FF454711B48E8F76C
:103FF00017FC2EE0009B5B78012B27D19DF80E204B
:10400000019913465B0113449B000B441C330022AF
:104010001A7000238DF80F30019BD3F8C039184671
:104020009DF80E2013465B0113449B007833019AE0
:10403000134404331946FEF76BFB0346002B08D0EC
:104040004FF456710548E8F7EBFB02E001238DF8C9
:104050000F309DF80F30184604B010BD18AF0300A4
:1040600000B583B00190009100F0EAF9044A00998C
:10407000019800F0EAF900BF03B05DF804FB00BF4F
:104080004141030000B583B0019004490198FFF756
:10409000F5F900BF03B05DF804FB00BF2CAF0300CF
:1040A00000B585B001900023039337E00199039A8E
:1040B0001346DB009B1A9B000B4403F2D2531B7880
:1040C000032B28D1019A039B03F252239B00134434
:1040D0005B685A1C0199039B03F252239B000B441B
:1040E0005A60039A1346DB009B1A9B0003F5B963E1
:1040F000019A134419460198FFF7BAF8019A039BF5
:10410000134403F5EF630A221A70039BDBB21946CE
:10411000019800F01FF8039B01330393039B0A2BC4
:10412000C4DD00BF00BF05B05DF804FB00B583B07F
:1041300001900198FEF7CEFF00BF03B05DF804FBCD
:1041400000B583B001900198FFF79CFF00BF03B05A
:104150005DF804FB00B583B001900B468DF8033089
:104160009DF803300A2B08D91748E8F713FB012004
:10417000E8F740FBE8F742FA22E09DF80320019BB4
:1041800002F5197253F82230002B08D10E48E8F7D7
:1041900001FB0120E8F72EFBE8F730FA10E09DF86C
:1041A0000320019B02F5197253F822209DF8033079
:1041B000019903F5E9739B000B445B68184690472F
:1041C00003B05DF804FB00BF3CAF030082B0019078
:1041D0000091009B5B780E2B20D801A252F823F0AF
:1041E0001D4203001D4203001D4203001D42030047
:1041F0001D4203001D4203001D4203001D42030037
:104200001D4203001D4203001D4203001D42030026
:104210001D4203001D4203001D42030000BF00BFFA
:1042200002B0704710B58CB007900B4605928DF820
:104230001B300023089300230B9300230A930023D1
:1042400009939DF81B2007991346DB009B1A9B00DE
:104250000B4403F2C9531B78002B12D1079BD3F8F0
:10426000C03918469DF81B20079913465B0113447B
:104270009B000B444D33197808AB0022FEF7BCFAC3
:1042800083E09DF81B2007991346DB009B1A9B00D7
:104290000B4403F2C9531B78012B1FD1079BD3F8A2
:1042A000C0391C469DF81B20079913465B01134437
:1042B0009B000B444C3318689DF81B20079913464C
:1042C0005B0113449B000B4454331A6808AB009302
:1042D000002301462046FEF777FA56E09DF81B20A2
:1042E00007991346DB009B1A9B000B4403F2C9534A
:1042F0001B78022B1ED1079BD3F8C0391C469DF8B2
:104300001B20079913465B0113449B000B44303379
:1043100093F900009DF81B20079913465B01134495
:104320009B000B442C331A6808AB01462046FEF76D
:1043300035FA2AE09DF81B2007991346DB009B1AEB
:104340009B000B4403F2C9531B78032B1DD1079B21
:10435000D3F8C0391C469DF81B20079913465B0112
:1043600013449B000B444B3393F900009DF81B2032
:10437000079913465B0113449B000B4440331A68B2
:1043800008AB01462046FEF709FA9DF81B20079965
:104390001346DB009B1A9B000B4403F2C9531B78A6
:1043A000082B26D09DF81B2007991346DB009B1A8B
:1043B0009B000B4403F2C9531B780A2B19D09DF8BC
:1043C0001B2007991346DB009B1A9B000B4403F24A
:1043D000C9531B78092B0CD09DF81B200799134655
:1043E000DB009B1A9B000B4403F2C9531B780B2B79
:1043F0000FD1079B03F2F470089B0B9A0292019372
:104400009DF81B300093099B0A9A0599FEF70EFB55
:1044100009E0079B03F2F470089B9DF81B200599A7
:10442000FEF710FA00BF00BF0CB010BD08B5E8F7EA
:104430001BF900BF08BD08B5E8F71DF900BF08BDAE
:1044400008B5E8F70CF900BF08BD00B585B00390CA
:1044500002910192039A01990298E8F7EEF800BFE1
:1044600005B05DF804FB08B5E8F7D5F80346184633
:1044700008BD08B5E8F7DBF80346184608BD08B5DF
:10448000E8F70EFA00BF08BD00B583B001900199AE
:104490000B48D8F745F80346002B06D00199094888
:1044A000D8F73EF80346002B01D1012300E000239A
:1044B00003F00103DBB2184603B05DF804FB00BF54
:1044C000F0970300F897030000B583B001900198BE
:1044D000EAF713F80346184603B05DF804FB00B58D
:1044E00085B001900DF10F0319460198E7F746FFDB
:1044F0009DF80F3019460198EAF70AF80346184666
:1045000005B05DF804FB00B583B001900198E9F7B0
:1045100055FA0346184603B05DF804FB00B585B0B4
:1045200001900B468DF803309DF80330002B0CD022
:104530000198EAF707F803468DF80F309DF80F3021
:10454000002B02D09DF80F3008E09DF803301A468A
:1045500000210198E9F7F2F9034600BF184605B0BB
:104560005DF804FB00B585B001900B468DF8033073
:104570009DF80330002B02D0012B04D007E000236C
:104580008DF80F3005E001238DF80F3001E0022394
:1045900007E09DF80F3019460198E9F7F5F9034651
:1045A00000BF184605B05DF804FB82B001900123FE
:1045B000184602B0704700B583B001900022022176
:1045C0000198E9F731FA0346184603B05DF804FB99
:1045D00000B583B001900091009BB3F1FF3F07D17C
:1045E0004FF6FF7202210198E9F747FA034620E0EF
:1045F000009B002B06D1002202210198E9F73DFA29
:10460000034616E0009BB3F5803F08D2009B9BB2A7
:104610001A4602210198E9F730FA034609E0009BA7
:104620009B089BB21A4603210198E9F726FA034634
:1046300000BF184603B05DF804FB82B001900B4642
:104640008DF803300123184602B0704700B585B0DD
:1046500001900B468DF803309DF80330022B0CD0EF
:10466000022B0EDC002B02D0012B04D009E000232A
:104670008DF80F3007E001230DE001238DF80F3096
:1046800001E0022307E09DF80F3019460198E9F791
:104690006BFA034600BF184605B05DF804FB82B014
:1046A00001900B468DF803300123184602B0704785
:1046B00000B585B0039002910192029BB3F5803F53
:1046C0000DD2019BB3F5803F09D2029B9AB2019BA8
:1046D0009BB202210398E9F7F9F903460BE0029B2C
:1046E0009B089AB2019B9B089BB203210398E9F7B0
:1046F000EDF9034600BF184605B05DF804FB00B5B0
:1047000083B001900198E9F71CFA0346184603B0FC
:104710005DF804FB00B583B001900198E9F743FA16
:104720000346184603B05DF804FB00B583B0019062
:104730000198E9F74BFA0346184603B05DF804FB0D
:1047400082B001900B46ADF802301346ADF8003050
:104750000123184602B0704700B589B003900B469C
:1047600001928DF80B309DF80B308DF81430019BC1
:10477000069307AA05AB19460398E7F708FE9DF9CB
:104780001D309DF81C2019460398E9F7FDFB0346F0
:10479000184609B05DF804FB00B587B0039002919C
:1047A0001346ADF8063003238DF8173000220021A0
:1047B0000398E9F79EFD03468DF817309DF81730F2
:1047C000002B02D09DF817300BE0BDF80630029A9E
:1047D00000210398E9F760FA03468DF817309DF839
:1047E0001730184607B05DF804FB00B587B003909A
:1047F000019200930B46ADF80A3005AB19460398B9
:10480000E9F798FD03468DF817309DF81730002B17
:104810005BD100238DF8133000238DF812300DF199
:10482000130319460398E9F792FB03468DF81730F6
:104830009DF81730002B0CD19DF81330012B08D1B7
:104840000DF1120319460398EAF783FB03468DF82E
:1048500017309DF81730002B37D19DF81330012BFE
:104860000DD19DF81230802B09D10DF11603194698
:104870000398EAF794FB03468DF8173003E09DF8A0
:1048800014308DF81630009B002B04D09DF81630A4
:104890001A46009B1A809DF81730002B15D19DF801
:1048A00016301A46BDF80A3093420BD39DF8151006
:1048B0009DF81630019A0398E9F70EFA03468DF831
:1048C000173002E003238DF817309DF81730184693
:1048D00007B05DF804FB00B585B00190009103239B
:1048E0008DF80F300023ADF80C3003AB194601985A
:1048F000E9F764FA03468DF80F309DF80F30002B6E
:1049000002D09DF80F300AE0BDF80C30184600F0D8
:10491000E3FD03461A46009B1A809DF80F301846A7
:1049200005B05DF804FB00B585B001900B46ADF80D
:104930000230BDF80230184600F050FE0346ADF8D4
:104940000E30BDF80E3019460198E9F760FA0346BB
:10495000184605B05DF804FB00B585B001900091E4
:1049600003238DF80F300023ADF80C3003AB19464C
:104970000198E9F76EFA03468DF80F309DF80F3075
:10498000002B02D09DF80F300DE0009B002B08D0CB
:10499000BDF80C30184600F09FFD03461A46009BF8
:1049A0001A809DF80F30184605B05DF804FB00B57D
:1049B00087B003900B46ADF80A30BDF80A301846B0
:1049C00000F00CFE0346ADF81630BDF816200023AB
:1049D000009300234FF6FF710398E9F7A0F903460F
:1049E000184607B05DF804FB00B583B00190009154
:1049F00000990198E9F75EFA0346184603B05DF89E
:104A000004FB00B585B001900B468DF803309DF88E
:104A10000330022B0ED0022B10DC002B02D0012B16
:104A200004D00BE000238DF80F3009E001238DF84E
:104A30000F3005E003238DF80F3001E0022307E07B
:104A40009DF80F3019460198E9F767FA034600BF51
:104A5000184605B05DF804FB00B585B001900091E3
:104A600003238DF80F300DF10E0319460198E9F775
:104A70006EFA03468DF80F309DF80F30002B18D1D9
:104A80009DF80E30032B0ED0032B10DC002B02D030
:104A9000012B04D00BE0009B00221A7009E0009B60
:104AA00001221A7005E0009B02221A7001E0022325
:104AB00001E09DF80F30184605B05DF804FB00B525
:104AC00085B00190009103238DF80F3003AB0021D6
:104AD0000A461A800A469A7003AB1946009800F0FD
:104AE00003FE03468DF80F309DF80F30002B02D0E7
:104AF0009DF80F3006E003AB19460198E9F773FA09
:104B0000034600BF184605B05DF804FB00B585B04C
:104B10000190009103238DF80F3002AB00221A6040
:104B2000C3F8032002AB1946009800F03FFE03468D
:104B30008DF80F309DF80F30002B02D09DF80F300C
:104B400006E002AB19460198E9F719FB034600BFDE
:104B5000184605B05DF804FB00B585B001900091E2
:104B600003238DF80F3003AB1946009800F09EFE2A
:104B700003468DF80F309DF80F30002B02D09DF8C2
:104B80000F3006E003AB19460198E9F74CFA0346EB
:104B900000BF184605B05DF804FB00B585B0019074
:104BA000009103238DF80F3002AB00221A609A8027
:104BB00002AB1946009800F0CFFE03468DF80F3087
:104BC0009DF80F30002B02D09DF80F3006E002ABAD
:104BD00019460198E9F703FB034600BF184605B0E4
:104BE0005DF804FB82B0019000910123184602B0E9
:104BF000704782B001900B468DF8033001231846B0
:104C000002B0704700B585B00190009103238DF884
:104C10000F3003AB00210A461A800A469A7003AB94
:104C20001946009800F0CAFE03468DF80F309DF833
:104C30000F30002B02D09DF80F3006E003AB194671
:104C40000198E9F77CFA034600BF184605B05DF805
:104C500004FB00B585B00190009103238DF80F305F
:104C600002AB00221A609A8002AB1946009800F04D
:104C7000EBFE03468DF80F309DF80F30002B02D06D
:104C80009DF80F3006E002AB19460198E9F702FBE8
:104C9000034600BF184605B05DF804FB00B585B0BB
:104CA0000190009103238DF80F300023029302AB93
:104CB00019460198E9F765FB03468DF80F309DF81A
:104CC0000F30002B4AD100238DF80E309DF80A30AA
:104CD0005BB203F001035AB29DF90E3013435BB28D
:104CE0008DF80E309DF809305BB203F002035AB222
:104CF0009DF90E3013435BB28DF80E309DF80930EC
:104D00005B105BB203F004035AB29DF90E301343FB
:104D10005BB28DF80E309DF809309B105BB203F04A
:104D200008035AB29DF90E3013435BB28DF80E3072
:104D30009DF809305BB203F010035AB29DF90E30B2
:104D400013435BB28DF80E309DF80E309AB2009B83
:104D50001A809DF908301A46009B9A809DF80F3002
:104D6000184605B05DF804FB00B585B001900091D0
:104D700003238DF80F300023ADF80C3003AB194638
:104D80000198E9F731FB03468DF80F309DF80F309D
:104D9000002B0ED19DF90C301A46009B1A809DF90C
:104DA0000D301A46009B5A809DF90C301A46009B24
:104DB0009A809DF80F30184605B05DF804FB00B5E9
:104DC00085B00190009102AB19460198E9F73BFBD1
:104DD00003468DF80F309DF80F30002B04D19DF95C
:104DE00008301A46009B1A809DF80F30184605B00F
:104DF0005DF804FB00B583B0019000910099019823
:104E0000E9F754FB0346184603B05DF804FB00B510
:104E100087B00190009105AB1946009800F046FD5F
:104E200003AB1946019800F097FD05AA03AB1146A4
:104E30001846E9F7BDFD0346184607B05DF804FBC8
:104E400000B587B00190009105AB1946009800F0BD
:104E50004BFC03AB1946019800F0A8FC05AA03AB74
:104E600011461846E9F74FFE0346184607B05DF8AD
:104E700004FB00B587B00190009105AB194600987E
:104E800000F09CFD03AB1946019800F0DDFD05AA7A
:104E900003AB11461846E9F7E3FE0346184607B090
:104EA0005DF804FB00B585B00390029113468DF8C0
:104EB00007309DF80730029A01210398E9F712FFA5
:104EC0000346184605B05DF804FB00B583B00190B9
:104ED0000B468DF803309DF8033019460198E9F729
:104EE0004DFF0346184603B05DF804FB00B585B0DE
:104EF0000390029113468DF807309DF80730042B7C
:104F000001D0022306E0029A01210398E9F77DFF10
:104F1000034600BF184605B05DF804FB00B585B038
:104F200001900B46ADF802301346ADF80030032374
:104F30008DF80F30BDF8023019460198E9F797FF58
:104F400003468DF80F309DF80F30002B02D09DF8EE
:104F50000F3011E0BDF8003019460198E9F7C8FF9D
:104F600003468DF80F309DF80F30002B02D09DF8CE
:104F70000F3001E09DF80F30184605B05DF804FBD6
:104F800000B583B00190009100990198E9F78DFF79
:104F90000346184603B05DF804FB00B583B00190EA
:104FA0000B46ADF80230BDF80230FF2B01D90223C9
:104FB00008E0BDF80230DBB219460198E9F7B6FF08
:104FC000034600BF184603B05DF804FB82B00190B1
:104FD00000910123184602B0704784B003900291FB
:104FE0000192ADF802300123184604B0704784B036
:104FF0000390029101920123184604B0704784B0D7
:105000000390029101920123184604B0704784B0C6
:105010000390029100931346ADF806300123184621
:1050200004B0704782B0019000910123184602B08D
:10503000704700B587B003900291019203238DF869
:1050400017300DF1160319460398E9F7B8FF034628
:105050008DF817309DF81730002B02D09DF81730CF
:105060001FE09DF816300299184600F0F7F9034644
:105070008DF817309DF81730002B02D09DF81730AF
:105080000FE001990398E9F7C1FF03468DF8173047
:105090009DF81730002B02D09DF8173001E09DF8E5
:1050A0001730184607B05DF804FB000000B589B062
:1050B0000390019200930B468DF80B309DF80B3056
:1050C0008DF81030019B05930DF11E0319460398CE
:1050D000E7F754F906AA04AB19460398E7F757F91E
:1050E0009DF91A300D2B03DD1F238DF81F300EE0C4
:1050F0009DF91A3013F1120F03DA00238DF81F30D7
:1051000005E09DF91A30DBB212338DF81F309DF89F
:105110001E30012B07D19DF81F300C4A52F8232076
:10512000009B1A600DE09DF81E30002B07D19DF802
:105130001F30074A52F82320009B1A6001E0022327
:1051400000E00023184609B05DF804FB50AF0300EF
:10515000D0AF030084B00390029101928DF8033028
:105160000123184604B0704700B587B0039001933F
:105170000B468DF80B3013468DF80A300DF11703EE
:1051800019460398E7F7FAF89DF81730002B4DD031
:10519000012B40F095809DF80B30083B052B43D840
:1051A00001A252F823F000BFC151030029520300AD
:1051B000DB51030029520300F55103000F52030095
:1051C0009DF80A30002B02D041F6380201E041F28E
:1051D0007C52019B1A60002373E09DF80A30002B7B
:1051E00002D041F62C2201E041F27072019B1A605C
:1051F000002366E09DF80A30002B02D041F61462CD
:1052000001E041F65832019B1A60002359E09DF8F5
:105210000A30002B02D042F2080201E041F64C5263
:10522000019B1A6000234CE002234AE09DF80B30FA
:10523000083B052B42D801A252F823F05552030037
:10524000BD5203006F520300BD5203008952030098
:10525000A35203009DF80A30002B02D042F6A87238
:1052600001E042F63022019B1A60002329E09DF8FC
:105270000A30002B02D043F2903201E042F618626D
:10528000019B1A6000231CE09DF80A30002B02D01D
:1052900043F6603201E043F28452019B1A6000231E
:1052A0000FE09DF80A30002B02D043F6AC7201E00B
:1052B00043F6D012019B1A60002302E0022300E0B3
:1052C0000223184607B05DF804FB00BF84B00390CA
:1052D000029101920123184604B0704784B00190F6
:1052E00000238DF80F30019B1B88DBB2002B0AD105
:1052F0009DF80F3008338DF80F30019B1B881B0A77
:105300009AB2019B1A80019B1B8803F00F03002BAC
:105310000AD19DF80F3004338DF80F30019B1B88A4
:105320001B099AB2019B1A80019B1B8803F003039F
:10533000002B0AD19DF80F3002338DF80F30019BFE
:105340001B889B089AB2019B1A80019B1B8803F063
:105350000103002B0AD19DF80F3001338DF80F3077
:10536000019B1B885B089AB2019B1A809DF80F3045
:10537000184604B07047000000B587B00346ADF88A
:105380000630BDF80630B3F5704F04D31A4B1B88B6
:10539000ADF8103022E0BDF80630ADF80E300DF15A
:1053A0000E031846FFF79AFF0346059309E0BDF880
:1053B0000E3001335B109BB2ADF80E30059B01330C
:1053C0000593BDF80E300F2BF1D8BDF80E30DAB2D0
:1053D000059BDBB28DF810208DF8113000239DF86D
:1053E000102062F307039DF8112062F30F23184683
:1053F00007B05DF804FB00BF0098030082B00346CD
:1054000000918DF807309DF80730083B052B1FD819
:1054100001A252F823F000BF31540300515403009D
:10542000395403005154030041540300495403000C
:10543000009B34221A700DE0009B26221A7009E0AE
:10544000009B18221A7005E0009B0A221A7001E0E6
:10545000022300E00023184602B0704782B00346E2
:1054600000918DF807309DF80730013B062B2DD8B1
:1054700001A252F823F000BF955403009D5403008D
:10548000A5540300AD540300B5540300BD540300FC
:10549000C5540300009B01221A7019E0009B0222F0
:1054A0001A7015E0009B03221A7011E0009B042281
:1054B0001A700DE0009B05221A7009E0009B06227D
:1054C0001A7005E0009B07221A7001E0022300E039
:1054D0000023184602B0704784B00346ADF806308A
:1054E0000023ADF80E30BDF8063003F00103002BA9
:1054F00005D0BDF80E3043F00203ADF80E30BDF814
:10550000063003F00203002B05D0BDF80E3043F047
:105510000403ADF80E30BDF8063003F48043002BD1
:1055200005D0BDF80E3043F00803ADF80E30BDF8DD
:10553000063003F00403002B05D1BDF8063003F05C
:105540001003002B05D0BDF80E3043F02003ADF85A
:105550000E30BDF8063003F00803002B05D1BDF86E
:10556000063003F02003002B05D0BDF80E3043F0C9
:105570004003ADF80E30BDF8063003F04003002BB9
:1055800005D0BDF80E3043F08003ADF80E30BDF805
:10559000063003F48053002B05D0BDF80E3043F4E1
:1055A0008073ADF80E30BDF8063003F40053002BC5
:1055B00005D0BDF80E3043F40073ADF80E30BDF9E0
:1055C0000630002B05DABDF80E3043F01003ADF8BD
:1055D0000E30BDF80E30184604B0704784B0034654
:1055E000ADF806300023ADF80E30BDF8063003F0FC
:1055F0000203002B05D0BDF80E3043F00103ADF8D7
:105600000E30BDF8063003F00403002B05D0BDF8C2
:105610000E3043F00203ADF80E30BDF8063003F053
:105620000803002B05D0BDF80E3043F48043ADF8DD
:105630000E30BDF8063003F02003002B0BD0BDF870
:105640000E3043F00403ADF80E30BDF80E3043F0D9
:105650001003ADF80E30BDF8063003F04003002B08
:105660000BD0BDF80E3043F00803ADF80E30BDF896
:105670000E3043F02003ADF80E30BDF8063003F0D5
:105680008003002B05D0BDF80E3043F04003ADF889
:105690000E30BDF8063003F48073002B05D0BDF842
:1056A0000E3043F48053ADF80E30BDF8063003F4ED
:1056B0000073002B05D0BDF80E3043F40053ADF855
:1056C0000E30BDF8063003F01003002B07D0BDF8F4
:1056D0000E306FEA43436FEA5343ADF80E30BDF826
:1056E0000E30184604B0704700B589B001900091A3
:1056F00003238DF81E30019B9B680693019B1B685A
:105700000DF1130206991846E8F730FF03468DF8AD
:105710001E309DF81E30002B02D09DF81E3040E058
:10572000019B1B7B042B0ED0042B10DC002B02D022
:10573000022B04D00BE000238DF81F3009E020235A
:105740008DF81F3005E010238DF81F3001E0022393
:1057500027E000238DF812309DF813301846E9F742
:1057600047F90590019B5B680DF1120219460598F7
:10577000E8F74AFF03468DF81E309DF81E30002BD7
:1057800002D09DF81E300CE09DF813109DF81220F9
:10579000009B1970009B5A70009B9DF81F209A7007
:1057A0000023184609B05DF804FB000084B00190A6
:1057B0000091019BDB78DB08DBB20393019BDB7874
:1057C00003F00703DBB2002B01D002236AE0039B46
:1057D000052B01D9022365E0039BDBB2013BDBB261
:1057E0005B00DAB2009B5A70009B10229A70019BFA
:1057F0001B889B089BB20293019B1B8803F0030349
:105800009BB2002B01D002234CE0029B082B02D854
:10581000029B002B01D1022344E0029BDBB2013B3F
:10582000DBB21B01DAB2009B1A70019B5B79002B83
:1058300001D1002200E02022009BDA70019B9A79BE
:10584000009B1A71019BDB79052B1FD801A252F82E
:1058500023F000BF6D580300755803007D58030006
:105860008D5803008D58030085580300009B0022CB
:105870005A710DE0009B10225A7109E0009B202212
:105880005A7105E0009B30225A7101E0022309E0C1
:10589000019B1B7A012B01D1002200E00822009B12
:1058A0009A710023184604B0704700BF00B585B058
:1058B00001900091019B1B781B01DAB2009B1A70CA
:1058C000019B5A78009B013319461046FFF796FD5D
:1058D00003468DF80F309DF80F30002B02D09DF855
:1058E0000F3034E0019B9B78013B062B2CD801A2A2
:1058F00052F823F0115903001959030021590300EC
:105900002959030031590300395903004159030053
:10591000009B01229A7019E0009B02229A7015E008
:10592000009B03229A7011E0009B04229A700DE004
:10593000009B05229A7009E0009B06229A7005E000
:10594000009B07229A7001E0022300E00023184622
:1059500005B05DF804FB00BF10B582B00190009166
:10596000019B1B88009C1846FFF706FD03461BB2EF
:105970001A462270C3F307236370019B9B78002BA8
:1059800002D0012B04D007E0009B00229A7005E0B2
:10599000009B80229A7001E002230CE0019BDA78E0
:1059A000009BDA70019B1A79009B1A71019B5A794E
:1059B000009B5A710023184602B010BD00B585B097
:1059C0000190009103238DF80E30019B1868019B14
:1059D0005B680DF10D021946E8F756FE03468DF897
:1059E0000E309DF80E30002B02D09DF80E3027E0CF
:1059F000019B5B7A022B0ED0022B10DC002B02D015
:105A0000012B04D00BE000238DF80F3009E0202398
:105A10008DF80F3005E010238DF80F3001E00223E0
:105A20000EE09DF80D10019B1B7A5B00DAB2009B23
:105A30001970009B5A70009B9DF80F209A700023EC
:105A4000184605B05DF804FB10B487B001900091D2
:105A5000019B1B889B089BB20593019B1B8803F04D
:105A600003039BB2002B01D002234EE0059B082BC1
:105A700002D8059B002B01D1022346E0059BDBB237
:105A8000013BDBB21B01DCB2019B9B78002B01D0F8
:105A9000042000E00020019BDB78002B01D00021D6
:105AA00000E02021019B1A79009B1C70009B58701C
:105AB000009B10209870009BD970009B1A71009B6E
:105AC00000225A71019B5B79032B1BD801A252F86B
:105AD00023F000BFE55A0300ED5A0300F55A030016
:105AE000FD5A0300009B00225A710DE0009B10221A
:105AF0005A7109E0009B20225A7105E0009B302278
:105B00005A7101E0022300E00023184607B05DF857
:105B1000044B704730B583B0044600F0DDFD0E4DF8
:105B200001902B6823F440732B60019800F0D8FD9E
:105B300063782278A1781B0203F44073120143EAD0
:105B40004103D2B2134343F4801343F48063002033
:105B50002B6003B030BD00BF00800140034A1368D2
:105B600043F0010300201360704700BF0080014034
:105B7000494B1A6812B9494A12681A60092800F29A
:105B80008980DFE800F00D161E263A424C545C0571
:105B90004FF0402300201A6A6FF300021A62704728
:105BA0004FF0402300224721596110469A615A6103
:105BB00070474FF040230020DA686FF30002DA608C
:105BC00070474FF040230020DA686FF34102DA603B
:105BD0007047334AD368DBB2212B06D1D2F820318B
:105BE000012161F30923C2F820314FF04022002047
:105BF000D36843F00103D36070474FF04022002088
:105C0000D36843F00203D36070474FF04023002273
:105C1000472001215861996110465A6170474FF041
:105C200040230020DA686FF3C712DA6070474FF044
:105C300040220020D36843F08003D3607047184AA5
:105C4000D368DBB2212B0AD039B10B6843F00103D2
:105C50004FF04022002013627047124BF8E700B566
:105C600083B04FF47A500191D2F8203143F440735D
:105C7000C2F8203100F07EFA019949B10B6843F077
:105C800001034FF040220020136203B05DF804FBD3
:105C9000044BF6E706207047747A001000F0FF4FBF
:105CA0000000024001B82500B0B110B44FF040210F
:105CB00003468C6909480A4A14F0010F08BF0246DE
:105CC0001A60CA695DF8044B02F00101C2F3400298
:105CD000002059601A72704706207047006CDC0281
:105CE00000366E0198B170B5094E04464FF000457C
:105CF000B4FA84F3C3F11F0225FA03F356F8222005
:105D000024EA030402B19047002CF1D170BD704722
:105D10008C440010B0F5803F10B50C4600F0BD80FB
:105D20001CD8B0F5807F00F0AC803BD820282BD861
:105D300080B301381F282DD8DFE800F099A52CA7E3
:105D40002C2C2CAD2C2C2C2C2C2C2CAB2C2C2C2C93
:105D50002C2C2C2C2C2C2C2C2C2C2CA9B0F1807F16
:105D600000F08D8055D9B0F1805F00F0868042D977
:105D7000B0F1804F71D0B0F1004F08BF1F2326D182
:105D8000474A42F8234010BD402862D0802808BF0F
:105D90000723F5D0434A44484FF4E97100F0B6F9BF
:105DA0000023EDE7B0F5805F65D016D9B0F5804FE0
:105DB00055D0B0F5004F08BF0F23E1D0B0F5005F1C
:105DC00008BF0D23E6D1364A42F8234010BDB0F19A
:105DD000005F08BF1D23D3D0DCE7B0F5806F44D04F
:105DE000B0F5006F08BF0B23CAD0B0F5007F08BF25
:105DF0000923C5D0CEE7B0F1806F34D0B0F1006F89
:105E000008BF1B23BCD0B0F1007F08BF1923B7D057
:105E1000C0E7B0F5801F2CD00DD9B0F5800F20D091
:105E2000B0F5000F08BF1723AAD0B0F5001F08BFB8
:105E30001523A5D0AEE7B0F5802F0CD0B0F5002F1C
:105E400008BF13239CD0B0F5003F08BF112397D0A3
:105E5000A0E7062394E7122392E71E2390E70E2380
:105E60008EE716238CE71A238AE70A2388E70023A4
:105E700086E7142384E70C2382E71C2380E718239A
:105E80007EE708237CE701237AE7022378E70523EE
:105E900076E7042374E7032372E7102370E700BF5B
:105EA0008C440010ACB10300D4B103002DE9F041E3
:105EB00082B00E460546144600F00EFC204F0190BD
:105EC0004FEA451806F0082358F80720134348F80E
:105ED0000730019800F004FC00F0FEFB16F5803F4F
:105EE000009058F8073021D023EA0603721C43EAD9
:105EF000040310D143F0004348F80730009800F045
:105F0000EFFB00230F4800EB4505C4F34404EC54B9
:105F100002B0BDE8F08148F80730009800F0E0FBDF
:105F20004FF6FF739E42F3D10023EBE79BB22404AC
:105F3000234348F80730009800F0D2FB0123E1E743
:105F40000C8000402C19001030B583B00C4605467B
:105F500000F0C2FB4FEA451C104901905CF801308B
:105F600004F0082223EA020204F00113134314F59B
:105F7000803F4CF801300CBFC3F34444C3F34404E6
:105F8000074B01980CBF0122002203EB4505AC54DE
:105F900003B0BDE8304000F0A3BB00BF0C80004060
:105FA0002C19001030B583B045010C4600F094FB6D
:105FB000064B0190E95804F0011421EA0404EC5066
:105FC000019803B0BDE8304000F08ABB0C8000406F
:105FD0002DE9F04182B045010E4614461F4600F0FF
:105FE0007BFBDFF89C80019016F5803F55F8082078
:105FF00021482FD002F4C072802A19D04FF6FF72C8
:10600000002196420B461CD01C4A16F5803F05EB3A
:10601000020727D01B0C1B0443EA1443A4B22143FC
:106020002950AB50019802B0BDE8F04100F058BBD8
:106030004FF6FF7296424FEA04412346A4EB070451
:10604000E2D1A4B221432950019802B0BDE8F04149
:1060500000F046BB120C02F4C072802AE8D0074F51
:1060600000212F44A4B221433960019802B0BDE859
:10607000F04100F035BB00BF0480004008800040C4
:106080000C80004010B582B0044600F025FB064AA3
:106090000190D2F800322343C2F80032019802B0D6
:1060A000BDE8104000F01CBB0080004010B582B07D
:1060B000044600F011FB054B0190C3F8084201981B
:1060C00002B0BDE8104000F00BBB00BF00800040F4
:1060D00010B582B0044600F0FFFA0B4B019054B1AA
:1060E000D3F80442D3F8003201981C4000F0F8FACB
:1060F000204602B010BDD3F80442019800F0F0FA37
:10610000204602B010BD00BF00800040FEE700BF87
:10611000004B184751000008F0B5134D01EB830CFC
:10612000AC4583B005D0114CA44603B0BDE8F040A7
:106130006047012B07461C46164605D90B4D013B0F
:10614000A84708B103B0F0BD094B04F18042D3F871
:10615000FC3F0193013A054C012306EB820201A9A1
:106160003846A04703B0F0BD0000061055000008F7
:1061700000F005104FF040235B6B5B0746BF40000B
:106180000E230B23984202D9014AC01A10477047C8
:106190009D0000082DE9F8439DF820C0DFF85C80E1
:1061A00004460D4616461F464FF04029BCF1000F2D
:1061B0000AD01AE0F4B1D9F8343013F0040F0CBF50
:1061C00005201220013CC04728683040B842F1D079
:1061D0000020BDE8F8836CB1D9F8343013F0040F17
:1061E0000CBF05201220013CC04728683040B8424F
:1061F000F1D1EDE70420BDE8F88300BF9D00000861
:10620000312800F2C3802DE9F04F044611F0E00779
:1062100001F0070085B0C1F3C1034FEAC0020FD0FF
:10622000C1F34216B51D05F00705032D42F001022A
:1062300040F2AE80C02F00F0E180202F00F0E3801C
:1062400063B1012B00F0D380022B40F0C980794B61
:106250001B5D5B0740F1C48042F08002764B1B5D02
:1062600003415B0003F002031343744A125D824250
:1062700000F09980C1F30030C1F38125C1F3803271
:1062800043EA4003880A42EA450200F0080002435C
:10629000C1F3072000F00C05042D00F0A580684D27
:1062A0002D68A1EB0508B8FA88F84FEA581810F0E5
:1062B000600F04BFC1F3C03060F30002A000C1F35F
:1062C000012102295CD0032958D001294FEAC401D9
:1062D00008BF43F0040301F01801002700F01C0080
:1062E00002FA00F60F228240D2434FF0FF0903FA70
:1062F00001F509FA01F9019200F0EEF924F0030A20
:106300004FEA540B0AF1804C4E4B4F49019A0390CF
:106310006FEA09092BF0030B0CF5803CB8F1000F74
:106320000BD04FEAD40E04F01F0848480EF0040EBC
:10633000012404FA08F44EF800404548732404662A
:10634000DCF8004004EA09042543CCF800505BF86F
:106350000340224032434BF803205AF8013003EA4D
:106360000909002449EA07074AF8017004660398FE
:1063700000F0B6F9204605B0BDE8F08F43F0040305
:10638000E10001F0180101278F40A7E706207047C0
:10639000284D2D5D023E42EA8612EE0736D5002BCF
:1063A0003FF45CAF4DE7C1F30242072A30D0294DDC
:1063B000C1F3C14040EA021215F82400904229D0EE
:1063C00005EB8405A0006E7896422DD0AE789642FB
:1063D0002CD0ED7895422BD01F4805B0BDE8F08F4A
:1063E0001E4805B0BDE8F08F4FF001085FE7114B84
:1063F0001B5D9D07F4D542F040022FE7142C3FF4BB
:106400001FAF1748B7E7142C7FF41AAF1548B2E74F
:106410001548B0E70022A0005200C1F3405542EAFF
:10642000C5024FF000084AE70122F5E70222F3E730
:106430000322F1E7F4B1030028B2030024B3030000
:10644000ECB1030040000140E0000140B400014015
:10645000000001405CB203000401000802010008D2
:106460000101000800010008030100085AB13128A9
:106470001DD8C308012903F0040300F01F001BD03E
:1064800002290BD009B10620704710495B5823FA46
:1064900000F000F001001060002070470C495B58CC
:1064A00023FA00F000F001001060002070474FF068
:1064B000FF3313600520704706495B5823FA00F04C
:1064C00000F0010010600020704700BF8000014014
:1064D000A00001408800014031281AD870B5052974
:1064E00082B00D4612D800F01F030122C00802FA44
:1064F00003F600F0040400F0EFF8013D0190042DD4
:1065000021D8DFE805F012151A1D0800062002B098
:1065100070BD052070470D4AA3587340A3500198E1
:1065200000F0DEF8002002B070BD094BE650F6E73F
:10653000084AA3587340A350F1E7044BE650EEE736
:10654000054BE650EBE7054BE650E8E7B4000140A9
:106550009000014088000140A800014098000140DF
:1065600070B58C0CA40482B0ACB90D46064600F0A0
:10657000B3F80A4B0190D3F800023043C3F800028D
:10658000D3F810120D43C3F81052019800F0A8F888
:10659000204602B070BD052002B070BD0000014071
:1065A00070B58C0CA40482B07CB90D46064600F090
:1065B00093F8074B0190C3F80862C3F8185201988A
:1065C00000F08EF8204602B070BD052002B070BD0C
:1065D00000000140D1B130B583B00C46054600F053
:1065E0007BF80B4A0190D2F81432D2F804122DB184
:1065F000D2F81002D2F80022034011400198C4E9F9
:10660000001300F06DF8002003B030BD0620704785
:10661000000001402DE9F84F8B0C9B04002B4DD15D
:1066200050EA01020E46074643D0274DDFF89C9002
:106630009B469846CBF1200206FA02F2ABF120030A
:1066400027FA0BFA26FA03F34AEA020A5AEA030A7D
:106650001AD00124CAF1000303EA0A03B3FA83F350
:10666000C3F11F0303EB0B0104FA03F355F82120D8
:106670002AEA030ABAB112F0010F42F001030BD06B
:106680009047BAF1000FE5D10BF1200BBBF1400FA1
:10669000D0D14046BDE8F88F59F821009847BAF1AB
:1066A000000FD7D1F0E74FF00708BAF1000FD1D1B2
:1066B000EAE74FF001084046BDE8F88F4FF00508C3
:1066C0004046BDE8F88F00BFD44500100C450010CF
:1066D000EFF3108062B67047EFF3108072B6704728
:1066E00080F31088704700BF70B54468D0F8640824
:1066F00004F5A0240434240300230E05D4F800522A
:10670000C4F800322AD5D4F880329A075BD4D4F882
:10671000B4329B0708D5D4F80031C3F30743032BE9
:10672000F5D9D4F80831F6E7D4F8B43203F006030B
:10673000042BF9D1D4F8003113F47F0F0ED0D4F824
:106740000031C3F30743032BF4D9D4F80831F6E73B
:10675000D4F8B43203F00603042BF9D111F4047F0A
:106760002AD0D4F81064D4F8B43203F00603042B12
:10677000F9D1D4F814326FF30413C4F81432D4F8F6
:1067800010316FF34103C4F81031D4F8103443F0E2
:106790000203C4F810344000FFF7ECFCC4F81064A6
:1067A000D4F8103143F00203C4F81031D4F8143295
:1067B00043F01003C4F814324FF0FF33C4F808322A
:1067C000C4F8005270BDD4F88822074E002ABFD00A
:1067D000D4F80031C3F30723032BF9D9042AC4F8F2
:1067E0000C61B5D9043AF1E7EFBEADDE05281AD841
:1067F000E9B130B540F6A40C0E4D0CFB00FC05EBE6
:106800000C040246E37813F001030ED1184655F844
:106810000C3003F07C4E084B4EEA030345F80C3075
:1068200062600C6030BD05207047072030BD062037
:10683000704700BF9C46001056341201002863D0F8
:1068400030B50368314A23F07E43934285B0044655
:1068500050D1C3789B0750D44068217A00F5A0231B
:1068600004331B030039D3F8142218BF0121C2F3EB
:10687000420291420CBF01221022C3F81422E268A6
:106880008AB32349029200226262E261C3F8A41231
:106890002369C4F8542884F83C28C4F83828C4F87C
:1068A0004428C4F84028C4F83028C4F828282262B4
:1068B000C4F85C284FF4807501225B088DF80C2029
:1068C000C0B204F62802A4F82C5801A9019301F0E3
:1068D00085FB636803F5A023043302221B0378B908
:1068E0002562C3F84022E378002043F00203E370FE
:1068F00005B030BD022005B030BD002005B030BD70
:10690000C3F8402205B030BD022070475634120152
:106910004000800038B5002867D0036804466D4801
:1069200023F07E43834260D1002964D001390129DC
:106930005ED8E378606899070ED500F5A02304338C
:106940001B03D3F8B43203F00603042B40F0BE80DF
:10695000636A002B40F0BA80F2B300F5A023043341
:106960001B03D3F80411D3F81022C4F87428C4F818
:106970006C18D3F81412D3F89422C4F87C28C4F805
:106980007818D3F89812D3F8A022C4F88428C4F851
:106990008018D3F8A812D3F8AC22C4F88C28C4F815
:1069A0008818D3F8B012D3F80023C4F89428C4F898
:1069B0009018D3F80014D3F80022C4F89C28D3F818
:1069C0004022D3F89432C4F89818DB07C4F8702832
:1069D00069D4012384F868380230C0B200F026FE82
:1069E00000285ED10025284638BD0225284638BD3E
:1069F0000625284638BD002A4CD094F86838002B6C
:106A000066D060680230C0B200F0DAFD05460028AA
:106A100047D16368D4F86C18D4F87C2803F5A02318
:106A200004331B03D007C3F80411D4F87418C3F857
:106A30001012D4F87818C3F81412D4F88018C3F8D8
:106A40009812D4F88818C3F8A812D4F88C18C3F890
:106A5000AC12D4F89018C3F8B012D4F89418C3F854
:106A60000013D4F89818C3F80014D4F89C18C3F88D
:106A70000012D4F87018C3F8401294F88418C3F8C0
:106A8000A41222F00101C3F8941212D4002384F856
:106A90006838ABE760680230C0B200F091FD0028B2
:106AA000A0D00925A2E7D4F8280801F00DFB606802
:106AB0008FE7626A2AB9D3F8982203F52673C2E9F0
:106AC0000032D4F8280801F0E1FADFE703258DE76A
:106AD00007258BE75634120180B30368984A23F0E8
:106AE0007E4393422AD1002900F0FB804368052BA6
:106AF00000F2F780C278920700F1F5802DE9F04F9F
:106B000003F5A02304330A7802721B0341F2100438
:106B1000C3F80441A2B1012A40F0E7804A68894CD9
:106B2000A24200F00681884CA24200F0FC80874C13
:106B3000A24200F0EC800620BDE8F08F02207047F2
:106B40000E7A032EF7D84C68814A9442F3D8B2FBF0
:106B5000F4F5002C00F0D08004FB1522002A0CBFB5
:106B6000AC4605F1010CCCF1000202EA0C02B2FACB
:106B700082F2C2F11F02062AA8BF0622B4F5376FBF
:106B800040F2B580DFF8E4E1A4F57407A7F51057EB
:106B9000774534BF4FF002094FF0000909F10109B0
:106BA00034BF4FF0010E4FF0000E09FA02F8BCFBA3
:106BB000F8F708FB17C8B8F1000F18BF0137B7FA8C
:106BC00087FACAF11F08B8F1070F40F29780073A19
:106BD000424402F10108B8F1070F00F28D80CAF1BA
:106BE000180A4FF0010B0BFA0AFB0BF1FF3B27FAD7
:106BF0000AFA0BEA070BBBF1000F0CBF57460AF16C
:106C00000107DFF86CA154457BD201249440A445D0
:106C100077D007F1FF3C3C464FF4805A4FEA660BB1
:106C2000BBF1010F09FA02F208BF023F04FB02F2B6
:106C30004FEACE2414BF4FEA5C077F0844EA0824D9
:106C400044EA0A043F0444EA0C6407F47F073C4327
:106C50003F4FDFF820C1B7FBF2F902FB197E520863
:106C600072452CBF4F4609F10107DFF80CE1ACFB80
:106C700007C2DFF808C1120C77454FEA08280CFB61
:106C8000127C06D9571E3A4052EA0C0201D148F450
:106C9000006444F00104C3F80063C3F81042D1E972
:106CA0000313A3F10802C16046F25F01B1EB820F4A
:106CB00003614FEA820328BF264AC0F8645826BF02
:106CC000A2FB03239B094FF48073C0F858380023BC
:106CD0004FF47A74C0F8A038C0F860481846BDE890
:106CE000F08F0620704707207047052024E74FF0FB
:106CF00003094FF0010E58E70124CCE702F1010827
:106D00007FE707F1FF3C01244FF0000A86E704F11A
:106D1000EE44114AC3F8002404F5661404F6613405
:106D20004FF4F075B9E70D4A0D4CC3F80024302537
:106D3000B3E70C4A0C4CC3F800247825ADE700BF3C
:106D400056341201801A060040420F00A08601004E
:106D5000006CDC02ABAAAAAA70F00300403021004C
:106D60000113030670F2030001120E1D00127A00D7
:106D7000001BB70083DE1B438FD0030090D00300BD
:106D8000002800F039812DE9F04F0368BD4A2DED50
:106D9000028B23F07E43934285B0064640F00A8181
:106DA0000C46002900F0118191F81080B8F1010F14
:106DB00000F21681D1F80CB0BBF1000F00F00C818D
:106DC000D4F80490B9F1030F00F2FF80D4F808A0C2
:106DD0004FEAC9024FF0FF33934013EA0A0F40F025
:106DE000F480BBF1000F00F00281B8F1000F00F059
:106DF0000681A369002B00F0E880337A012B00F0B4
:106E0000E0803BB92368032B00F2DF80BBF5805F95
:106E100080F0DB8096F82C38022B00F0E180D4E97A
:106E20000537B8F1000F08BF1F46012300937568AE
:106E300094F81CC0D6F86008029500234FF0FF328A
:106E400006F12401CDF80CC0FFF7A4F90346002891
:106E500040F0B180029D05F5A025043501232D03E6
:106E6000009305F52D73194608EE103AD6F8600820
:106E700004230622FFF78EF90346002840F09B808A
:106E8000D5F800220292C5F80002D5F8802260F3FE
:106E90000002C5F8802222684FF0FF31C5F80812C1
:106EA000C5F80424317A002900F0AE80C5F81C0230
:106EB000754AB8F1010F02EA0B2B4BEA030300F00D
:106EC000E980CAF30F22E468C5F82022D5F8002132
:106ED000C2F30722032ABB4617D9B4B15BF8041BDF
:106EE000C5F80C11032C0FD9043A22F00302043226
:106EF00017445F45A4F1040407D034B15BF8042BB8
:106F0000C5F80C21032CF4D844464FEA4919039ADA
:106F100049EA0A6A4AEA030343EAC21343F0010357
:106F2000C5F81832002C00F09580D5F80031C3F375
:106F30000723032B00F29080544F0AE0013F0ED04C
:106F4000FFF718F9D5F80031C3F30723032B00F23C
:106F50008380D5F80432DB074FF01000EED501270F
:106F6000042318EE101A4A4800970622FFF712F978
:106F7000034680B9D5F8043213F06C0F40F0BF809F
:106F8000990500F1BF80DA0600F1BE8003F490435A
:106F9000234307D03B46D5F8041203933046FFF74E
:106FA000A3FB039B4FF0FF32C5F80822029AC5F8F5
:106FB000002200E00223184605B0BDEC028BBDE8BC
:106FC000F08FBBF1FF0F7FF625AF0623184605B003
:106FD000BDEC028BBDE8F08F81F810B0D846EFE62B
:106FE0000723184605B0BDEC028BBDE8F08F337A5D
:106FF000012B7FF406AF0DE7022318467047636943
:10700000002B7FF4FAAEE0E7B118130591F8A02841
:10701000C5F81C2203F440134AE7032BC8F80010FC
:10702000A4F1040408F1040866D99CB1032CD5F836
:107030000811A3F10403F0D8013C88F800104FEACE
:10704000112307D0012C88F801304FEA114101D0FB
:1070500088F80210002482E704F003005A4652F830
:10706000041BC5F80C11A042ABEB02011944A4F1BA
:10707000040404D0032903D9002CF0D1EAE74446E4
:1070800093464FE75634120100FF0F0021A107007D
:1070900020A107004FEA491242EA0A621343039A09
:1070A000E46843EAC21343F00203CAF30F22C5F8AF
:1070B0002022C5F81832002CCCD00022B846D5F8D2
:1070C0000031C3F30743032BB0D8104F02E0013F58
:1070D0003FF445AF102012B1A342FFF440AFFFF7D9
:1070E00049F8D5F80422D5F80031C3F30743032B40
:1070F00002F00102EBD999E7002CE0D1AAE74FF0AA
:10710000006348E7024B46E7024B44E720A1070033
:107110000100000802000008002800F01A812DE993
:10712000F04F0368B94A23F07E43934287B0074685
:1071300040F0F7808846002900F0FC800B7C022B91
:1071400040F0FD80D1F80490B9F1030F00F2F28015
:10715000D1F808A04FEAC9024FF0FF33934013EA79
:107160000A0F40F0E780CB680293002B00F0EC8020
:107170008B690393002B00F0DD804D69002D00F03A
:10718000D980037A012B00F0D1804BB9D8F80030B8
:10719000032B00F2CF80029BB3F5805F80F0CA80A2
:1071A000D8F81830D8F8145003934FF0010BCDF8ED
:1071B00000B098F81C60D7F860087C68049600233B
:1071C0004FF0FF3207F12401FEF7E4FF03460028E9
:1071D00040F0A88004F5A02404342403CDF800B0C6
:1071E00004F52D7B0423D7F8600806225946FEF7E4
:1071F000D1FF0346002840F09580D8F80020D4F84D
:107200000062C4F800324FF0FF30B918C4F8080229
:10721000C4F8042491F8A018C4F81C12397A059611
:10722000002900F0A0801846CAF30F22C4F82022DB
:107230004FEA4913764A0299D8F80C80039E43EA34
:107240000A6302EA012203431343049A43EAC21386
:10725000D4F8002343F0010342F00402C4F80023F1
:10726000C246C4F81832A946B8F1000F75D0D4F858
:107270000021D4F80011C2F30722C1F30741032A09
:107280000B4600F2AF80032973D8624D1020FEF741
:1072900071FFD4F80412D4F80021D4F80031C2F3FD
:1072A0000722032AC3F3074301F0010100F297808C
:1072B000032B5CD8013D03D00029E7D09A45E5D9DE
:1072C000012504235348009559460622FEF762FF24
:1072D000034688B9D4F8043213F06C0F40F0C08034
:1072E000990500F1C080DA0600F1BF8003F49043F5
:1072F00053EA080307D02B46D4F804120293384609
:10730000FFF7F2F9029BD4F8002322F00402C4F83C
:1073100000234FF0FF31059AC4F80812C4F8002288
:1073200000E00223184607B0BDE8F08F029BFF2B58
:107330007FF63BAF0623184607B0BDE8F08F072362
:10734000184607B0BDE8F08F037A012B7FF41DAF1C
:1073500026E70223184670478146BAF1000F35D060
:107360004FF0000883E7130503F440105CE70029A1
:10737000A6D1BAF1000F6ED0BAF1030FD4F80811FC
:107380003246A3F1040311D9032B42F8041BAAF1DE
:10739000040A5AD9BAF1000F57D01646BAF1030FB2
:1073A000D4F808113246A3F10403EDD8BAF1010A6A
:1073B00031704FEA11230CD0BAF1010F73704FEA0C
:1073C000114106D0B170B8F1000F05D14FF000089F
:1073D00076E7B8F1000FF9D04FF0000A47E700292F
:1073E0007FF46EAFB8F1000F41D04846B8F1030FFB
:1073F00050F8041BC4F80C110ED8032BACD9BAF109
:10740000000FE3D081464FF00008B5E75634120173
:1074100000FF0F0020A10700111F21F0030104311C
:10742000494481464945A8F104080BD0B8F1000F42
:1074300008D059F8042BC4F80C21B8F1030FF1D887
:107440004FF00008032B94D832461646B8F1000FCF
:107450007FF40DAF81E7B8F1000F7FF408AFB5E717
:107460004FF0006348E7064B46E7064B44E7032B23
:107470007FF673AFBAF1000F7FF47EAFA6E700BFCF
:107480000100000802000008002900F08F80012898
:1074900030B406D002286DD0002855D0062030BC6C
:1074A0007047434A434813680B6054684C609468C3
:1074B0008C60D468CC60C3F3035514690C6150F838
:1074C00025503D4C5069486103F00102C3F303436A
:1074D000C1E9062554F82330384A0B62D2F8E0306F
:1074E000D2F8E400DBB200F00F0043EA00234B6265
:1074F000D2F8E430D2F8E800C3F3031300F00F0031
:1075000043EA00138B62D2F8E830D2F8EC0003F0C3
:10751000F003C0F303100343CB62D2F8FC40D2F86F
:10752000F830D2F8F400D2F8F020DBB21B0443EAC2
:1075300004635FFA82FC43EA0C03C2B243EA02230B
:107540000B63002030BC7047194A9369C3F3801461
:107550000C70D2F8A041C3F380034B70C4F3816375
:107560000B715369C3F3400203F0010330BC8A700E
:10757000CB7070470E4A4868D2F8CC3103F0010452
:107580000C70C3F340040C72D2F8C441CC60D2F842
:10759000C0412043C3F380034860D2F8C8210B7474
:1075A0004B691343002030BC4B6170470620704785
:1075B0000000024058B3030098B30300000F00F02E
:1075C000F0B583B00446FFF787F804EB4404154E8A
:1075D000154D0090A400B3682F593B43B360009849
:1075E0002C44FFF77DF8A020FEF7C4FDB369646862
:1075F000234203D1A020FEF7BDFDB369094DAB695D
:10760000234202D0002003B0F0BDFFF765F80190DF
:10761000AB6823EA0707AF600198FFF761F8012024
:1076200003B0F0BD00100240D8B30300F0B583B042
:107630000446FFF751F804EB44041D4E1D4D019024
:10764000A400B3682F5923EA0703B36001982C44C0
:10765000FFF746F8A020FEF78DFDB369646823426A
:1076600003D0A020FEF786FDB369114B9869204036
:1076700001D103B0F0BD082C9B6806D0102C12D0AD
:10768000042C0BD0012003B0F0BD13F00E0FF9D085
:107690001F4214BF0120002003B0F0BD40F2815210
:1076A0001342EFD0F4E713F0700FEBD0F0E700BF18
:1076B00000100240D8B3030001281AD8E9B130B550
:1076C00068220F4D00FB02F2AC18E378C3F3000E02
:1076D00013F001030FD16062A85800F07E4C0948F6
:1076E0004CEA0000A85084F804E0236618460C60B9
:1076F00030BD05207047072030BD0620704700BF11
:10770000787A0010069EEA012DE9F04104460068EF
:107710003E4B20F07E469E4284B049D1656A05F119
:107720000800C7B2D1B1481E01283DD805F5802810
:10773000002A41D105F580251C352D034FF0FF337C
:1077400008F11C086B644FEA083500242C633846A6
:10775000FFF76CFF204604B0BDE8F081002A4BD053
:107760002379002B4FD0384605F5802501911C3533
:10777000FFF726FFFEF7B0FF2D03A36802902B62F0
:10778000D4E903236A62AB62D4E90523EA622B637E
:10779000D4E9072301996A63AB6302982171FEF76C
:1077A0009FFF0199084600E0062004B0BDE8F08183
:1077B000022004B0BDE8F081FEF78EFF08F11C0541
:1077C0002D0303902A6AA2606A6AE260AA6A2261B3
:1077D000EA6A62612A6BA2616A6BE2610123AA6BA9
:1077E000226223710398FEF77BFF236823F07E4318
:1077F000B342AAD1656A9DE738460192FFF7E0FEE1
:10780000019A1046D1E70720CFE700BF069EEA01A4
:107810000368814A23F07E43934240F0B3802DE910
:10782000F041446A04F580241C34240300232363BC
:1078300090F86430052B84B0054600F2B5800E4602
:10784000002B40F09B800127FEF746FF0190236B41
:1078500043F008032363236B67F306132363019844
:10786000FEF73EFFFEF738FF0290236B6FF3000335
:107870002363236B6FF349232363236B6FF3082385
:1078800023630298FEF72CFF644B3268DB68DBB29F
:10789000122B7DD0614BDB68DBB2202B02D9604B11
:1078A0009A4279D8236BC3F30213013BDBB2032B5B
:1078B00074D85C4951F82310120191424FEA8113A8
:1078C000B1FBF2F0B3FBF2F3A3EB801370D3606271
:1078D0006062A3629B0803EB0013B1FBF3F32B661A
:1078E000236B6FF38E332363236B6FF3CF332363E9
:1078F0003369226B71691A4373682263F2686163AA
:107900001343B268134343F01003E362FEF7E4FE4F
:107910000390236B43F001032363236B43F4007351
:107920002363236B43F4807323630398FEF7D8FE2D
:107930002A68394B22F07E48984525D1B169D6E9AD
:10794000084711B1F369002B36D16B6A03F5802328
:107950001C331B03002285F828209A6B22F020029A
:107960009A630CB1002F3DD19A6B002022F0500297
:1079700085F844009A6304B0BDE8F081013B03F050
:10798000070761E702207047002004B0BDE8F081DE
:10799000B2F5612F7FF67EAF2348ECE72348002342
:1079A0002B6604B0BDE8F081062004B0BDE8F0818C
:1079B00000231D482B66DEE7012285F8282005F10B
:1079C0002C0000F09DFB2B6823F07E434345DBD168
:1079D0006B6A03F580231C331B039A6B42F0200271
:1079E0009A63BEE7012285F844203B46214605F113
:1079F000480000F085FB2B68074A23F07E43934242
:107A0000C2D16B6A03F580231C331B0300209A6BE1
:107A100042F050029A63AEE7069EEA01000002407F
:107A200060E316008CB403000300000802000008A5
:107A30002DE9F04F2DED028B0D6891B004464DB14C
:107A4000012D00F08F800725284611B0BDEC028B78
:107A5000BDE8F08FD1E902B84B680A690292184676
:107A6000B8F1000F00F01181BBF1000F00F072813E
:107A7000002C00F06581A9462F4601952546194640
:107A80002A681C46AD4B22F07E429A425E462DD1BA
:107A900095F828207ABB481E696A01F580211C31BF
:107AA00009038B699B0605D4013210F8013F0B6076
:107AB0009642F6D81744B61A36B9019D029B002BA0
:107AC00000F08C801F60BFE71020FEF753FBB8F179
:107AD000FF3F18BF09F10109C845EED92A68974B45
:107AE00022F07E429A4204EB0701D1D0029B03B1FF
:107AF0001F600225A8E7D5E90D02121AB24213460B
:107B000005F12C0B28BF33461A465846039300F064
:107B100003FBD5F824A0FEF7DFFD0AF5802A0AF161
:107B20001C0A08904FEA0A3A0DE000F033FB90B1CE
:107B30006A6A02F580221C321203936999065CBFBF
:107B40009DF81C301360DAF818309B064FF00102E4
:107B500007A95846E9D5039B08981F44F61AFEF773
:107B6000BFFDA9E7CD680B690193D1E901B7002DED
:107B700000F0B580002F00F01E81002800F0E780A3
:107B80002268DFF8B8A100F1480322F07E4208EE37
:107B9000103A4FF000092B465245C8465D461E4636
:107BA00033D194F84420002A37D1616A01F580214D
:107BB0001C31681E09038B69DD0608D40B6813F4B9
:107BC000706F5ED10132974200F8013FF3D89044C4
:107BD000BF1A57B9019B0BB1C3F800800025284696
:107BE00011B0BDEC028BBDE8F08F1020FEF7C2FA99
:107BF000731C18BF09F101094E45EBD9226822F028
:107C00007E4252450BEB0805CBD00225019B002B91
:107C10003FF41AAFC3F8008016E7FEF75DFD07904A
:107C2000606A00F580201C3000030DF1200C00225A
:107C30008369DB0609D4036813F4706F02F1010253
:107C400019D1202A0CF8013BF2D118EE100A08A92C
:107C500000F062FA002875D00798FEF741FD226D0A
:107C6000BA4228BF3A4618EE100A29469044BF1A75
:107C700000F090FAADE707984FF00065FEF730FD91
:107C8000C4E790444FF00065C0E7002C3FF431AFEB
:107C900022682A4922F07E428A427FF42AAF029B60
:107CA0000BB1C3F80080BBF1000F97D094F82850B7
:107CB000002D51D1616A01F580211C31421E09035A
:107CC0008B69980605D4013512F8013F0B60AB456E
:107CD000F6D1029B002B81D01D600025B4E6002860
:107CE0003FF407AF0268154922F07E428A427FF4D2
:107CF00000AF03B11D60002F3FF470AF94F8442033
:107D0000002A5AD1616A01F580211C310BF1FF3341
:107D1000090314468A69D20609D40A6812F470600D
:107D200076D10134A74203F8012FF3D10546019B18
:107D3000002B3FF489AE1C6086E600BF069EEA0178
:107D40002746D3E60798394DFEF7CAFC5EE70225C1
:107D500080465BE72F46B1E6656BA26B521B5A4526
:107D600004F12C07014628BF5A463846154600F054
:107D7000D3F9666AFEF7B0FC06F580261C3605903E
:107D800036030FE008A9384600F004FA78B1626AB9
:107D900002F580221C321203936999065CBF9DF89C
:107DA00020301360B3699B064FF00102EAD50598B5
:107DB000FEF796FC8DE7B8460CE7FEF78DFC616A8E
:107DC000069001F580211C31090308AE00228B6961
:107DD000D80609D40B6813F4706F02F101021AD1AE
:107DE000202A06F8013BF2D104F1480608A93046E2
:107DF00000F092F9A8B10698FEF772FC246DBC421F
:107E000028BF3C4659463046224600F0C3F98EE76B
:107E10004FF000658BE706984FF00065FEF760FCB9
:107E200012E60698014DFEF75BFC0DE60100000826
:107E30002DE9F04180464A48D8F8003023F07E43CF
:107E400083428AB026D111F0500FD8F824500E4644
:107E5000144602D098F844306BBBB6060AD42CB155
:107E600098F8283063B1D8F83430BBB100200AB09C
:107E7000BDE8F08198F82830002B3ED1002CF5D0D9
:107E800005F580251C352D03AB691B070ED4012396
:107E90002360EBE702200AB0BDE8F08105F58025FC
:107EA0001C352D03AB691A07E0D4F0E700202060F1
:107EB0000AB0BDE8F081FEF70FFCD8F8241001905D
:107EC00001F580211C31090302A800228B69DF061D
:107ED00009D40B6813F4706F02F1010234D1202A27
:107EE00000F8013BF2D102A908F1480000F014F9B2
:107EF00080B30198FEF7F4FBAFE7D8F82460FEF7F3
:107F0000EBFB06F580261C360290360308F12C07A1
:107F100011E00DF10301384600F03CF980B1D8F8CA
:107F2000241001F580211C3109038B6998065CBF80
:107F30009DF803300B60B36999064FF00102E8D554
:107F40000298FEF7CDFB8AE70198FEF7C9FB4FF0D8
:107F500000608CE70198FEF7C3FB024887E700BF8B
:107F6000069EEA01010000080368074A23F07E43E9
:107F7000934207D1436A03F580231C331B0300207F
:107F80005964704702207047069EEA01036810B4E6
:107F90000B4C23F07E43A3420DD1436A03F58023AB
:107FA0001C331B032AB9DB6B5DF8044B0B6000200C
:107FB00070471B6CF8E702205DF8044B704700BF68
:107FC000069EEA0142B138B131B91378052B03D8C6
:107FD00080F864300846704706207047072849D863
:107FE00000294BD0F0B54E68002E41D0002A3FD07A
:107FF0000C68012C3CD9224F4FF02C0E0EFB00FEDA
:1080000007EB0E03DD7815F0010535D1E4009C6126
:108010003444C3E90164C3E90466DE6000EB800C0C
:10802000184857F80E4000EBCC00DFF85CC004F0B5
:108030007C4444EA0C0447F80E4058628068C3E967
:1080400007550560586AC06805605C6A2846D4E92F
:1080500004572C683C432C605C6A646826605C6A48
:10806000097A2468490001F0020121601360F0BD23
:108070000620F0BD052070470720F0BD06207047A0
:10808000487B00109CB40300CDCDCD010346A0B1C8
:1080900002680C4922F07E428A420ED1C07810F06C
:1080A00002000CD15A6A11680A6842F001020A60A3
:1080B000DA7842F00202DA7070470220704700203E
:1080C000704700BFCDCDCD010346A8B102680B4972
:1080D00022F07E428A420FD1C07810F002000CD00C
:1080E0005A6A11680A6822F001020A60DA786FF3AE
:1080F00041020020DA70704702207047CDCDCD01DB
:1081000010B40024C0E90044C0E90243C0E90421DE
:108110005DF8044B704700BF70B5056982B0044636
:1081200002FB05F50E46FEF7D7FAE2680190A0685B
:10813000131AAB421CD395B1236806B3711E4E19B6
:10814000626911F8010FD0542368E06801338E4250
:10815000B3FBF0F200FB12332360F1D1A0680544B9
:10816000A5600198FEF7BCFA0124204602B070BD5C
:108170000198FEF7B5FA0024204602B070BD3146E2
:10818000013101338D42B3FBF2F602FB1633F7D116
:108190002360E4E770B50569044682B002FB05F58B
:1081A0000E46FEF799FAA2680190AA421CD395B137
:1081B000636806B3711E4E196269D35C01F8013F12
:1081C0006368E06801338E42B3FBF0F200FB1233C8
:1081D0006360F1D1A2680198521BA260FEF780FA99
:1081E0000124204602B070BD0198FEF779FA002400
:1081F000204602B070BDE068314601310133A9422A
:10820000B3FBF0F600FB1633F7D16360E3E700BF82
:108210000D0A52414B776972656C65737320524148
:108220004B333138330D0A002D2D2D2D2D2D2D2DB5
:108230002D2D2D2D2D2D2D2D2D2D2D2D2D2D2D2D6E
:108240002D2D2D2D2D2D2D2D2D2D2D2D2D2D2D2D5E
:108250002D2D2D2D2D2D2D2D2D2D2D2D2D2D0D0A91
:108260000000000076312E312E300000566572730A
:10827000696F6E3A2025730D0A0000002563000027
:1082800048617264204661756C7420737461636B1D
:10829000656420646174613A0D0A0000202020208A
:1082A000523020203D203078253038580D0A00000B
:1082B00020202020523120203D2030782530385891
:1082C0000D0A000020202020523220203D2030784E
:1082D000253038580D0A000020202020523320205D
:1082E0003D203078253038580D0A0000202020200D
:1082F000523132203D203078253038580D0A0000A8
:10830000202020204C5220203D2030782530385825
:108310000D0A000020202020504320203D203078EE
:10832000253038580D0A00002020202050535220BC
:108330003D203078253038580D0A00004F746865AC
:10834000722048617264204661756C7420646174A7
:10835000613A0D0A00000000202020204661756C63
:10836000742061646472657373203D203078253019
:1083700038580D0A000000002020202042464152BB
:108380002028427573204661756C742041646472C4
:108390002052656729203D203078253038580D0A55
:1083A00000000000202020204D4D535220284D6514
:1083B0006D204D676D74204661756C742053746137
:1083C0007475732052656729203D2030782530323E
:1083D000580D0A0020202020424653522028427582
:1083E00073204661756C74205374617475732052E8
:1083F000656729203D203078253032580D0A00006D
:10840000202020205546535220285573616765204F
:108410004661756C7420537461747573205265677E
:1084200029203D203078253034580D0A0000000006
:1084300020202020202020204246535220626974B0
:10844000373A204246415256414C49440D0A0000F9
:108450002020202020202020424653522062697490
:10846000363A2052455345525645440D0A00000005
:108470002020202020202020424653522062697470
:10848000353A204C53504552520D0A0020202020EE
:10849000202020204246535220626974343A2053EF
:1084A000544B4552520D0A0020202020202020202D
:1084B0004246535220626974333A20554E53544B0E
:1084C0004552520D0A0000002020202020202020AC
:1084D0004246535220626974323A20494D50524507
:1084E0004349534552520D0A00000000202020202D
:1084F000202020204246535220626974313A205095
:108500005245434953454552520D0A002020202030
:10851000202020204246535220626974303A20497C
:108520004255534552520D0A000000004D4355205C
:108530004661756C7420646174613A0D0A00000034
:1085400020202049434F4445204661756C742041EA
:108550006464726573733A203078253038580D0A98
:108560000000000020202044434F44452046617510
:108570006C7420416464726573733A2030782530DE
:1085800038580D0A0000000020202053595320467F
:1085900061756C7420416464726573733A2030783D
:1085A000253038580D0A00004552524F5220616D57
:1085B0005F68616C5F696F6D5F696E697469616C3A
:1085C000697A650D0A0000007370692066756C6C2D
:1085D0006475706C6578206572726F72210D0A0087
:1085E00068616C5F666C6173685F65726173655F1B
:1085F00070616765206572726F72210D0A0000005C
:1086000068616C5F666C6173685F77726974655FDF
:10861000627566666572206572726F72210D0A005E
:108620004152425F504147455F4144445245535394
:108630002025303858200000256420000D0A000055
:108640004F4B000041545F4552524F520000000012
:1086500041545F504152414D5F4552524F520000CC
:1086600041545F425553595F4552524F52000000EA
:1086700041545F544553545F504152414D5F4F56F2
:108680004552464C4F57000041545F4E4F5F434C9C
:10869000415353425F454E41424C450041545F4E69
:1086A0004F5F4E4554574F524B5F4A4F494E4544DA
:1086B0000000000041545F52585F4552524F520033
:1086C00041545F4D4F44455F4E4F5F535550504F9F
:1086D0005254000041545F434F4D4D414E445F4E54
:1086E0004F545F464F554E440000000041545F55C3
:1086F0004E535550504F525445445F42414E4400F2
:108700003F00000025733D25640D0A0076312E31AF
:108710002E30000025733D25730D0A0052414B3366
:108720003138330D0A00000072616B333138330D7C
:108730000A00000041504F4C4C4F3320424C5545ED
:108740000D0A000061706F6C6C6F3320626C756590
:108750000D0A000025733D0025303258000000004E
:108760000D0A000025733D25750D0A004D4F444547
:108770005F4E4F545F535550504F52540D0A0000F6
:1087800041545F504152414D5F4552524F520D0A84
:108790000000000025730000496E76616C6964205A
:1087A0006865782076616C75650D0A002530327831
:1087B000000000004661696C656420746F20706180
:1087C000727365206865782076616C75650D0A00A6
:1087D0004F4B0D0A000000006672657175656E638F
:1087E000795F687A2025750D0A00000074785F7043
:1087F0006F7765725F64626D2025640D0A0000006A
:1088000073662025640D0A0062772025640D0A0036
:1088100063722025640D0A00707265616D626C657B
:108820005F73697A652025640D0A000025643A2586
:10883000643A25643A25643A25643A2564000000C8
:1088400053656E64696E672064617461203A20002C
:10885000253032782000000041545F436F6D6D6118
:108860006E640D0A00000000636D642D3E636D644C
:108870002025730D0A000000636D642D3E70617247
:10888000616D732025730D0A00000000636D642D77
:108890003E617267632025640D0A0000636D642DDC
:1088A0003E617267765B25645D203A2025730D0A70
:1088B0000000000025640D0A000000002530385833
:1088C0000D0A000025385800456E746572696E67A0
:1088D00020736C656570206D6F64652E2E2E0D0AF9
:1088E0000000000041545A0053797374656D207282
:1088F0006573657420616E6420726573746172744F
:10890000206465766963650041542B56455200002A
:10891000476574206669726D77617265207665724D
:1089200073696F6E20696E666F726D6174696F6EC8
:108930000000000041542B48574D4F44454C000067
:10894000476574206861726477617265206D6F6439
:10895000656C20737472696E67202852414B333105
:108960003833290041542B48574944004765742047
:10897000686172647761726520494420737472691A
:108980006E67202841504F4C4C4F3320424C554588
:108990002900000041542B534C4545500000000075
:1089A000456E7465722064657669636520736C65D5
:1089B0006570206D6F64650041542B4445564555E4
:1089C000490000005365742F476574204C6F526155
:1089D00057414E20646576696365204555492028D6
:1089E000382062797465732068657829000000007A
:1089F00041542B4A4F494E45554900005365742F49
:108A0000476574204C6F526157414E206A6F696E02
:108A10002F6170706C69636174696F6E2045554990
:108A200020283820627974657320686578290000F1
:108A300041542B4150504B45590000005365742F51
:108A4000476574204C6F526157414E206170706CC5
:108A500069636174696F6E206B65792028313620F7
:108A600062797465732068657829000041542B444D
:108A700045564144445200005365742F47657420A5
:108A80004C6F526157414E20646576696365206181
:108A9000646472657373202834206279746573206E
:108AA000686578290000000041542B4E574B534B0A
:108AB000455900005365742F476574204C6F52610F
:108AC00057414E206E6574776F726B2073657373B8
:108AD000696F6E206B657920283136206279746564
:108AE000732068657829000041542B415050534B46
:108AF000455900005365742F476574204C6F5261CF
:108B000057414E206170706C69636174696F6E20AB
:108B100073657373696F6E206B6579202831362019
:108B200062797465732068657829000041542B4E82
:108B30004A4D00005365742F476574204C6F526195
:108B400057414E206A6F696E206D6F646520283032
:108B50003D4142502C20313D4F54414129000000FD
:108B600041542B4A4F494E004A6F696E204C6F5258
:108B70006157414E206E6574776F726B0000000084
:108B800041542B4E4A530000476574204C6F52618C
:108B900057414E206A6F696E20737461747573203B
:108BA00028303D6E6F74206A6F696E65642C2031C9
:108BB0003D6A6F696E6564290000000041542B53C3
:108BC000454E440053656E64204C6F526157414ED0
:108BD0002075706C696E6B20646174612028706F01
:108BE00072743A6865785F646174612900000000FE
:108BF00041542B43464D00005365742F4765742044
:108C00004C6F526157414E20636F6E6669726D20E2
:108C10006D6F64652028303D756E636F6E66697296
:108C20006D65642C20313D636F6E6669726D65649D
:108C30002900000041542B4346530000476574202F
:108C40006C617374207472616E736D697373696F94
:108C50006E20636F6E6669726D6174696F6E2073EA
:108C600074617475732028303D6661696C65642C8D
:108C700020313D73756363657373290041542B4341
:108C80004C415353000000005365742F4765742016
:108C90004C6F526157414E2064657669636520636D
:108CA0006C6173732028303D436C61737320412CD9
:108CB00020323D436C6173732043290041542B449F
:108CC000520000005365742F476574204C6F526149
:108CD00057414E20646174612072617465202830B0
:108CE0002D35290041542B52455459005365742F9A
:108CF000476574204C6F526157414E207265747203
:108D0000616E736D697373696F6E20636F756E74D6
:108D10002028302D3135290041542B4E574D00006D
:108D20005365742F476574206E6574776F726B207E
:108D3000776F726B696E67206D6F64652028303DB8
:108D40005032502C20313D4C6F526157414E29001A
:108D500041542B5046524551000000005365742F7A
:108D600047657420503250206672657175656E6378
:108D7000792028323430303030303030302D3235B8
:108D8000303030303030303020487A290000000058
:108D900041542B50545000005365742F4765742084
:108DA00050325020545820706F7765722028302D33
:108DB00031332064426D290041542B50534600004A
:108DC0005365742F4765742050325020737072655C
:108DD0006164696E6720666163746F722028312D4B
:108DE000383A205346352D534631322900000000D1
:108DF00041542B50425700005365742F476574202F
:108E00005032502062616E64776964746820283340
:108E10003D3230306B487A2C20343D3430306B4852
:108E20007A2C20353D3830306B487A2C20363D3155
:108E30003630306B487A290041542B5043520000A1
:108E40005365742F4765742050325020636F6469F6
:108E50006E6720726174652028303D342F352C20D8
:108E6000313D342F362C20323D342F372C20333DEA
:108E7000342F38290000000041542B50504C000082
:108E80005365742F476574205032502070726561AD
:108E90006D626C65206C656E6774680041542B5080
:108EA00053454E440000000053656E64205032501C
:108EB0002064617461207061636B6574202868654B
:108EC0007820737472696E672900000041542B503A
:108ED000524543560000000053746172742F53745E
:108EE0006F702050325020636F6E74696E756F75AD
:108EF0007320726563656976652028303D73746FF1
:108F0000702C206F74686572733D7374617274297C
:108F10000000000041542B54434F4E460000000017
:108F20005365742F4765742052462074657374200E
:108F3000636F6E66696775726174696F6E2028660B
:108F40007265713A706F7765723A73663A62773A12
:108F500063723A707265616D626C65290000000091
:108F600041542B5454580000524620746573743A8F
:108F7000207472616E736D6974207061636B6574C7
:108F800020286865782064617461290041542B545D
:108F900052580000524620746573743A207374610D
:108FA000727420636F6E74696E756F75732072656D
:108FB0006365697665206D6F6465000041542B54CC
:108FC00052584E4F50000000524620746573743A58
:108FD0002073746F7020636F6E74696E756F757334
:108FE0002072656365697665206D6F6465000000B9
:108FF00041542B5445535400446562756720636F98
:109000006D6D616E6420666F722074657374696E35
:109010006720415420706172736572003A0000004D
:1090200025730D0A00000000417661696C61626C75
:109030006520415420636F6D6D616E64733A0D0A53
:10904000000000002573202D2025730D0A0000006C
:10905000200800004552524F523A20496E707574F4
:1090600020627566666572206F766572666C6F77D2
:109070000D0A000041543F0041542B48454C50001C
:109080005B44454255475D20435243206D69736DF3
:10909000617463682C206C6F6164696E672064651D
:1090A0006661756C747320616E6420736176696E9D
:1090B0006720746F20666C6173682E0D0A000000D3
:1090C0005258310052583200525843005258435FB0
:1090D0004D435F47525030005258435F4D435F4706
:1090E000525031005258435F4D435F475250320057
:1090F0005258435F4D435F4752503300525842002D
:109100005258425F4D435F47525030005258425FC1
:109110004D435F47525031005258425F4D435F47C5
:10912000525032005258425F4D435F475250330015
:109130005258424541434F4E00000000554E4B4EA1
:109140004F574E002B4556543A52455345543A41D9
:1091500055544F5F53454E445F454E41424C454444
:109160003A25645F5041434B4554530D0A000000BB
:109170002B4556543A4A4F494E5F53544152544539
:10918000440D0A002B4556543A4155544F5F534500
:109190004E443A5041434B45545F25645F4F465F10
:1091A00025640D0A000000002B4556543A4A4F49E9
:1091B0004E5F52455452590D0A0000002B4556543B
:1091C0003A4A4F494E45440D0A0000002B4556547B
:1091D0003A4A4F494E5F434F4E4649473A434F4EF6
:1091E0004649524D3D25643A52455452593D2564F5
:1091F0000D0A00002B4556543A4155544F5F5345D4
:109200004E445F5354415254494E473A494E544597
:109210005256414C5F25645345433A5441524745A9
:10922000545F25645F5041434B4554530D0A000081
:109230002B4556543A54585F444F4E450D0A000092
:109240002B4556543A4155544F5F53454E445F4366
:109250004F4D504C455445443A544F54414C5F2572
:10926000645F5041434B4554530D0A002B455654FF
:109270003A54585F4E4F545F53454E540D0A000008
:109280002B4556543A53454E445F434F4E46495240
:109290004D45445F4641494C45440D0A00000000DD
:1092A0002B4556543A53454E445F434F4E46495220
:1092B0004D45445F4F4B0D0A000000002B455654AE
:1092C0003A41434B5F52454345495645443A525310
:1092D00053493D25643A534E523D252E31660D0AC1
:1092E000000000002B4556543A53454E445F554EFE
:1092F0004B4E4F574E5F5354415455533A25640DCE
:109300000A0000002B4556543A25733A25643A2545
:109310002E32663A554E49434153543A25753A0028
:1093200025303258000000000D0A00002B4556542D
:109330003A55504C4F4144444F4E450D0A000000F1
:109340002B4556543A4A4F494E5F4641494C454495
:109350005F52585F54494D454F55540D0A00000067
:109360002B4556543A4A4F494E5F52455452595F25
:10937000494E5F25645F5345434F4E44530D0A00E9
:1093800043757272656E7420576F726B204D6F64F7
:10939000653A2025730D0A00414250206D6F6465C7
:1093A0000D0A0000503250004C6F526157414E0080
:1093B000A4930300A89303000D0A2B52414E474586
:1093C0005F544553543A5041434B45545F25640024
:1093D0004552524F5220616D5F68616C5F696F6DDD
:1093E0005F696E697469616C697A650D0A000000D5
:1093F000616D5F68616C5F696F6D5F626C6F636BFD
:10940000696E675F7472616E7366657220657272F1
:109410006F720D0A0000000052414B313930342088
:109420004944203078253032580D0A0020202A2A5D
:109430002A2A2A2A2A2A2A2A2A2A2A2A2A2A2A2A8C
:109440002A2A2A2A2A2A2A2A2A2A2A2A2A2A2A2A7C
:109450002A2A2A2A2A2A2A2A2A2A2A2A2A2A2A2A6C
:109460002A2A2A2A2A2A2A2A2A2A2A2A2A2A2A2A5C
:109470000D0A000020202A204C69733364682061A3
:109480006363656C65726174696F6E205B7820251B
:1094900064206D6720092079202564206D672009EC
:1094A000207A202564206D675D0D0A00202045721A
:1094B000726F722072656164696E67204C697333E4
:1094C00064680D0A0000000052414B3139303120F0
:1094D000696E69740D0A000052414B3139303120F8
:1094E000736F6674207265736574206572726F7233
:1094F0000D0A000052414B313930312049442030AF
:1095000078253032580D0A0052414B313930312024
:10951000676574204944206572726F720D0A0000FD
:1095200052414B313930312077616B652075700DB8
:109530000A00000052414B313930312077616B65B0
:109540007570206572726F720D0A000053485443A3
:10955000332054454D503A2025660D0A0000000086
:1095600053485443332048554D3A2025660D0A0090
:109570004932435F4552524F520000004348454331
:109580004B53554D5F4552524F5200005348544380
:109590003320434F4D4D204552524F523A202573B0
:1095A0000D0A000020202A2A2A2A2A2A2A2A2A2AC0
:1095B0002A2A2A2A2A2A2A2A2A2A2A2A2A2A2A2A0B
:1095C0002A2A2A2A2A2A2A2A2A2A2A2A2A2A2A2AFB
:1095D0002A2A2A2A2A2A2A2A2A2A2A2A2A2A2A2AEB
:1095E0002A2A2A2A2A2A2A2A0D0A00001B5B303B33
:1095F00033316D6372617368206C6F67203A257335
:109600003A25640D0A1B5B306D0000002E2E2F736F
:109610006D74635F6D6F64656D5F68616C2F736DF2
:1096200074635F6D6F64656D5F68616C2E630000CD
:109630005B25733A25645D2025730000000000005F
:10964000000000000000000000000000000000001A
:10965000000000000000000000000000000000000A
:1096600000010000000000000000000000000000F9
:1096700000000200000000000000000000000000E8
:1096800000000003000000000000000000000000D7
:1096900000000000040000000000000000000000C6
:1096A00000000000000500000000000000000000B5
:1096B00000000000000006000000000000000000A4
:1096C0000000000000000007000000000000000093
:1096D0000000000000000000080000000000000082
:1096E0000000000000000000007F000000000000FB
:1096F00000000000000000000000800000000000EA
:1097000000000000000000000000008100000000D8
:1097100000000000000000000000000082000000C7
:1097200000000000000000000000000000830000B6
:1097300000000000000000000000000000008400A5
:109740000000000000000000000000000000008594
:109750000000000000000000000000000000000009
:109760008600000000000000000000000000000073
:109770000087000000000000000000000000000062
:109780000000880000000000000000000000000051
:109790000000008900000000000000000000000040
:1097A000000000008A00000000000000000000002F
:1097B00000000000008B000000000000000000001E
:1097C0000000000000008C0000000000000000000D
:1097D0000000000000000000050505050505050561
:1097E000050505050505050001000401010001024C
:1097F00073783132383000007378313238310000FC
:109800000F0C00000A000100020003000400050024
:1098100006000700080009000A000B000C000D00FC
:109820000E000F001000000000202020202020202B
:109830002020282828282820202020202020202000
:109840002020202020202020208810101010101010
:10985000101010101010101010040404040404045C
:1098600004040410101010101010414141414141F6
:1098700001010101010101010101010101010101D8
:1098800001010101101010101010424242424242E8
:1098900002020202020202020202020202020202A8
:1098A0000202020210101010200000000000000050
:1098B00000000000000000000000000000000000A8
:1098C0000000000000000000000000000000000098
:1098D0000000000000000000000000000000000088
:1098E0000000000000000000000000000000000078
:1098F0000000000000000000000000000000000068
:109900000000000000000000000000000000000057
:109910000000000000000000000000000000000047
:109920000000000000000000000000000A0001002C
:1099300002000300040005000600070008000900FB
:109940000A000B000C000D000E000F0010000000BC
:1099500035000000CEFBFFFFCB030000010000003C
:109960000000000034000000CEFBFFFFCB0300002E
:109970000100000000000000BC89D897B2D29C3CD6
:1099800033A7A8D523F649393DA7F444FD0FA532E6
:109990009D978CCF08BA5B25436FAC64280668118D
:1099A00020202020202020202020202020202020B7
:1099B00030303030303030303030303030303030A7
:1099C0000000000000000000000000000000000097
:1099D0000000000000000000000000000000000087
:1099E0000000000000000000000000000000000077
:1099F000101112131415161718190000000000009A
:109A0000001A1B1C1D1E1F000000000000000000AB
:109A10000000000000000000000000000000000046
:109A2000001A1B1C1D1E1F0000000000000000008B
:109A30000000000000000000000000000000000026
:109A40000000000000000000000000000000000016
:109A50000000000000000000000000000000000006
:109A600000000000000000000000000000000000F6
:109A700000000000000000000000000000000000E6
:109A800000000000000000000000000000000000D6
:109A900000000000000000000000000000000000C6
:109AA00000000000000000000000000000000000B6
:109AB00000000000000000000000000000000000A6
:109AC00005000000190000007D00000000000000FB
:109AD000000000000000F03F0000000000002440F3
:109AE00000000000000059400000000000408F40CE
:109AF000000000000088C34000000000006AF84039
:109B00000000000080842E4100000000D01263415C
:109B10000000000084D797410000000065CDCD41D2
:109B2000000000205FA00242000000E876483742B3
:109B3000000000A2941A6D42000040E59C30A24251
:109B40000000901EC4BCD64200003426F56B0C43C6
:109B50000080E03779C3414300A0D885573476436D
:109B600000C84E676DC1AB43003D9160E458E143CE
:109B7000408CB5781DAF154450EFE2D6E41A4B4443
:109B800092D54D06CFF08044F64AE1C7022DB54488
:109B9000B49DD9794378EA44BC89D897B2D29C3C29
:109BA00033A7A8D523F649393DA7F444FD0FA532C4
:109BB0009D978CCF08BA5B25436FAC642806C80A12
:109BC0000080E03779C34143176E05B5B5B89346B9
:109BD000F5F93FE9034F384D321D30F94877825A85
:109BE0003CBF737FDD4F15752020202020202020D2
:109BF00020202020202020203030303030303030E5
:109C0000303030303030303000C2010060000000B1
:109C10000000000000000000000000002400000020
:109C2000BC1A001000020000BC1C00102000000044
:109C30000000000089440300C9440300DF4403001E
:109C4000074503001D45030065450300AB450300C0
:109C5000B7450300D14503003B4603004D460300D2
:109C60009F460300B1460300FF460300154703006B
:109C70002B4703004147030059470300994703005E
:109C8000EB470300D7480300274903005949030065
:109C9000AF490300E9490300034A0300594A03009E
:109CA000BF4A03000D4B0300594B03009B4B0300BD
:109CB000E54B0300F34B0300054C0300534C03003A
:109CC0009D4C0300694D0300BF4D0300F54D03009B
:109CD0000F4E0300414E0300734E0300A54E0300D8
:109CE000CB4E0300ED4E03001D4F0300814F0300D8
:109CF0009B4F0300CD4F0300DB4F0300EF4F0300EA
:109D0000FF4F03000F5003002550030033500300A2
:109D1000AD5003005551030069510300CD520300BB
:109D200029D601006DD701004BD801000000211099
:109D3000422063308440A550C660E77008812991B5
:109D40004AA16BB18CC1ADD1CEE1EFF1311210025D
:109D500073325222B5529442F772D6623993188305
:109D60007BB35AA3BDD39CC3FFF3DEE36224433429
:109D700020040114E664C774A44485546AA54BB555
:109D800028850995EEE5CFF5ACC58DD553367226FD
:109D900011163006D776F6669556B4465BB77AA7A5
:109DA00019973887DFF7FEE79DD7BCC7C448E55849
:109DB0008668A7784008611802282338CCC9EDD9F5
:109DC0008EE9AFF9488969990AA92BB9F55AD44A9D
:109DD000B77A966A711A500A333A122AFDDBDCCB45
:109DE000BFFB9EEB799B588B3BBB1AABA66C877C69
:109DF000E44CC55C222C033C600C411CAEED8FFD95
:109E0000ECCDCDDD2AAD0BBD688D499D977EB66E3C
:109E1000D55EF44E133E322E511E700E9FFFBEEFE4
:109E2000DDDFFCCF1BBF3AAF599F788F8891A981A6
:109E3000CAB1EBA10CD12DC14EF16FE18010A10090
:109E4000C230E3200450254046706760B983989380
:109E5000FBA3DAB33DC31CD37FE35EF3B1029012E0
:109E6000F322D2323542145277625672EAB5CBA54C
:109E7000A89589856EF54FE52CD50DC5E234C32430
:109E8000A01481046674476424540544DBA7FAB720
:109E90009987B8975FE77EF71DC73CD7D326F23680
:109EA0009106B01657667676154634564CD96DC96C
:109EB0000EF92FE9C899E9898AB9ABA944586548D0
:109EC00006782768C018E1088238A3287DCB5CDBC0
:109ED0003FEB1EFBF98BD89BBBAB9ABB754A545A20
:109EE000376A167AF10AD01AB32A923A2EFD0FED8C
:109EF0006CDD4DCDAABD8BADE89DC98D267C076C70
:109F0000645C454CA23C832CE01CC10C1FEF3EFF5F
:109F10005DCF7CDF9BAFBABFD98FF89F176E367EBF
:109F2000554E745E932EB23ED10EF01E6C6F726170
:109F300077616E5F6170695F636C6173735F635FAC
:109F4000646F776E6C696E6B5F63616C6C6261638A
:109F50006B0000006C6F726177616E5F6170695FAA
:109F6000636C6173735F625F646F776E6C696E6B55
:109F70005F63616C6C6261636B0000006C6F7261A7
:109F800077616E5F6170695F636C6173735F625F5D
:109F9000626561636F6E5F63616C6C6261636B00CD
:109FA00048E80100E0930400EF00000090D00300B7
:109FB000E0930400C700000090D00300C027090010
:109FC000CE000000801A0600C0270900AA00000089
:109FD00020A10700C027090086000000801A0600A3
:109FE000804F1200B100000020A10700804F120036
:109FF0008D00000000350C00804F12006900000049
:10A0000040420F00804F12004500000000350C0058
:10A01000009F24007000000040420F00009F2400B9
:10A020004C000000006A1800009F24002800000077
:10A0300080841E00009F240004000000A0F703009D
:10A04000E0930400EB00000088F50400E0930400B6
:10A05000C700000040EF0700C0270900AA00000069
:10A0600010EB0900C02709008600000080DE0F0009
:10A07000804F12006900000020D61300804F1200AC
:10A080004500000007000A010F02140319041E0511
:10A09000230628072D083209370A3C0B410C460DD0
:10A0A0004B0E500F030301FF000001FF02FF0202ED
:10A0B0000101011C000001FF01FF01FF01FF01FF81
:10A0C000C0DE3A8F40908A90C089C29300000000A1
:10A0D0000000010000000000020100000000030277
:10A0E0000100000004030201000005040302010056
:10A0F000060504030201070605040302000001022D
:10A10000030405060C0B0A09080706050C000000ED
:10A110000C0000000C0000000C0000000C0000000F
:10A120000C0000000C0000000C0000003B7BE4E48D
:10A13000E4E4E4E4000001000000000072656769E7
:10A140006F6E5F77773267345F6765745F6D6F64DA
:10A15000756C6174696F6E5F747970655F66726F3C
:10A160006D5F646174617261746500007265676936
:10A170006F6E5F77773267345F6C6F72615F6472A6
:10A180005F746F5F73665F62770000000102010118
:10A19000020202080108010104000002080202088C
:10A1A00000000000070000006765745F6D6F646564
:10A1B0006D5F6576656E745F636F756E7400000029
:10A1C0006765745F6D6F64656D5F6576656E745FFE
:10A1D00073746174757300006765745F6D6F646597
:10A1E0006D5F646D5F696E74657276616C5F7365D7
:10A1F000636F6E6400000000736D74635F6D6F6465
:10A20000656D5F6765745F6576656E74000000005C
:10A210000005060708090A0B0C00000007090B08D7
:10A220000A0C0D000102030405060700746573742F
:10A230005F6D6F64655F63775F63616C6C626163C0
:10A240006B5F666F725F727000000000637C777BEB
:10A25000F26B6FC53001672BFED7AB76CA82C97D22
:10A26000FA5947F0ADD4A2AF9CA472C0B7FD9326B3
:10A27000363FF7CC34A5E5F171D8311504C723C3B7
:10A280001896059A071280E2EB27B27509832C1AFB
:10A290001B6E5AA0523BD6B329E32F8453D100ED55
:10A2A00020FCB15B6ACBBE394A4C58CFD0EFAAFB39
:10A2B000434D338545F9027F503C9FA851A3408F01
:10A2C000929D38F5BCB6DA2110FFF3D2CD0C13EC19
:10A2D0005F974417C4A77E3D645D197360814FDCAE
:10A2E000222A908846EEB814DE5E0BDBE0323A0A92
:10A2F0004906245CC2D3AC629195E479E7C8376D16
:10A300008DD54EA96C56F4EA657AAE08BA78252E3A
:10A310001CA6B4C6E8DD741F4BBD8B8A703EB566C3
:10A320004803F60E613557B986C11D9EE1F89811B4
:10A3300069D98E949B1E87E9CE5528DF8CA1890DA3
:10A34000BFE6426841992D0FB054BB16C6F8EEF631
:10A35000FFD6DE916002CE56E7B54DEC8F1F89FA2D
:10A36000EFB28EFB41B35F452353E49B75E13D4C57
:10A370006C7EF5836851D1F9E2AB622A0895469D5F
:10A3800030370A2F0E241BDFCD4E7FEA121D5834C2
:10A3900036DCB45BA476B77D52DD5E13A6B900C18E
:10A3A00040E379B6D48D67729498B085BBC54FED04
:10A3B000869A66118AE904FEA078254BA25D800585
:10A3C0003F2170F16377AF4220E5FDBF811826C3BE
:10A3D000BE35882E9355FC7AC8BA32E6C0199EA3C2
:10A3E00044543B0B8CC76B28A7BC16ADDB647414BC
:10A3F000920C48B89FBD43C43931D3F2D58B6EDA85
:10A4000001B19C49D8ACF3CFCAF447106FF04A5C55
:10A4100038577397CBA1E83E96610D0FE07C71CC65
:10A420009006F71CC26AAE6917993A27D9EB2B221E
:10A43000D2A907332D3C15C987AA50A50359091A7B
:10A4400065D784D082295A1E7BA86D2CA584998D4E
:10A450000DBDB1545003A97D1962E69A459D408710
:10A4600015EBC90BEC67FDEABFF7965BC21CAE6A41
:10A470005A41024F5CF434089373533F0C52655EAB
:10A4800028A10FB509369B3D2669CD9F1B9E742ED2
:10A490002DB2EEFBF64D61CE7B3E7197F568002C38
:10A4A000601FC8EDBE46D94BDED4E84A6B2AE516DC
:10A4B000C5D75594CF100681F044BAE3F3FEC08AA5
:10A4C000ADBC4804DFC17563301A0E6D4C14352FD6
:10A4D000E1A2CC3957F28247ACE72B95A098D17F07
:10A4E000667EAB83CA29D33C79E21D763B564E1E6D
:10A4F000DB0A6CE45D6EEFA6A8A4378B324359B734
:10A500008C64D2E0B4FA0725AF8EE918D5886F7253
:10A5100024F1C751237C9C21DDDC86859042C4AAAE
:10A52000D8050112A35FF9D0915827B93813B33376
:10A53000BB7089A7B622922049FF787A8FF88017DE
:10A54000DA31C6B8C3B07711CBFCD63A00000500AB
:10A550000A0014001E00280032003C007800F000C1
:10A56000E0010000080A0C0D0E10121415181A1B39
:10A570001D1E21246C72315F737461636B5F6D61AA
:10A58000635F74785F6672616D655F656E63727933
:10A59000707400006C72315F737461636B5F6D6126
:10A5A000635F74785F6C6F72615F6C61756E636816
:10A5B0005F63616C6C6261636B5F666F725F727028
:10A5C000000000006C72315F737461636B5F6D61DA
:10A5D000635F74785F6766736B5F6C61756E6368E9
:10A5E0005F63616C6C6261636B5F666F725F7270F8
:10A5F000000000006C72315F737461636B5F6D61AA
:10A60000635F74785F6C725F666873735F6C6175AB
:10A610006E63685F63616C6C6261636B5F666F72CF
:10A620005F7270006C72315F737461636B5F6D6138
:10A63000635F72785F6C6F72615F6C61756E636887
:10A640005F63616C6C6261636B5F666F725F727097
:10A65000000000006C72315F737461636B5F6D6149
:10A66000635F72785F6766736B5F6C61756E63685A
:10A670005F63616C6C6261636B5F666F725F727067
:10A68000000000006C72315F737461636B5F6D6119
:10A69000635F74785F726164696F5F737461727411
:10A6A000000000006C72315F737461636B5F6D61F9
:10A6B000635F72785F726164696F5F7374617274F3
:10A6C000000000006C72315F737461636B5F6D61D9
:10A6D000635F72705F63616C6C6261636B0000004A
:10A6E0006C72315F737461636B5F6D61635F72780D
:10A6F0005F74696D65725F636F6E666967757265B9
:10A70000000000006C72315F737461636B5F6D6198
:10A71000635F72785F6672616D655F6465636F64C5
:10A72000650000006C72315F737461636B5F6D6113
:10A73000635F757064617465000000006C72315F66
:10A74000737461636B5F6D61635F6A6F696E5F7283
:10A750006571756573745F6275696C6400000000F3
:10A760006C72315F737461636B5F746F615F676597
:10A770007400000000000302010203020101020054
:10A7800000000000000000006C72316D61635F63C7
:10A790006F72655F70726F6365737300736D74635E
:10A7A0005F7265616C5F636F6E66696700000000D1
:10A7B000736D74635F7265616C5F696E69740000CC
:10A7C000736D74635F7265616C5F696E69745F73EA
:10A7D000657373696F6E0000736D74635F7265619A
:10A7E0006C5F6765745F6E756D6265725F6F665FE3
:10A7F00063686D61736B5F696E5F63666C697374C8
:10A8000000000000736D74635F7265616C5F676563
:10A81000745F6E6578745F6368616E6E656C00006E
:10A82000736D74635F7265616C5F6765745F6A6F97
:10A83000696E5F6E6578745F6368616E6E656C00EB
:10A84000736D74635F7265616C5F7365745F72785A
:10A850005F636F6E66696700736D74635F726561D5
:10A860006C5F7365745F6368616E6E656C5F6D616C
:10A87000736B0000736D74635F7265616C5F696E0A
:10A8800069745F6A6F696E5F736E617073686F740D
:10A890005F6368616E6E656C5F6D61736B00000075
:10A8A000736D74635F7265616C5F696E69745F611B
:10A8B000667465725F6A6F696E5F736E61707368EC
:10A8C0006F745F6368616E6E656C5F6D61736B0062
:10A8D000736D74635F7265616C5F6275696C645FF0
:10A8E0006368616E6E656C5F6D61736B0000000084
:10A8F000736D74635F7265616C5F64656372656DCF
:10A90000656E745F64725F73696D756C6174696F95
:10A910006E000000736D74635F7265616C5F656EDD
:10A9200061626C655F616C6C5F6368616E6E656CC3
:10A93000735F776974685F76616C69645F6672657E
:10A9400071000000736D74635F7265616C5F6973A1
:10A950005F74785F64725F61636365707461626C79
:10A9600065000000736D74635F7265616C5F69738D
:10A970005F6E776B5F72656365697665645F747837
:10A980005F6672657175656E63795F76616C696427
:10A9900000000000736D74635F7265616C5F6973C2
:10A9A0005F6368616E6E656C5F696E6465785F7623
:10A9B000616C696400000000736D74635F726561AF
:10A9C0006C5F69735F7061796C6F61645F73697AE2
:10A9D000655F76616C696400736D74635F72656155
:10A9E0006C5F7365745F74785F6672657175656EB0
:10A9F00063795F6368616E6E656C0000736D74638C
:10AA00005F7265616C5F7365745F7278315F6672E7
:10AA1000657175656E63795F6368616E6E656C0004
:10AA2000736D74635F7265616C5F7365745F636897
:10AA3000616E6E656C5F647200000000736D74631C
:10AA40005F7265616C5F7365745F6368616E6E658C
:10AA50006C5F656E61626C6564000000736D7463A9
:10AA60005F7265616C5F6765745F74785F6368616E
:10AA70006E6E656C5F6672657175656E63790000F8
:10AA8000736D74635F7265616C5F6765745F6D6F32
:10AA900064756C6174696F6E5F747970655F6672FE
:10AAA0006F6D5F646174617261746500736D74636E
:10AAB0005F7265616C5F6C6F72615F64725F746F0F
:10AAC0005F73665F62770000736D74635F726561C8
:10AAD0006C5F66736B5F64725F746F5F62697472E0
:10AAE00061746500736D74635F7265616C5F6C7235
:10AAF0005F666873735F64725F746F5F63725F62D7
:10AB000077000000736D74635F7265616C5F6C72D7
:10AB10005F666873735F6765745F686561646572BB
:10AB20005F636F756E740000736D74635F7265614F
:10AB30006C5F6C725F666873735F6765745F677282
:10AB400069640000736D74635F7265616C5F636C50
:10AB5000616D705F6F75747075745F706F7765721B
:10AB60005F656972705F76735F667265715F616E53
:10AB7000645F647200000000736D74635F726561EE
:10AB80006C5F6765745F6766736B5F73796E635F35
:10AB9000776F726400000000736D74635F726561AB
:10ABA0006C5F6765745F6C725F666873735F7379FF
:10ABB0006E635F776F726400736D74635F7265615B
:10ABC0006C5F6765745F6C62745F647572617469F1
:10ABD0006F6E5F6D73000000736D74635F7265610B
:10ABE0006C5F6765745F6C62745F746872657368CC
:10ABF0006F6C645F64626D00736D74635F72656136
:10AC00006C5F6765745F6C62745F62775F687A001F
:10AC1000736D74635F7265616C5F6765745F6D61AE
:10AC2000785F7061796C6F61645F73697A65000049
:10AC3000736D74635F7265616C5F6765745F626595
:10AC400061636F6E5F6672657175656E6379000032
:10AC5000736D74635F7265616C5F6765745F706963
:10AC60006E675F736C6F745F6672657175656E6336
:10AC700079000000736D74635F7265616C5F676576
:10AC8000745F73796D626F6C5F6475726174696F04
:10AC90006E5F757300000000736D74635F6475749C
:10ACA000795F6379636C655F6765745F6E657874FF
:10ACB0005F667265655F74696D655F6D7300000046
:10ACC0006C72316D61635F636C6173735F635F6C42
:10ACD00061756E63680000006C72316D61635F6363
:10ACE0006C6173735F635F6D61635F72785F6672DF
:10ACF000616D655F6465636F64650000736D7463A7
:10AD00005F6C62745F696E6974000000736D7463D8
:10AD10005F6C62745F6C61756E63685F63616C6CBD
:10AD20006261636B5F666F725F727000736D7463F4
:10AD30005F6C62745F6C697374656E5F6368616E8B
:10AD40006E656C00736D74635F70696E675F736CC2
:10AD50006F745F737461727400000000736D7463CC
:10AD60005F70696E675F736C6F745F636F6D707532
:10AD700074655F66697273745F736C6F7400000052
:10AD8000736D74635F70696E675F736C6F745F6D12
:10AD900061635F72785F6672616D655F6465636F42
:10ADA00064650000736D74635F70696E675F736CD8
:10ADB0006F745F636F6D707574655F646F776E6CD1
:10ADC000696E6B5F746F610070696E675F736C6F43
:10ADD000745F6D61635F72785F6C6F72615F6C61ED
:10ADE000756E63685F63616C6C6261636B5F666FF5
:10ADF000725F727000000000736D74635F62656162
:10AE0000636F6E5F736E6966665F73746172740000
:10AE1000626561636F6E5F72705F72657175657395
:10AE200074000000736D74635F626561636F6E5FD1
:10AE3000736E6966665F6C61756E63685F63616C93
:10AE40006C6261636B5F666F725F7270000000001E
:10AE50006765745F626561636F6E5F6C656E677472
:10AE60006800000072705F686F6F6B5F696E697475
:10AE70000000000072705F72656C656173655F68E9
:10AE80006F6F6B0072705F686F6F6B5F6765745F89
:10AE90006964000072705F7461736B5F656E7175D9
:10AEA0006575650072705F7461736B5F61626F726C
:10AEB0007400000072705F6765745F73746174750D
:10AEC0007300000072705F6765745F616E645F633A
:10AED0006C6561725F7261775F726164696F5F69EF
:10AEE0007271000072705F726164696F5F69727184
:10AEF0000000000072705F7461736B5F6172626961
:10AF00007465720072705F6972715F6765745F73F8
:10AF1000746174757300000072705F6765745F70B0
:10AF20006B745F7061796C6F6164000072705F7444
:10AF3000696D65725F6972710000000072705F6810
:10AF40006F6F6B5F63616C6C6261636B000000002C
:10AF5000381800009C180000001900006419000057
:10AF6000C81900002C1A0000901A0000581B00009D
:10AF7000BC1B0000841C0000E81C0000141E000024
:10AF8000DC1E0000A41F000034210000602200002D
:10AF9000F0230000E425000074270000CC29000005
:10AFA000242C0000E02E00009C3100002035000021
:10AFB000A43800008C3C0000A041000024450000A3
:10AFC000A84800004C4F0000F0550000C05D000094
:10AFD000182E0000E02E0000A82F000070300000A6
:10AFE0003831000000320000C8320000F4330000A5
:10AFF000BC340000B0360000783700006C39000027
:10B00000603B0000F03C0000AC3F000068420000E4
:10B0100024450000A8480000904C0000DC500000CF
:10B020008C550000A05A000018600000BC660000AB
:10B03000606D000030750000C87D0000C48600000F
:10B04000C08F000020990000ACA30000BCB100003C
:10B0500065256C64000000006E660000696E69740E
:10B0600079000000616E000043000000504F53491A
:10B0700058000000494E4600696E66004E414E0081
:10B080006E616E00303132333435363738394142F3
:10B090004344454600000000303132333435363702
:10B0A000383961626364656600000000286E756C63
:10B0B0006C2900003000000042616C6C6F632073EB
:10B0C0007563636565646564000000002E2E2F2E95
:10B0D0002E2F2E2E2F2E2E2F2E2E2F2E2E2F6E6514
:10B0E000776C69622F6C6962632F7374646C696238
:10B0F0002F6764746F612D6765746865782E6300CF
:10B10000496E66696E697479000000004E614E00F8
:10B110002E2E2F2E2E2F2E2E2F2E2E2F2E2E2F2E4A
:10B120002E2F6E65776C69622F6C6962632F737462
:10B13000646C69622F64746F612E63002C206675E5
:10B140006E6374696F6E3A2000000000617373656E
:10B150007274696F6E2022257322206661696C65A6
:10B16000643A2066696C6520222573222C206C6964
:10B170006E65202564257325730A00002E2E2F2E60
:10B180002E2F2E2E2F2E2E2F2E2E2F2E2E2F6E6563
:10B19000776C69622F6C6962632F7374646C696287
:10B1A0002F6D707265632E63000000004354696D5B
:10B1B000657220696E74657272757074206E756D3B
:10B1C000626572206F7574206F662072616E6765AC
:10B1D0002E00000064656275675F66696C656E616C
:10B1E0006D652E6578740000080300000300000000
:10B1F00003040000010180028001018001018080C0
:10B2000080808080808080800880808080018001B4
:10B2100080808080808080800204800101040101A0
:10B22000808080800101000023232762A103871012
:10B23000035300E15181415505C4804001B14041B3
:10B240001431A03100F180119121C111E511453077
:10B25000370030310071004030310000324252136B
:10B2600002122260334353213040502031415111AA
:10B27000FFFFFFFFFFFFFFFF3141516030405000F3
:10B28000334353233242526000102030304050612B
:10B290003141510102122242031323600010205059
:10B2A0000111214102122232031333603141512135
:10B2B00032425222334353030010204001112151E6
:10B2C00032425202334353133040501031415160E7
:10B2D00032425212334353030010204001112161C6
:10B2E00002122252031323330010203031415161E6
:10B2F0003242520203133353FFFFFFFFFFFFFFFFF2
:10B30000011121610010205001112161021222520D
:10B310003343531330405061011121310212223264
:10B320000313234307070702020808000202020171
:10B3300001010101010101010101010101010101FD
:10B3400001010101010101010101010808000101E0
:10B350000101010101010000004000000080000027
:10B3600000000100000002000000040000000800CE
:10B370000000100000002000000018000000000085
:10B3800000000000000000000000000000000000BD
:10B3900000000000000000000040000000800000ED
:10B3A000000001000000020000000400000008008E
:10B3B000000010000000060000000C00000000006B
:10B3C000000000000000000000000000000000007D
:10B3D000000000000000000000000000000000006D
:10B3E0000000000001000000040000000400000054
:10B3F0000200000008000000080000000400000037
:10B40000080000000800000008000000080000001C
:10B4100008000000100000001000000010000000F4
:10B42000200000001000000010000000400000009C
:10B430001000000010000000800000000400000068
:10B4400004000000000100000400000004000000EF
:10B4500000020000200000002000000000040000A6
:10B46000040000000400000000080000400000008C
:10B47000400000000010000080000000800000007C
:10B4800000200000000100000001000000366E01F5
:10B49000001BB700808D5B00C0C62D009442005099
:10B4A00098420050AC420050B0420050A8420050B8
:10B4B000008000009C4200500100000004000000D9
:10B4C000020000009452005098520050AC520050BC
:10B4D000B0520050A8520050008000009C52005012
:10B4E000010000000400000002000000946200500F
:10B4F00098620050AC620050B0620050A8620050E8
:10B50000008000009C620050010000000400000068
:10B51000020000009472005098720050AC7200500B
:10B52000B0720050A8720050008000009C72005061
:10B53000010000000400000002000000948200509E
:10B5400098820050AC820050B0820050A882005017
:10B55000008000009C8200500100000004000000F8
:10B56000020000009492005098920050AC9200505B
:10B57000B0920050A8920050008000009C920050B1
:10B58000010000000400000002000000A042015081
:10B59000A8420150C0420150C4420150B84201507B
:10B5A00000400000AC420150010000000400000017
:10B5B0000800000048C200504CC2005060C2005059
:10B5C00064C200505CC200500080000050C20050B5
:0CB5D00001000000040000000200000068
:08B5DC00240CFD7F01000000BA
:10B5E4000810001000000000000000003C190010CA
:10B5F400A41900100C1A0010000000000000000044
:10B604000000000000000000000000000000000036
:10B614000000000000000000000000000000000026
:10B624000000000000000000000000000000000016
:10B634000000000000000000000000000000000006
:10B6440000000000000000000000000000000000F6
:10B6540000000000000000000000000000000000E6
:10B6640000000000000000000000000000000000D6
:10B6740000000000000000000000000000000000C6
:10B6840001000000000000000E33CDAB34126DE663
:10B69400ECDE05000B0000000000000000000000CC
:10B6A4000000000000000000000000000000000096
:10B6B4000000000000000000000000000000000086
:10B6C4000000000000000000000000000000000076
:10B6D4000000000000000000000000000000000066
:10B6E4000000000000000000000000000000000056
:10B6F4000000000000000000000000000000000046
:10B704000000000000000000000000000300000032
:10B714003C1900104300000000000000000000007D
:10B724000000000000000000000000000000000015
:10B7340000000000430000000000000000000000C2
:10B7440000000000000000000000000000000000F5
:10B7540000000000430000000000000000000000A2
:10B7640000000000000000000000000000000000D5
:10B774000000000043000000000000000000000082
:10B7840000000000000000000000000000000000B5
:10B794000000000043000000000000000000000062
:10B7A4000000000000000000000000000000000095
:10B7B4000000000043000000000000000000000042
:10B7C4000000000000000000000000000000000075
:10B7D4000000000043000000000000000000000022
:10B7E4000000000000000000000000000000000055
:10B7F400000000009D410100CD2401000000000074
:10B8040028980300D0B1030048B1030048B10300F5
:10B8140048B1030048B1030048B1030048B1030034
:10B8240048B1030048B1030048B10300FFFFFFFF24
:10B83400FFFFFFFFFFFFFFFFFFFF00000100415379
:10B84400434949000000000000000000000000001F
:10B854000000000000000000000000000000415350
:10B8640043494900000000000000000000000000FF
:10B8740000000000000000000000000000000000C4
:10B884000000000000000000A0120010A012001030
:10B89400A8120010A8120010B0120010B01200106C
:10B8A400B8120010B8120010C0120010C01200101C
:10B8B400C8120010C8120010D0120010D0120010CC
:10B8C400D8120010D8120010E0120010E01200107C
:10B8D400E8120010E8120010F0120010F01200102C
:10B8E400F8120010F81200100013001000130010DA
:10B8F4000813001008130010101300101013001088
:10B904001813001018130010201300102013001037
:10B9140028130010281300103013001030130010E7
:10B924003813001038130010401300104013001097
:10B934004813001048130010501300105013001047
:10B9440058130010581300106013001060130010F7
:10B9540068130010681300107013001070130010A7
:10B964007813001078130010801300108013001057
:10B974008813001088130010901300109013001007
:10B984009813001098130010A0130010A0130010B7
:10B99400A8130010A8130010B0130010B013001067
:10B9A400B8130010B8130010C0130010C013001017
:10B9B400C8130010C8130010D0130010D0130010C7
:10B9C400D8130010D8130010E0130010E013001077
:10B9D400E8130010E8130010F0130010F013001027
:10B9E400F8130010F81300100014001000140010D5
:10B9F4000814001008140010101400101014001083
:10BA04001814001018140010201400102014001032
:10BA140028140010281400103014001030140010E2
:10BA24003814001038140010401400104014001092
:10BA34004814001048140010501400105014001042
:10BA440058140010581400106014001060140010F2
:10BA540068140010681400107014001070140010A2
:10BA64007814001078140010801400108014001052
:10BA74008814001088140010901400109014001002
:10BA84009814001098140010A0140010A0140010B2
:10BA9400A8140010A8140010B0140010B014001062
:10BAA400B8140010B8140010C0140010C014001012
:10BAB400C8140010C8140010D0140010D0140010C2
:10BAC400D8140010D8140010E0140010E014001072
:10BAD400E8140010E8140010F0140010F014001022
:10BAE400F8140010F81400100015001000150010D0
:10BAF400081500100815001010150010101500107E
:10BB0400181500101815001020150010201500102D
:10BB140028150010281500103015001030150010DD
:10BB2400381500103815001040150010401500108D
:10BB3400481500104815001050150010501500103D
:10BB440058150010581500106015001060150010ED
:10BB5400681500106815001070150010701500109D
:10BB6400781500107815001080150010801500104D
:10BB740088150010881500109015001090150010FD
:10BB84009815001098150010A0150010A0150010AD
:10BB9400A8150010A8150010B0150010B01500105D
:10BBA400B8150010B8150010C0150010C01500100D
:10BBB400C8150010C8150010D0150010D0150010BD
:10BBC400D8150010D8150010E0150010E01500106D
:10BBD400E8150010E8150010F0150010F01500101D
:10BBE400F8150010F81500100016001000160010CB
:10BBF4000816001008160010101600101016001079
:10BC04001816001018160010201600102016001028
:10BC140028160010281600103016001030160010D8
:10BC24003816001038160010401600104016001088
:10BC34004816001048160010501600105016001038
:10BC440058160010581600106016001060160010E8
:10BC54006816001068160010701600107016001098
:10BC64007816001078160010801600108016001048
:10BC740088160010881600109016001090160010F8
:10BC84009816001098160010FFFFFFFF0000020036
:10BC94000000000080841E0000000000000000007E
:10BCA40000000000809C2B8F0A00000001000000AF
:10BCB400030000000E0000004086030044860300D9
:10BCC40050860300608603007086030088860300A4
:10BCD4009C860300B4860300C0860300D486030058
:10BCE400EC860300E4880300DD980100E888030083
:10BCF40008890300B99801001089030034890300FE
:10BD0400E998010040890300648903003199010026
:10BD14006C89030094890300F5AD0100A089030038
:10BD2400B889030079990100C4890300F0890300EC
:10BD34006D9A0100FC890300308A0300659B0100B1
:10BD44003C8A03006C8A0300DDAA0100788A0300A0
:10BD5400A88A03003DAC0100B48A0300E88A03000A
:10BD640019AD0100F48A03002C8B030015AA01000D
:10BD7400348B0300608B0300719D0100688B03000A
:10BD8400808B0300C9970100888B0300BC8B0300E0
:10BD94005D9C0100C48B0300F08B0300F5A8010037
:10BDA400F88B0300348C03009DA801003C8C030035
:10BDB4007C8C0300B59D0100888C0300BC8C0300BF
:10BDC400D5A70100C48C0300E48C030085AB0100FB
:10BDD400EC8C0300188D0300759E0100208D030078
:10BDE400508D03000D9F01005C8D0300908D0300B6
:10BDF400C19F0100988D0300B88D030069A0010064
:10BE0400C08D0300F08D030015A10100F88D03001F
:10BE1400388E0300C1A10100408E0300788E030018
:10BE240069A20100808E03009C8E0300ADA3010073
:10BE3400A88E0300CC8E030001A30100D88E03005A
:10BE4400148F030005A50100208F0300608F0300F9
:10BE5400E9A50100688F03008C8F030071A701001E
:10BE6400948F0300BC8F0300C1A70100C88F030097
:10BE7400F08F030091A90100F88F03000000000077
:10BE840000000000000000000000000000000000AE
:10BE9400000000000000000000000000000000009E
:10BEA400000000000000000000000000000000008E
:10BEB400000000000000000000000000000000007E
:10BEC40000020107000000000101000D809C2B8F7F
:10BED4000103000E05000000000000000100000046
:10BEE4006400000101000000801A06000000000048
:10BEF40000000000000000000100010081C70000F4
:10BF04007B000000FFFFFF7F010A0100FFFFFFFF2E
:0CBF1400FFFFFFFFFFFFFFFFFFFFFFFF2D
:0400000310008C81DC
:00000001FF
