:10C0000000100010818C0100E98C0100757B01009B
:10C01000EB8C0100EB8C0100EB8C010000000000B8
:10C02000000000000000000000000000ED8C010096
:10C03000ED8C010000000000ED8C0100ED8C010092
:10C04000ED8C0100ED8C0100ED8C0100ED8C010008
:10C05000ED8C0100ED8C0100ED8C0100ED8C0100F8
:10C06000ED8C0100ED8C0100ED8C0100ED8C0100E8
:10C07000ED8C010041910100F1920100BD780100B9
:10C08000ED8C0100ED8C0100ED8C0100ED8C0100C8
:10C09000ED8C0100ED8C0100ED8C0100ED8C0100B8
:10C0A000ED8C0100ED8C0100ED8C0100ED8C0100A8
:10C0B000ED8C0100ED8C0100ED8C0100ED8C010098
:10C0C0000000000000000000000000000000000070
:10C0D0000000000000000000000000000000000060
:10C0E0000000000000000000000000000000000050
:10C0F0000000000000000000000000000000000040
:10C1000010EE102AC2F3C7537F3B162B22F00041DA
:10C1100032DC002B104618DB1A4919410A422AD09A
:10C12000DFED197A70EE277AF5EEC07AF1EE10FAAB
:10C1300021DD002A04DD4FF4000242FA03F3184423
:10C1400020EA010300EE103A7047DFED0F7A70EE3F
:10C15000277AF5EEC07AF1EE10FA0CDD002A08DB42
:10C16000DFED0A7A0029B7EE000A08BFB0EE670AD1
:10C1700070479FED070A7047B1F1FF4FFBD330EED8
:10C18000000A7047FFFF7F00CAF2497100000000FB
:10C1900000000080024B1B680022C3E926027047A2
:10C1A000001000100C4B0D4819680D4AD1F898305A
:10C1B00010B4D1F89C4003FB00F002FB0400A3FB89
:10C1C0000232013340EB0200C1E926305DF8044B36
:10C1D00020F00040704700BF001000102DF45158AF
:10C1E0002D7F954C000000000000000000000000C2
:10C1F000000000000000000000000000000000003F
:10C2000030B490F800F020F007016FF0000C10F04F
:10C21000070491F820F040F048804FF000046FF0E0
:10C220000700D1E9002391F840F000F1080082FAFC
:10C230004CF2A4FA8CF283FA4CF3A2FA8CF34BBBC7
:10C24000D1E9022382FA4CF200F10800A4FA8CF240
:10C2500083FA4CF3A2FA8CF3E3B9D1E9042382FA0E
:10C260004CF200F10800A4FA8CF283FA4CF3A2FA23
:10C270008CF37BB9D1E9062301F1200182FA4CF25B
:10C2800000F10800A4FA8CF283FA4CF3A2FA8CF3C2
:10C29000002BC6D0002A04BF04301A4612BAB2FAE4
:10C2A00082F200EBD20030BC7047D1E9002304F0E9
:10C2B0000305C4F100004FEAC50514F0040F91F81E
:10C2C00040F00CFA05F562EA05021CBF63EA0503BB
:10C2D00062464FF00004AAE7830730B547D0541EEA
:10C2E000002A3ED0CAB2034601E0013C39D303F82C
:10C2F000012B9D07F9D1032C2CD9CDB205EB0525D7
:10C300000F2C05EB054535D9A4F1100222F00F0CD6
:10C3100003F1100EE6444FEA121C1A46C2E900551A
:10C32000C2E9025510327245F8D10CF1010214F045
:10C330000C0F03EB021204F00F0C13D0ACF104034A
:10C3400023F003030433134442F8045B9342FBD10C
:10C350000CF003042CB1C9B21C4403F8011BA34226
:10C36000FBD130BD64461346002CF4D1F9E70346F7
:10C370001446C0E71A46A446E0E700BF024A126826
:10C380000123503200F048BB001000100EB470B50D
:10C390009DB021AC00254FF4017254F8046BADF848
:10C3A00014201B9502900690FFF72AFF0B4B0A936F
:10C3B0000B4B03904FF6FF710790ADF816101868FD
:10C3C0000E953246234602A91395019400F05AFBBC
:10C3D0001DB0BDE8704003B0704700BF3DDF0000F6
:10C3E000001000100CB4F0B59DB022AC00254FF445
:10C3F00001730646084654F8047BADF814300291E8
:10C4000006911B95FFF7FCFE0346039307930A4B27
:10C410000A934FF6FF73ADF816303A46304623467E
:10C4200002A90E951395019400F02CFB1DB0BDE8F8
:10C43000F04002B0704700BF3DDF000011F0FF0187
:10C44000034600F0030239D08ABB026810B501EB45
:10C45000012E0EEB0E4E8EEA0204A2F1013323EA06
:10C460000203A4F1013222EA0402134313F0803FD5
:10C470000FD150F8044F84EA0E0CA4F10133ACF153
:10C48000013223EA040322EA0C02134313F0803F33
:10C49000EFD0037823B936E010F8013F002B32D0FB
:10C4A0009942F9D110BD8A4228D09A0729D01A782A
:10C4B00018460133002AF6D110467047CAB90268FF
:10C4C000A2F1013323EA020313F0803F08D150F8B0
:10C4D000042FA2F1013323EA020313F0803FF6D0C8
:10C4E00003785BB110F8013F002BFBD1704799072F
:10C4F00005D0184613F8012B002AF8D170471846CA
:10C50000DDE71846A1E7184610BD00BF0000000097
:10C51000000000000000000000000000000000001B
:10C5200002780B78012A28BF9A4240F0D8806DE942
:10C53000044540EA0104CDE902676FF0000C4FEAC0
:10C5400044721AB380EA010414F0070F6BD100F0B3
:10C55000070420F0070004F0030521F007014FEA6B
:10C56000C505F0E8042314F0040FF1E804670CFAA1
:10C5700005F462EA040266EA04060BD063EA0403E7
:10C58000624667EA0407664604E000BFF0E8042359
:10C59000F1E8046782FA4CF582EA0604A4FA8CF406
:10C5A0006CBB83FA4CF583EA0705A5FA8CF595B9BF
:10C5B00050E9022351E9026782FA4CF582EA060447
:10C5C000A4FA8CF483FA4CF583EA0705A5FA8CF5F6
:10C5D0002543DBD09CB92DBAB5FA85F424F00704C5
:10C5E00027FA04F1DDE9026723FA04F303F0FF0000
:10C5F00001F0FF01FDE80445A0EB0100704724BAFB
:10C60000B4FA84F424F0070426FA04F1DDE90267A1
:10C6100022FA04F202F0FF0001F0FF01FDE80445F8
:10C62000A0EB0100704714F0030F3CD110F003049D
:10C6300028D150F8082B51F8083B82FA4CF582EAD1
:10C640000305A5FA8CF55DB950F8042C51F8043CAB
:10C6500082FA4CF582EA0305A5FA8CF5002DE8D0A4
:10C660002DBAB5FA85F424F0070423FA04F122FA6E
:10C6700004F202F0FF0001F0FF01FDE80445A0EB29
:10C68000010070474FEAC40420F0030050F8082B63
:10C6900021F0030151F8083B0CFA04F462EA0402A9
:10C6A00063EA0403C9E710F003041DD0A1EB040101
:10C6B00020F00300E40750F8042B06D012D28B7848
:10C6C0005FFAA2F4E41A06D12BB1CB785FFAB2F488
:10C6D000E41A00D133B920465DF8104B7047A2EB45
:10C6E0000300704701F1040150F8042BCC0721F03E
:10C6F000030151F8043B48D824D222F07F4482FA47
:10C700004CF594EA1325A5FA8CF50AD165B951F8D0
:10C71000043B84EA0204B4EB036F0ED150F8042BFF
:10C72000EBE74FEA132355E035F07F454DD108780C
:10C73000FDE80445C0F1000070474FEA126203F0C3
:10C74000FF0347E002EA1C4482FA4CF594EA1345E1
:10C75000A5FA8CF50AD165B951F8043B84EA0204C4
:10C76000B4EB034F0CD150F8042BEBE74FEA134323
:10C7700030E015EA1C4528D10B884FEA124229E027
:10C780004FEA124203EA1C4324E002F0FF0482FA5B
:10C790004CF594EA1365A5FA8CF50AD165B951F800
:10C7A000043B84EA0204B4EB032F09D150F8042BB4
:10C7B000EBE74FEA13630DE015F0FF0F05D10B68AF
:10C7C0004FEA122223F07F4304E04FF00000FDE81F
:10C7D0000445704712BA1BBA82FA4CF482EA030489
:10C7E000A4FA8CF5B5FA85F402FA04F203FA04F31C
:10C7F0004FEA1260FDE80445A0EB1360704700BFEC
:10C800002DE9F047074649480E46354616F801EB34
:10C8100010F80EC01CF0080CF7D1BEF12D0F5AD045
:10C82000BEF12B0F03BF96F800E06446AE1C6446D1
:10C830004BB9BEF1300F5CD00A23DFF8F4804FF023
:10C84000050A99460AE0102B4AD04FF0FF38B8FB92
:10C85000F3F803FB08FA6FEA0A0A9946002528460E
:10C8600005E02CD009FB00C0012516F801EBAEF164
:10C87000300CBCF1090F06D9AEF1410CBCF1190F17
:10C880000BD8AEF1370C634510DDB5F1FF3FECD0AE
:10C890004045E6D94FF0FF35E7E7AEF1610CBCF15A
:10C8A000190F03D8AEF1570C6345EEDC6B1C0BD0AF
:10C8B00004B140420AB165B91160BDE8F087D445C2
:10C8C000D0DD4FF0FF35D0E722233B602846002A19
:10C8D000F3D0711EF0E796F800E00124AE1CA7E744
:10C8E000BEF1300F11D04FF00F0A6FF0704899462B
:10C8F000B4E7337803F0DF03582B0BD008234FF055
:10C90000070A6FF060489946A8E7307800F0DF002A
:10C910005828E8D14FF0100996F801E04FF00F0ABF
:10C9200002366FF070484B4698E700BF01220400C2
:10C930009999991964E700BF10B4044C84461346D2
:10C9400020685DF8044B0A46614659E70010001064
:10C9500010B4044C8446134620685DF8044B0A4624
:10C9600061464DE70010001070B59AB013460A4EAC
:10C970000A466FF00041029105910849039104466F
:10C9800000253068199569460094049404F09CF8D9
:10C99000009B1D701AB070BD001000100802FFFF50
:10C9A00010B59AB00024009104916FF000410291FB
:10C9B0000591054903916946199404F085F8009B97
:10C9C0001C701AB010BD00BF0802FFFF10B4114C5C
:10C9D00084461CF8013B11F8010BE25C02F00302F3
:10C9E000012A225C02F0030208BF2033012A06D08C
:10C9F0001B1A0AD10028ECD15DF8044B7047203097
:10CA0000181AE6D05DF8044B704718465DF8044BE1
:10CA1000704700BF0122040018B3F0B407468C46EB
:10CA200017F8015B01E0A54214D01CF8014B002C63
:10CA3000F9D1DDB13E460C4616F8015B00E063B16A
:10CA400014F8013B9D42FAD14DB100233B701660B2
:10CA5000F0BC704773B13846E0E73746EAE72E4648
:10CA6000F5E710680028D8D1002070471560002035
:10CA7000F0BC704717600370EAE700BF0123FFF7BF
:10CA8000CBBF00BF2DE9F04F8946B1F90C10ADF5D1
:10CA90002F7D804688040693D9F8643007D441F48A
:10CAA000005123F40053A9F80C10C9F86430C3F303
:10CAB00040319B0400F1C080164616F8013B1193EB
:10CAC000002B00F0F486DFF854A70A918E460591FA
:10CAD0008B46039107911AF8034014F008046FD1B4
:10CAE000252B5DD131782246A1F12503701C532BF3
:10CAF00061D8DFE813F0540060006000600060005F
:10CB0000530460006000600060006000A500A500A4
:10CB1000A500A500A500A500A500A500A500A500ED
:10CB20006000600060006000600060006000600005
:10CB300060006000C303B0006000B00060006000EF
:10CB4000600060003F0460006000B70360006000A8
:10CB5000600060006000600060006000950360009D
:10CB600060004804600060006000600060006000D9
:10CB70006000CC03D603B000B000B000D803E003DF
:10CB8000600060001A046000260473063B04600025
:10CB90006000C003600075066000600095030646F3
:10CBA000D9F80430002B3BDDD9F8003016F8012C01
:10CBB0001978914221D003980DF52F7DBDE8F08FB3
:10CBC000D9F804200FE0D9F800301A781AF80220BA
:10CBD000170703F101030ED5D9F80420013AC9E97A
:10CBE00000320BF1010B002AEDDC4946404601F012
:10CBF000CFFB0028E7D002960AE00133C9F80030E5
:10CC0000D9F804300296013B0BF1010BC9F804304E
:10CC1000029E16F8013B1193002B7FF45CAFCAE72C
:10CC20004946404601F0B4FB0028BDD0039B1BB130
:10CC3000B9F80C305B06BED54FF0FF330393BAE76B
:10CC400014F08F0FB7D102EB820201EB4202303AAF
:10CC50007178064648E702900425D9F80430002B85
:10CC600000F3368349464046049201F091FB0028C8
:10CC7000DCD114F0400F049A00F02A836B1E032BC2
:10CC800000F2A286DFE813F0B1016C01B4000400E9
:10CC90004046049202F0ECFD049A03680C93531E84
:10CCA000B3F5AE7F44F4F06440F28C846FF4AE7060
:10CCB00013180F9340F25D12002556ABCDE90D55C8
:10CCC0002E4604950B95CDF820800993C8461F4643
:10CCD000A94625461446D8F800000378A3F12B0C8A
:10CCE000BCF14E0F50D8DFE81CF03B024F003B0276
:10CCF0004F004F0085027B007B007B007B007B00A8
:10CD00007B007B007B007B004F004F004F004F00FB
:10CD10004F004F004F0041027900790079001F0257
:10CD200014024F004F00C3014F004F004F004F004F
:10CD300071024F006E024F004F004F0069024F001A
:10CD40004F004F0053024E024F004F004F004F0064
:10CD50004F004F004F0041027900790079001F0217
:10CD600014024F004F00C3014F004F004F004F000F
:10CD700071024F006E024F004F004F0069024F00DA
:10CD80004F004F0053024E020C9A92F800C09C458F
:10CD900017D1AA0515D5049A0B9225F4207507F82A
:10CDA000013B013CD8F80430013B002B0BF1010B97
:10CDB000C8F8043040F307830130C8F80000002CA5
:10CDC00089D1049B2C4635464E46C146DDF820806D
:10CDD000002B00F0628124F480745EE12A05F0D516
:10CDE00019EB060CEDD1664625F4C075E146D6E791
:10CDF000531EB3F5AE7F88BF6FF4AE714FF00006DF
:10CE00008CBF5718002756AB88BF40F25D124946C9
:10CE1000D946B346059E089744F4586409931D46C5
:10CE20001746086890F800C0ACF12B034D2B5FD873
:10CE3000DFE813F012025E0012025E005E00BC0228
:10CE400018011801180118011801180118010B0226
:10CE50000B025E005E005E005E005E005E005E0033
:10CE60004E004E004E004E004E004E005E005E0032
:10CE70005E005E005E005E005E005E005E005E00C2
:10CE80005E005E005E005E005E005E005E00FF0110
:10CE90005E005E005E005E005E005E005E005E00A2
:10CEA0004E004E004E004E004E004E005E005E00F2
:10CEB0005E005E005E005E005E005E005E005E0082
:10CEC0005E005E005E005E005E005E005E00FF01D0
:10CED0000A2E0DDD24F4386405F801CB4B68013BC4
:10CEE000002B4B6040F37A8201300860013F98D1FB
:10CEF00005965E46CB468946E10507D5099B9D42CE
:10CF000000F2AD84099B9D423FF455AE14F010022F
:10CF100040F07482059B079F09992A704046B847E4
:10CF2000069BA20603F1040700F16282630700F189
:10CF3000758414F0010240F05A82A40740F1578230
:10CF4000B44B079999424046059B099900F0178513
:10CF500002F004FC0B46069A1168C1E9000349E29D
:10CF6000D9F800100B78002A1AF8033008BF4FF0E8
:10CF7000FF32E00704F0100603F0080300F17682A8
:10CF8000002E00F02983002B7FF442AED9F8043044
:10CF90000131013B012AC9F80010C9F8043008BF6B
:10CFA0000BF1010B3FF434AE0124154613E0D9F820
:10CFB00000301A781AF80220160703F1010312D480
:10CFC000C9F80030D9F804300134013BA542C9F852
:10CFD000043000F05684002BE9DC4946404601F05D
:10CFE000D7F90028E3D0A34412E6002A08BF4FF087
:10CFF000FF3204F01003E0070B9300F12C83D9F803
:10D0000000100B980B7816ACE35C002800F09282BD
:10D01000002B3FF4D0ADD9F804300131013B012A97
:10D02000C9F80010C9F8043018BF164610D117E02F
:10D03000D9F800301A78A25C01338AB1C9F80030FF
:10D04000D9F804300135013BAE42C9F8043007D0AD
:10D05000002BEDDC4946404601F09AF90028E7D064
:10D06000AB44D5E56C4B24F4386433F9166033E7F0
:10D07000002E40F0C881049A002A40F09C8205F4FA
:10D08000E06CBCF5E06F00F015842C4600233546BB
:10D090004E46C146DDF820800493013E012E40F249
:10D0A00050846B1E062B40F25983E50540F1B9818F
:10D0B000600500F1548417F8011C652907F1FF355C
:10D0C0000BF1FF3602D0452940F07E834A464046A8
:10D0D00001F020F914F0100340F06C832B70B3467C
:10D0E0000D9B002B40F0A48309990022404603F0D9
:10D0F000C1FB069BE10757EC106B03F1040540F1FF
:10D1000044831B6883ED000B039B06950133039357
:10D110007EE5290503D519EB060C3FF464AE022E1B
:10D120007FF44FAE03263AE629053FF559AE05F4E4
:10D13000A06CBCF5806F05D06A057FF542AE049AFD
:10D14000002AA2D0A90504D4049A0B99521ACDE959
:10D150000D2725F47865002245F4C07504921EE67B
:10D1600029067FF52EAE25F0800518E62A0503D5A1
:10D1700019EB060C3FF437AEB9F1010F7FF421AE85
:10D180004FF002090BE6072E7FF41BAE082606E6D9
:10D1900005F4186CBCF5807F7FF413AE049A012A65
:10D1A0007FF40FAE25F480754FF0300C002207F8A5
:10D1B00001CB45F40065013C0492F0E5062E7FF4B6
:10D1C00000AE0726EBE52A05B1D4FAE5B9F1000F68
:10D1D00040F02081049A2AB905F4E06CBCF5E06FB8
:10D1E00000F06D83012E02D0042E7FF4EAAD0136EB
:10D1F000F6B2D4E5E9057FF5F3AD049B0133049362
:10D200000F9B25F08005002B3FF4CBAD0F9B013B1E
:10D210000F93C7E535C90000DC210400012204009A
:10D22000029044F400748D4B07931023059303255B
:10D2300013E504F4C063B3F5007F7FF459AE24F422
:10D24000007444F4A064102646E6854B33F916605A
:10D25000082E3FF73FAE4BE623067FF549AE24F09C
:10D26000800439E6029044F001047C4B07930823C4
:10D2700005930325F1E402900225EEE4029044F0C8
:10D280000104784B07930A2305930325E5E40290F4
:10D2900044F040040025D9F80430002B3FF7EEACF1
:10D2A000E0E40290EDE723077FF485AC717844F069
:10D2B0000404064618E4D9F804300290002B694BA8
:10D2C00007934FF0000305934FF003057FF7CAACB7
:10D2D000D9F800100B781AF8033018077FF5CEAC98
:10D2E00016460A4606E0C9F8002013781AF80330FB
:10D2F000190718D5D9F80430013B002B0BF1010BAD
:10D30000C9F8043002F10102EDDC4946404601F063
:10D310003FF800287FF48AACD9F8002013781AF877
:10D3200003301907E6D43246A8E425077FF443AC5E
:10D3300071786C2900F09C8244F001040646FFF7E6
:10D34000D3BBE70602903FF563AC069B660753F834
:10D35000042B00F16A82E507C2F800B004D4A407E8
:10D3600002D54FEAEB715160069351E4029044F408
:10D37000087458E721077FF41EAC717844F002046A
:10D380000646FFF7B1BB014616A8049202F000FA68
:10D3900044F04004049A029001257CE722437FF484
:10D3A0000AAC717810240646FFF79EBB23057FF573
:10D3B00093AD16B944F400740826620540F1C381A8
:10D3C00024F4B06488E50898414600F0E1FF0028A5
:10D3D0007FF4F7AC002C7FF47EACF2E4404604917D
:10D3E00000F0D6FF049900283FF480AD80E5069B4D
:10D3F0001B681860039B069701330393099BED1A82
:10D400003544AB4404E4032E3FF4F1AE052E3FF463
:10D41000EEAED6E4B9F1020F7FF4E4AE4FF00309AB
:10D42000BDE414F010037FF4F3AB3B7004F4C0636D
:10D43000B3F5806F7FF454AE0B9B049A93423FF494
:10D4400053AE9A1A0DF2AB239F4228BF0DF2AA27C2
:10D450000549384600F03CFF46E600BF35C90000EC
:10D46000DC21040071DC0000883B0400002E40F049
:10D47000A481069F57F804CB002B52D100250697B4
:10D4800064462F460496154603F0F8FAB8423FF476
:10D49000CDABD9E9003113F8010B0139C9E90031ED
:10D4A0000A9B56AA032BD055099207F1010714AE27
:10D4B00002D13368042B04D0082200213046FEF745
:10D4C0000BFF099A00963B462146404600F072FD4C
:10D4D000421C0A903FF4AAAB002840F0D58120609E
:10D4E00000F064FD002840F01582BB44013D049B20
:10D4F000002B40F0EA8104341F46D9F80430002B99
:10D5000040F3F981D9F800301B781AF803301B0773
:10D5100001D4002DB8D1049E069FA446002E40F0F1
:10D52000AD81039B0697013303930023CCF80030B1
:10D53000FFF76EBB069F57F8040B002B3FF43BAB85
:10D54000D9F80430013BC9F804304B1CC9F800304D
:10D5500006460B7806F8013B012A23D08518049073
:10D5600011E0D9F800100B78E35C7BB3D9F80430F4
:10D57000013BC9F804304B1CC9F800300B7806F8A1
:10D58000013BAE4222D0D9F80430002BE9DC4946F9
:10D59000404600F0FDFE0028E3D00498B0423FF47E
:10D5A00045AB351A039B0697013303930023AB4425
:10D5B0003370FFF72DBB2C4635464E46C146DDF88D
:10D5C000208008E400230F93FFF776BB0498351AF8
:10D5D000002DE7D1FFF7EFBA069F57F8046B002B39
:10D5E00040F0CB81D9F80430013BC9F804304B1C22
:10D5F000C9F8003034460B7804F8013B012A00F0EA
:10D60000C381B51813E0D9F800301A781AF802204F
:10D61000100716D4D9F80420013AC9F804205A1C7E
:10D62000C9F800201B7804F8013BAC4209D0D9F8B6
:10D630000430002BE7DC4946404600F0A9FE0028F4
:10D64000E1D0A61BB344039B069701330393002349
:10D650002370FFF7DDBA002B40F0DE80069B53F805
:10D66000047B06930A9CCDF820B000259346CDF8A4
:10D67000108003F003FAA8423FF4D8AAD9E9003297
:10D6800056A813F8011B4155013A032CC9E9003291
:10D6900005F101050DF1480803D1D8F80030042B3D
:10D6A00004D0082200214046FEF716FE39460498B1
:10D6B000CDF800802B4656AA00F07CFC411C0446A5
:10D6C0003FF4B4AA002840F0BD803860064614AB91
:10D6D0000822002118460993FEF7FEFDB749099B71
:10D6E00004983246D1F8E06010A9B04701280CBF79
:10D6F0009DF84060002616AB9B5D002B00F0E78094
:10D70000089B032C2B44089300F0A3800BF1FF3BF4
:10D710000B9B03B90437D9F80430002B4FF00005F8
:10D720006BDDBBF1000FA4D1DDF820B0DDF8108077
:10D730000A940B9B002B7FF46BAA3B60039B013385
:10D740000393FFF765BA089B24F4607413B1013B9F
:10D75000089301370BF1010BFFF7C0BB022D40F21C
:10D760001E81032D3FF4A1AC043DEEB2F5433D44D0
:10D7700017F8011D4A46404600F0CCFDAF42F7D1F4
:10D780000BF1FF3BABEB060B8FE4069BA2071B687C
:10D79000049347D432463B463046394609F040FDB3
:10D7A000002840F0F4803046394609F097FD049B8C
:10D7B0001860A9E4B346FFF72BBA002B7FF428AA20
:10D7C000069F0DF1440C59E64A46404600F0A2FD82
:10D7D000ABF1020617F8021CBD1E77E4029044E587
:10D7E000774B07930A23029005930325FFF735BA79
:10D7F000D9F80430002B3FF73CAF0498494600F0BD
:10D80000C7FD00288DD0DDF820B0DDF810800A9427
:10D81000002D8ED0FFF70ABA11AF23E7069B1B68D5
:10D820001880E7E583ED000B6EE4A2F800B09BE5FD
:10D830000E9F0A230022791C404600F019FA0D9B26
:10D84000C21AFFE5821CD3D03E68731C7FF43FAF41
:10D8500051E7D8F80030042B7FF458AF58E715F89B
:10D86000011C4A464046013D00F054FDFFF74ABB0B
:10D87000B17844F002040236FFF736B90697FFF795
:10D88000C7B9AB44FFF7C4B90A9B02333FF435AEC6
:10D89000206800F08BFB00283CD10A9B032BBB4483
:10D8A0007FF424AE3368042B7FF420AE1FE603938D
:10D8B000FFF781B925F4F0650126FFF770BA25F46A
:10D8C000F0654FF00109FFF76ABA002715E6DDF8A9
:10D8D00020B0DDF810800A94002D3FF42AAF56AB3B
:10D8E0005C19013D14F8011D4A46404600F012FD46
:10D8F000002DF6D11DE74946404600F049FD0028BD
:10D900003FF400AE3D46049E069FA446002D7FF4E2
:10D910008DA903E63D46049E069FA446002D3FF4D4
:10D92000FDAD099CCDF810C02C44013D14F8011D3B
:10D930004A46404600F0EEFC002DF6D1DDF810C05E
:10D94000ECE5099CA7427FF636A917F8011D4A4667
:10D95000404600F0DFFCA742F7D1FFF72CB9099C45
:10D96000A7427FF628A917F8011D4A46404600F055
:10D97000D1FCA742F7D1FFF71EB9344663E604F0A5
:10D98000B1FF0B46FFF7E7BA0BF1010B5BE60D4861
:10D9900001F020FE049B83ED000AFFF7B5BB099B55
:10D9A0009F427FF608A917F8011D4A46404600F03D
:10D9B000B1FC099B9F42F6D1FFF7FDB8341100106E
:10D9C00035C90000803C0400012A38BF012204F060
:10D9D000100714F00104164615D1002F6BD1069CD8
:10D9E000134654F8041BCDF800900122404600F085
:10D9F000EBFC00283FF41AA9039B069401338344EF
:10DA00000393FFF705B9002F46D0002304930025A8
:10DA10002C460A9DCDF8208003F030F8A0423FF458
:10DA200005A9D9E9003156AA13F8010B105501399F
:10DA3000032D04F10108C9E9003114AC02D12268B8
:10DA4000042A04D0082200212046FEF745FC56AAED
:10DA5000049908980094434600F0ACFA421C05462D
:10DA60003FF4E4A800283CD1C344013E27B9049BFD
:10DA70001F60049B04330493D9F80430002B4FF04B
:10DA800000043FDD002EC7D1DDF820800A95002F6D
:10DA90003FF454AEFFF7BCB8069B53F8042B049236
:10DAA0000693B4E7C9F80010404649461C44F61AEC
:10DAB00000F06EFC78B9D9E900239E4202EB030125
:10DAC000F0DC9B1B32443444C9F80430C9F8002010
:10DAD000A344FFF79DB8002C3FF4A8A8A344FFF788
:10DAE00097B8831C09D00328C34402D12368042BB0
:10DAF00000D0013E002FBCD0BEE7D9F804100029A9
:10DB0000444689DC0898494600F042FC0028B9D018
:10DB1000DDF820800A95002C7FF488A8002F3FF4C0
:10DB20000DAEFFF775B800BF0A22002100F0AEB8B5
:10DB30000A23002200F09CB8242B2DE9F84F43D88B
:10DB4000012B41D0804649481F468E4675461EF837
:10DB500001BB10F80B4014F00804F7D1BBF12D0FF6
:10DB60006FD0BBF12B0F08BF9EF800B06FF00049DB
:10DB700008BF05F1020E73BBBBF1300F4BD00A2773
:10DB80003B460025B9FBF7F6284607FB169A05E049
:10DB90003AD007FB00C001251EF801BBABF1300CE9
:10DBA000BCF1090F06D9ABF1410CBCF1190F19D822
:10DBB000ABF1370C63451EDDB5F1FF3FECD086427B
:10DBC000E6D24FF0FF35E7E704F0B2FD162303601D
:10DBD0000020BDE8F88F102BD3D1BBF1300F23D03C
:10DBE0001F46CEE7ABF1610CBCF1190F03D8ABF1C6
:10DBF000570C6345E0DC6B1C2BD054B9002AE8D0ED
:10DC000085BB1160BDE8F88FE245C2DA4FF0FF3501
:10DC1000C2E74042F2E79EF8003003F0DF03582BE2
:10DC200008D008273B46ACE79EF8000000F0DF0074
:10DC30005828D5D110279EF801B03B460EF1020EB0
:10DC40009FE79EF800B04FF0004905F1020E012455
:10DC500091E72223C8F8003032B10EF1FF31484677
:10DC60001160CFE78146F8E74846B2E70122040099
:10DC700062E700BF10B4044C8446134620685DF888
:10DC8000044B0A46614657E70010001010B4044CDC
:10DC90008446134620685DF8044B0A4661464BE70C
:10DCA0000010001038B511F0FF040CD00346002519
:10DCB00001E0431C054621461846FEF7BFFB00283D
:10DCC000F7D1284638BD2146BDE83840FEF7B6BB3F
:10DCD00008B410B5002A9DB0044636DB4FF4027339
:10DCE000ADF814304FF000031B930291069120AB66
:10DCF00017D0013A4FF6FF7104920792ADF8161053
:10DD00001F9A019302A902F0DFFE421C01DA8B2365
:10DD10002360029B00221A701DB0BDE8104001B0C4
:10DD200070474FF6FF7104920792ADF816101F9AD4
:10DD3000019302A902F0C8FE431C01DA8B23236081
:10DD40001DB0BDE8104001B070478B2303604FF059
:10DD5000FF30F5E70CB410B5214B00291C689CB0CE
:10DD600038DB4FF000034FF402721B93ADF8142020
:10DD7000029006901FAB18D001394FF6FF72049144
:10DD80000791ADF8162002A91E9A0193204602F0D1
:10DD90009BFE421C01DA8B232360029B00221A7037
:10DDA0001CB0BDE8104002B070474FF6FF720491FE
:10DDB0000791ADF8162002A91E9A0193204602F0A1
:10DDC00083FE431C01DA8B2323601CB0BDE81040A6
:10DDD00002B070478B2323604FF0FF30F5E700BFA0
:10DDE00000100010844641EA000313F003036DD1D4
:10DDF000403A41D351F8043B40F8043B51F8043B0E
:10DE000040F8043B51F8043B40F8043B51F8043B14
:10DE100040F8043B51F8043B40F8043B51F8043B04
:10DE200040F8043B51F8043B40F8043B51F8043BF4
:10DE300040F8043B51F8043B40F8043B51F8043BE4
:10DE400040F8043B51F8043B40F8043B51F8043BD4
:10DE500040F8043B51F8043B40F8043B51F8043BC4
:10DE600040F8043B51F8043B40F8043B51F8043BB4
:10DE700040F8043B403ABDD2303211D351F8043B54
:10DE800040F8043B51F8043B40F8043B51F8043B94
:10DE900040F8043B51F8043B40F8043B103AEDD203
:10DEA0000C3205D351F8043B40F8043B043AF9D254
:10DEB000043208D0D2071CBF11F8013B00F8013B27
:10DEC00001D30B8803806046704700BF082A13D334
:10DED0008B078DD010F003038AD0C3F10403D21A4C
:10DEE000DB071CBF11F8013B00F8013B80D331F880
:10DEF000023B20F8023B7BE7043AD9D3013A11F800
:10DF0000013B00F8013BF9D20B7803704B7843706A
:10DF10008B7883706046704710B50C46B1F90E10CF
:10DF200004F0FAFC002803DB236D0344236510BDD5
:10DF3000A38923F48053A38110BD00BF0020704744
:10DF40002DE9F0410C46B1F90C101F46CB050546F2
:10DF500016460BD421F48051A1813B46B4F90E1032
:10DF600032462846BDE8F04100F06CB8B4F90E1016
:10DF70000223002206F020F9B4F90C10EAE700BFF2
:10DF800010B50C46B1F90E1006F016F9B4F90C30C4
:10DF9000421C0EBF23F4805343F480532065A381B9
:10DFA00010BD00BFB1F90E1001F002BB002104F05A
:10DFB000C5BB00BF70B50D4C82B0D4F8E460069CC0
:10DFC00005462AB10094B047431C08D002B070BD8A
:10DFD00011460123064A0094B047431CF6D10022A3
:10DFE0008A2322602B6002B070BD00BF3411001084
:10DFF000803C040070B51C460F4B1D680F4B82B06F
:10E00000D3F8E46051B1944663460A460094014651
:10E010002846B047431C08D002B070BD0123084A0F
:10E0200000942846B047431CF6D100228A23226080
:10E030002B6002B070BD00BF001000103411001042
:10E04000803C040038B50C46084D844611462046F5
:10E050001A4600232B60644609F084FB431C00D061
:10E0600038BD2B68002BFBD0236038BDA41B0010EB
:10E0700000207047024A0349034801F0D5BB00BFA6
:10E0800028110010F9400100081000100C4B4168E5
:10E09000994210B5044601D006F02EF8A168094B4C
:10E0A000994202D0204606F027F8E168064B9942D3
:10E0B00004D02046BDE8104006F01EB810BD00BFD9
:10E0C000341A00109C1A0010041B00100020704726
:10E0D0002DE9F8432A4C2B49DFF8BC90DFF8BC80CF
:10E0E000294FC4F83811002504230822294604F1D9
:10E0F0005C00264EE360C4E90055C4E90455A56000
:10E100006566A561FEF7E8F8214B6367082229469A
:10E1100004F1C400C4E90749C4E90987C4E91A55F0
:10E12000C4E91E552567C4F8CC50C4F88050E66297
:10E13000FEF7D2F8174BC4F8DC30294604F1680327
:10E14000082204F59670C4F88430C4E92298C4E922
:10E150002476C4E93455C4E93855C4F8D850C4F815
:10E160003451C4F8E850FEF7B7F804F1D003C4E91D
:10E170003C98C4E93E76C4F8EC30BDE8F88300BFB3
:10E18000341A001075E0000081DF0000A5DF0000F8
:10E19000090001001200020019DF000041DF000049
:10E1A000F8B5254BD3F838310646002B3CD0234F29
:10E1B000D7E90134013B04D51DE05A1C04F1680481
:10E1C00019D0B4F90C50013B002DF6D11C4BE36083
:10E1D000C4E90155C4E9045565662560A5610822B6
:10E1E000294604F15C00FEF777F8C4E90C55C4E950
:10E1F00011552046F8BD3D680DB12F46D8E74FF4C4
:10E20000D671304604F09EFB044680B10423C0E979
:10E2100000530C302946A0604FF4D0722546FEF71B
:10E220005BF83C602F46C3E7FFF752FFBFE70C23C4
:10E2300038603360DDE700BF341A00102811001089
:10E240000100FFFF436B03B17047044B044AD3F84E
:10E2500038314263002BF7D13AE700BF341A00107F
:10E260008DE00000704700BF704700BF024A0349BD
:10E27000002001F0D9BA00BF2811001071E00000A1
:10E28000024A0349002001F0CFBA00BF2811001054
:10E29000CDE000000CB410B59CB01EAB029106910D
:10E2A0006FF0004104910791084953F8042B059140
:10E2B000002402A901931B9402F006FC029B1C702F
:10E2C0001CB0BDE8104002B0704700BF0802FFFF5D
:10E2D0000EB430B59CB06FF000411FAB04910791B4
:10E2E0000A4953F8042B029000240690084D086850
:10E2F000019302A905951B9402F0E6FB029B1C709A
:10E300001CB0BDE8304003B0704700BF00100010E3
:10E310000802FFFF38B54B1C1AD09389144623F02E
:10E3200020035268A381236BCDB2A3B1636B9342E8
:10E3300009DD23685A1E226003F8015C636801331B
:10E340006360284638BD214601F08CF80028F0D0E3
:10E350004FF0FF35F5E7236921682BB18B4203D2DB
:10E3600011F8013CAB420ED02346C4E90E1204F171
:10E37000400003222063626303F8425F0122C4E984
:10E380000032284638BD01390132C4E90012D8E70D
:10E3900010B50C46096B69B104F14003994201D0F4
:10E3A00005F0AEFDE36B63600020206313B1A36B47
:10E3B000236010BDA2892369002142F02002616020
:10E3C000A2814FF0FF30F3E72DE9F04F85B083468F
:10E3D00002FB03F00E9C019398B38846D4E9001524
:10E3E000A842064622D9CDE902024FF0000904F105
:10E3F000400A40462A46FFF7F5FC2168236B4F1977
:10E40000C4E90079194637465846A844761BDBB163
:10E41000534501D005F074FDE16BC4F830906160A4
:10E4200091B10D46B542A16B2160E2D33246404620
:10E43000FFF7D8FCD4E90032921B3344C4E9003220
:10E44000019805B0BDE8F08FDDE90202A3892844F8
:10E45000C01B43F02003B0FBF2F02269A38100232C
:10E46000C4E9002305B0BDE8F08F00BF2DE9F04FEF
:10E470008A46B1F90C10DDB08C0407930390DAF8EA
:10E48000643007D441F4005123F40053AAF80C106F
:10E49000CAF864309804C3F3403100F1A4831646EF
:10E4A00016F8013B0D93002B00F08986DFF8A0845D
:10E4B00006918E468B4689460591089118F80340CF
:10E4C00014F008046ED1252B5DD131782746A1F1D7
:10E4D0002503721C532B61D8DFE813F05400600051
:10E4E0006000600060002F0260006000600060005B
:10E4F0006000D000D000D000D000D000D000D0000C
:10E50000D000D000D00060006000600060006000BB
:10E510006000600060006000600023026000600036
:10E520006000600060006000600027026000600022
:10E530003101600060006000600060006000600009
:10E540006000DC00600060003A0160006000600074
:10E550006000600060006000A001A5016000600034
:10E560006000AC01B40160006000FA0160000502C7
:10E5700001061C02600060002002600004066000CA
:10E580006000DC001646DAF80430002B5BDDDAF8B8
:10E590000030197816F8012C914232D005985DB000
:10E5A000BDE8F08FDAF80430039F0AF1400500243B
:10E5B0001A460FE0DAF800301A7818F8022012072D
:10E5C00003F101033DD5DAF80420013ACAE900322B
:10E5D00009F10109002AEDDCDAF830303846194635
:10E5E00013B3AB4201D005F08BFCDAF83C30CAF82B
:10E5F0003040CAF80430BBB1DAF83830CAF800301D
:10E60000DAE70133CAF80030DAF804300496013B47
:10E6100009F10109CAF80430049E16F8013B0D9374
:10E62000002B7FF44BAFB9E7BAF80C3043F020036E
:10E63000AAF80C30DAF81030CAF800300023CAF813
:10E6400004300496E8E7DAF83010002900F0B982C7
:10E650000AF14003994202D0039805F051FCDAF820
:10E660003C30CAF804300022CAF83020002B00F0F9
:10E67000A882DAF83830CAF800308AE714F08F0F31
:10E680008CD107EB870701EB4701A1F130077178C7
:10E6900016461CE7049244F40074AB4B0893102315
:10E6A00006930323DAF80410002900F3D880DAF87F
:10E6B0003010002900F085820AF14000814204D028
:10E6C0000398099305F01CFC099BDAF83C10CAF882
:10E6D00004100020CAF83000002900F07282DAF835
:10E6E0003810CAF80010600640F1B980022B00F023
:10E6F000FE81032B00F02E81012B37D0012F04F077
:10E70000100238BF012714F001040A9240F02E8451
:10E710000A9B002B40F0CC82079C039854F8041B02
:10E72000CDF800A03B460122FFF74EFE002800F086
:10E730005382059B07940133814405936CE704924F
:10E7400044F00104804B0893082306930323A9E7B0
:10E7500011461CA801F01CF844F040040490012369
:10E76000DAF804100029A2DD012BC7D1002F04F034
:10E77000100208BF4FF0FF3714F001040A9240F076
:10E780008883DAF800600A9A31781CAD695C002A47
:10E7900000F0CE8200293FF401AFDAF80410013610
:10E7A0000139012FCAF80060CAF8041000F0208374
:10E7B0000AF14006CDF82490B14626461C4612E0E8
:10E7C000DAF800100878285C0131002800F00D8389
:10E7D000CAF80010DAF8041001340139A742CAF867
:10E7E000041000F002830029EADCDAF830300398E4
:10E7F0001946002B00F024854B4501D005F080FB25
:10E80000DAF83C10CAF83060CAF80410002900F0A9
:10E810001785DAF83810CAF80010D3E7049244F0EC
:10E82000400400239CE70492484B08930A23069374
:10E83000032337E723077FF4B1AE717844F0040473
:10E84000164644E6DAF804300492002B3F4B089356
:10E850004FF0000306934FF003037FF728AFDAF879
:10E860000000017818F8011009077FF53FAF0AF1A1
:10E8700040060994002534464E46994608E001308A
:10E88000CAF80000017818F801100A0740F19581D4
:10E89000DAF804100139002906F10106CAF804105B
:10E8A000EDDCDAF8303003981946002B00F089814E
:10E8B000A34201D005F024FBDAF83C10CAF830502E
:10E8C000CAF80410002900F07C81DAF83800D7E794
:10E8D00020077FF463AE71786C2900F0508444F017
:10E8E00001041646F3E5E70604923FF595AE079A54
:10E8F000660752F8043B079200F10084E50700F137
:10E900005A84A40740F157844FEAE972C3F8009093
:10E910005A6081E6049244F40874BEE6049202232D
:10E92000C0E6049244F001047EE721077FF436AE8E
:10E93000717844F002041646C9E527437FF42EAEF1
:10E94000717810241646C2E535C9000071DC00005C
:10E95000012204007B1E262B44F4586440F24781B8
:10E96000A7F127030B932727002312AE1A4609931A
:10E970000AF1400335460A933346069EDAF8001042
:10E9800091F800C0ACF12B004D283AD8DFE800F038
:10E990007E397E3939896D6D6D6D6D6D6D8383390D
:10E9A0003939393939392727272727273939393943
:10E9B000393939393939393939393939397339398D
:10E9C0003939393939392727272727273939393923
:10E9D00039393939393939393939393939730A2EA7
:10E9E0000FDD24F4386405F801CBDAF804000138AF
:10E9F0000028CAF8040060DD0131013FCAF80010A8
:10EA0000BCD106961E46E10505D5B54200F29783B6
:10EA1000B5423FF4C3AD14F0100240F0C980069B2C
:10EA2000089F03982A703146B847079BA20603F156
:10EA3000040700F1B780630700F15C8314F0010262
:10EA400040F0AF80A10740F1AC80B74B0899039824
:10EA50009942069B314600F08B8400F07FFE0B4606
:10EA6000079A1168C1E900039EE0B04824F43864B5
:10EA700030F91660B7E704F4C060B0F5007FC0D18C
:10EA800024F4007444F4A0641026ACE72006B8D542
:10EA900024F08004A7E7A54830F91660082EA0DC12
:10EAA000AFE720059FD516B944F400740826600529
:10EAB00040F1AA8224F4B06495E7DAF83010002916
:10EAC00000F082830A98814205D00398069305F0EE
:10EAD00017FA069B0022DAF83C10CAF83020CAF870
:10EAE0000410002900F07083DAF8381085E7DAF8AE
:10EAF00000000378002F18F8035008BF4FF0FF37CD
:10EB0000E10704F0100205F0080573D4002A00F0B4
:10EB10007181002D7FF480ADDAF804300130013BC3
:10EB2000012FCAF80000CAF8043008BF09F1010932
:10EB30003FF472AD0AF14006324601242E461546D6
:10EB400014E0DAF80030197818F80110090703F119
:10EB5000010300F1E780CAF80030DAF8043001342C
:10EB6000013BA742CAF8043000F00F83002BE8DC19
:10EB7000DAF8303003981946002B00F0A083AB423E
:10EB800001D005F0BDF9DAF83C30CAF83060CAF8B7
:10EB90000430002B00F09383DAF83830CAF80030E4
:10EBA000D1E7079B1B681860059B07970133059306
:10EBB000099BAD1B1D44A9442EE54B46099CB1465B
:10EBC00094E5DAF81010BAF80C300022CAE9001205
:10EBD00043F02003AAF80C30059B23B1BAF80C309F
:10EBE0005B067FF5DBAC4FF0FF330593D6E40023E3
:10EBF0000B93B9E6002A00F01E82002D7FF40CADC5
:10EC0000079C0DF1340C00250A945E462C460792B1
:10EC1000654601F033FFA042DED0DAE900210DF1B4
:10EC2000480B12F8010B0BF80400631C0139032E8A
:10EC3000CAE90021099310AC02D12368042B04D047
:10EC4000082200212046FDF747FB5A46099B0398FE
:10EC500000942946FFF7AEF9421C0646BCD00028B6
:10EC600040F096822860FFF7A1F9002840F05C830D
:10EC7000099B9944013F079B002B40F0A382043578
:10EC80001C46DAF80420002A40F3ED82DAF800206E
:10EC9000127818F80220100701D4002FB9D10A9C6D
:10ECA000079AAC46B346002A00F0CB810794B3E440
:10ECB000DAE90013BB4280F25483DAF830201846B8
:10ECC0000AF14006CDE9099B13462546A346B14605
:10ECD00002461144CAF800105E463C4603981946A5
:10ECE0009344BF1A002B00F032824B4501D005F04F
:10ECF00007F9DAF83C20CAF83050CAF80420002A94
:10ED000000F02582DAF83810CAF8001097424FF068
:10ED10000003DEDCDDE9099B13463444DB1B394488
:10ED2000CAE90013A14477E435C9000004230400B4
:10ED3000079A52F8040B00293FF430ACDAF80410BB
:10ED40000139CAF80410711CCAF800100446317861
:10ED500004F8011B012F40D0C619CDF81C900AF110
:10ED60004007B14609900A9E0B9211E0DAF80010B4
:10ED70000878285C48B3DAF804000138CAF80400BF
:10ED8000481CCAF80000097804F8011B4C451CD047
:10ED9000DAF804100029E9DCDAF830300398194673
:10EDA000002B00F03682BB4201D005F0A9F8DAF85A
:10EDB0003C10CAF83060CAF80410002900F029821B
:10EDC000DAF83810CAF80010D2E70998DDF81C907C
:10EDD0000B9A231A002B3FF4E1AB9944059B079251
:10EDE000013305930023237016E4DDF824902346B5
:10EDF000994411E4079951F8042B002D40F0B38297
:10EE0000DAF80430013BCAF80430431CCAF8003079
:10EE10001446037804F8013B012F00F0A682D619AE
:10EE200007910AF14007099216E0DAF80010087815
:10EE300018F80000020701F1010300F1F080DAF890
:10EE40000400CAF800300138CAF80400097804F850
:10EE5000011BB44200F0E380DAF804100029E4DC7E
:10EE6000DAF8303003981946002B00F01682BB42C6
:10EE700001D005F045F8DAF83C10CAF83050CAF86D
:10EE80000410002900F00982DAF83810CAF80010DE
:10EE9000CDE7002A40F02081079B53F8042B09920C
:10EEA000079300245D4601F0E9FDA0423FF494AED3
:10EEB000DAE9003212A813F8011B0155013A032DBB
:10EEC000CAE9003204F101040DF1380B03D1DBF87B
:10EED0000030042B04D0082200215846FDF7FCF92D
:10EEE000099E0398CDF800B0234612AA3146FFF7D9
:10EEF00061F8431C05463FF46FAE002840F00281E4
:10EF00003060064610AB0822002118460B93FDF72F
:10EF1000E3F9B5490B9B03983246D1F8E0600CA9A0
:10EF2000B04701280CBF9DF8306000261CAB9B5DEC
:10EF3000002B00F05D81032DA14400F0FA80013F19
:10EF40000A9B13B9099B04330993DAF80430002BA8
:10EF50004FF0000440F3A580002FA4D1AB460A9BDC
:10EF6000002B7FF459AB099A136048E0002A40F067
:10EF70009080079951F8042B099207911C4612AE14
:10EF80000B9301F07BFDA0423FF426AEDAE90021AD
:10EF900012F8010B30550139BBF1030FCAE900210A
:10EFA00004F1010410AD02D12B68042B04D0082217
:10EFB00000212846FDF790F909990398009523460A
:10EFC0003246FEF7F7FFB0F1FF3F83463FF404AE51
:10EFD000002840F09F800A9BA144013F23B9099A71
:10EFE0001360099B04330993DAF804200B9C002A70
:10EFF00034DD002FC5D10A9B002B7FF40DAB059BA0
:10F0000001330593FFF708BB0B9824F4607410B12B
:10F0100001380B900137099801300990E5E4099A0D
:10F020000799A31A9944059B07910133059300237F
:10F030002370FFF7F1BA079C54F804CB002D3FF47E
:10F04000E2AD059B0794013305930023CCF8003013
:10F05000FFF7E2BADAF80420002A92DCDAF830107E
:10F06000002900F04E810AF14002914202D003983B
:10F0700004F046FFDAF83C20CAF804200023CAF85E
:10F080003030002A00F03D81DAF83820CAF800203C
:10F09000AFE70022099271E7DAF80430002B3FF75E
:10F0A00002AFDAF83010002900F019810AF14003AC
:10F0B000994202D0039804F023FFDAF83C30CAF8F2
:10F0C00004300022CAF83020002B00F00881DAF862
:10F0D0003830CAF800303FE70DAB0993E1E60492FF
:10F0E000FFF730BB414B08930A2306930492032396
:10F0F000FFF7D8BA079B1B68188055E5A3F8009066
:10F10000FFF78ABA861CC7D0099B1E68701C7FF463
:10F11000F9AE0BE710F1020F9CD00328A14402D1F5
:10F120002A68042A00D0013F0A9B002B3FF459AF04
:10F130005AE7DBF80030042B7FF401AF00E715F845
:10F14000011C03985246013DFFF7E4F860E4BAF869
:10F150000C30DDF8249043F02003AAF80C30DAF8E4
:10F160001030CAF800305C460023DDF828B0CAF839
:10F170000430002C3FF430ADA144FFF74DBAB17814
:10F1800044F002040236FFF7A2B9B944FFF744BACB
:10F19000831C00F0C7802868FEF708FF002840F0B5
:10F1A000C380099B032E99447FF464AD2268042A2E
:10F1B0007FF460AD5FE5C3F80090FFF72DBA0593CB
:10F1C000FFF7ECB900245CE506961E46BAF80C3051
:10F1D00043F02003AAF80C30DAF81030CAF80030F7
:10F1E0000023CAF804300EE43411001035C90000C1
:10F1F000AB46002C3FF4B3AE12AB039E1D19013C8D
:10F2000015F8011D52463046FFF784F8002CF6D160
:10F21000A5E6BAF80C300998DDF81C900B9A43F07B
:10F220002003AAF80C30DAF81030CAF80030A042F7
:10F230004FF00003CAF804303FF4CEAC231ACCE5FB
:10F24000BAF80C20DDF8249042F02002AAF80C2035
:10F25000DAF81020CAF8002023460022CAF8042059
:10F260009944FFF7D9B9DAF83010002900F0858009
:10F270000AF14002914202D0039804F041FEDAF80C
:10F280003C20CAF804200021CAF83010002A74D0AB
:10F29000DAF83820CAF80020FAE4099A0799A31A84
:10F2A0009944BAF80C3043F02003AAF80C30DAF88D
:10F2B0001030CAF800300023CAF80430B3E6BAF8B8
:10F2C0000C3043F02003AAF80C30DAF81030CAF8FA
:10F2D00000300023A144CAF80430FFF79DB9BAF802
:10F2E0000C3043F02003AAF80C30DAF81030CAF8DA
:10F2F00000300023AB46CAF80430002C3FF42FAE98
:10F300006AE4BAF80C3043F02003AAF80C30DAF8BB
:10F310001030CAF800300023CAF80430002C3FF443
:10F320006AAE59E4099CACE4AC46DDE909545B469D
:10F33000079AB3461E46002D3FF4B5AC2E44079401
:10F340003446039E09926746013D14F8011D52465A
:10F350003046FEF7DFFF002DF6D1079C099ABC4628
:10F36000A1E43C46DAE414465DE609F101095AE6F7
:10F3700003F0B8FA0B46FFF773BBBAF80C30079AE4
:10F3800043F02003AAF80C30DAF81030CAF8003045
:10F39000AC4600232546B3460A9CCAF80430002D2B
:10F3A0007FF41AAC7FE400BF80EA0102844612F0C9
:10F3B000030F4FD111F0030F32D14DF8044D11F06E
:10F3C000040F51F8043B0BD0A3F101329A4312F021
:10F3D000803F04BF4CF8043B51F8043B16D100BFFA
:10F3E00051F8044BA3F101329A4312F0803FA4F18B
:10F3F00001320BD14CF8043BA24312F0803F04BF12
:10F4000051F8043B4CF8044BEAD023460CF8013B7E
:10F4100013F0FF0F4FEA3323F8D15DF8044B704728
:10F4200011F0010F06D011F8012B0CF8012B002A66
:10F4300008BF704711F0020FBFD031F8022B12F055
:10F44000FF0F16BF2CF8022B8CF8002012F47F4F10
:10F45000B3D1704711F8012B0CF8012B002AF9D118
:10F46000704700BF01F140032DE9F0410C46096BE4
:10F47000994214D0666B77003A4604F0C1FE054607
:10F4800030B300EB0608014632464046FEF7AAFCC0
:10F49000C4E90C57C4F800800020BDE8F0814FF4A7
:10F4A000806103F04FFA98B194F842304FF48062D3
:10F4B000C4E90C0280F8FF3394F8413080F8FE3341
:10F4C00094F8402080F8FD2300F2FD332360E3E749
:10F4D0004FF0FF30E1E700BF70B54C1C2BD00E465B
:10F4E0000546144610B1436B002B4CD0B4F90C30D8
:10F4F00023F020025807A28106D4D9061BD51B078A
:10F5000034D442F00402A281226B6368F6B2AAB13D
:10F51000626B9A4209DD23685A1E226003F8016C6F
:10F52000636801336360304670BD21462846FFF7AB
:10F5300099FF0028EFD04FF0FF36F4E722692168E9
:10F540002AB18A4203D211F8012CB2421ED02246BF
:10F55000C4E90E1304F1400003232063636302F83F
:10F56000426F0123C4E90023304670BD214628467E
:10F5700003F05EF80028DED1B4F90C20A06022F080
:10F580000802A061BDE7FEF75DFEAFE70139013378
:10F59000C4E90013C7E700BF10B4044C03460A4691
:10F5A00020685DF8044B1946FFF796BF0010001065
:10F5B00038B5074D0022044608462A6008F08CF84A
:10F5C000431C00D038BD2B68002BFBD0236038BD16
:10F5D000A41B00109FED010A704700BF0000C07F10
:10F5E0002DE9F04F85B092465B4A039089461E464E
:10F5F0000D46294615F8014B135D13F00803F8D1A9
:10F600002D2C7DD02B2C41D002934FF0FF326FF088
:10F610000043CDE90023002E43D1302C79D00A27B6
:10F62000B0463E46DDE900013A46434607F0A6FEF5
:10F6300000238E46834619461846A44610E08E45A0
:10F6400008BF83454CD000FB08F307FB0133A0FB48
:10F6500007010B44201843EBE471012315F801CB9B
:10F66000ACF13004092C05D9ACF14104192C1ED899
:10F67000ACF13704A64222DDB3F1FF3FEED0834563
:10F680007EEB0103DBD24FF0FF33E7E72C780293E8
:10F690008D1C6FF000434FF0FF31CDE90013002EB9
:10F6A000BBD0102E3ED037464FEAE678BAE7ACF131
:10F6B0006104192C03D8ACF15704A642DCDC5A1CB7
:10F6C00013D0029A12B1404261EB4101BAF1000F2E
:10F6D00003D0002B3DD1CAF8009005B0BDE8F08FF3
:10F6E000A242B0DA4FF0FF33B8E7039A2223136047
:10F6F000BAF1000F28D0DDE9000105F1FF39EAE792
:10F7000000934FF0004001232C78CDE901038D1CBC
:10F7100081E72B7803F0DF03582B0ED00827B04683
:10F720003E467FE7302C03D037464FF0000879E79C
:10F730002B7803F0DF03582BF6D110276C784FF0AD
:10F74000000802353E466DE7DDE9000105B0BDE881
:10F75000F08FCDE90001CEE70122040040E700BFB1
:10F7600010B4044C8446134620685DF8044B0A46E6
:10F77000614635E70010001010B4044C844613466F
:10F7800020685DF8044B0A46614629E70010001026
:10F7900070B50C785E2C864624D00023481C9C460D
:10F7A000002263F3070263F30F2263F3174263F34C
:10F7B0001F620EF58071734643F8042B8B42FBD118
:10F7C00074B18CF001010EF80410451C15F8013CD1
:10F7D0002D2B0ED05D2B0AD01BB11C462846F2E71C
:10F7E000013870BD01234C78881C9C46D8E7284618
:10F7F00070BD90F801C0BCF15D0FEED06445ECDC4B
:10F80000661C02300EEB060202F8011BA2EB0E038F
:10F81000013B9C45F8DCACEB0403013B6445A8BF0D
:10F8200000230235F418D1E72DE9F843074688464E
:10F8300016464FF00009D6E90154013D10D4A389C2
:10F84000012B08D9B4F90E3001332146384602D0D5
:10F85000C04749EA0009013D6B1C04F16804EED180
:10F860003668002EE7D14846BDE8F883F03070478F
:10F8700000487047241200100048704724120010FE
:10F880002DE9F04F2DED028B9DB0884600210792A7
:10F89000189100220021CDE90412834641461791B8
:10F8A0000F4611F8012B2D2A5ED801A050F822F046
:10F8B00083FA000069F9000069F9000069F90000A5
:10F8C00069F9000069F9000069F9000069F90000B0
:10F8D00069F900009FF800009FF800009FF8000001
:10F8E0009FF800009FF8000069F9000069F9000026
:10F8F00069F9000069F9000069F9000069F9000080
:10F9000069F9000069F9000069F9000069F900006F
:10F9100069F9000069F9000069F9000069F900005F
:10F9200069F9000069F9000069F9000069F900004F
:10F930009FF8000069F9000069F9000069F900000A
:10F9400069F9000069F9000069F9000069F900002F
:10F9500069F9000069F9000069F900002B00010055
:10F9600069F900003F00010000210891302A00F0F1
:10F970009780002309932F2A144640F202854FF006
:10F98000000938464E464D4613E00130082D1790C9
:10F99000C8BF09EB89090478C6BF02EB4902A2F18E
:10F9A0003009A3F130062F2C05F10105224640F362
:10F9B000B88006EB8603392C02EB4303E5DDB04942
:10F9C000012202F06FFE00287BD1179A1346013204
:10F9D00017925C78002D40F0A285302C40F09C8579
:10F9E00013461846013317931C78302CF9D0C2F116
:10F9F00001031844A4F13103082B36D8179F431C88
:10FA0000A4F1300E0D9301253C464FF0000A06EBA1
:10FA100086060EEB46060020631C17936478A4F15B
:10FA20003002092A00F2F182179C01309646002A22
:10FA3000F2D00128D8BF05F1010C40F3FB8600EBA2
:10FA4000050C0CF1FF3103E05E00A94200F0F286E4
:10FA5000082D06EB860305F10105F5DD102DDCBF51
:10FA600009EB89094FEA4909EFE7652C40F0EA8282
:10FA700000230122CDE90C239A46099B034340F061
:10FA8000D282079B9FED7C8B0BB1C3F80080B0EE58
:10FA9000480AF0EE680A1DB0BDEC028BBDE8F08F9D
:10FAA0007A7802F0DF02582A00F02E840137179787
:10FAB0003A78302AFAD0002A00F08F820123099385
:10FAC00059E70020CDE90C00AA46652C36D0452C1C
:10FAD00034D000230E93002D7CD1099B034340F0CA
:10FAE0007C820C9B002BCCD1692C00F0778400F336
:10FAF0007084492C00F072844E2CC2D1614917A841
:10FB000004F062FD0028BCD0179B1B78282B00F066
:10FB100083855D4804F05CFEB0EE408AF0EE608ABA
:10FB20005DE25749012202F0BDFD0028C9D1179BB3
:10FB30000D905A1C17925C78AA4670E7002D9CD055
:10FB4000DDF85C8008F10103179398F801402B2C35
:10FB500000F066822D2C00F05B824FF0000CA4F1C7
:10FB60003001092900F24C82302C179B0AD1013355
:10FB700017931C78302CFAD0A4F13102082AA8D8A7
:10FB8000A4F130015A1C17925C782F2C40F30D849D
:10FB900096460E9308E0013217929EF801402F2CF2
:10FBA000A3F1300106DD964601EB8103392C04EB0D
:10FBB0004303F0DD0E9BD21A082A40F3F68344F685
:10FBC0001F630E93BCF1000F85D00E9B5B420E931A
:10FBD000002D82D0DDE90D23BAF1000F08BFAA463F
:10FBE0009B1A102D30460C932C46A8BF102407F00A
:10FBF00003F8092D02460B46CDE9042316DD234BFD
:10FC000003EBC40353E9122307F070F80246484699
:10FC10009046894606F0F0FF02460B4640464946AC
:10FC200006F0AEFE0F2DCDE9040131DC0C9B002B5C
:10FC300000F039830C9B40F36882162B40F3BC83A1
:10FC40000C9AC5F12503934222DB104CC5F10F0538
:10FC500004EBC501DDE90423D1E9000107F046F812
:10FC60000C9B5D1B04EBC504D4E9002307F03EF8B0
:10FC700041EC180BB3E100BF0000000000000000E1
:10FC8000083D04009C3B0400803C0400A8240400C0
:10FC90000C9B2C1B1C44002C40F3DA8114F00F0049
:10FCA0000AD03B4901EBC001DDE90423D1E90001A1
:10FCB00007F01CF8CDE9040134F00F034BD0B3F585
:10FCC0009A7F00F3A083102BDFF8D8E04FEA2314CB
:10FCD00040F3E884DDE904234FF0000C0997F04677
:10FCE000E146774614F0010F1046194607D0D8E9CF
:10FCF000002306F0FBFF4FF0010C02460B46641098
:10FD0000012C09F1010908F10808EBD1BE46099F51
:10FD1000BCF1000F01D0CDE90423059BA3F154737E
:10FD20000EEBC9010593DDE90423D1E9000106F0DA
:10FD3000DDFF184BCDE904010B400A4616498B4202
:10FD400000F2618315498B4240F24484144C4FF019
:10FD5000FF33CDE904340023099300962B46524625
:10FD60003946584604F0E2FD1290002800F04B831B
:10FD7000DDE90D329B1A0C9A002AA8BF00230D93CF
:10FD80004FF0000922EAE2731393CA46E6E000BF8F
:10FD9000A82404000000F07F0000A07C0000907CFC
:10FDA000FFFFEF7F98250400D21A1F2AA4EB02045C
:10FDB00000F33B82012303FA02F500231093099B11
:10FDC00026444444A0451E444346A8BF2346B342AC
:10FDD000A8BF3346002B03DDE41AF61AA8EB03088C
:10FDE0000D9B002B00F3CA81002C00F3E0810C9BDB
:10FDF000002B00F31082002E00F30282B8F1000FF6
:10FE000008DD51464246584604F07AFF82460028F3
:10FE100000F0FF8118993A46584605F00BF88146E4
:10FE2000002800F0F6810023C268C36051460E929C
:10FE300004F0DEFF0028C0F20284059E00F07C83FF
:10FE40005146484605F0A2F955EC104B00224FF000
:10FE500080432046294607F0C5F9002800F07E813E
:10FE60000E9B002B40F0EE81049B002B40F078822B
:10FE7000C6F31303002B40F01982B14B0022204639
:10FE8000294607F0A5F9002840F04D83AD4B00222C
:10FE90002046294606F02AFF0A460146CDE91012FF
:10FEA00002F100430A900B93DFF8A082A64B06EA0A
:10FEB00008089845DDE90A4500F0CB81099B1BB392
:10FEC000B8F1D46F20D89AA3D3E90023DDE910015B
:10FED00007F088F9A0B1DDE9100107F0DFF901288A
:10FEE00038BF012006F088FE0E9BCDE91001002BE3
:10FEF00040F08F8201F1004314901593DDE9144521
:10FF000005F1D663A3EB0805B0EE480AF0EE680AE7
:10FF100005F04CF8204653EC102B294606F0E6FE7F
:10FF200053EC182B06F02CFDCDE904010C46099B7F
:10FF300023B9864B2340984500F0C1811899584653
:10FF400004F09AFC3946584604F096FC514658464F
:10FF500004F092FC4946584604F08EFC129C584628
:10FF6000616804F063FC0746002800F052812269B2
:10FF70000232920004F10C010C30FDF733FF9DEDCD
:10FF8000048B1AAA19A95846B0EE480AF0EE680A7E
:10FF900005F09CF81890002800F0128101215846C5
:10FFA00004F070FD8246002800F03381199B002B7D
:10FFB000C0F221810D9A139E03EB0208099A1A9C44
:10FFC0009B1A2344624A013B9342C4F13604FFF674
:10FFD000EBAE002310930125F1E69FED578B079AB6
:10FFE0000AB1179B1360089B002B3FF450AD18EE2D
:10FFF000901A18EE102A01F1004343EC182B46E545
:020000021000EC
:100000000023CDF85C800E9365E501230C935CE53D
:100010004FF0010C08F10203179398F802409EE597
:100020004FF0000CF6E700258AE500220892791CC3
:1000300017917A78002A3FF424AD0F4696E4012206
:100040000892F4E7452C3FF413AD01230C9344E5EB
:100050003FF481AE644214F00F020AD03D4B03EB33
:10006000C203DDE90401D3E9002306F069FFCDE90D
:10007000040124113FF46FAE1F2C40DC14F0100378
:1000800018BF6A230993DDE90423DFF8CC804FF021
:10009000000C14F0010F1046194607D0D8E90023D0
:1000A00006F024FE4FF0010C02460B46641008F1E6
:1000B0000808EED1BCF1000F01D0CDE90423099B63
:1000C000A3B1DDE90401C1F30A52C2F16B03002BB5
:1000D0000ADD1F2B40F327830020342B049040F3CC
:1000E0008E834FF05C7305936A230993DDE9040165
:1000F0000022002307F062F800283FF42EAE2223EE
:100100009FED0D8BCBF8003069E71633FFF6C0ADDD
:10011000DDE90D329A1A0F4B03EBC203DDE904014E
:10012000D3E9002306F00CFF41EC180B57E700BFA2
:100130000000C0FFFFFFDF410000000000000000E2
:100140000000F03F0000E03F0000E07F0000F07F93
:1001500002FCFFFFA824040050230400BE4B2046ED
:100160002946002206F0C2FD0E9BCDE91001002BAE
:1001700063D101F100430A900B9395E651461A466C
:10018000584604F063FD8246002842D00146189A82
:10019000584604F0A5FC00283BD00E90189958460C
:1001A00004F06AFB0E9B1893002C7FF720AE189981
:1001B0002246584604F0A4FD189000287FF417AE9C
:1001C00005469FED978B2223CBF8003029465846F1
:1001D00004F052FB3946584604F04EFB514658464F
:1001E00004F04AFB1299584604F046FB494658462B
:1001F00004F042FBF3E6139ADDF83480D61ADDE60C
:1002000039463246584604F07BFD074600287FF405
:10021000F5AD189DD5E73946139A584604F016FDFA
:10022000074600287FF4E7ADF3E78C4AD31A012292
:1002300002FA03F310931546C1E59DED107B8DED99
:100240000A7B31E69FED787B8DED0A7B8DED107B8F
:100250002AE6A6F154730593DDE9044545EC104BFD
:1002600004F0A4FEDDE90A2351EC100B06F03EFD7C
:1002700022462B4606F084FB794A7A4B0A409A4282
:10028000CDE9040179D918EE902A03F154739A420A
:1002900003D118EE103A0133BBD0734C4FF0FF334B
:1002A000CDE904344AE69DED048B98E69FED607B32
:1002B0008DED0A7B9FED5C7B8DED107BF4E5DDE938
:1002C00010562846314607F071F806F0E1FC024668
:1002D0000B462846314606F051FB0E9D049EC4F3A2
:1002E0001304354302460B462543CDE90E2325D1A1
:1002F00051A3D3E9002306F06BFF00283FF41EAEA4
:100300009DED048B189D61E70293089B019318AB48
:100310000093564A19AB17A9584601F007FE10F092
:100320000F0504463FF459AE062D40F0A980013771
:1003300000239FED438B1797089350E642A3D3E920
:10034000002306F045FF0028DAD1DDE90E0140A3C5
:10035000D3E9002306F05AFF00283FF4EFADCFE7C2
:10036000049B012BA2D1002EA0D1189C22239FED2B
:10037000348B2546CBF8003028E701F154740594FE
:10038000D5E53B490122384602F08CF9002800F0FF
:10039000BA804FF000094E464846CDF834904D469D
:1003A000CDF83090CA46FFF792BB44F61F639942DE
:1003B000A8BF19460E9105E40C982E4901EBC00127
:1003C000DDE90423D1E9000106F090FC41EC180BB3
:1003D00005E66E2C3FF492ABFFF753BB264917A8F6
:1003E00004F0F2F800283FF44CAB179B2349013B83
:1003F00017A8179304F0E8F810B9179B0133179367
:100400009FED078BEBE522239FED058BCBF80030AA
:10041000E5E59DED107B8DED147B6FE5AFF300807E
:10042000000000000000F07F000000000000F03F2E
:10043000000000000000F0BF9535A094FFFFCF3F03
:1004400000000000000000009535A094FFFFDF3F92
:1004500035E5AF350000E03F0000E03FE2FBFFFF85
:100460000000F07FFFFF9F7CFFFFEF7F2823040049
:10047000083D0400A8240400903B0400943B0400C1
:10048000189A3AB135211AA804F0D0FE18995846A6
:1004900004F0F2F9013D199B042D00F2DE81DFE842
:1004A00005F0032C291E03001A9A049203F233422A
:1004B0001B9B23F4801343EA02530593E20502D504
:1004C00043F000430593B64A1A409DED048B002A81
:1004D0007FF485AD02F02CF9222303607FE54FF015
:1004E000FF326FF00043CDE90423E3057FF5DBAE77
:1004F000059BE5E7AA4B0593F7E7DDE91A121B9B7D
:10050000CDE90412DAE7179A1346013217925C78A4
:1005100006468146FFF761BA0020FFF76BBAAA468C
:100520000D90FFF77CBA9FED9A7B8DED0A7B9FEDD6
:100530009A7B8DED107BB7E40E9BDDF840C09949A6
:10054000A846C6F31302002B49D08A4200F0F3807C
:10055000BCF1000F37D1049B1D4237D0B0EE480AE2
:10056000F0EE680A04F022FD099B51EC100B002B01
:1005700000F04D81C6F30A53C3F16B03002B07DD76
:100580001C0504F17F53002203F5401306F0AEFB77
:1005900002460B4651EC180B06F0F2F941EC180B31
:1005A000814B51EC180B002206F0A0FB41EC180B1C
:1005B0007B4B18EE902A1340002B7FF4A3AE22232E
:1005C000CBF800309EE61CEA060FC7D1099B002B32
:1005D000E6D197E602F154730593FFF7BCBB002AFE
:1005E00064D1DDE90401002840F09680099B002BCE
:1005F00040F0F48021F00044240D2405A4F580147B
:100600006FEA14536FEA035305934FF0FF330493DB
:100610009DED048B189DD9E5644917A81AAA03F02B
:10062000EFFF05287FF475AA1B9B43F0FF4343F4BB
:10063000E00305931A9B04939DED048BCFE4DDE961
:1006400004010E9B0343C1D1C1F31303002BBDD1A1
:1006500021F00044240D2405B4F1D66F2546B5D908
:10066000D9F814301BB9D9F81030012BAEDD49464A
:100670000122584604F044FB5146814604F0B8FB81
:100680000028A3DD099B002BB8D0A5F580156FEAE3
:1006900015536FEA035305934FF0FF3304939DED19
:1006A000048B7DE74FF00009FFF737BBBCF1000F6B
:1006B0002DD1049B1D4289D0B0EE480AF0EE680AA5
:1006C00004F074FC099B51EC100B002B72D0C6F3A4
:1006D0000A53C3F16B03002B07DD1C0504F17F53A4
:1006E000002203F5401306F001FB02460B4651ECD5
:1006F000180B06F043F902460B4643EC182B002278
:10070000002306F05BFD00283FF44AAF2DE61CEA0B
:10071000060F3FF45BAFCFE7BCF1000FF7D12842E3
:100720003FF454AFC8E74FF0FF3202FA03F3049AE4
:100730001A400492D8E4099B0499B3B1184A324094
:10074000B2F1D46F11D8120DC2F16B024FF0FF302D
:1007500000FA02F291420BD0BCF1000F7FF433AFEC
:1007600011EA080F3FF432AFF8E64FF0FF32F1E73D
:100770000F4A964255D00A4A324002F5801305933B
:10078000002304939DED048B20E700BFAFF30080AE
:10079000000000000000E0BF000000000000E03F9B
:1007A0000000F07FFFFF0F00000050393C230400E1
:1007B000FFFFEF7F02460B4651EC180B06F0DEF808
:1007C000189C02460B4643EC182B002200232546BA
:1007D00006F0F4FC00283FF4F9ACC7E5244D3540A1
:1007E000B5F1D66F3FF651AFB5F15C7F3FF6D8AEAD
:1007F00022239FED1B8B189DCBF80030E6E4C2F15D
:100800004B024FF0FF3393400B4005936CE40246DC
:100810000B4651EC180B06F0B3F8189D41EC180B81
:10082000D4E40131A7D122239FED0F8B189DCBF883
:100830000030CBE40D9B082D03440D9302DC65468C
:10084000FFF7E5B8BCF1100FDCBF09EB890902EB3B
:10085000490965460020FFF7DFB800232EE600BFF8
:100860000000000000000000000000000000F07F19
:100870000000F07F014BFFF703B800BF34110010F8
:1008800010B4054C8446134620685DF8044B0A46B4
:100890006146FEF7F5BF00BF0010001010B4054C14
:1008A000054B84460A4620685DF8044B6146FEF716
:1008B000E7BF00BF00100010341100102DE9F04117
:1008C000DFF8A480044613462DED028B0A46D8F8C3
:1008D00000002146FEF7D4FF55EC104B22462B4674
:1008E0002046294606F09CFC50BB2046294606F0CF
:1008F000F5FC08EE100ADFED197AB0EEC87AB4EE16
:10090000677AF1EE10FA15DD25F00047144B4FF031
:10091000FF322046394606F083FC38B9104B4FF0C1
:10092000FF322046394606F05DFC18B1D8F8003099
:1009300022221A60B0EE480ABDEC028BBDE8F081BD
:10094000002D084804DAFEF745FEB1EE408AF1E7D3
:10095000BDEC028BBDE8F041FEF73CBEFFFF7F7FA0
:10096000FFFFEF7F803C0400001000102DE9704372
:100970002C4E2D4B04460A462DED028B2146306845
:10098000FEF77EFF55EC104B22462B4620462946AB
:1009900006F046FCC0BB2046294606F09FFC08EE48
:1009A000100ADFED227AB0EEC87AB4EE677AF1EE83
:1009B00010FA1ADD25F000491D4B4FF0FF3220469A
:1009C000494606F02DFC38B9194B204649464FF0F0
:1009D000FF3206F007FC40B1336822221A60B0EE05
:1009E000480ABDEC028BBDE8708318EE103A13F094
:1009F000FF4FF4D10F4B2B40002BEDD1B0EE480A46
:100A0000BDEC028BBDE87083002D0B4804DAFEF7C5
:100A1000E1FDB1EE408AE2E7BDEC028BBDE8704338
:100A2000FEF7D8BD0010001034110010FFFF7F7FCB
:100A3000FFFFEF7F0000F07F803C040042B110B563
:100A40000B4910461446FBF76BFD18B9094810BD59
:100A50000848704707492046FBF762FD0028F5D09B
:100A600005492046FBF75CFD0028EFD0002010BDB3
:100A7000A43B0400A03B0400803C0400014B93F81D
:100A8000280170473411001041B110B50C462046C2
:100A90000A49FBF745FD18B9094810BD08487047D9
:100AA00007492046FBF73CFD0028F5D005492046C4
:100AB000FBF736FD0028EFD0002010BDA43B04005A
:100AC000A03B0400803C04002DE9F04FBFB00C4671
:100AD0000791924609930890FEF7CAFE03681093A7
:100AE0001846FBF78DFBA3890F901E0603D52369DB
:100AF000002B00F0A8869FEDA47B0023CDE92233D4
:100B0000CDE911338DED0C7B2EAA0E9321929146E7
:100B10000593D3469BF80030002B00F042815C46E1
:100B200004E014F8013F002B00F01981252BF8D1C7
:100B3000B4EB0B0540F016812378002B00F03181D7
:100B40004FF000038DF8673000276378049704F1B5
:100B5000010B4FF0FF3A0BF1010B9846A8F120036F
:100B6000582B00F22B81DFE813F0520229012901F2
:100B70004D02290129012901290129012901150213
:100B80004702290120022502290142025900590089
:100B900059005900590059005900590059002901BC
:100BA00029012901290129012901290129012901F5
:100BB00029016800A4012901A401290129012901B1
:100BC00029017D0229012901950029012901290115
:100BD00029012901A6002901290146062901290127
:100BE00029012901290129012901290129012901B5
:100BF0006F026A00A401A401A4016A026A0029012B
:100C000029015D022901B9029700A802A302290166
:100C100082022901A800290129016606A8F13003F2
:100C200000221BF8018B02EB820203EB4202A8F1C7
:100C30003003092BF5D9049290E747F01007BD0661
:100C400040F17781099B073323F007031A4659685F
:100C500052F8083B09920A460029C0F29581BAF180
:100C6000000F9DF8674007DB27F08001029153EAEF
:100C7000020100F0B283029F0A2B72F1000180F0A2
:100C80006D8630338DF8B7300123029706930DF14E
:100C9000B70550E047F0100717F0200200F0608120
:100CA000099B073323F0070319465A6851F8083B9C
:100CB000099100210FE047F0100717F0200200F023
:100CC0004581099B073323F0070319465A6851F8F9
:100CD000083B099101210024BAF1000F8DF867400B
:100CE00007DB27F08000029053EA020000F07683D1
:100CF000029F0129C0D0022900F0F1822EAD03F03D
:100D00000701DB0843EA4273D208303153EA020696
:100D1000284605F8011DF2D1FB0740F1EE8230298B
:100D200000F0EB823023023805F8013C2EAB1B1A91
:100D3000029706930546069B5345B8BF5346039357
:100D400000230B9314B1039B01330393029B13F015
:100D5000020345D0039B02330393022340E0B4EB2C
:100D60000B051ED0239B2B442393229B0133072B7F
:100D7000C9E900B522930BDC09F10809059B2B4456
:100D80000593D9E6AFF300800000000000000000EA
:100D9000DDE9071021AA03F0D9FB30B90DF1B8093C
:100DA000ECE7239B002B40F03C87079B9B895B066D
:100DB00001F10C8005983FB0BDE8F08FB8F1000F4D
:100DC000EFD000238DF8673001238DF890800393D6
:100DD000069324AD4FF0000A0297CDF82CA053469D
:100DE000029A239C12F084020A9205D1DDE90312D3
:100DF000561A002E00F304839DF867208AB1229AC8
:100E00000DF1670101320134C9F80010072A4FF0D3
:100E1000010123942292C9F8041000F32A8309F1F6
:100E2000080983B1229A1AA901320234C9F80010C4
:100E3000072A4FF0020123942292C9F8041000F30C
:100E4000268309F108090A9B802B00F0BD81069BCF
:100E5000AAEB0306002E00F3F981029BDE0500F1E8
:100E60004A81069BC9F804301C44229BC9F80050F3
:100E70000133072B2394229300F3588209F10809C8
:100E8000029B5A0705D5DDE903239D1A002D00F3C7
:100E90000A83DDE9042303998A42ACBF9B185B18DF
:100EA0000593002C40F02E82002322930DF1B80907
:100EB00030E6099B073323F00703B3EC027B55ECC4
:100EC000174B099325F0004315938DED147ADDE956
:100ED0001401B74B4FF0FF328DED0C7B06F0A0F9FB
:100EE000002840F01084DDE91401B14B4FF0FF32CF
:100EF00006F078F9002840F00684002200232046FE
:100F0000294606F065F9002840F025869DF86740DF
:100F1000A84D27F080030293A74BB8F1470FD8BF25
:100F20001D464FF0000A032303930693CDF82CA02F
:100F300008E7099AFC0652F8043B09921FD4780688
:100F40001DD543F3C03211461BB285E6099951F80D
:100F5000043B099117F0100100F0CD830121BAE69E
:100F6000099951F8043B099117F010017FF4A1AEE3
:100F700017F040023FF49DAE0A469BB299E6DA179D
:100F800011460029BFF66BAE5B4262EB42022D2494
:100F90000121A1E6099B53F8042B0492002A80F258
:100FA000A283049A0993524204929BF8003047F0BE
:100FB0000407D0E55A4612F8018BB8F12A0F00F069
:100FC0004E87A8F13003092B98BF4FF0000A00F2BA
:100FD000B98612F8018B0AEB8A0A03EB4A0AA8F1D8
:100FE0003003092BF5D94AEAEA7A9346B6E59BF82D
:100FF000003047F08007AEE52B238DF867309BF873
:101000000030A8E59BF8003047F00107A3E59DF804
:1010100067209BF80030002A7FF49DAD20228DF8D8
:10102000672098E59BF800306C2B03BF9BF80130DC
:1010300047F020070BF1010B47F010078BE59BF8F9
:10104000003047F0400786E5099B00228DF86720B5
:1010500053F8042B099301238DF8902003930693F2
:1010600024ADB7E69BF8003047F0080773E5099C0C
:1010700054F8045B00268DF86760002D00F012859F
:10108000BAF1000FC0F21A8452463146284604F0E5
:101090002FF9002800F04586431B069323EAE373EB
:1010A0000994B2469DF86740029703930B9649E670
:1010B0009BF8003047F020074DE5099A52F8043BB1
:1010C000099247F63002ADF868203C4A119247F089
:1010D0000207002202214FF07808FCE5BD0640F12E
:1010E0008183099B059A1B681A60D2175A60099B75
:1010F000043309930EE5B8F1650F40F32381DDE970
:101100000C010022002306F059F8002800F00782A5
:10111000229B2B4AC9F80020013301340122072BFE
:1011200023942293C9F8042000F3958409F1080957
:101130001B9B0E9A934203DB029BDD077FF5A0AE5B
:101140000F9B109A1C44C9E90023229B239401336E
:10115000072B229300F3998409F108090E9B5D1E69
:10116000002D7FF78DAE102D229B164F40F3D380BC
:10117000DDE907A8102605E009F10809103D102D4A
:1011800040F3C98001331034072BC9E90076CDE95B
:101190002234F1DD21AA5146404603F0D7F9002858
:1011A0007FF403AEDDE922340DF1B809E6E700BFB4
:1011B000FFFFEF7FB03B0400AC3B0400D03B0400DA
:1011C000EC3B040088230400DDE903239E1A002E73
:1011D0007FF73DAE102E229BB74F24DD4A462146B5
:1011E000A946DDE9075404E0103E102E02F1080282
:1011F00016DD013310311020072BCDE922311760A5
:101200005060F1DD21AA2946204603F09FF900280D
:101210007FF4CBAD103E102EDDE922312EAAE8DCA2
:101220004D460C46914601333444072BCDE9223418
:10123000C9F80070C9F8046000F31A84069BAAEB91
:101240000306002E09F108097FF707AE102E229B36
:10125000994F2CDD4A462146B1464FF0100A2E46E2
:10126000DDE9075406E0A9F11009B9F1100F02F108
:10127000080218DD013390481031072BC2E9000A3B
:10128000CDE92231EFDD21AA2946204603F05EF99F
:1012900000287FF48AADA9F11009B9F1100FDDE93A
:1012A00022312EAAE6DC35460C464E4691460133E5
:1012B0003444072BCDE92234C9F80070C9F8046022
:1012C00000F3EA8109F10809C7E50129029F4FF0FF
:1012D00000033FF4D6AC02291A467FF40FAD1198F3
:1012E0002EAD03F00F011B09415C05F8011D43EA17
:1012F0000273120953EA0201F3D12EAB5B1B029772
:10130000069318E5DDE9071021AA03F01FF900286C
:101310003FF4CAAD49E501332C44072BC9F80070EE
:10132000C9F80450CDE922347FF7A8ADDDE90710F4
:1013300021AA03F00BF900287FF437AD239C0DF1AF
:10134000B8099DE50E9B229E012B04F1010406F1D4
:10135000010609F1080840F35B810123072ECDE95E
:101360002264C9F80050C9F8043000F3A2810F9B31
:10137000109A01361C44072EC8E90023CDE92264E7
:1013800000F3A48108F108080E9BDDE90C0103F1CC
:10139000FF390022002305F011FF002840F053819F
:1013A000013601354C44072ECDE92264C8F80050BF
:1013B000C8F8049000F33A8108F10808129BC8F8B5
:1013C000043001361C44072E1DABCDE92264C8F859
:1013D0000030ABDC08F1080952E50121BAF1000F39
:1013E0007FF473AF002940F00E8117F001030693DC
:1013F00000F07E8130238DF8B7300DF1B7059AE407
:10140000102E229A2D4F26DD49462046A9461393D9
:10141000DDE9075404E0103E102E01F1080116DD4D
:10142000013210301023072ACDE922200F604B60D3
:10143000F1DD21AA2946204603F088F800287FF430
:10144000B4AC103E102EDDE922202EA9E8DC139B5F
:101450004D460446894601323444072ACDE9222408
:10146000C9F80070C9F8046000F3B28209F10809F4
:10147000C2E4DDE9071021AA139303F067F80028FE
:101480007FF493AC239C139B0DF1B809C9E4DDE90B
:10149000071021AA03F05AF800287FF486AC239C99
:1014A0000DF1B809CFE4102D229B044F24DDDDE9B6
:1014B00007A8102609E000BF882304007823040051
:1014C000103D102D09F1080916DD01331034072BEA
:1014D000C9E90076CDE92234F2DD21AA5146404621
:1014E00003F034F800287FF460AC103D102DDDE9E6
:1014F00022340DF1B809E8DC01332C44072BC9E98B
:101500000075CDE922347FF7C4ACDDE9071021AACC
:1015100003F01CF800287FF448AC239CB9E41B9925
:10152000002940F364820B9F0E9B9F42A8BF1F4679
:10153000002F0BDD229B01333C44072BC9E90057E8
:101540002394229300F3CF8309F108090B9E002F07
:10155000A8BFF61B002E00F385811B9B0E9A9342B9
:1015600080F26C810F9A10991444C9E90012229AF2
:1015700023940132072A229200F3F28209F108092A
:101580000E9A0B99D31A561A9E42A8BF1E46002ED9
:101590000EDD229AC9F8046001320D443444072A52
:1015A000C9F800502394229200F3A98309F1080995
:1015B000002EACBF9D1B1D46002D7FF761AC102D8A
:1015C000229BBB4F7FF7A7AEDDE907A8102605E0F9
:1015D00009F10809103D102D7FF79DAE013310343D
:1015E000072BC9E90076CDE92234F1DD21AA514665
:1015F000404602F0ABFF00287FF4D7ABDDE9223490
:101600000DF1B809E6E7CDF818A02EADFFF793BBB2
:10161000029BD9073FF5A1AE0123072ECDE9226435
:10162000C9F80050C9F804307FF7C8AEDDE90710EB
:1016300021AA02F08BFF00287FF4B7ABDDE922641A
:101640000DF1B808BAE60E9B012B7FF7B7AE112B50
:10165000974F40F36582DDF820A0102507E008F1E0
:101660000808A9F11009B9F1100F40F359820136A9
:101670001034072EC8E90075CDE92264EFDD079923
:1016800021AA504602F062FF00287FF48EABDDE90C
:1016900022640DF1B808E4E7DDE9071021AA02F0A1
:1016A00055FF00287FF481AB239C0DF1B809FFF7AB
:1016B000D4BBDDE9071021AA02F048FF00287FF41F
:1016C00074ABDDE922640DF1B80850E6DDE90710DE
:1016D00021AA02F03BFF00287FF467ABDDE922641A
:1016E0000DF1B80850E609939BF80030FFF733BAC4
:1016F0002EADFFF720BB17F040021CBF0A469BB27D
:101700000121FFF7E8BADDE90C0102460B4605F0BE
:1017100087FD002840F05F83BAF1FF3F28F02006E4
:1017200000F0FC82472E04D1BAF1000F08BF4FF041
:10173000010ADDE90C0147F4807200290292C0F22F
:1017400029829DED0C7B8DED167B00230A93B8F169
:10175000650F00F0F28200F32482B8F1450F00F02B
:10176000EC821FAB01931CAB009302219DED160B85
:1017700008981BAB524601F025FCF907054640F1DD
:10178000A88000EB0A04DDE916010022002305F021
:1017900015FD002840F025821F9BA34206D2302170
:1017A0005A1C1F9219701F9B9C42F9D81B9A0B92CE
:1017B0005B1B472E0E9300F09180B8F1660F40F04E
:1017C00093800B9A07F00103002A43EA0A0340F3CF
:1017D0006182002B40F019830B9B039306934FF01B
:1017E000660814E2FC066FD478066DD5099B059A4D
:1017F0001B681A807BE42F4B119317F0200200F036
:101800009F80099B073323F0070319465A6851F854
:10181000083B0991F90740F1908053EA020100F07A
:101820008C8030218DF868108DF8698047F00207B0
:101830000221FFF750BA204B1193DEE7029AD0073E
:101840007FF59EAE8EE60898402101F07BF8079B5D
:1018500018601861002800F0B682079A402353618F
:10186000FFF749B9102E229B114F40F366812246A3
:101870004FF01008DDE9074A05E009F10809103EBC
:10188000102E40F3598101331032072BC9E900783B
:10189000CDE92232F1DD21AA2146504602F056FE62
:1018A00000287FF482AADDE922320DF1B809E6E7CB
:1018B00088230400BC3B0400D03B04002846FAF710
:1018C0009FFC0346FFF7E9BB099B059A1B681A605A
:1018D0000DE41F9B1B1A0E931B9B0B930B9BDA1C97
:1018E00080F28381A8F102080B9B8DF87480591E49
:1018F00000291B91B6BFC3F101012B232D23092918
:101900008DF8753000F39C81302330318DF87630BE
:1019100004238DF8771012930E9A129B012A134418
:10192000069340F31482069B0F9A1344069323EA0E
:10193000E373039300230B9369E10221FFF7CBB913
:10194000099951F8043B099117F010017FF462AF37
:1019500017F040021CBF9BB20A465BE7CDE9028745
:10196000B34E2EAD4FF0050E991841F10001A6FBC4
:10197000010727F0030000EB9700091A581A984650
:10198000944662F100034FF0CC3202FB00F206FBFA
:101990000322A0FB063003F001070244A7FB0E0759
:1019A0004018B8F10A0F4FEA530300F130007CF100
:1019B000000C43EAC27305F8010D4FEA5202D3D27C
:1019C000DDE902872EAB5B1B02970693FFF7B3B9E5
:1019D000DDE9071021AA139302F0B8FD00287FF477
:1019E000E4A9239C139B0DF1B809FFF705BA229BCC
:1019F000904AC9F80020013301340122072B2394B7
:101A00002293C9F8042000F3B88009F108090029DD
:101A100052D1029B0E9A03F0010313433FF430AA04
:101A20000F9B10991A19C9E90013229B23920133C5
:101A3000072B229300F3378109F108090E99C9F8A1
:101A4000005001338C18072BCDE92234C9F804105B
:101A50007FF714AA6AE4DDE9071021AA02F076FDF7
:101A600000287FF4A2A9239C0DF1B809FFF760BB01
:101A7000DDE9071021AA02F069FD00287FF495A98D
:101A8000239C0DF1B809FFF7E2B9DDE9071021AA9F
:101A900002F05CFD00287FF488A9239C0DF1B809B1
:101AA000FFF75CBB5346062B28BF0623624D069307
:101AB00009940393FFF78EB90F9B10981A19C9E97F
:101AC0000003229B23920133072B229300F3EB8028
:101AD00009F108090029B1DA4E421031574F80F25E
:101AE0003F81DDE907A8102405E009F10809103E4F
:101AF000102E40F3358101331032072BC9E90074F1
:101B0000CDE92232F1DD21AA5146404602F01EFD08
:101B100000287FF44AA9DDE922320DF1B809E6E791
:101B200001364C44072ECDE92264C8F80070C8F88D
:101B300004907FF741AC79E5144601333444072B18
:101B4000CDE92234C9F80070C9F8046000F3B98007
:101B500009F1080901E52D248DF86740FFF7D8B990
:101B6000DDE9071021AA02F0F1FC00287FF41DA98D
:101B70001B9B239C0DF1B80902E5DDE9071021AAA2
:101B800002F0E4FC00287FF410A91B99239C0DF1BE
:101B9000B8093CE701F1004317932D2316900A93EF
:101BA000D5E5B8F1660F7FF4DCADCDF80CA00321CC
:101BB000039C08981FAB01931CAB009322469DED3C
:101BC000160B1BAB01F0FEF9B8F1660F0546044495
:101BD0007FF4D9AD2B78302B00F0E7801B9B1C44A1
:101BE000D1E51B9A0B922346E2E59A45FFF67AAEC1
:101BF0000E9B0B9A934200F3CB80FE070B9B00F1E8
:101C0000FB8023EAE372039206934FF067080A9B76
:101C1000002B62D02D238DF867304FF0000AFFF7BC
:101C200092B8DDE9071021AA02F090FCFFF7BDB8D9
:101C3000CDCCCCCCEC3B0400E43B04008823040076
:101C40000DF183048D4E23461846A6FB0123DB08C5
:101C500003EB8302A1EB4202303200F8012C0A466A
:101C6000632A194600F1FF33EEDC303103F8011C22
:101C7000831EA34280F0FE800DF1750213F8011B54
:101C800002F8011FA342F9D13EAB181AA0F171036B
:101C9000129341E6002B40F0D080012303934FF0D4
:101CA00066080693B3E7DDE9071021AA02F04EFCAF
:101CB00000287FF47AA8DDE922321B990DF1B809DA
:101CC00008E7DDE9071021AA02F040FC00287FF4B4
:101CD0006CA8239C0DF1B8093FE4DDF828A09DF81D
:101CE0006740FFF72FB8DDE9071021AA02F02EFCAC
:101CF00000287FF45AA8239C0DF1B80926E4DDE9F9
:101D0000071021AA02F022FC00287FF44EA81B9B9A
:101D10000E9A239CD31A0DF1B80949E44FF0060A34
:101D200007E50994CDF80CA0CDF818A09DF8674000
:101D3000029782460B90FFF705B80AF1010303935F
:101D4000022135E793464FF0000AFEF707BF17F070
:101D500001020B927FF4E7AD23EAE373039356E7A6
:101D600001333244072BCDE92232C9F80070C9F89B
:101D700004607FF761AEDDE9071021AA02F0E6FBFF
:101D800000287FF412A8DDE922320DF1B80955E6EA
:101D9000DDE90E3213440B9A0693002A41DD23EA53
:101DA000E37303934FF0670831E7DDE91601002282
:101DB000002305F003FA00284BD01B9B0B931C4417
:101DC000631B0E93FDE4089A0C2313604FF0FF335E
:101DD0000593FEF7EFBF0D9B294D002BB8BF2D24B7
:101DE00027F080030293A8BF9DF86740254BB8BF3A
:101DF0008DF86740FFF791B80F9A1344069323EAD2
:101E0000E37303934FF0670801E70F9B0AEB0308A6
:101E100008EB0203069323EAE37303934FF066088B
:101E2000F5E60B9B069AC3F101031A4422EAE2731A
:101E3000069203934FF06708E9E60F9B03F1010850
:101E400008EB0A03069323EAE37303934FF0660853
:101E5000DDE6039BC3F101031B931C4493E4099942
:101E60009BF8013051F804AB099193464AEAEA7AAB
:101E7000FEF771BE022312934EE500BFCDCCCCCC51
:101E8000B83B0400B43B04002DE9F0410469B4EB15
:101E9000611F05DC0023036100234361BDE8F0817D
:101EA00000F114054E1111F01F0C05EB840E05EB2B
:101EB000860321D055F8261004339E4521FA0CF1F3
:101EC000CCF120082DD92F461A6802FA08F20A43ED
:101ED00047F8042B53F8041B9E4521FA0CF1F3D864
:101EE000A31B9B00053B9B08013305EB830445F8CE
:101EF000231079B104340DE09E4588BF00F1100233
:101F0000C8D953F8041B42F8041F9E45F9D8A41BF6
:101F100005EB8404631B9B10AC420361BCD0BDE89D
:101F2000F08141610029B5D02C46E3E72DE9F04F5F
:101F30000F6885B0CDE90020BA780393302A89462E
:101F400040F0EC81FB1C1A78302A1C4603F1010397
:101F5000F9D0E71B023FDFF8008318F80230002BAE
:101F600000F0EE80237818F803304FF0000A554651
:101F7000002B00F06D81264616F8013F18F803305B
:101F8000002BF9D1B3490122304600F08BFB834688
:101F900000284CD03278002D00F0A181AB1B4FEA15
:101FA000830B02F0DF02502A35464CD0C9F800609E
:101FB000BAF1000F74D12A1B013A072A514604DDF9
:101FC0005210072A01F10101FADC019802F02EFCFF
:101FD0008246002800F05F8200F11406A5420296B6
:101FE00066D90027B9460DE0202F1AD03A460437AB
:101FF0002B7818F8033003F00F03934049EA0309E4
:10200000A54258D015F8013D2E2BEDD1A542EBD3BA
:1020100090490122284600F045FB0028F0D0202FEF
:10202000E4D1002246F8049B04279146E0E7002D06
:1020300000F06581327802F0DF02AB1B502A4FEAD4
:10204000830B3546B2D16A782B2A00F046812D2ABF
:1020500040F0D3800120AA7818F802104A1E182AEE
:1020600005F1020600F2D380727818F802201039C8
:1020700001365AB90CE001EB810116F8013F02EB81
:102080004102A2F1100118F803200AB1192AF2DD69
:1020900000B149428B44C9F80060BAF1000F8AD000
:1020A000002F0CBF06250025284605B0BDE8F08F9F
:1020B000029E4FF0000946F8049B029BF61AB610E8
:1020C000CAF81060484602F08BFC009B76011C6841
:1020D000361AA64274DCC0F204810027009B9A687D
:1020E0005A45C0F23B81009B5A685A454BDDA2EB32
:1020F0000B0B5C4500F38D80DB68022B00F0DD806C
:10210000032B00F04A81012B40F0DB805C4540F05E
:10211000D880012C08D0611E504603F0B5F8002885
:1021200000F0CF80009B5A6803990A60029A01234D
:10213000CAF8103013600E9B6225C3F800A0B3E705
:1021400044490122204600F0ADFA8246002840F0C2
:102150008580637818F80320651C002A00F08080D1
:10216000302B2C4640F0248114F8013F302BFBD05B
:1021700018F80330B3FA83FA01274FEA5A1A002BF2
:102180007FF4F9AE64E0012587B1009BDA68022A8A
:102190006ED0032A70D0012A06D1B90704D5029B5C
:1021A0001A681743FA076AD445F010050E9BC3F866
:1021B00000A0039B2846C3F800B005B0BDE8F08F2F
:1021C000361B3146504603F05FF8074678B1711E62
:1021D0004A11029B012753F8220001F01F0207FA5F
:1021E00002F2024203D0B94200F3C980022731460D
:1021F0005046FFF749FEB34470E718F802104A1E34
:10220000182A05F101064FF000007FF62DAF2E468B
:10221000CCE60BF1FF36002F40F0A980002E40F0F5
:10222000A8807311029A06F01F0652F8232001239A
:10223000B34013425946504618BF47F00207FFF714
:1022400023FE009BA4EB0B040225D3F804B09BE70C
:10225000264697E6083D0400982304002378254687
:1022600003F0DF03502B00F09380C9F8005017E70C
:102270000F9BC3F101030F930F9B002B94D0DAF84F
:102280001070029A4FEA8709904602EB87060020F9
:1022900003E0964242F8040C43D9944652F8041BDA
:1022A0004B1CF6D00131022DCCF8001079D014F07F
:1022B0001F0440F0A580212578E70F9B002B3FF4F9
:1022C00033AF0198514602F0D7FA50250E9A0023F9
:1022D0002846136005B0BDE8F08F0020BBE6AB4692
:1022E0005FE6A61B51460198324602F009FD00F157
:1022F0001403ABEB060B824602930027EEE67278DE
:1023000018F80210751C2E4600293FF44AAE16F844
:10231000012F18F80230002BF9D13FE6BC1C002732
:1023200019E6DAF80820974244DA0AEB87017A1CAA
:102330000120022DCAF81020DDF80880486130D055
:10234000002A6ADC0022CAF810200022CAF81420F1
:10235000009B9A680BF1010B5A45ACDA0198514683
:1023600002F08AFA0E9A0023A32513609CE6012747
:1023700057E73146504602F087FF074651E7B11E46
:10238000504602F081FF00283FF430AF03272EE7CC
:102390004FF0000B4FF0010A55E60F9B002B90D039
:1023A000C2E6009B1A68013AA24260D02225FDE6EF
:1023B0000127E0E5DAF804100198013102F036FA5D
:1023C000064600286DD0DAF81020023292000AF199
:1023D0000C010C30FBF706FD5146019802F04CFA57
:1023E0003269012006EB8201022D0244326106F1BE
:1023F00014084861B246D4D09742BFF658AF9FE761
:10240000C144C4F1200459F8040C02F0E9FAA042D6
:10241000BFF651AFDAF8102092E708EB82040AF118
:102420001800DAF8142084424FEA52022BD94546AC
:10243000036842EAC37245F8042B50F8042B844227
:102440004FEA5202F4D8A4EB0A0119398908013184
:1024500048F8212008EB810102B10431A1EB080208
:1024600092104145CAF810207FF472AF6DE76211F7
:1024700004F01F0458F822100122A2400A4214BF9F
:102480002125222592E6C8F800200AB14146E4E75A
:10249000CAF8102059E7064B06485246E42102F0DC
:1024A0009FF9034B03483246842102F099F900BF9B
:1024B000F03B0400043C040010B4034CD4F8E440A6
:1024C000A4465DF8044B60473411001082B049B156
:1024D0005AB16BB113780B601278101E18BF01202F
:1024E00002B0704701A9002AF3D1104602B070472C
:1024F0006FF00100F4E700BFB1F90C202DE9F041C5
:1025000016070C4680464ED4496842F40063002901
:10251000A38163DDA56A002D42D0002112F4805210
:10252000D8F80060C8F80010E16964D10123404682
:10253000A847451C02466ED0B4F90C30A56AE16983
:10254000580705D56368D21A236B0BB1E36BD21A17
:1025500000234046A847431C4FD1D8F80010B4F9D7
:102560000C301D2940D8314ACA40D7073CD52269D2
:10257000226023F40062A281DD044FF00002626059
:1025800001D5002945D0216BC8F8006041B104F1A4
:102590004003994202D0404601F0B2FC002323637D
:1025A0000020BDE8F0810E69002EF9D00D680E60A4
:1025B00092070CBF4B690023AD1B8B600BE02B46D1
:1025C0003246E169676A4046B847B0F1000CA5EBB6
:1025D0000C05664406DD002DF1DCE1E7E16B002926
:1025E00098DCDDE7B4F90C3043F04003A3814FF0F1
:1025F000FF30BDE8F081226DA2E7B4F90C3022690A
:10260000226023F40062A281DB044FF000026260CA
:10261000B9D52065B7E7D8F80030002B8CD01D2B3A
:1026200001D0162BDED1C8F80060B9E701004020C8
:1026300010B5044682B008B1436B53B1B1F90C0038
:1026400008B902B010BD204602B0BDE81040FFF747
:1026500053BF0191FBF7F6FD0199EFE7A0B138B543
:102660000C4B1D6804460DB16B6B4BB1B4F90C00FB
:1026700000B938BD21462846BDE83840FFF73CBFC9
:102680002846FBF7DFFDF1E7034A04490448FDF75C
:10269000CBB800BF00100010281100103126010037
:1026A00008100010002A3ED030B584460446084386
:1026B00080070B462ED1032A07D82BE0043A25D0F9
:1026C0001EF0803F22D1032A22D92068194653F8F0
:1026D000045BA0F1013EA842A4462EEA000E04F1DC
:1026E0000404EBD09CF800000C7884421DD1E6462F
:1026F00068B11EF8010F11F8014FA2EB0E03A042C2
:1027000003F1FF3311D11CEB0303F1D1002030BDE5
:10271000A44619469CF800000C78A04205D1012A75
:10272000F4D0E646E4E710467047001B30BD00BF1A
:10273000014B1868704700BF00100010FF289DBFB4
:10274000024B185C00F008000020704701220400D2
:102750002DE9F04F85B08B460192604A03901E46EA
:102760000D46294615F8014B135D13F00803F8D107
:102770002D2C7ED02B2C03BF2C7802938D1C029322
:102780006EB9302C00F086804FF00A09B246DFF8AF
:1027900050814FF0050C4FF099374E4617E0102E40
:1027A0006CD04FEAE67A324653464FF0FF304FF096
:1027B000FF3104F0E3FD32460746884653464FF0AA
:1027C000FF304FF0FF3104F0D9FDB14694460022AE
:1027D0001046114610E0414508BFB84239D000FB11
:1027E0000AF209FB0121A0FB09021144181841EB70
:1027F000E371012215F8014BA4F13003092B05D92F
:10280000A4F14103192B0CD8A4F137039E4210DD2B
:10281000541CEFD0874278EB0102DCD24FF0FF323C
:10282000E8E7A4F16103192B03D8A4F157039E42F2
:10283000EEDC531C12D0029B13B1404261EB41010C
:10284000019B1BB192B9019BC3F800B005B0BDE874
:10285000F08F6345C3DD4FF0FF32CBE703992223AE
:102860000B60019B10461146002BEFD005F1FF3B9A
:10287000E9E701232C7802938D1C81E7302C19D0D5
:102880004FF00F0C4FF0FF376FF07048B1464FF02C
:10289000000A9CE72B7803F0DF03582B0FD04FF092
:1028A0000809B2464FF0070C4FF0FF376FF0604851
:1028B0004E468CE72B7803F0DF03582BE0D14FF026
:1028C00010096C784FF00F0C02354FF0FF376FF0A6
:1028D00070484FF0000A4E4679E700BF012204001D
:1028E0009999991934E700BF10B4044C84461346F3
:1028F00020685DF8044B0A46614629E70010001085
:1029000010B4044C8446134620685DF8044B0A4614
:1029100061461DE70010001038B50C46084D84468E
:10292000114620461A4600232B60644604F004FF3B
:10293000431C00D038BD2B68002BFBD0236038BD72
:10294000A41B00102DE9F04F01F10B05162D83B0EB
:10295000064623D8102900F2AF8001F0F3FD1025C0
:1029600018230220C04F3B44A3F108025C68944244
:1029700000F024816368E268A16823F00303CA6061
:102980002344304691605A6842F001025A6001F0D7
:10299000DBFD0834204603B0BDE8F08F35F00705B5
:1029A00000F18A80A94200F2878001F0CBFDB5F5E5
:1029B000FC7FC0F06B816B0A00F08280042B00F278
:1029C0002381AB0903F1390003F1380EC300A64F90
:1029D0003B44A3F1080C5C68A44507D10DE0002A34
:1029E000E16880F2E5808C4507D00C46636823F0EF
:1029F00003035A1B0F2AF2DD7046DFF870823C6930
:102A0000444500F0C280636823F0030CACEB05037F
:102A10000F2B00F33F81002BC7E9048880F22A8145
:102A2000BCF5007FD7F804E080F0CE804FEADC01EF
:102A300001314FEA5C1C012303FA0CF357F83120F3
:102A4000A2604EEA030E07EBC103083BE360C7F840
:102A500004E047F83140D46083104FF0010C0CFAC9
:102A600003FCF44532D81CEA0E0F08D120F0030015
:102A70004FEA4C0C1CEA0E0F00F10400F8D007EBF3
:102A8000C00AD6468146DEF80C300BE0596821F0CA
:102A900003014A1B0F2A1C46DB6800F3C180002A91
:102AA00080F2D5809E45F1D109F1010919F0030F9B
:102AB0000EF1080EE7D116E10C233360002469E71C
:102AC0004FF4007340204FF03F0E80E7BC6863680E
:102AD00023F00309A94503D3A9EB05030F2B57DC0A
:102AE000DFF88CB1DBF8002004EB0903103208207A
:102AF00002EB0508009301F075FBD7F808140131CB
:102B0000024605D008F1FF388044414201EA080836
:102B100041463046019201F045FDB0F1FF3F019A78
:102B2000824600F0D280009B834200F2CC80DBF82A
:102B300004104144CBF80410084602F1FF3C40F079
:102B4000F4801AEA0C0F40F0F080D7F808A0C844CF
:102B500048F00100CAF80400DBF82C208A42DBF8B8
:102B6000302038BFCBF82C108A4238BFCBF8301059
:102B7000544620F00308A845A8EB050301D30F2B0A
:102B800006DC304601F0E0FC98E7D7F804E063E7A4
:102B9000621943F0010345F0010565603046BA60F3
:102BA000536001F0D1FC0834204603B0BDE8F08F3B
:102BB000A2682344D16030468A60E4E6DC68A34220
:102BC0007FF4D8AE023018E7BCF5206F4FEA5C22E4
:102BD00072D3142A00F2088102F15C03DB005B323D
:102BE000F918FB580839994203D1E4E09B689942EF
:102BF00004D05A6822F003026245F7D8D968C4E9C4
:102C000002318C60DC6027E7142B61D9542B00F271
:102C1000F4802B0B03F16F0003F16E0EC300D6E6B8
:102C2000D4F808C03046661945F001056560CCF857
:102C30000C30C3F808C042F00103C7E90466C6E9D6
:102C400002887360625001F07FFC0834A2E62144E0
:102C500030464A6842F001024A6054F8082FD360B7
:102C60009A6001F071FC95E6A0120010A812001005
:102C7000701B0010A4443046DCF8043043F001031C
:102C8000CCF8043001F060FC083483E6E80805F174
:102C9000080367E6621943F0010145F0010565602C
:102CA0003046C7E90422C2E90288516044F80C307A
:102CB00001F04AFC08346DE64FEA9C1202F1390338
:102CC000DB0038328CE7BC4228D0BC68606850E733
:102CD00003F15C0003F15B0EC30078E65AF8083993
:102CE000534540F0D78010F0030F00F1FF30F5D1CD
:102CF0007B6823EA0C037B604FEA4C0C9C453FF653
:102D0000E5AEBCF1000F04D1E0E64FEA4C0C09F14E
:102D100004091CEA030FF8D04846B0E6DBF80400CB
:102D20004044CBF8040002F1FF3CD7F8081401310D
:102D30006DD0009BAAEB03031844CBF804001AF0F3
:102D40000703009341D0C3F108018A44D0440A44E8
:102D500008EA0C01521A02EA0C013046019101F016
:102D600021FC421C6FD00199A0EB0A0000EB010886
:102D7000DBF80420C7F808A048F001001144BC4269
:102D8000CAF80400CBF804103FF4E6AEB9F10F0F17
:102D900040D96268A9F10C0020F0070002F001029E
:102DA00002436260052322180F28C2E9013352D87A
:102DB000DAF80400D0E692104FF0010C0CFA02F29F
:102DC0004EEA020EC7F804E019E70AEB080101EA2F
:102DD0000C01521A02EA0C013046019101F0E2FBAB
:102DE000431CC0D10099C3E7542A17D84FEA1C32BC
:102DF00002F16F03DB006E32F2E6B3F5AA7F17D85B
:102E0000EB0B03F1780003F1770EC300DFE5C7F8A1
:102E100008A494E70123CAF80430B2E6B2F5AA7F09
:102E200023D84FEADC3202F17803DB007732D7E6B1
:102E300040F25452934223D8AB0C03F17D0003F1CE
:102E40007C0EC300C3E5009BA3F108029044A8EBED
:102E50000A0800218CE704F10801304601F050F81F
:102E6000DBF80410D7F808A0A2E740F254539A42C6
:102E70000CD84FEA9C4202F17D03DB007C32AFE6C6
:102E80004FF47E737F204FF07E0EA0E54FF47E73EB
:102E90007E22A5E67B682FE72DE9F04F03690C69D8
:102EA000A34283B0C0F28A80013C01F1140500F115
:102EB000140855F8243058F8242001339A428E46DD
:102EC00081464FEA840105EB840708EB840AB2FBD4
:102ED000F3F63AD3CDE900150022AC46404613463E
:102EE0005CF8041B05681FFA81FB06FB0B22090C2A
:102EF0004FEA124B06FB01BB92B2A9B2891A1944E0
:102F00001FFA8BF3C3EB214303EB154389B241EA6C
:102F10000341674540F8041B4FEA1B424FEA234335
:102F2000DED2DDE9001558F8013073B9AAF1040AC0
:102F3000D04504D307E0D04504F1FF3403D25AF85A
:102F40000439002BF7D0C9F810407146484601F00B
:102F50004FFF00282EDB4146002255F8040BD1F824
:102F600000C01FFA80FE1FFA8CF3A3EB0E0313447C
:102F7000020CC2EB234202EB1C429BB243EA024327
:102F8000AF4241F8043B4FEA2242E6D258F82420EF
:102F900008EB84036AB9043B434504D807E098452D
:102FA00004F1FF3403D253F80429002AF7D0C9F8FA
:102FB00010400136304603B0BDE8F08F002003B06A
:102FC000BDE8F08F2DE9F04F9DB0CDE90A320291B6
:102FD000816B269D04908DED060B57EC106B49B16B
:102FE000C26B4A600123934004468B6001F044FCAD
:102FF0000023A363B7F10009B4BF012300232B60B2
:10300000774BBCBF29F00049CDF81C9033EA090387
:1030100000F0AA809DED067B002251EC170B0023E7
:103020008DED007B04F0CAF8804668B10A9A01234E
:103030001360279B13B1279A6A4B13606A4B059361
:1030400005981DB0BDE8F08F9DED000B04981AAAFD
:103050001BA902F03BF85FEA1955824640F09A80BE
:10306000DDE91A85454405F23243202B40F38C8379
:10307000C3F1400309FA03F905F2124326FA03F3F8
:1030800049EA030003F0B8FD0123013DA1F1F87105
:103090001293564B002203F071FC4BA3D3E900239B
:1030A00003F024FE4AA3D3E9002303F069FC06469B
:1030B00028460F4603F0B0FD47A3D3E9002303F0F1
:1030C00015FE02460B463046394603F059FC0646CB
:1030D0000F4604F0BBF80022044609900023304656
:1030E000394604F075F8002840F02483099CA8EBC9
:1030F000050808F1FF33162C089300F28C813C4B35
:1031000003EBC403D3E90023DDE9000104F060F818
:10311000002873D0631E099300231193089B002B92
:10312000C0F27F8100230C93099B002B6CDA099B72
:103130000C9A0D93D21A0C925A4200230993029BC7
:103140001092092B6AD8052B40F32383043B02938A
:103150000025029B023B032B00F23886DFE813F0C8
:1031600070046D04650449040A9AC9F3130942F214
:103170000F7359EA060913601CD1279B002B00F03E
:1031800045861C4B05930833279A059813601DB09C
:10319000BDE8F08FDDE90012C2F31303084643F0E7
:1031A0007F51CDF84880A5F2FF35DDF8688041F405
:1031B00040116EE7279B002B40F0F6830E4B0593E2
:1031C0003EE700BFAFF3008061436F63A787D23F44
:1031D000B3C8608B288AC63FFB799F501344D33F06
:1031E0000000F07FED3B0400EC3B04000000F83FE2
:1031F000A8240400383C0400443C0400B8F1000F4B
:1032000040F3A38411900C90DDE908321344089335
:1032100000231093029B0D92092B94D900230125C2
:1032200002930E954FF0FF3B0B93049BCDF84CB0EF
:103230000021D963049801F0F9FA0590002800F004
:10324000CE85DDE90432BBF10E0F9A6300F21881DE
:10325000002D00F015810D99002940F34684B34BF1
:1032600001F00F0203EBC203C805D3E900894FEA5E
:10327000211540F10884AE4BDDE90001D3E90823B4
:1032800003F05EFECDE9140105F00F0503277DB1C3
:10329000A74EE90708D540464946D6E9002303F082
:1032A00025FD0137804689466D1006F10806F0D1EC
:1032B00042464B46DDE9140103F042FE8046894652
:1032C000119B43B19B4B00224046494603F080FFCF
:1032D000002840F00B85384603F09EFC42464B46E2
:1032E00003F004FD944B002203F04AFBA1F150735C
:1032F000CDE914011593BBF1000F00F0A8800D9BE0
:10330000CDE918B34946404603F0A0FF189A874B11
:1033100003EBC20313ED027B05468DED167B03F034
:103320007BFC0B4602464946404603F027FB059FBF
:103330000E9B30357E1CECB2804689463546002B0C
:1033400000F06C84DDE916237C49002003F0F8FDD1
:10335000DDE9142303F012FB3C7042464B46044661
:103360000D4603F053FF002840F0B884CDF850A07C
:10337000CDF858B00027AB46A246189D2AE0013789
:10338000AF4280F2FD846E4B50465946002203F056
:10339000ADFC6B4B002282468B464046494603F00B
:1033A000A5FC8946804603F051FF044603F034FC37
:1033B00002460B464046494603F0E0FA303406F830
:1033C000014B52465B468046894603F001FF0028C8
:1033D00040F0D38442464B465649002003F0CEFAD3
:1033E00052465B4603F0F4FE0028C8D0199BDDF876
:1033F00050A0059A374603F1010802E0974200F019
:103400009B843E4617F8013D392BF7D00133DBB2E0
:103410003B7045467DE101231193089B002BBFF6CD
:1034200081AEC8F101030C93002308937CE6384673
:1034300003F0F2FB42464B4603F058FC3E4B0022A1
:1034400003F09EFAA1F15073CDE9140115933D4BA1
:1034500000224046494603F091FADDE91445224630
:103460002B4606460F4603F0D1FE002840F0738439
:1034700030463946224605F1004303F0A9FE28BB39
:103480001B9B002BC0F290800D9A0E2A00F38C80BB
:10349000264B0D9A03EBC20393ED007B0B9B002B95
:1034A0008DED027B19DABBF1000F16DC0ED1254B36
:1034B0000022DDE9020103F019FC02460B46DDE9BA
:1034C000000103F08FFE002800F045840023059ED4
:1034D00000931F460B9BDD432DE2059B5D1CDDE940
:1034E0000278DDE900013A46434603F029FD03F086
:1034F000ADFE064603F090FB3A46434603F0F6FB6A
:1035000002460B46DDE9000103F038FA059A06F1A0
:103510003003BBF1010F2F46137000F0218301250A
:10352000CDF800A0A846DDE9029A2BE0A82404000B
:10353000982504000000F03F00001C400000E03F20
:1035400000002440000014404A46534620462946C5
:1035500003F0F6FC03F07AFE064603F05DFB4A46F4
:10356000534603F0C3FB08F101080B460246294607
:10357000204603F003FA06F13003D84507F8013B73
:1035800000F0EC82844B002203F0B0FB0022002309
:1035900004460D4603F012FE0028D5D00D9DDDF83F
:1035A00000A001353E46B4E00E9A002A40F0D880D3
:1035B0000023109E0C9D0E931F4665B1089A002AA9
:1035C00009DD0C99AA421346A8BF2B46C91AED1A69
:1035D000D31A0C910893109B53B10E9B13B1002E7C
:1035E00040F0F7825146109A049801F02FFB824672
:1035F0000498012101F046FA099B0090002B40F04D
:10360000BE81029B012B40F3D4810120089A104413
:1036100010F01F0000F09B80C0F12003042B40F34A
:10362000E3810C9BC0F11C00034402440C9305444D
:1036300008920C9B002B05DD514604981A4601F0B8
:103640005FFB8246089B002B05DD009904981A4613
:1036500001F056FB0090119B002B40F07581BBF1EF
:10366000000F40F34C810E9B002B40F0A4800D9D79
:103670000135DDF81480009CDDF81090012607E08C
:10368000514600230A22484601F000F901368246DD
:1036900021465046FFF700FCB34500F1300008F822
:1036A000010BEDDCBBF1000F059BCCBF5E46012694
:1036B000814603EB060B002451460122049801F0D9
:1036C0001FFB0099824601F093FB002840F3EE8136
:1036D000059A02E0934500F003825E460BF1FF3B42
:1036E00016F8013C392BF5D001338BF80030DDF8AA
:1036F00010800099404601F0BFF857B12CB1BC4290
:1037000003D02146404601F0B7F80498394601F04D
:10371000B3F80498514601F0AFF8002333700A9BC8
:103720001D60279B002B3FF48BAC05981E601DB0DD
:10373000BDE8F08F204603F06FFA32463B4603F0B7
:103740003DFD00287FF4D2AC631E0993CEE41C2318
:103750000C9A1A440C92089A1A441D44089268E77D
:10376000029A012A40F3AD81109B0BF1FF36B34260
:10377000C0F26981BBF1000FA3EB060680F2EF8275
:103780000C9BA3EB0B056CE1C3F1200306FA03F0DD
:1037900078E40125DDE400BF000024403946002321
:1037A00004980A2201F072F8139B002B074640F39D
:1037B000FF820D969B46002D05DD394604982A466A
:1037C00001F09EFA0746099B002B40F0E681B846BF
:1037D000059E731E03EB0B04069B03F00103CDE96A
:1037E0000B43049C00995046FFF756FB394683462D
:1037F000504601F0FDFA009905464246204601F088
:1038000019FBC3680BF130090146ABBB0990504668
:1038100001F0EEFA09990890204601F02DF8089A77
:10382000002A54D1029B1BB90C9B002B00F0AE82E6
:10383000002D3FDB0B9BB3469E420BF8019B00F033
:10384000C381514600230A22204601F01FF8474554
:10385000824639464FF000034FF00A02204630D02E
:1038600001F014F84146074600230A22204601F0E1
:103870000DF85E468046B5E7049800F0FDFF002D88
:1038800006DB069B03F00102029B1D432A4329D15C
:1038900051460122049801F033FA0099824601F062
:1038A000A7FA002840F3F680B9F1390F00F04982F9
:1038B0000BF131090D9D06F8019B3C460135474649
:1038C00015E700F0E3FF5E46074680468AE7002DD5
:1038D000C0F29382029B1D430C9B1D4300F08D821E
:1038E000002AA7DDB9F1390F00F02B820D9D09F1F7
:1038F00001033C4606F8013B01354746F7E6029BCB
:10390000022B7FF7B0AEBBF1000F40F0258100998C
:1039100004985B46052200F0B9FF0146009050462E
:1039200001F066FA002840F31781059E0D9D3123B2
:1039300006F8013B01350099049800F09DFF013520
:10394000002F7FF4E2AEE4E60099504601F050FA11
:103950000028BFF684AE5146002304980D9C0A222D
:1039600000F094FF0E9B661E8246002B7FF416AF7C
:10397000139B002B40F311820D9D9B4679E6014677
:103980001A46049801F062F9029B0090012B6EDD4B
:1039900000230993009A136902EB8303186901F06D
:1039A0001FF8C0F1200031E6984B05930333FFF771
:1039B000EBBB069B002B7FF428AEDDE90612C2F3B9
:1039C0001303002B7FF421AE914B134033B10C9BBA
:1039D00001330C93089B013308930123099A09933F
:1039E000002A3FF412AED5E73FF423AEC0F13C030A
:1039F000AEE601230E930B9B0D9A134403F1010BCA
:103A00005E46012E1393B8BF0126172E40F3F981AD
:103A1000012204235B0003F11400B042114602F1BD
:103A20000102F7D9049BD96304E401230E930B9E92
:103A3000002E36DD1396B346E7E700230E93DAE750
:103A400000230E93F3E7109B099A1096F31A1A4479
:103A5000089B09925B4408930C9B1D465B440C93A6
:103A600000260498012101F00DF80746A5E5069B04
:103A7000002B8DD1DDE90601C1F313030A46002BAB
:103A8000A2D0099086E79DED007B02278DED147B87
:103A9000FFF7FDBB7FF40EAF19F0010F7FF404AF09
:103AA00008E701230B939B46FFF7BFBB03D119F037
:103AB000010F7FF40DAE5E461BF8013D302BFAD0AE
:103AC00015E6129A002A00F09C8003F23343089A0C
:103AD000109E1A4408920C9A15461A440C92C0E79C
:103AE000059A31230135137001E600F0FA800D9A32
:103AF000484B554205F00F0203EBC203D3E9002304
:103B0000DDE9000103F0F2F82D11CDE9140100F018
:103B10005881414E0023022780468946EA0709D58D
:103B2000D6E900234046494603F0E0F801378046D5
:103B3000894601236D1006F10806EFD1002B7FF4B2
:103B4000BFABDDE91489FFF7BBBBC8F101030890E7
:103B50000C931190FFF758BB059EBBE4DDF800A065
:103B600002460B4602F00CFF0D9DCDE90001013528
:103B700002460B46DDE90201A84603F029FB40B9E5
:103B8000DDE90023DDE9020103F018FB18B1F307BA
:103B900001D5059A35E43E46BBE57968049800F006
:103BA00045FE0546002800F021813B6902339A005A
:103BB00007F10C010C30FAF715F904982946012297
:103BC00001F09EF8804603E60D9D3C4601354746D0
:103BD00072E5049C39463246204601F037F85246D9
:103BE00001460746204600F07BFF514680462046AE
:103BF00000F042FE109B9B1BC24610933FF4F8ACB2
:103C0000F0E41A9BC3F1360361E700BF443C0400B3
:103C10000000F07FA824040098250400DDE91623A5
:103C2000DDE9140103F062F8059B1C70189B012B61
:103C3000CDE90E0100F0C380189F059B12961F442A
:103C40007A4B00224046494603F050F80D460446A0
:103C500003F0FCFA814602F0DFFF09F13009024669
:103C60000B462046294602F089FE06F8019BBE421B
:103C700080468946E4D1129D6D4B0022DDE90E019C
:103C800002F07EFE02460B464046494603F0BEFA6D
:103C900000286CD1DDE90E236549002002F06EFE9C
:103CA00002460B464046494603F092FA80B91B9BF8
:103CB000002BFFF67DAC0D9B0E2B3FF779AC5D4BD7
:103CC0000D9A03EBC20393ED007B8DED027B06E4BE
:103CD0003E46013F16F8013C302BF9D0199D0135C5
:103CE00017E5DDE900890227FFF7EABABBF1000F0B
:103CF0003FF49DAB139C002C7FF7C2AB0D9B013BA7
:103D00000022404649461993484B02F0EFFF804697
:103D10008946781C02F080FF42464B4602F0E6FFDF
:103D2000454B002202F02CFEA1F15073CDE91401A5
:103D300018941593FFF7E6BA08F101083123FFF74D
:103D400067BB0D9D059AB34639233C460BF8013BF2
:103D500001354746C1E4002300931F46E5E5089B73
:103D60005B4408930C9B1D465B440C9379E6199BBE
:103D7000059A03F10108FFF744BBDDF850A0ADE759
:103D8000DDF850A0DDF858B0FFF77ABBB9F1390F74
:103D9000D7D0002D3FF78CAD8CE5029B022B03DCC6
:103DA0000D9DDDF84CB064E4DDF84CB00D96AAE54D
:103DB000029B022BF8DCDDF84CB00D96FBE4374695
:103DC0005AE7DDE914890227FFF77ABA049B002538
:103DD000DD632946184600F029FD0590D0B9174B40
:103DE0001748002240F2AF1100F0FAFC134B1448C0
:103DF0002A4640F2EF2100F0F3FC002A3FF748ADDD
:103E000058E5049B0021D963FFF714BA0D4B0593C5
:103E1000FFF716B9DDE904329A634FF0FF33012250
:103E20000B9513930E929B46FFF72ABB000024408C
:103E30000000E03FA824040000001C40F03B040008
:103E4000483C0400383C04002DE9F84306460820AD
:103E5000894600F0C7F9DFF8A4800546304600F037
:103E600071FBD8F808305F6827F00307A7F1110449
:103E7000A4EB09042C44B4FBF5F4013C05FB04F469
:103E8000A54208DC0021304600F08CFBD8F8083051
:103E90003B44984205D0304600F056FB0020BDE878
:103EA000F8836142304600F07DFB01300FD0114AAB
:103EB000D8F808303F1B47F001075F6013683046B1
:103EC0001B1B136000F040FB0120BDE8F8830021BC
:103ED000304600F067FBD8F80820831A0F2BDADD94
:103EE00043F001035360044B02491B68C01A086089
:103EF000D1E700BF741B0010A8160010A01200101C
:103F000000297CD02DE9F0410C46804600F01AFBD8
:103F100054F8043C754FA4F1080523F0010168181A
:103F2000BE684268864222F0030200F08380DE070A
:103F3000426000EB020C33D454F8084CDCF8043037
:103F40002D1B2144AC6807F1080C644503F0010304
:103F500064D0D5F80CE0C4F80CE0CEF80840002B93
:103F600000F0818041F001036B600160B1F5007FDA
:103F700022D27868CB080122490901338A400243E2
:103F800057F833107A6007EBC302083AC5E902120A
:103F900047F83350CD604046BDE8F04100F0D4BA58
:103FA000DCF80430DB072BD541F00103B1F5007FCD
:103FB00044F8043C0160DCD3B1F5206F4FEA512393
:103FC00053D28B0903F1390003F13802C300F8180A
:103FD000FB580838984203D161E09B68984204D0AE
:103FE0005A6822F003028A42F7D8D868C5E902303D
:103FF0008560DD604046BDE8F04100F0A5BA70473D
:10400000114407F1080C836863453FD0C268DA6049
:10401000936041F001036B606950A7E7002B5FD10B
:104020000A44D0E90213CB60996042F001036B604F
:10403000AA50B0E7DB070A4407D454F8083CED1A4D
:104040001A44D5E90213CB60996042F001036B601A
:10405000274BBD601B6893429DD8264B404619688C
:10406000FFF7F2FE97E71144CDE7142B08D9542B44
:104070001DD80B0B03F16F0003F16E02C300A6E71E
:1040800003F15C0003F15B02C300A0E741F0010310
:10409000C7E90455C5E902CC6B6069507BE77968D4
:1040A0009210012404FA02F20A437A609EE7B3F503
:1040B000AA7F06D8CB0B03F1780003F17702C30087
:1040C00085E740F25452934206D88B0C03F17D00F1
:1040D00003F17C02C3007AE74FF47E737E2276E719
:1040E00041F001036B60016055E700BFA0120010B2
:1040F000AC160010701B001070B539B106460C46A6
:1041000008B1436B83B3B4F90C3013B900252846CA
:1041100070BD21463046FEF7EFF9E36A054633B13C
:10412000E169304698470028B8BF4FF0FF35A389B2
:104130001B061CD4216B41B104F14003994202D00B
:104140003046FFF7DDFE00232363616C21B130466A
:10415000FFF7D6FE00236364FAF784F80023A381F7
:10416000FAF782F8284670BDFAF76CF8CBE72169B8
:104170003046FFF7C5FEDDE7024B01461868FFF742
:10418000BBBF00BF0010001010B4034CD4F8E040D7
:10419000A4465DF8044B60473411001049B1FF2A72
:1041A00002D80A70012070478A2303604FF0FF3065
:1041B00070470846704700BF38B50C46084D844626
:1041C000114620461A4600232B60644603F0ACFAE1
:1041D000431C00D038BD2B68002BFBD0236038BDBA
:1041E000A41B0010082802D14FF48050704708B576
:1041F000FEF79EFA162303604FF0FF3008BD00BFA4
:104200002DE9F84F1646002900F096800C468046AE
:1042100006F10B0500F096F954F8041C162DA4F1D4
:10422000080921F0030758D81025AE4258D8AF42EC
:1042300060DABE4B9A6809EB070C6245DCF80400B3
:1042400000F0908020F0010363445B68DB0768D4D2
:1042500020F003003B189D4247DDCB0712D454F8F1
:10426000083CA9EB030BDBF8043023F003021044F5
:1042700000EB070A554540F3F68007EB020A554567
:1042800040F3CC8031464046FEF75CFB06460028F2
:1042900000F0208154F8043C23F001034B44A0F1CA
:1042A0000802934200F0B4803A1F242A00F2D7801B
:1042B000132A00F2A2800346224611681960516851
:1042C000596092689A6021464046FFF719FE4046C1
:1042D00000F03AF93046BDE8F88F35F00705A4D56F
:1042E0000C23C8F80030002618E01F46DCE9022342
:1042F000D3609A60D9F804307A1B0F2A03F00103C7
:1043000009EB07001DD83B43C9F80430436843F06C
:1043100001034360404600F017F926463046BDE8E9
:10432000F88FC907AED454F8083CA9EB030BDBF8AF
:10433000043023F00302A0E7BDE8F84F1146FEF772
:1043400001BB09EB05012B4342F00102C9F804301F
:104350004A60436843F00103436008314046FFF779
:10436000CFFDD7E720F00300C21905F1100C62451C
:1043700080F29180CA0785D454F8082CA9EB020B6F
:10438000DBF8042022F00302104400EB070AD445B6
:104390003FF773AF5E46DBF80C1056F8080F3A1F74
:1043A000242AC160886000F2AE80132A40F2A980FE
:1043B0002168CBF808106168CBF80C101B2A00F2BA
:1043C000A88008340BF11002216811606168516007
:1043D000A16891600BEB0501AAEB050242F0010216
:1043E00099604A60DBF8043003F001032B43404638
:1043F000CBF8043000F0A8F890E723680360636806
:1044000043601B2A3CD804F1080200F1080354E77A
:1044100050F8043C23F003031F446BE73A1F5E4649
:10442000DBF80C3056F8081F242ACB60996022D89C
:10443000132A1ED92368CBF808306368CBF80C30F8
:104440001B2A3BD808340BF1100322681A606268FB
:104450005A60A2689A6034465746D9464AE72146D0
:1044600000F096FF2FE7DCE902133A1FCB6099605A
:10447000D5E73346E9E72146304600F089FFEAE711
:10448000A3688360E368C360242A27D004F1100284
:1044900000F1100311E709EB05019960531B43F08C
:1044A00001034B6054F8043C03F001032B434046E6
:1044B00044F8043C00F048F826462FE7A368CBF800
:1044C0001030E368CBF81430242A10D010340BF1EC
:1044D0001803BAE7404600F037F804E723690361A0
:1044E0006169416104F1180200F11803E5E62369EE
:1044F000CBF818306369CBF81C3018340BF120036B
:10450000A3E7324660E72146304600F041FF074B03
:1045100060E7A168CBF81010E168CBF81410242AEA
:1045200006D010340BF118024EE700BFA0120010A5
:104530002269CBF818206269CBF81C2018340BF1E3
:10454000200241E7704700BF704700BF2DE9F843E4
:10455000154692682C68FAB180468946083401E015
:104560000834CFB16B68591E002B1746696013DD04
:1045700054F8046C002EF3D0334654F8082C494606
:10458000404600F0C3FF431C07D0AA68921B1746A1
:10459000AA600834002FE5D100200023C5E90133CB
:1045A000BDE8F88338B5074D0022044608462A6066
:1045B00003F0CAF8431C00D038BD2B68002BFBD099
:1045C000236038BDA41B001010B40468013409E056
:1045D00014F8013BA3F1410CBCF1190F98BF203333
:1045E000934208D111F8012B002AF1D10460012077
:1045F0005DF8044B704700205DF8044B704700BF26
:1046000009682DE9F04F4B1102EB830311F01F0BEA
:1046100007460CBF1846181D3C680CBF1D1F1D46E1
:10462000002340F8043C617885B00134002900F093
:10463000A8809E469A461E460B4601461046DFF865
:10464000889101975A46A846AC46834610E0202B35
:1046500000F28F80564508DDE04502D9BEF1070F14
:104660005FDDE34554D34FF0080E14F8013FB3B1BA
:1046700019F80370002FEAD00EF1010EBEF1080FF9
:1046800006F101063ADCDCF800301B0107F00F07E9
:104690001F43CCF8007014F8013F002BE8D15B46B3
:1046A000084693461A46002E6BD0C44502D2BEF18E
:1046B000070F73DD62454DD2111F634653F8044B5B
:1046C00041F8044FAB42F9D9A5EB0C0323F00303E7
:1046D000691C04330CF1010C8C4588BF042313447E
:1046E000002143F8041BAB42FBD950F8043C002BDB
:1046F0004DD1AA4249D055F8043DF8E7E345B4D27C
:1047000000234CF8043C4FF0010EACF1040CBDE763
:104710000023ACF104084CF8043CB246C4469E4663
:10472000A3E7CEF108008000CDE9022CDCF80030D0
:104730006746C0F1200E8446786800FA0EF21A43EC
:1047400020FA0CF33A6047F8043FB845F4D8DDE9A5
:10475000022C86E750F8043CBBF1000FC7D0CBF128
:10476000200B4FF0FF3121FA0BF10B4040F8043CD5
:10477000BDE70846194629295B46019F93461A461C
:1047800009D0042005B0BDE8F08F01232B6005207F
:1047900005B0BDE8F08F01343C6084E7CEF108033A
:1047A000DCF800109B00C3F1200E66460C467768CB
:1047B00007FA0EF1214327FA03F4316046F8044F5B
:1047C000B045F4D876E700BF98230400000000004D
:1047D0009FED010B704700BF000000000000F87F54
:1047E00000B50B4C25681446EE681A4685B00346A2
:1047F0000D464CB107490095CDE9011430460649F4
:1048000000F0F2FE00F044FE04490C46F3E700BF5E
:1048100000100010743C0400843C0400803C040040
:1048200008B513460022FFF7DBFF00BF436C70B5ED
:1048300005460C464BB153F8240080B1026843F89A
:1048400024200023C0E9033370BD2122042100F09D
:1048500027FE034668640028EDD1002070BD0121C9
:1048600001FA04F6721D9200284600F019FE002895
:10487000F3D0C0E90146E4E731B1436C4A6853F82C
:104880002200086043F82210704700BF2DE9F04174
:104890000D6907460E461C4601F1140E0020DEF895
:1048A00000108BB202FB03434FEA134C090C02FBCE
:1048B00001CC01309BB203EB0C4385424EF8043B24
:1048C0004FEA1C44EBDC3CB1B368AB4207DD06EBBE
:1048D000850301355C6135613046BDE8F081716862
:1048E00038460131FFF7A2FF8046A8B13269023293
:1048F00006F10C0192000C30F9F774FA7B6C7268C7
:1049000053F82210316043F82260464606EB8503D7
:1049100001355C613561DFE7024B03484246BA214D
:10492000FFF75EFFF03B0400B43C04002DE9F843C0
:104930001746284A1E4608330C46092E82FB0312EE
:104940004FEAE3730546C3EB62033ADD4FF0010C17
:1049500000214FEA4C0C634501F10101F9DC2846C6
:10496000FFF764FF014670B3089B4361092F4FF0C6
:104970000103036112DC0A340927BE420BDDF61B7A
:10498000264414F8013B0A22303B2846FFF77EFFFD
:10499000B4420146F5D10846BDE8F88304F10908A0
:1049A00004EB0709444614F8013B0A22303B284631
:1049B000FFF76CFF4C450146F5D1A7F108044444CC
:1049C000DBE70021CBE70A46034B0448D321FFF77E
:1049D00007FF00BF398EE338F03B0400B43C04000D
:1049E000B0F5803F034636BF030400201020B3F12A
:1049F000807F3CBF1B020830B3F1805F3CBF1B01CE
:104A00000430B3F1804F03D3002B06DB0130704735
:104A10009B0003D45B0003D4202070470230704712
:104A200003307047036813F00702014607D0DA0726
:104A30001FD4980721D55B080B600120704798B2FE
:104A4000A0B11046DAB20AB908301B0A1A0704BF2F
:104A50001B0904309A0704BF9B080230DA0703D40D
:104A60005B0800F1010006D00B6070471B0C1020A2
:104A7000E8E700207047202070479B080B60022069
:104A8000704700BF38B5436C04460D464BB15868BB
:104A9000B0B102685A6000220123C0E903234561D6
:104AA00038BD2122042100F0FBFC0346606400288D
:104AB000EDD1094B0948002240F24511FFF790FE65
:104AC0001C220121204600F0EBFC0028F1D001223D
:104AD0000223C0E90123DEE7F03B0400B43C0400FC
:104AE0002DE9F04FD1F810801569A84585B00E4624
:104AF000924605DB2A46534645468A4690461E4660
:104B0000DAF80830DAF8041005EB0804A342B8BF5D
:104B10000131FFF78BFE8446002800F08B8000F106
:104B2000140707EB840E774505D23B46002243F875
:104B3000042B9E45FBD8143606EB88080AF11409AD
:104B4000464509EB850566D2A5EB0A03153B23F024
:104B500003030AF1150A043355452CBF9B464FF059
:104B6000040BCDF808E00394AE46E24605E0090CDC
:104B70002AD1B04507F104074AD956F8041B8DB273
:104B8000002DF4D0CC463C46002301965CF8040B83
:104B9000216886B28AB2000C05FB0622090C1A4471
:104BA00005FB001101EB124192B242EA0142E645D7
:104BB00044F8042B4FEA1143E8D8019E47F80B3024
:104BC00056F8041C090CD4D03B68002248461D4608
:104BD0003C469446028801FB02C202EB15429BB29E
:104BE00043EA024344F8043B50F8043B25684FEA8B
:104BF000134CABB201FB0C3303EB124370454FEA8D
:104C0000134CE7D3B04547F80B3007F10407B4D88D
:104C1000DDE902E4D446002C02DC05E0013C03D0CF
:104C20005EF8043D002BF9D06046CCF8104005B08A
:104C3000BDE8F08F034B044862464FF4B171FFF7B3
:104C4000CFFD00BFF03B0400B43C040012F00303AE
:104C50002DE9F041144607462CD10D46A4101CD076
:104C60003E6C86B3E3074FF0000806D4641014D0FE
:104C70003068A8B10646E307F8D5324629463846DB
:104C8000FFF72EFF35B17B6C696853F821202A604D
:104C900043F8215064100546EAD12846BDE8F0816A
:104CA000324631463846FFF71BFF3060C0F80080BF
:104CB0000646E0E7013B0F4A52F823200023FFF7A6
:104CC000E5FD0546CAE701213846FFF7AFFD064678
:104CD00040B1012340F27122C0E90432002338645C
:104CE0000360BFE7044B0548324640F24511FFF729
:104CF00077FD00BF98240400F03B0400B43C04009E
:104D00002DE9F0470C4690462769A368496807EBF0
:104D100062177D1C9D4206464FEA621904DD5B0066
:104D20009D4201F10101FADC3046FFF77FFD844628
:104D3000002851D0B9F1000F00F114000EDD09F187
:104D400005024FEA820E03460CEB8202002143F873
:104D5000041B9342FBD1AEF114031844216904F102
:104D6000140318F01F0803EB81012DD0C8F12009AE
:104D700086464FF0000A1A6802FA08F242EA0A026E
:104D80004EF8042B53F8042B994222FA09FAF2D870
:104D90000B1B153B23F00303043304F1150291426E
:104DA00038BF042340F803A0BAF1000F00D13D46FC
:104DB000736C6268CCF8105053F822102160604682
:104DC00043F82240BDE8F087043853F8042B40F83C
:104DD000042F9942F9D8EAE7034B044862464FF49E
:104DE000EF71FFF7FDFC00BFF03B0400B43C040092
:104DF0000B6984460069C01A16D10CF1140C1431E9
:104E00000CEB830210B401EB830301E0944508D25C
:104E100052F8044D53F8041D8C42F7D005D24FF0E0
:104E2000FF305DF8044B7047704701205DF8044B7C
:104E3000704700BF2DE9F04F15460A692B69D21A59
:104E4000002A83B0884640F0878001F1140605F1FE
:104E5000140101EB830106EB830301E09E427ED245
:104E600053F8044D51F8042D9442F7D075D32B46D6
:104E70000024454698466968FFF7D8FC814600281B
:104E800000F089802E69C460D8F8100005F1140B79
:104E900008F1140E09F1140A05F110020EEB80005E
:104EA0000BEB860157464FF0000CCDF804B05EF8CE
:104EB000044B52F8045F1FFA84FBABB2A3EB0B0365
:104EC000240C6344C4EB154404EB23449BB243EA33
:104ED0000443704547F8043B4FEA244CE7D8A0EB65
:104EE000080208F115084045A2F1150234BF002060
:104EF000012092080028DDF804B002F101044FEA15
:104F0000840408BF04240BEB0405A942544433D99C
:104F10002746284650F8043B1CFA83FE1A0C6344CB
:104F200002EB2E429BB243EA0243814247F8043B24
:104F30004FEA224CEED80139491B21F003010C4401
:104F400023B954F8043D013E002BFAD04846C9F875
:104F5000106003B0BDE8F08F89DA01248BE70021EF
:104F6000FFF764FC814678B101220023C0E90423E5
:104F7000484603B0BDE8F08F00284FEA820208BF20
:104F800000220AEB0204DBE7064B07484A4640F2E0
:104F90003721FFF725FC034B03484A4640F24521E1
:104FA000FFF71EFCF03B0400B43C040082B08DED22
:104FB000000B164B019A1340A3F15073002B06DD32
:104FC00000221946104641EC100B02B070475B42BC
:104FD000B3F1A07F4FEA235209DA4FF400231341C3
:104FE00000221946104641EC100B02B07047A2F1A6
:104FF00014031E2BDABF4FF00042DA4001220023D7
:105000001946104641EC100B02B070470000F07FCB
:10501000F8B5046900F1140606EB8404271F54F860
:10502000045C2846FFF7DCFCC0F120030A280B6073
:1050300033DDBE42A0F10B0119D254F8080C21B3A4
:10504000C1F120078D4020FA07F215438840A4F1F2
:10505000080145F07F538E4243F4401319D254F8AF
:105060000C1CF9400843024643EC102BF8BD0B28FA
:105070000AD005FA01F141F07F53002043F44013B8
:10508000024643EC102BF8BD002045F07F5343F45B
:105090004013024643EC102BF8BDC0F10B0C25FA6F
:1050A0000CF1BE4241F07F5338BF54F8081C00F1A8
:1050B000150034BF21FA0CF1002105FA00F0084375
:1050C00043F44013024643EC102BF8BD2DE9F043A6
:1050D0000E4683B0012159EC108B1546FFF7A6FB55
:1050E0000446002846D0C9F30A57C9F313030FB189
:1050F00043F480130193B8F1000313D101A8FFF723
:1051000091FC019B63610122203022610FB3A7F261
:1051100033470744C0F1350037602860204603B0AC
:10512000BDE8F08368460093FFF77CFC019BF8B173
:105130000099C0F1200203FA02F2C3400A4301932E
:10514000002B62610CBF01220222A3612261002FA9
:10515000DDD104EB8203A0F2324030601869FFF722
:105160003FFCC0EB42102860204603B0BDE8F0834E
:10517000009AE5E7034B0448224640F20F31FFF75F
:105180002FFB00BFF03B0400B43C04002DE9F043CA
:1051900083B0884669468146FFF73AFF01A9404639
:1051A00055EC104BFFF734FFD8F81030D9F8102029
:1051B000D21ADDE900315B1A03EB4213002B59ECE4
:1051C000108B0DDD05EB03573D4642464B4620460E
:1051D000294601F0B5FE41EC100B03B0BDE8F083A9
:1051E000C3EB033309EB03518946EEE7172870B58B
:1051F00006460CDD0A490B4D0020002422462B46B2
:1052000001F074FD013EF9D141EC100B70BD064B6D
:1052100003EBC003D3E9040141EC100B70BD00BFE8
:105220000000F03F00002440982404000139491197
:1052300001F1010C116902F1140303EB81018B42AE
:1052400000EB8C0C16D210B5A0F1040E53F8044BF1
:105250004EF8044F9942F9D88B1A153B23F00303FB
:1052600004331844844504D9002340F8043B8445A2
:10527000FBD810BD844505D9002340F8043B844584
:10528000FBD87047704700BF03694A11934200F191
:10529000140009DA00EB830302E053F8042DAAB9E5
:1052A0008342FAD80020704700EB8203F8DD11F04A
:1052B0001F01F5D010B450F8224024FA01F28A40C0
:1052C000944209D001205DF8044B704701207047DB
:1052D00053F8042D002AF5D18342F9D800205DF857
:1052E000044B7047000000000000000000000000B8
:1052F00001F0FF01102A2BDB10F0070F08D010F887
:10530000013B013A8B422DD010F0070F42B3F6D18A
:10531000F0B441EA012141EA014122F007047FF0A3
:1053200000070023F0E80256083C85EA010586EAFA
:10533000010685FA47F5A3FA87F586FA47F6A5FA36
:1053400087F68EB9EED1F0BC01F0FF0102F0070242
:1053500032B110F8013B013A83EA010313B1F8D1ED
:105360000020704701387047002D06BF35460338CE
:10537000073815F0010F07D1013015F4807F02BF07
:10538000013015F4C03F0130F0BC0138704700BF58
:1053900088420ED98B1883420BD900EB020C002AED
:1053A0006ED0624613F801CD02F801CD9942F9D1D1
:1053B00070470F2A0FD8034602F1FF3C002A5FD046
:1053C0000CF1010C013B8C4411F8012B03F8012F67
:1053D0006145F9D1704740EA01039B0751D1A2F121
:1053E000100370B501F1200C23F00F0501F1100E30
:1053F00000F11004AC441B095EF8105C44F8105C2A
:105400005EF80C5C44F80C5C5EF8085C44F8085CE0
:105410005EF8045C44F8045C0EF1100EE64504F1FD
:105420001004E9D1013312F00C0F01EB031102F06B
:105430000F0400EB031328D0043C24F003064FEACA
:10544000940C1E441C1F8E465EF8045B44F8045FF7
:10545000B442F9D10CF1010402F0030203EB84031E
:1054600001EB840102F1FF3C4AB10CF1010C013B5C
:105470008C4411F8012B03F8012F6145F9D170BD5F
:10548000704702F1FF3C03469AE72246EAE700BF75
:1054900008B5062000F058F9012002F06BF900BFB2
:1054A00038B5A1FB021454BBFDF74CFA054650B3C6
:1054B00050F8042C22F00302043A242A10D8132AAC
:1054C00013D91B2AC0E9004416D9242AC0E9024492
:1054D0000ABFC0E9044400F1100200F1180205E01F
:1054E0002146F6F7F9FE284638BD02460023C2E9F8
:1054F00000339360284638BD00F10802F6E7FDF757
:1055000017F90C2303600025284638BD2DE9F04724
:105510008F681D46AF420B680C46164636D8B1F967
:105520000CC01CF4906F0ED13D46184631462A46F9
:10553000FFF72EFFA368DF1B2368A7602B44002022
:105540002360BDE8F0874A69096902EB42025F1AED
:1055500002EBD2726B1C52103B44934292BF9146B5
:1055600099461A461CF4806F804611D01146FDF70B
:10557000E9F9824600B321693A46F8F733FCA3897A
:1055800023F4906343F08003A38105E02F46CCE72A
:10559000FEF736FE824658B10AEB0703A9EB070770
:1055A000A760C4F810A0C4F8149023602F46BCE78D
:1055B00021694046FEF7A4FCA3890C2243F0400376
:1055C000C8F800204FF0FF30A381BAE70CB400B553
:1055D00083B004AB53F8042B019300F071F903B0CE
:1055E0005DF804EB02B070470EB410B583B005ABA4
:1055F000064C53F8042B01930146206800F060F933
:1056000003B0BDE8104003B0704700BF00100010A9
:1056100038B5D0F818410CB1002038BD80210546BE
:10562000FDF790F90246C5F8180130B1031F7C322E
:1056300043F8044F9342FBD1EEE74FF0FF3038BD03
:1056400030B51F2983B0054609D8D0F818310C466B
:1056500053B153F8240043F8242003B030BD16237F
:1056600003604FF0FF30F8E780210192FDF76AF9FF
:10567000019AC5F8180103460028F2D0011F00F175
:105680007C05002041F8040FA942FBD1E1E700BFEF
:105690001F2938B505461FD8D0F818210C466AB125
:1056A00052F8213053B1012B06D0591C10D00021E3
:1056B00042F8241020469847002038BD284600F0C4
:1056C000FDF8224601462846BDE8384000F0E0B823
:1056D00016230360012038BD162303604FF0FF300E
:1056E00038BD00BF1F292CD838B5D0F818310C466A
:1056F0000546A3B153F8242003EB84034AB1511C9F
:105700000BD0012A07D0002520461D60904728466F
:1057100038BD012038BD032038BD022038BD8021AE
:10572000FDF710F90346C5F8180138B1021F002132
:105730007C3042F8041F8242FBD1DBE74FF0FF30A0
:1057400038BD4FF0FF30704738B5144B1F281D6827
:105750001ED8D5F81821044662B152F820304BB15A
:10576000012B05D0591C0FD0002142F8201098477A
:10577000002038BD284600F0A1F822460146284600
:10578000BDE8384000F084B816232B60012038BDF6
:1057900016232B604FF0FF3038BD00BF0010001003
:1057A000124B1F2870B51E6809D8D6F81831044668
:1057B0000D464BB153F8240043F8245070BD162316
:1057C00033604FF0FF3070BD80213046FDF7BAF8EE
:1057D0000346C6F818010028F3D0021F00217C30D0
:1057E00042F8041F8242FBD1E4E700BF0010001022
:1057F00038B50C4B1D68D5F818410CB1002038BDE8
:1058000080212846FDF79EF8C5F8180138B1031F1E
:1058100000F17C0243F8044F9342FBD1EEE74FF0D6
:10582000FF3038BD0010001038B5184B1F281D6818
:1058300028D80446D5F81801A0B150F8243000EB60
:1058400084004BB15A1C0BD0012B07D000250560FA
:1058500020469847284638BD012038BD032038BD72
:10586000022038BD80212846FDF76CF8C5F81801E4
:1058700040B1031F00F17C01002243F8042F8B424A
:10588000FBD1DAE74FF0FF3038BD00BF0010001049
:1058900070B50C46084D03460026204611461C46AE
:1058A0002E6001F039FF431C00D070BD2B68002B27
:1058B000FBD0236070BD00BFA41B001001F01CBF13
:1058C0002DE9F04FADB0CDE907301C46029193466B
:1058D00018B1436B002B00F003850299B1F90C203D
:1058E0004B6E950405D442F4005223F400538A8190
:1058F0004B66980400F12485029BB3F90C20110734
:1059000040F1D3801B69002B00F0CF8002F01A0217
:105910000A2A00F0D9800023CDE910330DF1700977
:10592000CDF83C900993CA4605939BF80030002BB4
:1059300000F0F4805C4604E014F8013F002B00F016
:10594000D280252BF8D1B4EB0B0540F0CF80237823
:10595000002B00F0E3804FF000038DF837304FF05C
:10596000FF320023CDE90323617804F1010B98464F
:105970000BF1010BA1F12003582B00F2DC80DFE8D2
:1059800013F0B201DA00DA00AD01DA00DA00DA0071
:10599000DA00DA00DA007601A701DA008101860177
:1059A000DA00A20159005900590059005900590064
:1059B000590059005900DA00DA00DA00DA00DA009A
:1059C000DA00DA00DA00DA00DA006800DA00DA0079
:1059D000DA00DA00DA00DA00DA00DA00DA00DA00F7
:1059E0001902DA00DA00DA00DA00DA00EA01DA0095
:1059F000DA001D04DA00DA00DA00DA00DA00DA0090
:105A0000DA00DA00DA00DA00DD016A00DA00DA0032
:105A1000DA00D8016A00DA00DA00CB01DA00BD0151
:105A20001B047F027A02DA005902DA001904DA0054
:105A3000DA004204A1F1300300221BF8011B02EB43
:105A4000820203EB4202A1F13003092BF5D9049243
:105A500090E748F0100818F0200F00F0D780079B5F
:105A6000073323F007031A46596852F8083B079298
:105A70000A460029C0F2DE8003999DF837500029BC
:105A8000C0F2E38053EA020128F0800840F0DD8094
:105A9000039B002B40F0598401934C46002D00F0ED
:105AA000BE81019A01320192B9E1029D089829460E
:105AB00000F0A8FC002840F04384B5F90C2002F067
:105AC0001A020A2A7FF427AF029BB3F90E30002B8B
:105AD000FFF621AF0299089823465A462DB0BDE83B
:105AE000F04F00F059BCB4EB0B0517D0119B2B44C1
:105AF0001193109B0133072BCAE900B5109305DC05
:105B00000AF1080A059B2B44059320E7029908989F
:105B10000FAA00F0D9FC28B9CA46F3E7119B002B65
:105B200040F00084029B9B895B0600F10984059884
:105B30002DB0BDE8F08F0029F0D000238DF837306C
:105B400001238DF84810019312AC002203920692B3
:105B500018F08407DDE9102105D10498019D451B4B
:105B6000002D00F34F829DF8370080B101320DF116
:105B700037000131CAF80000072A4FF00100CDE9D3
:105B80001021CAF8040000F377820AF1080A069887
:105B900078B101320EA80231CAF80000072A4FF08E
:105BA0000200CDE91021CAF8040000F373820AF163
:105BB000080A802F00F09B810398C51A002D00F37E
:105BC000D58101321944072ACDE91021CAF80040D5
:105BD000CAF8043000F302820AF1080A18F0040F30
:105BE00005D0049B019A9C1A002C00F36182DDE928
:105BF000042301988242ACBF9B181B18059300290F
:105C000040F0F78100231093CA468EE6079A18F0F9
:105C1000100F52F8043B079207D118F0400F04D040
:105C200043F3C03211461BB223E7DA1711460029AD
:105C3000BFF622AF03995B4262EB42022D25002999
:105C40008DF8375001DB28F080080A2B72F1000133
:105C500080F0F3823033DBB28DF86F30039B012B81
:105C6000B8BF012301930DF16F04012316E7079BD1
:105C700053F8042B0492002A80F28882049A079336
:105C8000524204929BF8001048F0040870E658460F
:105C900010F8011B2A2900F05A83A1F13003092BC7
:105CA00098BF002200F2478310F8011B02EB82022A
:105CB00003EB4202A1F13003092BF5D942EAE2736A
:105CC0000393834656E69BF8001048F080084FE6A1
:105CD0002B239BF800108DF8373049E69BF8001015
:105CE00048F0010844E69DF837309BF80010002B7F
:105CF0007FF43EAE20238DF8373039E618F0200FC0
:105D000000F04D82079B059A1B681A60D2175A60F3
:105D1000079B0433079308E69BF800106C2903BF28
:105D20009BF8011048F020080BF1010B48F0100817
:105D30001EE69BF8001048F0400819E6079B002279
:105D40008DF8372053F8042B079301238DF8482052
:105D5000019312ACF9E648F0100111F0200200F0B6
:105D6000DE81079B073323F0070318465A6850F873
:105D7000083B079003980025A8428DF83750C0F2E1
:105D8000A782012553EA020021F0800840F09480A8
:105D90000398002840F09E82002D40F0F38111F01E
:105DA000010300F0F88130228DF86F2001930DF18E
:105DB0006F0434E048F0100111F0200200F0BE81C1
:105DC000079B073323F0070318465A6850F8083B2F
:105DD000079003980025A8428DF83750D2DA8846FC
:105DE0004C4603F00701DB0843EA4273D208303126
:105DF00053EA0205204604F8011DF2D118F0010F04
:105E00006DD030296BD0039A0238302304F8013C5E
:105E1000A9EB00039A42B8BF1A460446019218F053
:105E2000020206923FF494AE019A023201920222DB
:105E300006928DE6079D039B55F8044B00218DF8D3
:105E40003710002C00F05E82002BC0F2DF811A4672
:105E50002046FFF74DFA002800F06B82031B9DF8E7
:105E6000372023EAE3710191002A00F052820022D8
:105E70000795039215E69BF8001048F0200877E597
:105E8000079A52F8043B079247F63002ADF83820E3
:105E9000B24A099248F00208002200218DF837101A
:105EA000039900290DDB414653EA02004FF0020539
:105EB00021F080083FF46CAF012D00F05482022DD8
:105EC0008ED109984C4603F00F011B09415C04F880
:105ED000011D43EA0273120953EA0201F3D1039A46
:105EE000A9EB04039A42B8BF1A46019297E70498B7
:105EF000019D451B002D7FF75FAE102D984E23DDD1
:105F000006945046089C10279A4604E0103D102D38
:105F100000F1080015DD01321031072AC0E90067E1
:105F2000CDE91021F2DD02990FAA204600F0CCFA4B
:105F300000287FF4F7AD103D102DDDE91021484613
:105F4000E9DC069C5346824601322944072ACDE902
:105F50001021CAF80060CAF8045000F3C581039804
:105F6000C51A002D0AF1080A7FF72BAE102D7C4EC2
:105F700026DD03945046089CB24610271E4604E0D6
:105F8000103D102D00F1080016DD0132744B103168
:105F9000072AC0E90037CDE91021F1DD02990FAAE7
:105FA000204600F091FA00287FF4BCAD103D102D82
:105FB000DDE910214846E8DC039C3346564682461C
:105FC00001322944072ACDE91021CAF80060CAF835
:105FD000045000F3C9800AF1080AF2E50299089812
:105FE0000FAA00F071FA00287FF49CAD1199CA46FF
:105FF000F4E5029908980FAA00F066FA00283FF429
:1060000001AE8FE5102D574E28DDCDE90A745046BC
:106010003746089C029E9A4604E0103D102D00F180
:10602000080016DD013210311023072ACDE91021B6
:1060300007604360F1DD0FAA3146204600F044FAC4
:1060400000287FF46FAD103D102DDDE9102148468A
:10605000E8DC3E460B9C0A9F5346824601322944A7
:10606000072ACDE91021CAF80060CAF8045000F3ED
:1060700021810AF1080A76E5029908980A930FAA85
:1060800000F022FA00287FF44DADDDE910210A9BD3
:10609000CA467CE50299089806930FAA00F014FA04
:1060A00000287FF43FADDDE91021069BCA4680E55C
:1060B000102C109B2B4E1FDD089FDDF8088010254B
:1060C00004E0103C102C0AF1080A15DD01331031F0
:1060D000072BCAE90065CDE91031F2DD0FAA414670
:1060E000384600F0F1F900287FF41CAD103C102C6C
:1060F000DDE91031CA46E9DC01332144072BCAE946
:106100000064CDE910317FF772AD029908980FAAAB
:1061100000F0DAF900287FF405AD119967E50798DA
:1061200050F8043B079011F010007FF423AE11F0FB
:1061300040023FF41FAE9BB202461BE6079850F8A0
:10614000043B079011F010007FF443AE11F04002C1
:106150003FF43FAE9BB202463BE600BFD03B04009B
:10616000D0250400C02504000299089803930FAAC3
:1061700000F0AAF900287FF4D5ACDDE91021039BDB
:10618000CA461EE5039B01934C4648E69BF8001067
:106190000793FFF7EDBB039A01924C463FE618F0D8
:1061A000100F38D118F0400F35D0079B059A1B68A7
:1061B0001A80ADE54146D0E54146FDE56B4B0993BC
:1061C00018F020022CD0079B073323F00703184652
:1061D0005A6850F8083B079018F0010F3FF45DAE85
:1061E00053EA02003FF459AE8DF8391030218DF892
:1061F000381000218DF837100399002980F28D8026
:1062000048F002085DE65A4B0993D9E72046F5F7B6
:10621000F7FF034623E6079B059A1B681A6077E59C
:10622000079850F8043B079018F01000D4D118F0EC
:1062300040021CBF9BB20246CEE74E4ECDF804A0F2
:106240004C464FF0050E991841F10001A6FB0107DD
:1062500027F0030000EB9700091A581A9A46944653
:1062600062F100034FF0CC3202FB00F206FB032286
:10627000A0FB063003F001070244A7FB0E074018FD
:10628000BAF10A0F4FEA530300F130007CF1000C21
:1062900043EAC27304F8010D4FEA5202D3D2039AC3
:1062A000DDF804A0A9EB04039A42B8BF1A46019294
:1062B000FFF7F4BB029908980A930FAA00F004F9BB
:1062C00000287FF42FACDDE910210A9BCA464AE47E
:1062D0008846BAE4012D7FF4F2AD00253023BBE4FB
:1062E000F7F7B0FFFFF7F9BA0299089806930FAADB
:1062F00000F0EAF800287FF415ACDDE91021069BD8
:10630000CA4659E4062B28BF06231B4C0795019368
:106310001BE4CDE9062503921AE428F0800141F040
:106320000208CEE5029908980FAA00F0CDF8FFF711
:10633000F9BB039B93E5002383460393FFF71ABB46
:106340004FF0FF330593FFF7F2BB302384E4079B44
:106350009BF8011053F8042B079342EAE27283463C
:106360000392FFF705BB00256FE400BFBC3B0400B0
:10637000D03B0400CDCCCCCCE43B040010B4054CA5
:106380008446134620685DF8044B0A466146FFF7D1
:1063900097BA00BF0010001070B50C468989ADF5A2
:1063A0008D6D21F00201ADF80C101AA90091049135
:1063B0004FF4806102910591616E1991E189ADF808
:1063C0000E10E1690791616A099100210691694601
:1063D0000646FFF775FA051E07DB69463046FCF7EF
:1063E00027F9002818BF4FF0FF35BDF80C305B06C9
:1063F00003D5A38943F04003A38128460DF58D6D95
:1064000070BD00BF38B52F4B1B6805460C4613B155
:106410005A6B002A4BD0B4F90C3018071CD52269EE
:1064200022B313F0010107D0616900204942A06046
:10643000A1613AB1002038BD980758BF6169A160D9
:10644000002AF7D1190658BF1046F4D543F040038F
:10645000A3814FF0FF3038BDD9062CD55A0712D48E
:10646000226943F00803A381002ADAD103F42071E2
:10647000B1F5007FD5D02146284600F035F8B4F9B3
:106480000C302269CDE7216B51B104F140029142F9
:1064900004D02846FDF734FDB4F90C300022226305
:1064A00022690021C4E9002123F02403D9E718461A
:1064B000F7F7C8FEAFE7092243F040032A60A38143
:1064C000C7E700BF00100010936810B514461BB951
:1064D00018460023636010BD00F0CCF80023A360D1
:1064E0000023636010BD00BF2DE9F041B1F90C300D
:1064F0000C46990796B008D504F143030122C4E97C
:106500000432236016B0BDE8F081B4F90E10002902
:10651000064626DB6A4600F085F800281FDB019D51
:1065200005F47045A5F50055B5FA85F54FF480687A
:106530006D094FF4006741463046FCF703FAE8B1B5
:10654000B4F90C30C4F8148043F08003206020615B
:10655000A3813DBB3B43A38116B0BDE8F081B4F9F4
:106560000C3013F0800519D04FF04008002541464B
:1065700030462F46FCF7E6F90028E1D1B4F90C309B
:106580009A05BFD423F0030304F1430243F002034E
:106590000121C4E90421A3812260B3E74FF480689C
:1065A0002F46C8E7B4F90E10304600F051F810B984
:1065B000B4F90C30CEE7A38923F0030343F00103C1
:1065C0001BB2C7E770B50C46B1F90E10002996B0A2
:1065D00015461E4614DB6A4600F024F800280FDB3F
:1065E000019901F47041A1F50051B1FA81F14FF424
:1065F000806349094FF4006031602B6016B070BDB4
:10660000A18911F0800106D00021402308463160A5
:106610002B6016B070BD4FF48063084631602B606C
:1066200016B070BD70B50C46084D034600262046D6
:1066300011461C462E6001F057F8431C00D070BD77
:106640002B68002BFBD0236070BD00BFA41B001083
:1066500038B5074D0022044608462A6001F054F878
:10666000431C00D038BD2B68002BFBD0236038BD05
:10667000A41B00109368002B00F0F8802DE9F04F68
:10668000B1F90CC01CF0080F83B0904681460C464F
:1066900031D00B697BB31CF00207D8F8006038D00A
:1066A0000027D4F824B0E169DFF8C4A23D4655457F
:1066B0002B463A4628BF53464846C5B1D84700281E
:1066C00040F3CA80D8F808301B1A07442D1AC8F8BE
:1066D0000830002B00F0B68055452B46D4F824B086
:1066E000E16928BF53463A464846002DE6D1D6E92F
:1066F00000750836DBE721464846FFF783FE002891
:1067000040F0AF80B4F90CC0D8F800601CF002076C
:10671000C6D11CF0010A63D12368A1685746184608
:106720008B46002F58D01CF4007F00F0B580B94292
:106730000A4600F2E1801CF4906F2FD02169626953
:106740005D1A02EB420202EBD2726B1C52103B4408
:10675000934292BF93469B461A461CF4806F00F00A
:10676000EA8011464846FCF7EDF8002800F0F98071
:106770002A4621690090F7F735FBA289009B22F495
:10678000906242F08002A2815819ABEB0505C4F873
:1067900014B02361A5602060BB463A465146009282
:1067A000FEF7F6FDA1682368009AA1EB0B011A44DD
:1067B0003D46A16022600027D8F808305B1BAA4440
:1067C000C8F80830002B3DD02368A168B4F90CC08C
:1067D00018468B46002FA6D1D6E900A708369EE7BB
:1067E0003846BB463D460097002D41D0002846D094
:1067F000009A2068A168D4E90473AA4228BF2A46F7
:10680000B84204D901EB030A524500F38580934254
:1068100075DCE169676A5A464846B847B0F1000A34
:106820001ADD009BB3EB0A0300930FD00120D8F8C8
:106830000830A3EB0A03D344A5EB0A05C8F80830D7
:10684000002BD1D1002003B0BDE8F08F214648468F
:10685000FBF7EEFE0028EAD0B4F90C3043F0400319
:10686000A3814FF0FF3003B0BDE8F08F00207047E8
:10687000756833460836002DFAD0D3F800B02A46A2
:106880000A215846FEF734FD002867D00130A0EBFE
:106890000B0300931A46ACE722699A4214D362694B
:1068A000BA4211D86FF00043BB4228BF3B46656A2D
:1068B00093FBF2F3E16902FB03F348465246A84713
:1068C000051EC9DD7F1B77E7B94228BF39460D4653
:1068D00018460A465146FEF75BFDA1682368491B2E
:1068E0002B44A16023600029ECD121464846FBF7E8
:1068F0009FFE0028E6D0AFE7BB463A464EE7594632
:106900000192FEF745FD019AA3689B1AA3602368D4
:1069100013442360924684E759465246FEF738FDF9
:1069200023685344236021464846FBF781FE002834
:106930003FF477AF90E74846FDF762FC0346002836
:106940007FF422AF21694846FDF7DAFAB4F90C303A
:106950000C22C9F8002023F080037FE76A1C009214
:1069600047E70C22B4F90C30C9F8002076E700BFE5
:1069700000FCFF7F81F0004102E000BF83F0004394
:1069800030B54FEA41044FEA430594EA050F08BFCA
:1069900090EA020F1FBF54EA000C55EA020C7FEA8E
:1069A000645C7FEA655C00F0E2804FEA5454D4EB0B
:1069B0005555B8BF6D420CDD2C4480EA020281EAD5
:1069C000030382EA000083EA010180EA020281EA0D
:1069D0000303362D88BF30BD11F0004F4FEA01315F
:1069E0004FF4801C4CEA113102D0404261EB41016E
:1069F00013F0004F4FEA03334CEA133302D05242F4
:106A000063EB430394EA050F00F0A780A4F10104AF
:106A1000D5F1200E0DDB02FA0EFC22FA05F28018E9
:106A200041F1000103FA0EF2801843FA05F35941CF
:106A30000EE0A5F120050EF1200E012A03FA0EFC4E
:106A400028BF4CF0020C43FA05F3C01851EBE37178
:106A500001F0004507D54FF0000EDCF1000C7EEB95
:106A600000006EEB0101B1F5801F1BD3B1F5001FD3
:106A70000CD349085FEA30004FEA3C0C04F10104F2
:106A80004FEA445212F5800F80F09A80BCF1004F1B
:106A900008BF5FEA500C50F1000041EB045141EA9D
:106AA000050130BD5FEA4C0C404141EB0101013C66
:106AB00028BFB1F5801FE9D291F0000F04BF014655
:106AC0000020B1FA81F308BF2033A3F10B03B3F127
:106AD00020020CDA0C3208DD02F1140CC2F10C02B7
:106AE00001FA0CF021FA02F10CE002F11402D8BF15
:106AF000C2F1200C01FA02F120FA0CFCDCBF41EAE1
:106B00000C019040E41AA2BF01EB0451294330BDAF
:106B10006FEA04041F3C1CDA0C340EDC04F114048C
:106B2000C4F1200220FA04F001FA02F340EA030063
:106B300021FA04F345EA030130BDC4F10C04C4F1A9
:106B4000200220FA02F001FA04F340EA0300294689
:106B500030BD21FA04F0294630BD94F0000F83F4D3
:106B6000801306BF81F480110134013D4EE77FEAB6
:106B7000645C18BF7FEA655C29D094EA050F08BF02
:106B800090EA020F05D054EA000C04BF19461046E3
:106B900030BD91EA030F1EBF0021002030BD5FEA27
:106BA000545C05D14000494128BF41F0004130BD4F
:106BB00014F580043CBF01F5801130BD01F00045A3
:106BC00045F0FE4141F470014FF0000030BD7FEA16
:106BD000645C1ABF194610467FEA655C1CBF0B4611
:106BE000024650EA013406BF52EA033591EA030F28
:106BF00041F4002130BD00BF90F0000F04BF002120
:106C0000704730B54FF4806404F132044FF0000552
:106C10004FF0000150E700BF90F0000F04BF0021CB
:106C2000704730B54FF4806404F1320410F0004531
:106C300048BF40424FF000013EE700BF42004FEA2C
:106C4000E2014FEA31014FEA02701FBF12F07F43A9
:106C500093F07F4F81F06051704732F07F4208BF60
:106C6000704793F07F4F04BF41F40021704730B567
:106C70004FF4607401F0004521F000411CE700BFB3
:106C800050EA010208BF704730B54FF000050AE036
:106C900050EA010208BF704730B511F0004502D537
:106CA000404261EB41014FF4806404F132045FEA39
:106CB000915C3FF4D8AE4FF003025FEADC0C18BFE2
:106CC00003325FEADC0C18BF033202EBDC02C2F1D4
:106CD000200300FA03FC20FA02F001FA03FE40EA66
:106CE0000E0021FA02F11444BDE600BF70B54FF06A
:106CF000FF0C4CF4E06C1CEA11541DBF1CEA135548
:106D000094EA0C0F95EA0C0F00F0DEF82C4481EAAF
:106D1000030621EA4C5123EA4C5350EA013518BFCF
:106D200052EA033541F4801143F4801338D0A0FBBC
:106D300002CE4FF00005E1FB02E506F00042E0FB69
:106D400003E54FF00006E1FB03569CF0000F18BF6F
:106D50004EF0010EA4F1FF04B6F5007F64F5407417
:106D600004D25FEA4E0E6D4146EB060642EAC621AA
:106D700041EA55514FEAC52040EA5E504FEACE2E17
:106D8000B4F1FD0C88BFBCF5E06F1ED8BEF1004F1A
:106D900008BF5FEA500E50F1000041EB045170BD96
:106DA00006F0004646EA010140EA020081EA0301DA
:106DB000B4EB5C04C2BFD4EB0C0541EA045170BDD6
:106DC00041F480114FF0000E013C00F3AB8014F150
:106DD000360FDEBF002001F0004170BDC4F1000499
:106DE000203C35DA0C341BDC04F11404C4F120051A
:106DF00000FA05F320FA04F001FA05F240EA020075
:106E000001F0004221F0004110EBD37021FA04F6AA
:106E100042EB06015EEA430E08BF20EAD37070BD64
:106E2000C4F10C04C4F1200500FA04F320FA05F0C3
:106E300001FA04F240EA020001F0004110EBD370C5
:106E400041F100015EEA430E08BF20EAD37070BD35
:106E5000C4F1200500FA05F24EEA020E20FA04F30E
:106E600001FA05F243EA020321FA04F001F00041BD
:106E700021FA04F220EA020000EBD3705EEA430E2E
:106E800008BF20EAD37070BD94F0000F0FD101F05D
:106E90000046400041EB010111F4801F08BF013C96
:106EA000F7D041EA060195F0000F18BF704703F0D4
:106EB0000046520043EB030313F4801F08BF013D5B
:106EC000F7D043EA0603704794EA0C0F0CEA135517
:106ED00018BF95EA0C0F0CD050EA410618BF52EAD1
:106EE0004306D1D181EA030101F000414FF00000D7
:106EF00070BD50EA410606BF1046194652EA4306E5
:106F000019D094EA0C0F02D150EA013613D195EA58
:106F10000C0F05D152EA03361CBF104619460AD1A0
:106F200081EA030101F0004141F0FE4141F47001AA
:106F30004FF0000070BD41F0FE4141F4780170BD9A
:106F400070B54FF0FF0C4CF4E06C1CEA11541DBFFF
:106F50001CEA135594EA0C0F95EA0C0F00F0A7F801
:106F6000A4EB050481EA030E52EA03354FEA01312E
:106F700000F088804FEA03334FF0805545EA131341
:106F800043EA12634FEA022245EA111545EA106509
:106F90004FEA00260EF000419D4208BF964244F1A0
:106FA000FD0404F5407402D25B084FEA3202B61ABF
:106FB00065EB03055B084FEA32024FF480104FF493
:106FC000002CB6EB020E75EB030E22BFB61A754607
:106FD00040EA0C005B084FEA3202B6EB020E75EB9A
:106FE000030E22BFB61A754640EA5C005B084FEA02
:106FF0003202B6EB020E75EB030E22BFB61A7546CF
:1070000040EA9C005B084FEA3202B6EB020E75EBD9
:10701000030E22BFB61A754640EADC0055EA060E9A
:1070200018D04FEA051545EA16754FEA06164FEADD
:10703000C30343EA52734FEAC2025FEA1C1CC0D189
:1070400011F4801F0BD141EA00014FF000004FF016
:10705000004CB6E711F4801F04BF01430020B4F1D7
:10706000FD0C88BFBCF5E06F3FF6AFAEB5EB030C8F
:1070700004BFB6EB020C5FEA500C50F1000041EB8C
:10708000045170BD0EF0004E4EEA113114EB5C0459
:10709000C2BFD4EB0C0541EA045170BD41F480112C
:1070A0004FF0000E013C90E645EA060E8DE60CEA34
:1070B000135594EA0C0F08BF95EA0C0F3FF43BAF51
:1070C00094EA0C0F0AD150EA01347FF434AF95EA08
:1070D0000C0F7FF425AF104619462CE795EA0C0FEC
:1070E00006D152EA03353FF4FDAE1046194622E7B9
:1070F00050EA410618BF52EA43067FF4C5AE50EA93
:1071000041047FF40DAF52EA43057FF4EBAE12E782
:107110004FF0FF3C06E000BF4FF0010C02E000BF63
:107120004FF0010C4DF804CD4FEA410C7FEA6C5C46
:107130004FEA430C18BF7FEA6C5C1BD001B050EAE9
:10714000410C0CBF52EA430C91EA030F02BF90EAD4
:10715000020F0020704710F1000F91EA030F58BF93
:10716000994208BF90422CBFD8176FEAE37040F0F5
:10717000010070474FEA410C7FEA6C5C02D150EA93
:10718000013C07D14FEA430C7FEA6C5CD6D152EA4E
:10719000033CD3D05DF8040B704700BF8446104613
:1071A00062468C461946634600E000BF01B5FFF712
:1071B000B7FF002848BF10F1000F01BD4DF808EDE2
:1071C000FFF7F4FF0CBF012000205DF808FB00BFB3
:1071D0004DF808EDFFF7EAFF34BF012000205DF80D
:1071E00008FB00BF4DF808EDFFF7E0FF94BF01205A
:1071F00000205DF808FB00BF4DF808EDFFF7CEFF5B
:1072000094BF012000205DF808FB00BF4DF808ED99
:10721000FFF7C4FF34BF012000205DF808FB00BF6A
:107220004FEA410C7FEA6C5C02D150EA013C0AD182
:107230004FEA430C7FEA6C5C02D152EA033C02D174
:107240004FF0000070474FF0010070474FEA4102D5
:1072500012F5001215D211D56FF47873B3EB6252A8
:1072600012D94FEAC12343F0004343EA505311F0CF
:10727000004F23FA02F018BF404270474FF0000061
:10728000704750EA013005D111F0004008BF6FF09F
:10729000004070474FF00000704700BF4A0011D215
:1072A00012F5001211D20DD56FF47873B3EB625260
:1072B0000ED44FEAC12343F0004343EA505323FA6C
:1072C00002F070474FF00000704750EA013002D1E1
:1072D0004FF0FF3070474FF0000070474FEA410217
:1072E000B2F1E04324BFB3F5001CDCF1FE5C0DD924
:1072F00001F0004C4FEAC0024CEA5070B2F1004F6E
:1073000040EB830008BF20F00100704711F0804F70
:1073100021D113F13872BCBF01F00040704741F435
:1073200080114FEA5252C2F11802C2F1200C10FA39
:107330000CF320FA02F018BF40F001004FEAC1231D
:107340004FEAD32303FA0CFC40EA0C0023FA02F3C1
:107350004FEA4303CCE77FEA625307D150EA013397
:107360001EBF4FF0FE4040F44000704701F0004067
:1073700040F0FE4040F40000704700BF53B94AB9E6
:10738000002908BF00281CBF4FF0FF314FF0FF302D
:1073900000F0A0B9ADF1080C6DE904CE00F03CF8A6
:1073A000DDF804E0DDE9022304B0704738B50022BF
:1073B000002304460D46FFF70BFF28B92046294657
:1073C000BDE8384000F00AB8204605F1004100F061
:1073D00005F8404261EB410138BD00BFD0B50C4B10
:1073E000002206460F46FFF781FCFFF757FF0446D1
:1073F000FFF702FC074B0022FFF778FC02460B4622
:1074000030463946FFF7BAFAFFF748FF2146D0BDAC
:107410000000F03D0000F0412DE9F047089D0E46C8
:1074200004460F46002B4AD194468C45B2FA82F2AC
:1074300060D942B1C2F12003974020FA03F30CFA5D
:1074400002FC1F4394404FEA1C4E1FFA8CF6B7FB18
:10745000FEF1230C0EFB117743EA074301FB06F014
:1074600098420AD91CEB030301F1FF3780F0158124
:10747000984240F21281023963441B1AA4B2B3FB52
:10748000FEF00EFB103344EA034400FB06F6A6426E
:107490000AD91CEB040400F1FF3380F00081A642FE
:1074A00040F2FD806444023840EA0140A41B002100
:1074B0001DB1D4400023C5E90043BDE8F0878B42ED
:1074C00005D90DB1C5E9000100210846F5E7B3FA79
:1074D00083F1002946D1B34202D3824200F2F58003
:1074E000841A66EB030201201746002DE5D0C5E99A
:1074F0000047E2E7002A40F09380A1EB0C034FEA3B
:107500001C471FFA8CFE0121B3FBF7F607FB163070
:10751000230C43EA00430EFB06F0984208D91CEB0B
:10752000030306F1FF3802D2984200F2D0804646AB
:107530001B1AA4B2B3FBF7F007FB103344EA034471
:107540000EFB00FEA64508D91CEB040400F1FF3336
:1075500002D2A64500F2B6801846A4EB0E0440EA1B
:107560000640A5E7C1F120078B4022FA07FC4CEA50
:10757000030C06FA01FE20FA07F426FA07F344EAA0
:107580000E0400FA01F84FEA1C404FEA1449B3FB1D
:10759000F0FE1FFA8CF600FB1E3349EA03430EFB94
:1075A00006F9994502FA01F20BD91CEB03030EF11F
:1075B000FF3A80F08580994540F28280AEF1020E5C
:1075C0006344A3EB0909A4B2B9FBF0F300FB1399E0
:1075D00044EA094403FB06F6A64208D91CEB04045E
:1075E00003F1FF3068D2A64266D9023B644443EA05
:1075F0000E40A41BA0FB02E6B4427346B14652D330
:107600004FD05DB1B8EB030264EB090404FA07F74D
:1076100022FA01F31F43CC40C5E9007400214CE776
:10762000C2F1200120FA01F30CFA02FC26FA01F162
:10763000964033434FEA1C471FFA8CFEB1FBF7F02C
:1076400007FB1016190C41EA064100FB0EF68E42AC
:1076500004FA02F408D91CEB010100F1FF382DD225
:107660008E422BD902386144891B9BB2B1FBF7F6DD
:1076700007FB161143EA014306FB0EF1994208D9B4
:107680001CEB030306F1FF3814D2994212D9023ED3
:1076900063445B1A46EA004136E73946EDE6184690
:1076A00002E7F045ADD2BEEB020366EB0C060138F3
:1076B000B146A6E74646ECE7034698E74046D3E7DF
:1076C000D6467EE76444023847E708460DE7023EA7
:1076D00063442DE7704700BF024B58221A604FF0F9
:1076E000FF307047A41B0010024B58221A604FF065
:1076F000FF307047A41B0010024B58221A604FF055
:10770000FF307047A41B0010024B58221A60002063
:10771000704700BFA41B0010024B58221A604FF0A4
:10772000FF307047A41B0010024B58221A604FF024
:10773000FF307047A41B0010024B58221A604FF014
:10774000FF307047A41B0010044A05491368002B42
:1077500008BF0B461844106018467047A81B00105D
:1077600000100010024B58221A604FF0FF30704793
:10777000A41B0010FEE700BF82B003468DF807305F
:107780009DF90730002B0CDB9DF8073003F01F023A
:1077900005499DF907305B09012000FA02F241F822
:1077A000232000BF02B0704700E100E082B0034632
:1077B00000918DF807309DF90730002B0ADB009B04
:1077C000DAB20C499DF907305201D2B20B4483F86A
:1077D00000230BE0009BDAB207499DF8073003F065
:1077E0000F03043B5201D2B20B441A7600BF02B021
:1077F000704700BF00E100E000ED00E082B00190C2
:10780000014A019B1360FEE7B01B001086B0039095
:10781000029101920023059321E0039BD3F80032EB
:1078200001335A42C3F30803C2F3080258BF53425C
:107830000493039BD3F80432049A9A4214D0059B14
:10784000029A1A44039BD3F800321178039AD15458
:10785000039B049AC3F80022059B01330593059A04
:10786000019B9A42D9DB00E000BF00BF06B0704721
:1078700082B001900091019BD3F80422019BD3F8C0
:1078800000329A4201D1002315E0019BD3F8043263
:10789000019AD25C009B1A70019BD3F80432013329
:1078A0005A42C3F30803C2F3080258BF5342019A75
:1078B000C2F804320123184602B0704700B58DB0FB
:1078C000184B1B680BA90122184625F07FFA154BAF
:1078D0001B680B9A1146184625F066FA114B1B6877
:1078E0000B990AAA184625F0C3F90B9B03F0500325
:1078F000002B12D009AA01AB1146184600F01CF962
:10790000099B30336B44002203F82C2C099B1A4648
:1079100001AB19460448FFF779FF00BF0DB05DF8D1
:1079200004FB00BFAC1B0010D41D001000B58BB0D1
:107930000190002309930023089302E0099B01337F
:107940000993019A099B13441B78002BF6D100235D
:107950000393019B0493099B05934FF0FF33069318
:1079600008AB07930E4B1B6803AA1146184624F078
:107970007FFF0346002B0AD0094B1B6803AA114660
:10798000184624F075FF03461846FFF737FF089B9B
:10799000099A9A4200D0FEE700BF0BB05DF804FBE5
:1079A000AC1B001008B501212C2001F05DFB01216A
:1079B0002D2001F059FB00BF08BD000000B585B0C7
:1079C0000021002022F0F4FF514822F0C3FF22F0F2
:1079D000E5FF0021012022F0EBFF642001F018F9FF
:1079E0000021082022F0E4FF4A49002024F084FD11
:1079F0000346002B07D04749002024F07DFD0346B5
:107A00001846FFF7FBFE434B1B6800220021184677
:107A100024F09AFD0346002B0AD03E4B1B6800223F
:107A20000021184624F090FD03461846FFF7E6FEB5
:107A300000238DF80F30374B1B680DF10F0200212A
:107A4000184625F0DFF90346002B0BD0314B1B689D
:107A50000DF10F020021184625F0D4F9034618460F
:107A6000FFF7CCFE2B4B1B682B49184624F0F0FD8A
:107A70000346002B09D0274B1B682749184624F0E2
:107A8000E7FD03461846FFF7B9FE002302930023E3
:107A900001930299272023F0D3FA0199282023F09B
:107AA000CFFA07210F20FFF781FE0F20FFF764FEBA
:107AB00023F02EFD194800F005FA194801F088F866
:107AC000184801F085F81849184801F081F8FFF7C7
:107AD00069FF03F0D3FD03F0B7FF00238DF80330F7
:107AE0000BF006F80AE09DF803301946104801F043
:107AF0006FF89DF80330184603F0D0FA0DF1030338
:107B000019460C48FFF7B4FE0346002BEBD1E7E71C
:107B1000203D0400AC1B0010E02504002D7901007D
:107B200050D0030068D00300A4D00300ACD0030001
:107B3000BCD00300D41D001000B589B001900091A5
:107B400001230393019B04932023059300230693B1
:107B5000009B0793064B1B6803AA1146184624F0A6
:107B600087FE079B1B68184609B05DF804FB00BF41
:107B7000AC1B001001B51EF0040F0ABFEFF3088024
:107B8000EFF3098010F1080000F00AF801BD00BF12
:107B90001846800040180068704700BF1846000073
:107BA00000B597B0019003AB00221A605A609A604A
:107BB000DA601A615A6100231593159B1393A44B45
:107BC0001B681393139BDBB28DF85030139B1B0A79
:107BD000DBB28DF85130139B1B0C9BB2ADF85230C9
:107BE0009C4B1B6812939DF85130DBB203F00203EB
:107BF000002B05D001990620FFF7CBFF034601E0DB
:107C00004FF0FF33119301990020FFF7C2FF0346A5
:107C1000099301990120FFF7BCFF03460A930199DC
:107C20000220FFF7B6FF03460B9301990320FFF7ED
:107C3000B0FF03460C9301990420FFF7AAFF034607
:107C40000D9301990520FFF7A4FF03460E930199B8
:107C50000620FFF79EFF03460F9301990720FFF7C9
:107C600098FF0346109303AB1946022024F02CFB27
:107C7000794800F0ADFF099B1946784800F0A8FF4D
:107C80000A9B1946764800F0A3FF0B9B19467548DE
:107C900000F09EFF0C9B1946734800F099FF0D9B66
:107CA0001946724800F094FF0E9B1946704800F088
:107CB0008FFF0F9B19466F4800F08AFF109B1946F3
:107CC0006D4800F085FF6D4800F082FF119B19465A
:107CD0006B4800F07DFF129B19466A4800F078FF60
:107CE0009DF85030DBB21946674800F071FF9DF8EF
:107CF0005130DBB21946654800F06AFFBDF85230DA
:107D00009BB21946624800F063FF802315937AE026
:107D10009DF85130DBB21A46159B1340802B4ED094
:107D2000802B6CD8202B47D8002B68D0013B1F2B11
:107D300065D801A252F823F0F77D0100EF7D010024
:107D4000FF7D0100E77D0100FF7D0100FF7D010057
:107D5000FF7D0100DF7D0100FF7D0100FF7D01004F
:107D6000FF7D0100FF7D0100FF7D0100FF7D01001F
:107D7000FF7D0100D77D0100FF7D0100FF7D010037
:107D8000FF7D0100FF7D0100FF7D0100FF7D0100FF
:107D9000FF7D0100FF7D0100FF7D0100FF7D0100EF
:107DA000FF7D0100FF7D0100FF7D0100FF7D0100DF
:107DB000FF7D0100CF7D0100402B04D01FE035483E
:107DC00000F006FF1CE0344800F002FF18E03348E2
:107DD00000F0FEFE14E0324800F0FAFE10E03148F8
:107DE00000F0F6FE0CE0304800F0F2FE08E02F480C
:107DF00000F0EEFE04E02E4800F0EAFE00E000BFD6
:107E0000159B5B081593159B002B81D1294800F029
:107E1000DFFE9DF80C30002B04D0049B1946264849
:107E200000F0D6FE9DF81430002B04D0069B1946B6
:107E3000224800F0CDFE9DF81C30002B04D0089B9A
:107E400019461F4800F0C4FE00231593FEE700BF4B
:107E500028ED00E038ED00E0C0D00300DCD00300E6
:107E6000F0D0030004D1030018D103002CD103008B
:107E700040D1030054D1030068D103007CD103003A
:107E800098D10300B8D10300E4D1030014D2030059
:107E900040D2030070D2030090D20300B0D203009E
:107EA000CCD20300E8D2030008D303002CD3030094
:107EB0004CD303006CD3030080D30300A4D303008E
:107EC000C8D3030082B00190024A019B136000BF37
:107ED00002B07047DC1F00102DE9F00F98B0CDE91B
:107EE0000E01DDE90E234FF000004FF000011800F5
:107EF000002150EA010300F0B080DDE90E234FF0CD
:107F000000044FF00005540844EAC3745D08DDE93D
:107F10000E234FF000004FF00001900840EA8370FC
:107F2000990814EB000A45EB010BCDE912ABDDE932
:107F300012234FF000004FF00001100940EA0370D7
:107F40001909DDE91223141802944B410393DDE96A
:107F50000234CDE91234DDE912234FF000004FF076
:107F60000001100A40EA0360190ADDE9122314181F
:107F700004944B410593DDE90434CDE91234DDE985
:107F800012234FF000004FF00001100C40EA0340B4
:107F9000190CDDE91223141806944B410793DDE90F
:107FA0000634CDE91234DDE912234FF000004FF022
:107FB000000118000021DDE91223141808944B4138
:107FC0000993DDE90834CDE91234DDE912014FF0FF
:107FD00000024FF00003C20842EA4172CB08CDE92B
:107FE0001223DDE9124522462B464FF000004FF0E8
:107FF0000001990041EA9271900002460B46161961
:1080000043EB0507B3190A9347EB07030B93DDE92D
:108010000A6730463946DDE90E23141A0C9463EBE7
:1080200001030D93DDE90C34CDE91034DDE91023B3
:1080300012F1060843F100094FF000024FF000036F
:108040004FEA181242EA09724FEA1913DDE91201E8
:10805000141800944B4101932AE00E9B1793179B31
:108060005A08179B9B0813441693169B1B09169AD4
:1080700013441693169B1B0A169A13441693169BC9
:108080001B0C169A13441693169BDB081693169A2C
:1080900013469B0013445B001A46179B9B1A1593CB
:1080A000159B06331A09169B134400220093019274
:1080B000DDE900231046194618B0BDE8F00F7047FF
:1080C00000B585B0CDE90001DDE9002313430CBF05
:1080D00001230023DBB2039308E0DDE90001FFF791
:1080E000FBFECDE90001039B01330393DDE900238F
:1080F0001343F2D1039B184605B05DF804FB30B57D
:1081000083B0CDE90001DDE90023002B07DADDE9CA
:1081100000230021544261EB0305CDE90045DDE970
:10812000002310461946FFF7CBFF0346184603B05D
:1081300030BD84B0CDE90001DDE9002313430CBF5D
:1081400001230023DBB203930EE0DDE900014FF0D1
:1081500000024FF00003020942EA01720B09CDE967
:108160000023039B01330393DDE900231343ECD188
:10817000039B184604B0704786B00190009100231D
:108180008DF817300023049300230393019B1B7881
:108190002D2B1CD101238DF81730019B0133019346
:1081A000039B0133039312E0039B01330393049A6F
:1081B00013469B0013445B000493019B1B781A46F3
:1081C000049B1344303B0493019B01330193019BB7
:1081D0001B782F2B03D9019B1B78392BE4D9009BEB
:1081E000002B02D0009B039A1A609DF81730002BD9
:1081F00002D0049B5B4200E0049B184606B0704727
:1082000000B591B0CDE90201019200230F93002344
:108210000E93DDE90201FFF75FFECDE90C01029943
:108220000C9A13469B0013445B00CB1A0B930B9BD9
:10823000DAB20F9B591C0F913032D2B240336B44EB
:1082400003F8302CDDE90C23CDE90223DDE902231C
:108250001343DED10F9B0E93019B002B10D007E040
:10826000019B5A1C019204A90F9A0A4412781A70B1
:108270000F9B5A1E0F92002BF2D1019B00221A7005
:108280000E9B184611B05DF804FB8CB0CDE90201DD
:1082900001928DF8033000230B93DDE90223134391
:1082A00035D10B9B5A1C0B9230336B44302203F8B0
:1082B000202C2CE09DF8083003F00F038DF82B30B4
:1082C0009DF82B30092B0BD99DF80330002B01D0E2
:1082D000272200E007229DF82B3013448DF82B3025
:1082E0000B9B5A1C0B929DF82B203032D2B23033AC
:1082F0006B4403F8202CDDE902014FF000024FF03F
:108300000003020942EA01720B09CDE90223DDE90B
:1083100002231343CED10B9B0993019B002B10D05A
:1083200007E0019B5A1C019204A90B9A0A44127897
:108330001A700B9B5A1E0B92002BF2D1019B00224C
:108340001A70099B18460CB0704784B00190002346
:108350000393019B002B04D1039B09E0039B013392
:108360000393019B5A1C01921B78002BF6D1039BAF
:10837000184604B0704786B003900B4601928DF802
:108380000B3000230593019B002B0DDC059B11E0B6
:10839000039B002B05D0039B5A1C03929DF80B20D6
:1083A0001A70059B01330593019B5A1E0192002B05
:1083B000EED1059B184606B070470000F0B58FB0AF
:1083C0008DED030A02900191029B1B680993099BA2
:1083D000032B02DC6FF00203E9E0DDED037AF5EE3A
:1083E000407AF1EE10FA04D1029B724A1A6003231C
:1083F000DDE0029B0893039B0493049BDB15DBB237
:108400007F3B0793049BC3F3160343F400030693D7
:1084100000230C9300230D93079B1E2B02DD6FF0AE
:108420000103C4E0079B13F1170F02DA4FF0FF338B
:10843000BDE0079B162B06DD079B173B069A02FA49
:1084400003F30D931AE0079B002B0FDB079BC3F18F
:108450001703069A42FA03F30D93079B0133069A1A
:1084600002FA03F323F07F430C9307E0069B23F00B
:108470007F42079BDB4342FA03F30C93049B002BE0
:1084800004DA029B5A1C02922D221A700D9B002BBB
:1084900005D1029B5A1C029230221A7023E00D9BD8
:1084A000002B09DD0D9BDA171E461746029A30464F
:1084B0003946FFF7A5FE12E0029B5A1C02922D22BC
:1084C0001A700D9B5B42DA171C461546029A20462D
:1084D0002946FFF795FE02E0029B01330293029BBF
:1084E0001B78002BF8D1029B5A1C02922E221A7084
:1084F0000C9B002B05D1029B5A1C029230221A7051
:108500004FE0029A089BD31A099AD31A013B0593AC
:10851000059A019B9342A8BF1346059300230A9333
:1085200015E00C9A13469B0013445B000C930C9BC4
:108530001B16DAB2029B591C02913032D2B21A7069
:108540000C9B23F07F430C930A9B01330A930A9AF6
:10855000059B9A42E5DB0C9A13469B0013445B0093
:108560001B16042B1DDD029B013B0B9315E00B9B9F
:108570001B782E2B0ED00B9B1B78392B03D10B9B1A
:1085800030221A7006E00B9B1B780133DAB20B9B8A
:108590001A7006E00B9B013B0B930B9A089B9A42C7
:1085A000E5D2029B00221A70029A089BD31A184641
:1085B0000FB0F0BD302E30002DE9F04F97B0039092
:1085C000029101920023119300230B93E9E2062309
:1085D0000E93029B1B78252B1FD0039B002B15D0DD
:1085E000029B1B780A2B0BD1A84B1B78002B07D0C2
:1085F000039B5A1C03920D221A70119B0133119395
:10860000039B5A1C0392029A12781A70029B013340
:108610000293119B01331193C3E2029B0133029336
:1086200000238DF835309DF835308DF83630202315
:108630008DF83730029B1B78302B05D130238DF815
:108640003730029B0133029305AB19460298FFF7BE
:1086500093FD03461093059B029A13440293029BD9
:108660001B78732B05D0109B002B02DA109B5B420A
:108670001093029B1B782E2B0DD1029B013302938A
:1086800005AB19460298FFF777FD03460E93059B4D
:10869000029A13440293029B1B786C2B0CD1029B11
:1086A00001330293029B1B786C2B05D1029B013393
:1086B000029301238DF83530029B1B78463B322B09
:1086C00000F25C8201A252F823F000BF038B01008C
:1086D0007D8B01007D8B01007D8B01007D8B010076
:1086E0007D8B01007D8B01007D8B01007D8B010066
:1086F0007D8B01007D8B01007D8B01007D8B010056
:108700007D8B01007D8B01007D8B01007D8B010045
:108710007D8B0100978801007D8B01007D8B01001E
:108720007D8B01007D8B01007D8B01007D8B010025
:108730007D8B01007D8B01007D8B01007D8B010015
:1087400099870100C78901007D8B0100038B01001F
:108750007D8B01007D8B0100C78901007D8B0100AD
:108760007D8B01007D8B01007D8B01007D8B0100E5
:108770007D8B01007D8B01007D8B01007D8B0100D5
:10878000BF8701007D8B0100318901007D8B0100D5
:108790007D8B010091880100019B1A1D01921B68CD
:1087A0008DF81F30039B002B05D0039B5A1C0392AE
:1087B0009DF81F201A70119B01331193EEE1019B6C
:1087C0001A1D01921B6815931598FFF7BEFD0B90BB
:1087D000109B002B2EDD109B0B9A9A422AD2109AE6
:1087E0000B9BD31A10939DF83730109A19460398B3
:1087F000FFF7C1FD1090039B002B01D0109B00E000
:108800000023039A13440393109B119A134411936A
:10881000002310930EE0039B002B05D0039B5A1CF2
:108820000392159A12781A70159B01331593119BB8
:1088300001331193159B1B78002BECD1109B002B5F
:1088400000F0A981109B5B421093109B0B9A9A42F7
:1088500080F0A181109A0B9BD31A10939DF83730AA
:10886000109A19460398FFF786FD1090039B002B82
:1088700001D0109B00E00023039A13440393109B44
:10888000119A134411930023109384E1E020001007
:1088900001238DF836309DF83530002B09D0019B2F
:1088A000073323F0070303F108020192D3E90045DF
:1088B00006E0019B1A1D01921B6800221C4615460A
:1088C000CDE91245109B002B1ED0DDE91201FFF708
:1088D00030FC0246109B9B1A10939DF83730109A7B
:1088E00019460398FFF747FD1090039B002B01D01A
:1088F000109B00E00023039A13440393109B119AEA
:1089000013441193002310939DF83630039ADDE948
:108910001201FFF7BAFC0F90039B002B03D00F9BB3
:10892000039A134403930F9B119A1344119335E157
:108930009DF83530002B09D0019B073323F0070346
:1089400003F108020192D3E9006706E0019B1A1DBA
:1089500001921B6800221E461746CDE91267109B44
:10896000002B1ED0DDE91201FFF7AAFB0246109B87
:108970009B1A10939DF83730109A19460398FFF709
:10898000FAFC1090039B002B01D0109B00E0002309
:10899000039A13440393109B119A134411930023D9
:1089A0001093039ADDE91201FFF72AFC0F90039B55
:1089B000002B03D00F9B039A134403930F9B119A30
:1089C00013441193EAE09DF83530002B09D0019B48
:1089D000073323F0070303F108020192D3E900896A
:1089E00006E0019B1A1D01921B68DA179846914612
:1089F000CDE90889DDE90823002B0CDADDE908233D
:108A00000021D2F1000A61EB030BCDE912AB012387
:108A10008DF8343006E0DDE90823CDE91223002388
:108A20008DF83430109B002B4AD0DDE9122310461C
:108A30001946FFF764FB0246109B9B1A10939DF8A2
:108A40003430002B11D0109B013B10939DF8373030
:108A5000302B0AD1039B002B04D0039B5A1C03929A
:108A60002D221A70119B013311939DF83730109A03
:108A700019460398FFF77FFC1090039B002B01D051
:108A8000109B00E00023039A13440393109B119A58
:108A900013441193002310939DF83430002B1ED003
:108AA0009DF83730202B1AD1039B002B04D0039B59
:108AB0005A1C03922D221A70119B013311930EE060
:108AC0009DF83430002B0AD0039B002B04D0039B6D
:108AD0005A1C03922D221A70119B01331193039A91
:108AE000DDE91201FFF78CFB0F90039B002B03D0F5
:108AF0000F9B039A134403930F9B119A13441193F2
:108B00004CE0039B002B48D0019B073323F0070365
:108B100003F108020192D3E9002310461946FEF73B
:108B2000DDFB03460693039B14221A600E990398FB
:108B30009DED060AFFF742FC0F900F9B002B14DA05
:108B40000F9BB3F1FF3F02D11E4B0C9308E00F9B2C
:108B500013F1020F02D11C4B0C9301E01B4B0C9341
:108B6000039B0C9A1A6003230F930F9B119A1344D3
:108B700011930F9B039A134403930EE0039B002B66
:108B800005D0039B5A1C0392029A12781A70119B0B
:108B90000133119302E000BF00E000BF029B0133EC
:108BA0000293029B1B78002B7FF411AD039B002BDB
:108BB00002D0039B00221A70119B184617B0BDE823
:108BC000F08F00BF302E3000232E23003F2E3F00B9
:108BD0000FB400B583B00C4B1B68002B01D10023F0
:108BE0000CE005AB0093009A04990848FFF7E4FCF9
:108BF0000190054B1B6805489847019B184603B038
:108C00005DF804EB04B07047DC1F0010E01F00109B
:108C100000B589B0019003AB184621F065FF039BB6
:108C20000793079B074AA2FB03239A09019B02FBB8
:108C300003F30693069822F0BDF900BF09B05DF872
:108C400004FB00BFF119760500B589B0019003ABB4
:108C5000184621F049FF039B0793079B074AA2FB95
:108C600003239A0C019B02FB03F30693069822F060
:108C7000A1F900BF09B05DF804FB00BF819F5E163B
:108C8000114812490160D1F800D01148016841F43F
:108C900070010160BFF34F8FBFF36F8F0D480E4916
:108CA0000E4A50F8043B41F8043B9142F9DB0C4872
:108CB0000C494FF000028842B8BF40F8042BFADBA1
:108CC000FEF77CFE00BE00BF08ED00E000C0000023
:108CD00088ED00E01C41040000100010341A001060
:108CE000341A0010B47D0010FEE7FEE7FEE7000036
:108CF00000B585B0039002910192009328490120AC
:108D000022F094FC0346002B1AD1254B1B6800224D
:108D10000021184622F01EFD0346002B10D1204BE7
:108D20001B682049184622F0F7FD0346002B07D1A7
:108D30001B4B1B68184622F0A1FC0346002B03D0F6
:108D40001948FFF745FFFEE70023012262F3020303
:108D500043F44073012262F312431946082022F0C3
:108D60006FF90023012262F3020343F440730122EE
:108D700062F312431946092022F062F9002301220E
:108D800062F3020343F44073012262F31243194673
:108D90000A2022F055F900BF05B05DF804FB00BFC2
:108DA000E4200010B0160010E8D3030000B591B025
:108DB00001900B46ADF8023000F080FC00238DF8E6
:108DC0003F3003AB282200211846F3F785FA012330
:108DD000069302238DF81C300EAB08930DAB09935C
:108DE000BDF802300E930C4B1B6803AA11461846BF
:108DF00023F0B2F80346002B02D00848FFF7E8FE44
:108E00000D9B8DF83F3000F05DFC9DF83F309BB22C
:108E1000184611B05DF804FBE420001008D40300EC
:108E200082B003468DF807309DF90730002B0CDB2C
:108E30009DF8073003F01F0205499DF907305B09D3
:108E4000012000FA02F241F8232000BF02B070476F
:108E500000E100E082B003468DF807309DF907304D
:108E6000002B13DB9DF8073003F01F0209499DF921
:108E700007305B09012000FA02F2203341F8232079
:108E8000BFF34F8F00BFBFF36F8F00BF00BF02B0B3
:108E9000704700BF00E100E082B0034600918DF80A
:108EA00007309DF90730002B0ADB009BDAB20C4932
:108EB0009DF907305201D2B20B4483F800230BE036
:108EC000009BDAB207499DF8073003F00F03043B1B
:108ED0005201D2B20B441A7600BF02B0704700BFF5
:108EE00000E100E000ED00E0F0B589B003900193EF
:108EF0000B468DF80B3013468DF80A30002307938C
:108F00009DF81C30032262F302038DF81C309DF89B
:108F10001D3043F010038DF81D309DF80B30012BF0
:108F200007D19DF81C30032262F347138DF81C30E3
:108F300009E09DF80B30022B05D09DF81C3023F082
:108F4000E0038DF81C309DF80A30032B2DD801A2C8
:108F500052F823F0658F01007F8F01008D8F010093
:108F60009D8F01009DF81D3023F060038DF81D30AA
:108F70009DF81D3023F080038DF81D3022E09DF810
:108F80001D3023F060038DF81D301BE09DF81D306F
:108F9000012262F346138DF81D3013E09DF81D3059
:108FA00043F060038DF81D300CE09DF81D3023F078
:108FB00060038DF81D309DF81D3023F080038DF87F
:108FC0001D3000BF019B002B02D0019800F064F817
:108FD000039B0799184622F033F89DF80A30002BBE
:108FE0003FD04FF000024FF00003CDE904234FF0D3
:108FF00001024FF000030399A1F1200CC1F1200000
:1090000003FA01F702FA0CFC47EA0C0722FA00F017
:10901000074302FA01F6CDE904673046394622F0EB
:10902000DFF94FF001024FF000030399A1F1200690
:10903000C1F1200003FA01F502FA06F6354322FADF
:1090400000F0054302FA01F4CDE904452046294623
:1090500022F0A6F901210D20FFF71EFF0D20FFF7DA
:10906000DFFE00BF09B0F0BD00B583B001900091F4
:10907000019B084A1168184621F0E2FF019B009A03
:10908000D2B21146184622F047F900BF03B05DF88E
:1090900004FB00BF283D040082B00190019B002B1F
:1090A00009D0019B9B68002B05D0019B1B680349DD
:1090B000019A41F8232000BF02B07047E820001059
:1090C00008B501210D20FFF7E7FE0D20FFF7A8FEF0
:1090D00000BF08BD08B50D20FFF7BCFE00BF08BDEE
:1090E00000B583B001900091019B009AD2B2114665
:1090F000184622F011F900BF03B05DF804FB00B57B
:1091000085B00190019B03AA0021184622F0CEF8F9
:10911000039B184605B05DF804FB00B585B00190CF
:1091200002AB1946002022F075F9DDE90223104652
:10913000194622F055F900BF05B05DF804FB0000A8
:1091400030B583B06B461946002022F063F9DDE9A3
:1091500000231046194622F043F9DDE900231046AA
:10916000194622F077F9DDE9002302F400440025D6
:1091700054EA050310D00A4BDB6B002B0CD0084BD4
:10918000DB6B9B68002B07D0054BDB6B9B68044AAD
:10919000D26B52681046984700BF03B030BD00BF85
:1091A000E820001082B003468DF807309DF90730A3
:1091B000002B0CDB9DF8073003F01F0205499DF9D9
:1091C00007305B09012000FA02F241F8232000BFBA
:1091D00002B0704700E100E082B003468DF807302E
:1091E0009DF90730002B13DB9DF8073003F01F02B9
:1091F00009499DF907305B09012000FA02F220338A
:1092000041F82320BFF34F8F00BFBFF36F8F00BF24
:1092100000BF02B0704700BF00E100E008B5064B98
:109220005B68002B05D0044B5B68034A126810464C
:10923000984700BF08BD00BFB021001008B54FF42B
:1092400011724FF0FF31002021F050FD012021F07C
:1092500039FE22F05DF900BF08BD000000B585B001
:1092600001900091009B002B05D0144B009A92E8CE
:10927000030083E80300019B40F6B83202FB03F3CE
:109280000F4AA2FB0323DB08013B03930D49012096
:1092900021F060FC0E20FFF785FF0023039A4FF0BA
:1092A000FF31002021F0B4FD4FF0FF31002021F00C
:1092B0006BFD00BF05B05DF804FB00BFB0210010DE
:1092C000CDCCCCCC1D92010008B54FF0FF31002071
:1092D00021F088FD00BF08BD08B50E20FFF762FF32
:1092E00000BF08BD08B50E20FFF776FF00BF08BD20
:1092F00000B583B0012021F00BFE0190019B03F02B
:109300000103002B08D0012021F0F0FD019B03F0A8
:109310000103184621F006FC019B03F00403002B17
:1093200008D0042021F0E2FD019B03F0040318465D
:1093300021F0F8FB00BF03B05DF804FB82B00346E8
:109340008DF807309DF90730002B0CDB9DF80730B6
:1093500003F01F0205499DF907305B09012000FA5F
:1093600002F241F8232000BF02B0704700E100E0A4
:1093700082B0034600918DF807309DF90730002B2D
:109380000ADB009BDAB20C499DF907305201D2B2D8
:109390000B4483F800230BE0009BDAB207499DF8E9
:1093A000073003F00F03043B5201D2B20B441A768C
:1093B00000BF02B0704700BF00E100E000ED00E038
:1093C0000A4B1B680133094A1360084B1B6842F2C1
:1093D0001072934207D1064B1B680133044A136095
:1093E000024B00221A6000BF704700BFBC21001072
:1093F000B821001000B583B04FF411724FF0FF3167
:10940000012021F073FC012021F05CFD00210E20E1
:10941000FFF7AEFF0E20FFF791FF144B01939DED78
:10942000017ADFED136AC7EE267A9FED127A67EEB6
:10943000877AFCEEE77A17EE903A0093009B5A1E6B
:1094400000234FF0FF31012021F0E2FC0A49042003
:1094500021F080FB042021F035FD4FF0FF31012089
:1094600021F092FC00BF03B05DF804FBCDCCCC3DF5
:1094700000007A44001B374AC1930100014B1B686E
:1094800018467047B8210010054B1B6842F2107255
:1094900003FB02F2034B1B6813441846704700BFDE
:1094A000B8210010BC210010074B1B684FF47A72E2
:1094B00003FB02F2054B1B680549A1FB0313DB0804
:1094C00013441846704700BFB8210010BC2100109B
:1094D000CDCCCCCC00B583B0F2F764FE034601934B
:1094E000019B184603B05DF804FB00B583B0019002
:1094F0000091019A009B9A420ED8FFF7EBFF0246BB
:109500000099019BCB1A0133B2FBF3F101FB03F38A
:10951000D21A019B13440DE0FFF7DCFF02460199CC
:10952000009BCB1A0133B2FBF3F101FB03F3D21A18
:10953000009B1344184603B05DF804FB00B585B0EA
:1095400001900B468DF80330019BDB0C03F0010307
:109550000393019B5B0B03F03F031A4603990848F2
:1095600021F0F6FC0290029B002B02D00548FFF789
:109570002FFB029BDBB2184605B05DF804FB00BF71
:109580002143341220D4030000B58DB00390029122
:109590000192039B089300230B9300230A9300235B
:1095A000079300230593019B03F00303002B05D0D1
:1095B000019B23F0030304330A9301E0019B0A9308
:1095C000039A0A9B1344079333E000230593002377
:1095D0008DF8273013E09DF827200B9B1344029A47
:1095E00013441B781A469DF82730DB009A40059BF0
:1095F000134405939DF8273001338DF827309DF8EB
:109600002730032BE7D9039B089305A90123089A68
:109610000C4821F0A1FC0690069B002B03D00A48C1
:10962000FFF7D6FAFEE7039B043303930B9B043347
:109630000B93039A079B9A42C7D3002318460DB099
:109640005DF804FB2143341240D4030086B003903C
:10965000029101920023059300238DF8133010E04E
:10966000039A059B13441B68DBB28DF81330029AF2
:10967000059B13449DF81320D2B21A70059B013349
:109680000593059A019B9A42EAD300BF00BF06B03A
:1096900070470000BFF34F8F00BF064BDB6803F439
:1096A000E0620449044B1343CB60BFF34F8F00BF0C
:1096B00000BFFDE700ED00E00400FA0572B600BF50
:1096C00000BF704762B600BF00BF704708B50121F8
:1096D0000B20FFF7C9FC0023002200211020FFF718
:1096E00003FC0023012202210F20FFF7FDFB0121D3
:1096F0001120FFF7B9FC01210220FFF7B5FC00BFE4
:1097000008BD08B572B600BFFFF7C4FF00B583B04F
:109710000190019B1846FFF797FA00BF03B05DF870
:1097200004FB0000BFF34F8F00BF064BDB6803F460
:10973000E0620449044B1343CB60BFF34F8F00BF7B
:1097400000BFFDE700ED00E00400FA0500B583B0BE
:109750000023019301AB1946002009F024FC019B72
:1097600003F00803002B01D0012300E0002318467A
:1097700003B05DF804FB000000B585B00190019BCB
:10978000413313491846F2F7CBFE0346002B12D1A2
:10979000019BD3F84431012B0DD1FFF7D7FF0346CE
:1097A0008DF80F30019B9DF80F2019460948FFF7EF
:1097B0000FFA002307E0019BD3F84431012B01D0BD
:1097C000022300E00123184605B05DF804FB00BF4A
:1097D00040D5030044D5030000B589B00390029141
:1097E000019205AB00210A461A800A469A700023AE
:1097F0008DF81630002307932CE0079B5B00039A3B
:1098000013441B788DF81430079B5B000133039AD7
:1098100013441B788DF8153004A905AB10221846A7
:10982000F4F734FA069005AB0233049A934205D15B
:10983000069B002B02DB069BFF2B02DD4FF0FF3364
:109840000DE0029A079B1344069AD2B21A70079B46
:1098500001330793079A019B9A42CED300231846FF
:1098600009B05DF804FB000000B583B00190019BD6
:10987000044A19460448FFF7ABF90023184603B021
:109880005DF804FB4CD5030054D5030000B583B04C
:109890000190FFF747FF000000B585B00190019BE4
:1098A0001B788DF80F309DF80F300133094A1344AF
:1098B0001B7803F00303012B04D10748FFF788F955
:1098C000002303E00548FFF783F90023184605B09D
:1098D0005DF804FB002204005CD5030068D503009A
:1098E00000B585B00190019B1B788DF80F309DF875
:1098F0000F300133094A13441B7803F00303012B93
:1099000004D10748FFF764F9002303E00548FFF797
:109910005FF90023184605B05DF804FB002204003F
:1099200074D5030084D5030000B587B00190019B76
:10993000D3F8483134491846F2F7F2FD0346002BBC
:1099400020D1019BD3F84431012B1BD1019B194637
:109950002E48FFF73DF9002305930BE02C4A059BA9
:1099600013441B78DBB219462A48FFF731F9059BEF
:1099700001330593059B072BF0DD2748FFF728F9F6
:1099800000233DE0019BD3F848311846F2F738FC3C
:109990000346102B33D1019BD3F84431012B2ED138
:1099A00002AB00221A605A60019B413302A90822CF
:1099B0001846FFF711FF0346002B01D002231FE0DA
:1099C00002AB1946002009F071FB03468DF81330F5
:1099D0009DF81330002B0AD10D4B1A4602AB93E8C9
:1099E000030082E8030001F0BDFB002308E09DF8BE
:1099F0001330052B01D1032302E0012300E00223F1
:109A0000184607B05DF804FB40D5030094D5030069
:109A10009C18001098D50300A0D5030000B587B0AE
:109A20000190019BD3F8483135491846F2F778FD8B
:109A30000346002B21D1019BD3F84431012B1CD1CB
:109A4000019B19462F48FFF7C3F8002305930CE04C
:109A50002D4A059B134408331B78DBB219462B486B
:109A6000FFF7B6F8059B01330593059B072BEFDD48
:109A70002748FFF7ADF800233DE0019BD3F84831BC
:109A80001846F2F7BDFB0346102B33D1019BD3F8E8
:109A90004431012B2ED102AB00221A605A60019B87
:109AA000413302A908221846FFF796FE0346002B11
:109AB00001D002231FE002AB1946002009F0B4FADE
:109AC00003468DF813309DF81330002B0AD10E4B4E
:109AD000083302AA92E8030083E8030001F042FB86
:109AE000002308E09DF81330052B01D1032302E089
:109AF000012300E00223184607B05DF804FB00BF15
:109B000040D5030094D503009C18001098D503009D
:109B1000A0D5030010B588B00190019BD3F848315F
:109B200035491846F2F7FCFC0346002B21D1019B76
:109B3000D3F84431012B1CD1019B19462F48FFF764
:109B400047F8002307930CE02D4A079B134410337A
:109B50001B78DBB219462B48FFF73AF8079B013315
:109B60000793079B0F2BEFDD2748FFF731F8002302
:109B70003FE0019BD3F848311846F2F741FB03461A
:109B8000202B35D1019BD3F84431012B30D102ABCE
:109B900000221A605A609A60DA60019B413302A980
:109BA00010221846FFF718FE0346002B01D00223AF
:109BB0001FE002AB1946002009F0BAFA03468DF8FF
:109BC0001B309DF81B30002B0AD10D4B03F1100404
:109BD00002AB0FCB84E80F0001F0C4FA002308E0C9
:109BE0009DF81B30052B01D1032302E0012300E087
:109BF0000223184608B010BD40D5030094D50300D9
:109C00009C18001098D50300A0D5030000B5C9B07A
:109C100048ABA3F58A73186048ABA3F58A731B6839
:109C2000D3F84431022B01D0022372E048ABA3F5F4
:109C30008A731B68D3F8483104A90A221846F4F73E
:109C400025F84790479B002B01D1022361E048ABE8
:109C5000A3F58A731B68D3F84C311846F2F7D0FA93
:109C6000034603F00103002B01D0022351E048AB6F
:109C7000A3F58A731B68D3F84C311846F2F7C0FA83
:109C800003465B08469348ABA3F58A731B68D3F879
:109C90004C31469A05A91846FFF79EFD0346B3F1DD
:109CA000FF3F01D1022334E003F07CFA0346002B8E
:109CB0001BD1FFF74BFD0346002B14D0479BD9B2B5
:109CC000164B93F84630DBB2002B14BF0123002360
:109CD000DAB2469BDBB205A800930346002009F0E8
:109CE0007AFC002315E0062313E0479BD9B20B4B07
:109CF00093F84630DBB2002B14BF01230023DAB205
:109D0000469BDBB205A800930346002009F063FCE4
:109D10000023184649B05DF804FB00BF9C180010F2
:109D200000B585B0019008F0F1F90346012B01D18F
:109D3000082312E0002009F0BDFB03468DF80F3028
:109D40009DF80F30002B01D1002306E09DF80F3065
:109D5000052B01D1032300E00123184605B05DF86F
:109D600004FB000000B585B00190019BD3F8483199
:109D700029491846F2F7D4FB0346002B0FD1019B6B
:109D8000D3F84431012B0AD1019B244A92F8442094
:109D9000D2B219462248FEF71BFF002338E0019B90
:109DA00041331846F2F72CFA0346012B30D1019BC0
:109DB000D3F84431012B2BD1019B41331846F3F7E3
:109DC000B3FE03468DF80F309DF80F30022B01D9FA
:109DD00002231DE09DF80F301946002009F0EAF932
:109DE00003468DF80E309DF80E30002B08D10B4A3B
:109DF0009DF80F3082F8443001F0B4F9002307E0F9
:109E00009DF80E30052B01D1032301E00123FFE76C
:109E1000184605B05DF804FB40D503009C180010FF
:109E200044D5030000B585B00190019BD3F84831BB
:109E30001F491846F2F774FB0346002B0FD1019B14
:109E4000D3F84431012B0AD1019B1A4A92F84E20D3
:109E5000D2B219461848FEF7BBFE002324E0019B4E
:109E600041331846F2F7CCF90346012B1BD1019B75
:109E7000D3F84431012B16D1019B41331846F3F737
:109E800053FE03468DF80F309DF80F30012B01D99A
:109E9000022309E0074A9DF80F3082F84E3001F0A6
:109EA00061F9FFF73FFC0123184605B05DF804FB9C
:109EB00040D503009C18001044D5030000B585B0C0
:109EC0000190264B93F84E30DBB2012B01D10823D1
:109ED0003FE0019B413322491846F2F721FB03463C
:109EE000002B0DD1019BD3F84431012B08D1019BEC
:109EF0001A4A126D19461B48FEF76AFE002328E035
:109F0000019BD3F84431012B01D0022321E0019BB6
:109F100041331846F2F774F903460A2B18D1019B16
:109F200041330A2200211846F2F712FD0390039BE9
:109F30000D4A934203D8039B0C4A934201D8022353
:109F400007E0064A039B136501F00CF9002300E0CB
:109F50000223184605B05DF804FB00BF9C180010F2
:109F600040D50300A4D5030000F90295FF170D8F1B
:109F700000B585B00190254B93F84E30DBB2012B34
:109F800001D108233DE0019B413321491846F2F7F6
:109F9000C7FA0346002B0FD1019BD3F84431012BA4
:109FA0000AD1019B194A92F85420D2B21946194895
:109FB000FEF70EFE002324E0019BD3F84431012B71
:109FC00001D002231DE0019B41331846F2F718F936
:109FD0000346022B14D8019B41331846F3F7A4FD26
:109FE00003460393039B0D2B01D9022309E0039B36
:109FF000DAB2064B83F8542001F0B4F8002300E0F5
:10A000000223184605B05DF804FB00BF9C18001041
:10A0100040D5030044D5030000B585B00190264B20
:10A0200093F84E30DBB2012B01D1082340E0019BB5
:10A03000413322491846F2F773FA0346002B0FD139
:10A04000019BD3F84431012B0AD1019B1A4A92F8A3
:10A050005520D2B219461A48FEF7BAFD002327E070
:10A06000019BD3F84431012B01D0022320E0019B56
:10A0700041331846F2F7C4F80346022B17D8019B68
:10A0800041331846F3F750FD03460393039B082B17
:10A0900002D8039B002B01D1022309E0039BDAB213
:10A0A000054B83F8552001F05DF8002300E0022302
:10A0B000184605B05DF804FB9C18001040D503005D
:10A0C00044D5030000B585B00190264B93F84E307F
:10A0D000DBB2012B01D1082340E0019B413322492F
:10A0E0001846F2F71DFA0346002B0FD1019BD3F857
:10A0F0004431012B0AD1019B1A4A92F85620D2B260
:10A1000019461A48FEF764FD002327E0019BD3F8A7
:10A110004431012B01D0022320E0019B413318463A
:10A12000F2F76EF80346012B17D1019B4133184615
:10A13000F3F7FAFC03460393039B062B02D8039B19
:10A14000022B01D8022309E0039BDAB2054B83F806
:10A15000562001F007F8002300E00223184605B05E
:10A160005DF804FB9C18001040D5030044D50300A3
:10A1700000B585B00190254B93F84E30DBB2012B32
:10A1800001D108233DE0019B413321491846F2F7F4
:10A19000C7F90346002B0FD1019BD3F84431012BA3
:10A1A0000AD1019B194A92F85720D2B21946194890
:10A1B000FEF70EFD002324E0019BD3F84431012B70
:10A1C00001D002231DE0019B41331846F2F718F835
:10A1D0000346012B14D1019B41331846F3F7A4FC2D
:10A1E00003460393039B032B01D9022309E0039B3E
:10A1F000DAB2064B83F8572000F0B4FF002300E0EA
:10A200000223184605B05DF804FB00BF9C1800103F
:10A2100040D5030044D5030000B585B00190214B23
:10A2200093F84E30DBB2012B01D1082335E0019BBE
:10A2300041331D491846F2F773F90346002B0FD13D
:10A24000019BD3F84431012B0AD1019B154A92F8A6
:10A250005820D2B219461548FEF7BAFC00231CE07C
:10A26000019BD3F84431012B01D0022315E0019B5F
:10A2700093F84130002B0FD0019B41331846F3F780
:10A2800053FC03460393039BDAB2064B83F8582032
:10A2900000F068FF002300E00223184605B05DF8D7
:10A2A00004FB00BF9C18001040D5030044D50300F8
:10A2B00000B585B00190284B93F84E30DBB2012BEE
:10A2C00001D1082344E0019BD3F84431012B01D094
:10A2D00002233DE0019B41331846F3F725FC03467A
:10A2E0000393039B002B07D1019B93F84130302B44
:10A2F00002D009F0F7FD2AE0039B4FF6FF7293426C
:10A3000004D0039B4FF6FE72934210D1124B186D8E
:10A31000114B93F85530D9B20F4B93F85630DAB24F
:10A320000D4B93F85730DBB20AF0CAF80FE00A4B36
:10A33000186D094B93F85530D9B2074B93F8563046
:10A34000DAB2054B93F85730DBB20AF0B9F80023C4
:10A35000184605B05DF804FB9C180010F0B5ADF58B
:10A360000F7D8EABA3F507731860494B93F84E3001
:10A37000DBB2012B03D14748FEF72AFC85E08EAB08
:10A38000A3F507731B68413343491846F2F7C8F831
:10A390000346002B02D14148FEF71AFC8EABA3F511
:10A3A00007731B6841334AAA3D491846F1F7EEFF8F
:10A3B0000346012B03D03948FEF70AFC65E04AAB9F
:10A3C0001846F1F71DFF8B908B9B03F00103002BC8
:10A3D00003D03448FEF7FCFB57E000238D930023A5
:10A3E0008C931DE04AAA8C9B134409AA2E49184657
:10A3F000F1F7CCFF0346012B03D02C48FEF7E8FB16
:10A4000043E08EABA3F5057319688D9B5A1C8D92A2
:10A41000C9B28EAAA2F50472D1548C9B02338C93DC
:10A420008C9A8B9B9A42DDD307F070FE0346002B7B
:10A4300001D109F0BDFC8D9BDCB2154B1D6D144B99
:10A4400093F85430DBB25EB2114B93F85530DBB267
:10A450000F4A92F85620D2B20D4991F85710C9B25E
:10A460000B4890F85800C0B206900AA8002704973D
:10A47000069F039702910192009333462A46214694
:10A4800009F05CFD0A48FEF7A3FB0DF50F7DF0BD5A
:10A490009C180010ACD5030040D50300C0D50300C4
:10A4A000D4D50300D8D50300ECD50300F4D50300C0
:10A4B00010D6030000B587B00590059B41332649AF
:10A4C0001846F2F72DF80346002B27D1234B1B68C3
:10A4D00019462348FEF77CFB224B1B68194622488D
:10A4E000FEF776FB214B1B6819462148FEF770FBEF
:10A4F000204B1B6819462048FEF76AFB1F4B1B6860
:10A5000019461F48FEF764FB1E4B1B6819461E4880
:10A51000FEF75EFB1D48FEF75BFB19E0059B03F1B0
:10A520004100184B0393154B0293124B01930F4BB1
:10A5300000930C4B094A1649F1F728FF0346062BF6
:10A5400003D01448FEF744FB02E01048FEF740FB3E
:10A5500007B05DF804FB00BF40D50300C41600102F
:10A5600018D60300C81600102CD60300CC16001015
:10A5700040D60300D016001048D60300C4210010B6
:10A5800050D60300D416001058D6030010D603008E
:10A590006CD60300C0D50300F0B5ADF50F7D8EABD2
:10A5A000A3F5077318608EABA3F507731B684133DF
:10A5B0004B491846F1F7B4FF0346002B02D1494836
:10A5C000FEF706FB8EABA3F507731B68413349AA60
:10A5D00045491846F1F7DAFE0346012B03D04148FE
:10A5E000FEF7F6FA79E049AB1846F1F709FE8A90D2
:10A5F0008A9B03F00103002B03D03C48FEF7E8FAE6
:10A600006BE000238D9300238C931DE049AA8C9B63
:10A61000134408AA36491846F1F7B8FE0346012B41
:10A6200003D03448FEF7D4FA57E08EABA3F5067397
:10A6300019688D9B5A1C8D92C9B28EAAA2F505721B
:10A64000D1548C9B02338C938C9A8A9B9A42DDD393
:10A650002948FEF7BDFA00238B930CE08EABA3F5DF
:10A6600005728B9B13441B7819462448FEF7B0FAF9
:10A670008B9B01338B938B9A8D9B9A42EED3204810
:10A68000FEF7A6FA07F042FD0346002B01D109F0C0
:10A690008FFB8D9BDDB21B4B1E681B4B1B685FB293
:10A6A0001A4B1B68DBB20693194A1268D2B21949D9
:10A6B0000968C9B21848006809AC002304930390E4
:10A6C00002910192069B00933B4632462946204662
:10A6D00009F034FC1148FEF77BFA0DF50F7DF0BD53
:10A6E00040D50300C0D50300D4D50300D8D503005E
:10A6F000ECD50300F4D5030080D6030090D6030008
:10A70000A0D50300C4160010C8160010CC16001007
:10A71000D0160010C4210010D416001010D603006B
:10A7200000B583B0019007F0F1FC0346002B01D186
:10A7300009F03EFB094B1868094B1B68D9B2094B5D
:10A740001B68DAB2084B1B68DBB209F0B9FE074898
:10A75000FEF73EFA00BF03B05DF804FBC41600101C
:10A76000CC160010D0160010C421001010D6030023
:10A7700000B583B0019009F0B5FB00BF03B05DF8F0
:10A7800004FB000000B589B00190019B41332C49C6
:10A790001846F1F7C5FE0346002B0FD1019BD3F8F5
:10A7A0004431012B0AD1019B264A92F84520D2B2AE
:10A7B00019462548FEF70CFA00233CE0019BD3F82C
:10A7C0004431012B01D0022335E0019B413318466F
:10A7D000F1F716FD0346012B2CD1019B413318469E
:10A7E000F3F7A2F903468DF81F309DF81F30052BB3
:10A7F00001D902231FE0134A9DF81F3082F845302B
:10A8000003AB00221A605A609A60DA600D4B93F82D
:10A810004530DBB2194603AB10221846F1F75CFD58
:10A8200003AB1A460321002008F076FD00F09AFCE5
:10A83000002300E00223184609B05DF804FB00BFC6
:10A8400040D503009C18001044D5030000B583B028
:10A850000190019B413318491846F1F761FE034608
:10A86000002B0DD1019BD3F84431012B08D1019B62
:10A87000124A926C19461248FEF7AAF9002316E014
:10A88000019B4133002B11D0019BD3F84431012BA4
:10A890000CD1019B41331846F3F746F903461A469B
:10A8A000064B9A6400F05EFC002300E0012318468A
:10A8B00003B05DF804FB00BF40D503009C180010F6
:10A8C000A4D5030000B583B00190019B413310492A
:10A8D0001846F1F725FE0346002B0DD1019BD3F856
:10A8E0004431012B08D1019B0A4A126819460A48D3
:10A8F000FEF76EF9002307E0019BD3F84431012BEA
:10A9000001D0022300E00123184603B05DF804FBE8
:10A9100040D50300C821001044D5030000B585B020
:10A920000190019B413321491846F1F7F9FD034697
:10A93000002B0FD1019BD3F84431012B0AD1019B8D
:10A940001B4A92F84620D2B219461A48FEF740F93F
:10A95000002326E0019BD3F84431012B01D00223D0
:10A960001FE0019B41331846F1F74AFC0346012BD7
:10A9700016D1019B41331846F3F7D6F803468DF8FC
:10A980000F309DF80F30012B01D9022309E0084A4E
:10A990009DF80F3082F8463000F0E4FB002300E021
:10A9A0000123184605B05DF804FB00BF40D5030045
:10A9B0009C18001044D5030000B585B001901948DB
:10A9C000FEF706F9019B19461748FEF701F9019BAE
:10A9D000413319461548FEF7FBF8019BD3F8443183
:10A9E00019461348FEF7F4F8002303930CE0019B8B
:10A9F000039A523253F822301A4603990D48FEF753
:10AA0000E7F8039B01330393019BD3F84431039A86
:10AA10009A42ECDB0848FEF7DBF80023184605B045
:10AA20005DF804FB98D60300A8D60300B8D603004F
:10AA3000CCD60300DCD6030010D6030000B585B0E9
:10AA40000190019BD3F848312A491846F1F768FD77
:10AA50000346002B13D1019BD3F84431012B0ED1B7
:10AA6000019B19462448FEF7B3F8244B93F84D3068
:10AA7000DBB219462248FEF7ABF8002335E0019B14
:10AA800041331846F1F7BCFB0346012B2CD8019B40
:10AA9000D3F84431012B27D100238DF80F30019BCF
:10AAA00041331846F3F740F803468DF80F309DF810
:10AAB0000F30012B01D9022317E09DF80F30002B36
:10AAC00009D19DF80F30002B0CBF01230023DBB20E
:10AAD000184602F071FB094A9DF80F3082F84D309C
:10AAE00000F040FB002300E00223184605B05DF8AB
:10AAF00004FB00BF40D5030094D503009C18001050
:10AB0000F4D6030000B585B00190019BD3F848311D
:10AB100021491846F1F704FD0346002B11D1019B92
:10AB2000D3F84431012B0CD1019B19461B48FEF789
:10AB30004FF81B4B1B6A19461A48FEF749F80023C9
:10AB400026E0019B41331846F1F75AFB0346082BD8
:10AB50001DD1019BD3F84431012B18D1002303935D
:10AB6000019B413303AA10491846F1F70FFC034635
:10AB7000012B01D002230BE0039B184602F038FBA7
:10AB8000039B074A136200F0EDFA002300E0022362
:10AB9000184605B05DF804FB40D5030094D50300CA
:10ABA0009C180010FCD6030004D7030000B585B044
:10ABB000019000238DF80F30019BD3F848312849CC
:10ABC0001846F1F7ADFC0346002B0FD1019BD3F8DB
:10ABD0004431012B0AD1019B224A92F84C20D2B277
:10ABE00019462148FDF7F4FF002335E0019B41336E
:10ABF0001846F1F705FB0346022B2CD8019B413385
:10AC00001846F2F791FF03468DF80F309DF80F308C
:10AC10000F2B03D89DF80F30002B01D102231BE02E
:10AC2000032002F06FFA9DF80F301946002008F05B
:10AC30002DFD03468DF80E309DF80E30002B01D00F
:10AC4000022309E0074A9DF80F3082F84C3000F0EB
:10AC500089FA002300E00223184605B05DF804FBE2
:10AC600040D503009C18001044D5030010B588B0EF
:10AC70000190019B41332E491846F1F751FC0346E0
:10AC8000002B21D1019BD3F84431012B1CD1019B16
:10AC900019462848FDF79CFF002307930CE0264A3D
:10ACA000079B134424331B78DBB219462348FDF776
:10ACB0008FFF079B01330793079B0F2BEFDD204886
:10ACC000FDF786FF002330E0019BD3F84431012BD0
:10ACD00001D0022329E0019B41331846F1F790FA95
:10ACE0000346202B20D103AB00221A605A609A60E1
:10ACF000DA60019B413303A910221846FEF76CFD70
:10AD00000346002B01D002230FE00B4B03F1240478
:10AD100003AB0FCB84E80F0000F024FA09490620AA
:10AD20001CF02CF8002300E00223184608B010BDE8
:10AD300040D5030094D503009C18001098D503005B
:10AD4000A0D50300C018001010B588B00190019B79
:10AD500041332E491846F1F7E3FB0346002B21D17E
:10AD6000019BD3F84431012B1CD1019B1946284883
:10AD7000FDF72EFF002307930CE0264A079B1344A0
:10AD800034331B78DBB219462348FDF721FF079BBC
:10AD900001330793079B0F2BEFDD2048FDF718FFCA
:10ADA000002330E0019BD3F84431012B01D0022372
:10ADB00029E0019B41331846F1F722FA0346202B84
:10ADC00020D103AB00221A605A609A60DA60019BBE
:10ADD000413303A910221846FEF7FEFC0346002B60
:10ADE00001D002230FE00B4B03F1340403AB0FCB74
:10ADF00084E80F0000F0B6F9094907201BF0BEFFF8
:10AE0000002300E00223184608B010BD40D503001F
:10AE100094D503009C18001098D50300A0D503001A
:10AE2000D018001000B5ADF51B7D9AABA3F51973D2
:10AE300018609AABA3F51A7319609AABA3F51A734D
:10AE40003D211868F1F7FAFA9790979B002B55D09F
:10AE50009AABA3F51A73979A1B68D31A9693979B8C
:10AE600001331846F1F7CCF995909AABA3F51A7314
:10AE700003A8969A1968F2F7B5FF979B591C03AB84
:10AE80004133959A1846F2F7ADFF9AABA3F51772C6
:10AE9000969B134400221A709AABA3F51772959BE8
:10AEA0001344413300221A7003AB4133194628483A
:10AEB000F4F77AFA27492648F1F760FA99900023C7
:10AEC00098930EE0989B5A1C98929AAAA2F5177232
:10AED0005233999942F823101E490020F1F74EFA97
:10AEE0009990999B002B02D0989B3F2BEADD9AAB5F
:10AEF000A3F51773989AC3F8442113E09AABA3F50E
:10AF00001A7303AA19681046F4F74EFA9AABA3F520
:10AF10001773002283F841209AABA3F51773002220
:10AF2000C3F844219AABA3F519731A689AABA3F539
:10AF30001773104619464FF412731A46F2F752FF70
:10AF40009AABA3F5197318680DF51B7D5DF804FB2A
:10AF5000CC21001060DE030000B5ADF5197D98AB83
:10AF6000A3F5177318600123979398ABA3F5157297
:10AF700098ABA3F5177319681046FFF753FF03AB9F
:10AF80001B78002B04D12848FDF722FE979B45E053
:10AF9000222395930023969323E02449969A1346FF
:10AFA0005B0013449B000B441A6803AB1146184620
:10AFB000F1F70CFD0346002B10D11B48FDF708FEEE
:10AFC0001A49969A13465B0013449B000B440433C2
:10AFD0001B6803AA10469847979006E0969B01339A
:10AFE0009693969A959B9A42D7DB969A959B9A420E
:10AFF00001D109239793979B0A2B08D80C4A979B5A
:10B0000052F8233019460B48FDF7E2FD05E0084BE6
:10B010005B6819460748FDF7DBFD979B18460DF561
:10B02000197D5DF804FB00BFA0D5030004170010D4
:10B03000D816001064DE030000B583B01448FDF795
:10B04000C7FD222300930023019317E01149019AC1
:10B0500013465B0013449B000B4419680D48019A8A
:10B0600013465B0013449B00034408331B681A46D5
:10B070000948FDF7ADFD019B01330193019A009B47
:10B080009A42E3DB00BF00BF03B05DF804FB00BFE2
:10B090006CDE03000417001088DE030000B583B0E7
:10B0A00003468DF807309DF80730082B0CD1274B4D
:10B0B0001B68002B45DD254B1B68013B234A1360B1
:10B0C0002348FDF785FD3CE0204B1B68B3F5A17FCD
:10B0D00006DB1E4B00221A601E48FDF779FD31E0A9
:10B0E0009DF807300A2B03D09DF807300D2B1CD19B
:10B0F000164B1B68184A0021D15418491648F1F71D
:10B1000065FC0346002B06D015491348F1F75EFC99
:10B110000346002B02D1FFF78FFF02E00E48FFF736
:10B120001BFF0A4B00221A600CE0084B1B680A49FF
:10B130009DF80720CA54054B1B680133034A13606E
:10B1400000E000BF03B05DF804FB00BFD022001098
:10B1500094DE030098DE0300D4220010B8DE030062
:10B16000BCDE030000B583B00E4800F061FC03466E
:10B17000ADF806300B4ABDF80630A2F85A3001216E
:10B180004FF40820FEF7DAF95C2206494FF4082054
:10B19000FEF7FAF900238DF8053000BF03B05DF823
:10B1A00004FB00BF9C18001000B599B06B465C22F0
:10B1B00019464FF40820FEF749FA6B46184600F08E
:10B1C00037FC0346ADF85E30BDF85A30BDF85E205E
:10B1D0009A4202D0FFF7C6FF06E0054B18466B46C1
:10B1E0005C221946F2F7FEFD00BF19B05DF804FBC2
:10B1F0009C18001082B003468DF807309DF8073088
:10B20000013B0C2B36D801A252F823F041B20100C9
:10B2100045B2010049B201004DB2010051B2010036
:10B2200055B2010059B201005DB2010061B20100E6
:10B2300065B2010069B201006DB2010071B2010096
:10B240000E4B18E00E4B16E00E4B14E00E4B12E0C6
:10B250000E4B10E00E4B0EE00E4B0CE00E4B0AE0D6
:10B260000E4B08E00E4B06E00E4B04E00E4B02E0E6
:10B270000E4B00E00E4B184602B07047C4DE0300D0
:10B28000C8DE0300CCDE0300D0DE0300DCDE0300FA
:10B29000E8DE0300F4DE030000DF030004DF030048
:10B2A00010DF03001CDF030028DF030034DF03008E
:10B2B00040DF030030B5C9B000238DF81E310DF119
:10B2C000130205AB1146184607F034FC48ABA3F552
:10B2D00086735B78142B00F2778101A252F823F079
:10B2E00035B3010049B3010075B3010091B301000A
:10B2F000DDB3010091B4010099B40100B3B40100C1
:10B30000CDB40100C9B50100E7B40100C9B5010021
:10B31000C9B50100F9B4010013B501002DB5010054
:10B3200047B5010061B501007BB5010095B501008D
:10B33000AFB50100B44B93F84E30DBB2002B40F0B8
:10B34000548108F035FD50E1CA22B049B048FDF7FC
:10B350003FFCCA22AD49AF48FDF73AFCAA4B9B6CB3
:10B36000002B04D0A84B9B6C184607F03DFE00F064
:10B3700049FA3DE1A848FDF72BFCA34B9B6C002B41
:10B3800000F03581A04B9B6C184607F02DFE2EE196
:10B39000A248FDF71DFC48ABA3F586731B79022B71
:10B3A0000ED0022B10DC002B02D0012B04D00BE0BE
:10B3B0009B48FDF70DFC10E09A48FDF709FC0CE0F6
:10B3C0009948FDF705FC08E048ABA3F586731B79A7
:10B3D00019469648FDF7FCFB00BF09E148ABA3F511
:10B3E0008673B3F8FA30DAB2914B1A70904B1B782F
:10B3F0001A4605AB083319468E48F2F7F3FC48AB02
:10B40000A3F586739B791846FFF7F4FE054648AB13
:10B41000A3F5867393F90430A3F1400448ABA3F578
:10B42000867393F9053007EE903AF8EEE77AB1EEBD
:10B43000007AC7EE876A16EE900AFBF7FFFB02461A
:10B440000B4648A9A1F58671C9790291CDE900237F
:10B45000224629467848FDF7BBFB00238DF81F31B3
:10B460000CE09DF81F31734AD35C19467348FDF711
:10B47000AFFB9DF81F3101338DF81F316C4B1B78EA
:10B480009DF81F219A42ECD36D48FDF7A1FBAFE078
:10B490006C48FDF79DFBABE04FF484725B496A4852
:10B4A000FDF796FB4FF4847258495A48FDF790FB1C
:10B4B0009EE040F20D1255496448FDF789FB40F2C9
:10B4C0000D1252495348FDF783FB91E04FF4897206
:10B4D0004E495F48FDF77CFB4FF489724B494D485C
:10B4E000FDF776FB84E05B48FDF772FB9DF81E31AB
:10B4F000184608F05DF87BE04FF48F7243495648D8
:10B50000FDF766FB4FF48F7240494248FDF760FB40
:10B510006EE04FF491723D495048FDF759FB4FF4EE
:10B5200091723A493B48FDF753FB61E04FF4937247
:10B5300036494B48FDF74CFB4FF49372334935487D
:10B54000FDF746FB54E04FF4957230494548FDF74E
:10B550003FFB4FF495722D492E48FDF739FB47E02C
:10B560004FF4977229494048FDF732FB4FF4977228
:10B5700026492848FDF72CFB3AE04FF499722349FD
:10B580003A48FDF725FB4FF4997220492148FDF711
:10B590001FFB2DE04FF49B721C493548FDF718FB4B
:10B5A0004FF49B7219491B48FDF712FB20E04FF442
:10B5B0009D7216492F48FDF70BFB4FF49D721349FE
:10B5C0001448FDF705FB13E048ABA3F586735B78E1
:10B5D0004FF49F720D492848FDF7FAFA4FF49F7215
:10B5E0000A490C48FDF7F4FA02E000BF00E000BF92
:10B5F00048ABA3F20D131B78002B7FF460AE00BFA5
:10B6000000BF49B030BD00BF9C18001048DF0300E8
:10B6100060DF030088DF030094DF0300A4DF030082
:10B62000B4DF0300C8DF0300E4DF0300FCDF030036
:10B63000172400101824001018E0030034E0030061
:10B640003CE0030040E0030054E003007CE0030022
:10B65000A4E00300D0E00300F0E0030018E10300E1
:10B660004CE103007CE10300A8E10300D8E1030002
:10B670000CE2030044E2030074E2030000B585B06D
:10B680000023002200210020FDF732FBFDF7B2FE6F
:10B69000FDF7D4FDFEF712F8FEF718F84A494B48BB
:10B6A00007F0BCF9FEF70EF80621002007F0EAFDCE
:10B6B0000021002007F052FCFFF776FD444A6B465C
:10B6C00092E8030083E80300424B93F84E30DBB26C
:10B6D0009B0010336B4453F8103C19463E48FDF76D
:10B6E00077FA3C4B93F84D30DBB2002B33D101207D
:10B6F00001F062FD3948FDF76BFA364B1B6A1846BC
:10B7000001F076FD364906201BF038FB0390039BC1
:10B71000002B0BD040F2631232493348FDF758FA40
:10B7200040F263122F493148FDF752FA30490720A1
:10B730001BF024FB0390039B002B18D04FF4B47232
:10B7400028492C48FDF744FA4FF4B472254927489C
:10B75000FDF73EFA0BE01F49002007F0A7FC264941
:10B76000002007F061FC2549002007F0E1FC194B9F
:10B7700093F84430DBB21946002007F01BFD034666
:10B780008DF80B309DF80B30002B0DD09DF80B3051
:10B790004FF4BB7213491A48FDF71AFA4FF4BB7203
:10B7A00010491248FDF714FA032001F0ABFC094BD5
:10B7B00093F84C30DBB21946002007F067FF00BF5A
:10B7C00005B05DF804FB00BFB5B201000826040017
:10B7D0005CE303009C18001098E20300B0E2030051
:10B7E000C018001048DF0300BCE2030088DF03003C
:10B7F000D0180010ECE20300A4180010AC180010E0
:10B8000018E3030000B58BB000238DF8273003AB9D
:10B8100000221A605A609A60DA601A615A616B4BB2
:10B820001B78012B69D100F079FA9DF827305A1C5A
:10B830008DF8272028336B44012203F81C2C9DF837
:10B8400027305A1C8DF8272028336B44712203F8C7
:10B850001C2C5F4BB3F900301B121AB29DF8273035
:10B86000591C8DF8271052B228336B4403F81C2C56
:10B87000574BB3F900209DF82730591C8DF827103D
:10B8800052B228336B4403F81C2C514BB3F90230ED
:10B890001B121AB29DF82730591C8DF8271052B28E
:10B8A00028336B4403F81C2C494BB3F902209DF854
:10B8B0002730591C8DF8271052B228336B4403F8F7
:10B8C0001C2C434BB3F904301B121AB29DF82730DD
:10B8D000591C8DF8271052B228336B4403F81C2CE6
:10B8E0003B4BB3F904209DF82730591C8DF82710E5
:10B8F00052B228336B4403F81C2C364B1B78012BB7
:10B9000052D100F067FC9DF827305A1C8DF8272093
:10B9100028336B44022203F81C2C9DF827305A1C54
:10B920008DF8272028336B44672203F81C2C284B02
:10B93000B3F906301B121AB29DF82730591C8DF846
:10B94000271052B228336B4403F81C2C204BB3F958
:10B9500006209DF82730591C8DF8271052B2283345
:10B960006B4403F81C2C9DF827305A1C8DF82720B7
:10B9700028336B44022203F81C2C9DF827305A1CF4
:10B980008DF8272028336B44682203F81C2C104BB9
:10B99000B3F908209DF82730591C8DF8271052B2B2
:10B9A00028336B4403F81C2C9DF82730002B09D05A
:10B9B00003AA9DF82730009313460122012100209D
:10B9C00007F009FE00BF0BB05DF804FB3025001046
:10B9D0001C2500103125001084B0019000914FF615
:10B9E000FF73ADF80E3016E0BDF90E301B021AB22F
:10B9F000BDF80E301B0A9BB21846019B591C0191E1
:10BA00001B784340DBB2094931F813301BB2534075
:10BA10001BB2ADF80E30009B5A1E0092002BE3D1F2
:10BA2000BDF80E30184604B0704700BF042704006C
:10BA300000B583B001905A210198FFF7CDFF03466E
:10BA4000184603B05DF804FB08B5294902201FF031
:10BA5000EDFD0346002B1AD1254B1B680022002167
:10BA600018461FF077FE0346002B10D1204B1B68B1
:10BA7000204918461FF050FF0346002B07D11C4BEE
:10BA80001B6818461FF0FAFD0346002B03D01A4826
:10BA9000FDF79EF8FEE70023042262F30203022270
:10BAA00062F3471343F44073022262F38B230222B2
:10BAB00062F31243194619201FF0C2FA0023042230
:10BAC00062F30203022262F3471343F4407302223B
:10BAD00062F38B23022262F3124319461B201FF0EC
:10BAE000AFFA00F0E7F800F0D1FA00BF08BD00BFE0
:10BAF00018250010F818001064E3030000B591B099
:10BB00000390029101928DF8033001230693039B69
:10BB1000079301238DF82430019B0893029B0B931C
:10BB200000238DF8303000238DF8313000230D9341
:10BB300000230E939DF803300593094B1B6805AA5B
:10BB40001146184620F03CF803460F930F9B002B3C
:10BB500001D0002300E00123184611B05DF804FB7A
:10BB60001825001000B591B00390029101928DF854
:10BB7000033001230693039B079300238DF82430A1
:10BB8000019B0893029B0A9300238DF83030002319
:10BB90008DF8313000230D9300230E939DF8033070
:10BBA00005930B4B1B6805AA1146184620F008F8B0
:10BBB00003460F930F9B002B04D00648FDF708F8AF
:10BBC000002300E00123184611B05DF804FB00BF1C
:10BBD0001825001084E3030000B591B00390029192
:10BBE00013468DF8073000230693002307930123A3
:10BBF0008DF82430029B0893039B0B9300238DF850
:10BC0000303000238DF8313000230D9300230E9344
:10BC10009DF8073005930B4B1B6805AA1146184683
:10BC20001FF0CEFF03460F930F9B002B04D0064856
:10BC3000FCF7CEFF002300E00123184611B05DF8A9
:10BC400004FB00BF1825001084E3030000B591B089
:10BC50000390029113468DF80730002306930023CA
:10BC6000079300238DF82430029B0893039B0A93CB
:10BC700000238DF8303000238DF8313000230D93F0
:10BC800000230E939DF807300593094B1B6805AA06
:10BC9000114618461FF094FF03460F930F9B002B8D
:10BCA00001D0002300E00123184611B05DF804FB29
:10BCB0001825001000B58DB001AB282200211846D0
:10BCC000F0F70AFB0F230B9301A9182301220B980D
:10BCD000FFF714FF034683F00103DBB2002B13D1FF
:10BCE000019B332B12D1019B19460A48FCF770FFC8
:10BCF000094B01221A7000F033F800F05BF800F0F5
:10BD000084F800F0B8F802E000BF00E000BF0DB01A
:10BD10005DF804FBACE303003025001000B58DB0E6
:10BD200001AB282200211846F0F7D6FA0F230B9317
:10BD300027230B9301A9182301220B98FFF7DEFE9E
:10BD40000346002B08D0019BDBB203F00803DBB2F3
:10BD5000002B01D000F0B6F800BF0DB05DF804FB79
:10BD600000B585B0002303932323029301A9182370
:10BD700001220298FFF7C2FE034683F00103DBB203
:10BD8000002B12D0019B43F08003019301A91823DB
:10BD900001220298FFF7E6FE0346002B05D001A919
:10BDA000182301220298FFF7A9FE039B184605B04D
:10BDB0005DF804FB00B585B00023039320230293B4
:10BDC00001A9182301220298FFF798FE0346002BD1
:10BDD00016D0019B03F00F030193019B43F0100366
:10BDE000019301A9182301220298FFF7BBFE034625
:10BDF000002B05D001A9182301220298FFF77EFE2F
:10BE0000039B184605B05DF804FB00B585B0002320
:10BE100003932023029301A9182301220298FFF71C
:10BE20006DFE0346002B21D0019B23F008030193F4
:10BE300001A9182301220298FFF794FE0346002B64
:10BE400014D02323029301A9182301220298FFF79B
:10BE500055FE0346002B09D0019B43F008030193D4
:10BE600001A9182301220298FFF77CFE039B1846C4
:10BE700005B05DF804FB00B585B0002303932323D0
:10BE8000029301A9182301220298FFF737FE034607
:10BE9000002B12D0019B23F03003019301A918233A
:10BEA00001220298FFF75EFE0346002B05D001A990
:10BEB000182301220298FFF721FE039B184605B0C4
:10BEC0005DF804FB00B585B02823039301A918236E
:10BED00001220398FFF712FE0346002B00F08F802B
:10BEE0002923039301AB191D182301220398FFF79F
:10BEF00005FE0346002B00F08580029B9BB21B02CF
:10BF00009AB2019B9BB213439BB21AB2404B1A8068
:10BF10003F4BB3F90030002B00DA0F331B111AB27C
:10BF20003B4B1A802A23039301A91823012203986B
:10BF3000FFF7E4FD0346002B64D02B23039301ABF2
:10BF4000191D182301220398FFF7D8FD0346002B83
:10BF500058D0029B9BB21B029AB2019B9BB2134327
:10BF60009BB21AB22A4B5A80294BB3F90230002BEC
:10BF700000DA0F331B111AB2254B5A802C2303937E
:10BF800001A9182301220398FFF7B8FD0346002BEF
:10BF900038D02D23039301AB191D182301220398D8
:10BFA000FFF7ACFD0346002B2CD0029B9BB21B027B
:10BFB0009AB2019B9BB213439BB21AB2144B9A8064
:10BFC000134BB3F90430002B00DA0F331B111AB2F4
:10BFD0000F4B9A800F48FCF7FBFD0D4BB3F9003077
:10BFE00019460B4BB3F902301A46094BB3F904302A
:10BFF0000948FCF7EDFD0748FCF7EAFD02E00748B9
:10C00000FCF7E6FD00BF184605B05DF804FB00BF75
:10C010001C250010C0E3030008E4030040E4030013
:10C0200000B585B00346029101928DF80F309DF85E
:10C030000F301A4601990298FFF708FE034683F075
:10C040000103DBB2002B01D0012300E000231846DE
:10C0500005B05DF804FB00B585B00346029101927E
:10C060008DF80F309DF80F301A4601990298FFF7AE
:10C07000B3FD034683F00103DBB2002B01D00123A3
:10C0800000E00023184605B05DF804FB00B589B058
:10C0900070238DF800303E4B02933E4B01933E4B94
:10C0A00003936B460FCB00F0FDF800F061F90790A9
:10C0B000079B002B67D13948FCF78AFD00F06AF92D
:10C0C0000790079B002B03D03548FCF781FD5BE010
:10C0D00034481EF06FFF0DF11A03184600F027F9DF
:10C0E0000790079B002B0FD1BDF81A3019462E4838
:10C0F000FCF76EFD2D48FCF76BFD00F039F9079059
:10C10000079B002B07D003E02948FCF761FD3BE0CB
:10C110002848FCF75DFD28481EF04CFF2348FCF73B
:10C1200057FD04AA05AB1146184600F0CDF807905C
:10C13000079B002B18D1059B1846FAF77FFD024696
:10C140000B461E48FCF744FD049B1846FAF776FDA3
:10C1500002460B461A48FCF73BFD00F0FCF807903E
:10C16000079B002B0BD00FE0079B012B01D1154B38
:10C1700000E0154B19461548FCF72AFD04E0144B66
:10C1800001221A7000E000BF09B05DF804FB00BF97
:10C1900021C0010057C00100B5AF03005CE40300FB
:10C1A0006CE40300006A180088E40300B4E40300B0
:10C1B0009CE40300C8E40300006CDC02E0E403003C
:10C1C000F4E4030004E5030010E5030020E50300A8
:10C1D0003125001000B585B0002303934FF0000314
:10C1E00002934FF00003019300F0C2F80390039B09
:10C1F000002B45D125481EF0DDFE2548FCF7E8FC64
:10C2000001AA02AB1146184600F05EF80390039BAA
:10C21000002B37D11F48FCF7DBFC029B1846FAF7CE
:10C220000DFD02460B461C48FCF7D2FC019B18464C
:10C23000FAF704FD02460B461848FCF7C9FC1548FE
:10C24000FCF7C6FCDDED027AB2EE047A67EE877A7F
:10C25000FDEEE77A17EE903A1AB2114BDA80DDED77
:10C26000017A77EEA77AFDEEE77A17EE903A1AB2E6
:10C270000B4B1A8100F06FF80390039B002B02E038
:10C2800000BF00E000BF05B05DF804FB006CDC02FD
:10C29000B4E4030038E50300E0E40300F4E4030041
:10C2A0001C25001010B485B06C4684E80F00054BC7
:10C2B0001C466B460FCB84E80F0000BF05B05DF84D
:10C2C000044B70473425001000B585B001900091F3
:10C2D00047F6A24000F06AF80390039B002B0AD1B6
:10C2E00002AA0DF10A031146184600F0B5F80246FD
:10C2F000039B13430393039B002B13D1BDF80A3018
:10C30000184600F04FF9F0EE407A019BC3ED007A39
:10C31000BDF80830184600F065F9F0EE407A009B51
:10C32000C3ED007A039B184605B05DF804FB00B529
:10C3300085B001904EF6C87000F038F80390039B6A
:10C34000002B03D1019800F057F80390039B184687
:10C3500005B05DF804FB00B583B04BF2980000F027
:10C3600025F80190019B184603B05DF804FB00001E
:10C3700000B583B043F2175000F018F80190044B59
:10C38000DB6864209847019B184603B05DF804FB06
:10C390003425001000B583B048F25D0000F006F8C7
:10C3A0000190019B184603B05DF804FB00B585B011
:10C3B0000346ADF80630BDF806301B0A9BB2DBB26F
:10C3C0008DF80830BDF80630DBB28DF80930094B26
:10C3D0009B68084A107802A9022298470390039BA1
:10C3E000002B01D0012300E0039B184605B05DF847
:10C3F00004FB00BF3425001000B585B00190154B3B
:10C400005B68144A107802A9032298470390039BA3
:10C41000002B01D0012319E09DF80A308DF80B3074
:10C420009DF80B2002AB0221184600F06BF8039038
:10C430009DF808301BB21B021AB29DF809301BB2DE
:10C4400013431BB29AB2019B1A80039B184605B096
:10C450005DF804FB3425001000B587B00190009111
:10C46000274B5B68264A107803A906229847059057
:10C47000059B002B01D001233DE09DF80E308DF887
:10C4800013309DF8132003AB0221184600F03AF850
:10C490000590059B002B01D0059B2CE09DF81130E9
:10C4A0008DF813309DF8132003AB03330221184697
:10C4B00000F028F80590059B002B01D0059B1AE0A1
:10C4C0009DF80C301BB21B021AB29DF80D301BB246
:10C4D00013431BB29AB2019B1A809DF80F301BB216
:10C4E0001B021AB29DF810301BB213431BB29AB252
:10C4F000009B1A80059B184607B05DF804FB00BF3F
:10C500003425001084B001900B468DF8033013469B
:10C510008DF80230FF238DF80F3000238DF80E3098
:10C520002EE09DF80E30019A13441A789DF80F30D2
:10C5300053408DF80F3008238DF80D3017E09DF92A
:10C540000F30002B09DA9DF90F305B005BB283F0EE
:10C5500031035BB28DF80F3004E09DF80F305B00C3
:10C560008DF80F309DF80D30013B8DF80D309DF8A2
:10C570000D30002BE3D19DF80E3001338DF80E30D5
:10C580009DF80E209DF803309A42CAD39DF80F20E3
:10C590009DF802309A4201D0022300E000231846A1
:10C5A00004B0704782B00346ADF80630BDF80630DF
:10C5B00007EE903AF8EE677A9FED077A27EE877AD2
:10C5C000DFED066AC7EE267A9FED057A77EEC77A29
:10C5D000B0EE670A02B0704700002F4300008047AA
:10C5E0000000344282B00346ADF80630BDF8063094
:10C5F00007EE903AF8EE677A9FED067A67EE877A53
:10C600009FED057AC7EE876AF0EE667AB0EE670AAC
:10C6100002B070470000C8420000804782B001901D
:10C620000091009B01221A7000BF02B0704700B554
:10C6300087B00390029101920DF115031946002075
:10C6400006F06BFC0346002B02D000238DF815305A
:10C65000029B93F900301A469DF915301344ADF84A
:10C660001630BDF916300D2B06DD019B0D225A70D8
:10C67000019B0D229A7015E0BDF9163013F1120FCF
:10C6800006DA019BEE225A70019BEE229A7009E0B5
:10C69000BDF816305AB2019B5A70BDF816305AB226
:10C6A000019B9A70019BE0221A7000BF07B05DF8F1
:10C6B00004FB000000B587B003900291009313467D
:10C6C000ADF80630039800F0B3F800210B20FCF71A
:10C6D00007FD0023ADF816300DE0BDF81630029AC4
:10C6E00013441B7819460120FCF760FBBDF8163097
:10C6F0000133ADF81630BDF81620BDF806309A4269
:10C70000EBD30023ADF814300DE0BDF81430009ADF
:10C7100013441B7819460120FCF748FBBDF8143080
:10C720000133ADF81430BDF81420BDF820309A4222
:10C73000EBD301210B20FCF7D3FC029B1B78842B4D
:10C7400002D000F091F802E0034B00221A7000239F
:10C75000184607B05DF804FB0C19001000B587B04F
:10C760000390029100931346ADF80630039800F051
:10C770005FF800210B20FCF7B3FC0023ADF8163066
:10C780000DE0BDF81630029A13441B7819460120BB
:10C79000FCF70CFBBDF816300133ADF81630BDF8D0
:10C7A0001620BDF806309A42EBD30023ADF81430C2
:10C7B00010E000210120FCF7F9FA03461946BDF804
:10C7C0001430009A1344CAB21A70BDF81430013301
:10C7D000ADF81430BDF81420BDF820309A42E8D3EB
:10C7E00001210B20FCF77CFC0023184607B05DF804
:10C7F00004FB000000B583B0019000211120FCF77C
:10C800006FFC41F28830FCF781FF01211120FCF719
:10C8100067FC41F28830FCF779FF044B01221A7063
:10C820000023184603B05DF804FB00BF0C1900108C
:10C8300000B583B0019000F017F80023184603B04C
:10C840005DF804FB08B503E001212C20FCF70CFC8B
:10C850001020FCF754FC0346012BF5D000212C20BE
:10C86000FCF702FC00BF08BD08B50B4B1B78002B82
:10C8700002D0FFF7E7FF0CE000210B20FCF730FCB3
:10C88000FFF7E0FF01210B20FCF72AFC024B0122FD
:10C890001A7000BF08BD00BF0C19001008B5FCF7E6
:10C8A00030FF00BF08BD00BF704708B5FCF7E6FDCC
:10C8B0000346184608BD08B5FCF7F6FD03461846C2
:10C8C00008BD08B5FCF7E0FD0346184608BD08B5ED
:10C8D000FCF7DAFD0346184608BD00B587B00390A3
:10C8E00002910192019B0493029B059304AB1946AC
:10C8F0000398FCF7B3FC00BF07B05DF804FB08B574
:10C90000FCF7E2FC00BF08BD08B5FCF7E3FBFCF751
:10C91000E9FC00BF08BD08B5FCF7D2FBFCF7DCFC66
:10C9200000BF08BD00B585B00346029101928DF8A5
:10C930000F309DF80F30032B26D801A252F823F0B8
:10C9400051C901005FC901006DC901007BC9010027
:10C95000019A02994FF40220FCF778FE2CE0019A2C
:10C9600002994FF40020FCF771FE25E0019A02992C
:10C970004FF40420FCF76AFE1EE0019A02994FF47E
:10C980000620FCF763FE17E00D4BC5220D490E484B
:10C99000FCF71EF9C5220B490C48FCF719F9C52212
:10C9A00008490B48FCF714F9C52206490748FCF76B
:10C9B0000FF9FCF7A6FE00BF00BF05B05DF804FB51
:10C9C0000429040080E50300A4E50300C4E5030096
:10C9D000D0E5030000B585B00346029101928DF8C1
:10C9E0000F309DF80F30032B3AD801A252F823F0F4
:10C9F00001CA010019CA010031CA010049CA010077
:10CA000001214FF40220FCF799FD019A02994FF49D
:10CA10000220FCF7B9FD3BE001214FF40020FCF7B8
:10CA20008DFD019A02994FF40020FCF7ADFD2FE037
:10CA300001214FF40420FCF781FD019A02994FF483
:10CA40000420FCF7A1FD23E001214FF40620FCF7B0
:10CA500075FD019A02994FF40620FCF795FD17E049
:10CA60000D4BDF220D490E48FCF7B2F8DF220B49CF
:10CA70000C48FCF7ADF8DF2208490B48FCF7A8F892
:10CA8000DF2206490748FCF7A3F8FCF73AFE00BF8F
:10CA900000BF05B05DF804FB2429040080E5030015
:10CAA000A4E50300C4E50300D0E5030030B482B080
:10CAB0000190094A019B14461D4628686968AA68C6
:10CAC000EB680FC428696969AA69EB690FC400BFE4
:10CAD00002B030BC704700BFB47D001030B482B0EB
:10CAE0000190019B084A1C4615460FCD20606160ED
:10CAF000A260E3600FCD20616161A261E36100BFCC
:10CB000002B030BC704700BFB47D001082B0034655
:10CB10008DF80730034A9DF80730137000BF02B04C
:10CB2000704700BFD47D0010024B1B78DBB2184663
:10CB3000704700BFD47D001000B585B0039002910E
:10CB4000029B0093039B054A4FF48471044800F054
:10CB500069F84FF47A70FCF75BF8FEE7E4E5030050
:10CB600080E5030008B5FCF7B5FC0346184608BD90
:10CB700000B583B00190009100990198FCF7B5FCD5
:10CB80000346184603B05DF804FB000000B583B00F
:10CB900001900091074B0F221A60064A019B936097
:10CBA000044A009B53600348FCF776FA00BF03B0C9
:10CBB0005DF804FB4425001008B50F20FCF7ADFA22
:10CBC00000BF08BD08B501210220FCF74DFA00BFE7
:10CBD00008BD00BF7047002318467047FE23184663
:10CBE000704782B09DF90730184602B070470000C8
:10CBF00082B00023ADF80630BDF80630044AA2FB2F
:10CC000003231B099BB2DBB2184602B0704700BF7A
:10CC1000CDCCCCCC024B1B685BB21846704700BF32
:10CC2000C02100100CB400B5ADF5477DC6ABA3F52F
:10CC300043731860C6ABA3F544731960C9ABC493C2
:10CC400084ABC49AC8991846EFF78EFE0346002BB2
:10CC500024DDC6ABA3F543732F211868F1F722F842
:10CC6000C590C59B002B02D0C59B013303E0C6AB2A
:10CC7000A3F543731B68C59304A884AB0193C6ABAB
:10CC8000A3F544731B680093C59B084A4FF40071D9
:10CC9000F1F760F804AB1846FAF748FE00BF0DF54F
:10CCA000477D5DF804EB02B0704700BF04E6030067
:10CCB00000B58BB0079000238DF8273006238DF840
:10CCC0002730254B0493254B03939DF8273002937F
:10CCD00000230193079B0093214B224A22491E48BF
:10CCE00010F0A6F94FF40072204921480AF0F2FF33
:10CCF000204B0493204B03931E4B02931F4B019335
:10CD00000A230093079B002213491A4815F020F9C3
:10CD10001B4B04931B4B0393194B02931A4B019328
:10CD200007230093079B00220B49154816F0BAFB16
:10CD3000164B0293164B019306230093079B064A5A
:10CD40000F49124818F082FA124808F0C4FD00BFDB
:10CD50000BB05DF804FB00BF5025001099CD010019
:10CD60003C2C0010FC2B0010A42A001004320010F0
:10CD7000A42F0010202E001009CE0100E124030092
:10CD800044300010C1CE0100FD3F0300C02F001051
:10CD900079CF0100EC31001000B585B00390039B02
:10CDA00003F50470039B93F80F12039B03F59A623B
:10CDB00000230AF0CFFB0346002B1BD0039B03F597
:10CDC0000471039B93F80F321846039B03F59A6393
:10CDD00014220092024609480AF0DBFF0346002BAA
:10CDE00005D0074AB2210748FFF71CFF02E00348BD
:10CDF0000AF0A0FF05B05DF804FB00BFA42F0010EF
:10CE000010E6030020E6030000B585B00390039B05
:10CE100003F13900039B93F83810039B03F12402BC
:10CE2000039B93F86D31002B14BF01230023DBB269
:10CE30000AF090FB0346002B32D0039B03F139012B
:10CE4000039B93F838301846039B24331422009236
:10CE5000024615480AF09DFF0346002B1DD01348DB
:10CE6000FFF724FE0120FFF751FE104B104AC421AA
:10CE70001048FFF7D7FE104AC4210E48FFF7D2FE34
:10CE80000E4AC4210B48FFF7CDFE0B4AC4210948C6
:10CE9000FFF7C8FEFFF702FD02E003480AF04AFF71
:10CEA00005B05DF804FB00BFA42F00104429040066
:10CEB00050E6030020E6030068E603006CE603008A
:10CEC00000B585B00390039B03F14100039B93F8E9
:10CED0004010039B03F12C02039B93F88131002B3C
:10CEE00014BF01230023DBB20AF034FB0346002BFE
:10CEF00032D0039B03F14101039B93F84030184665
:10CF0000039B2C3314220092024615480AF041FF7D
:10CF10000346002B1DD01348FFF7C8FD0120FFF783
:10CF2000F5FD104B104AD5211048FFF77BFE104A43
:10CF3000D5210E48FFF776FE0E4AD5210B48FFF7A4
:10CF400071FE0B4AD5210948FFF76CFEFFF7A6FCDE
:10CF500002E003480AF0EEFE05B05DF804FB00BFF6
:10CF6000A42F00106C29040050E6030020E6030003
:10CF700068E603006CE6030000B585B00390039BF0
:10CF800003F11000039B93F82910039B03F1700237
:10CF900000230AF0DFFA0346002B32D0039B03F193
:10CFA0001001039B93F829301846039B7033142219
:10CFB0000092024614480AF0ECFE0346002B1DD0F6
:10CFC0001248FFF773FD0120FFF7A0FD0F4B104A39
:10CFD000EA211048FFF726FE0F4AEA210D48FFF725
:10CFE00021FE0E4AEA210B48FFF71CFE0A4AEA21FD
:10CFF0000848FFF717FEFFF751FC02E002480AF06D
:10D0000099FE05B05DF804FBA42F001094290400DC
:10D0100050E6030020E6030068E603006CE6030028
:10D0200008B5034811F097F80346184608BD00BF3D
:10D030005025001000B583B003468DF807309DF8E9
:10D0400007301946034811F08EF80346184603B01E
:10D050005DF804FB5025001000B587B004921A4615
:10D0600003468DF817300B468DF8163013468DF8B1
:10D0700015309DF816209DF81710099B02939DF816
:10D08000203001939DF815300093049B034810F065
:10D09000E9FD0346184607B05DF804FB5025001073
:10D0A00000B583B003468DF807309DF80730194668
:10D0B000034810F0D2FC0346184603B05DF804FBA9
:10D0C0005025001000B583B001900199034810F07D
:10D0D0000DFC0346184603B05DF804FB5025001014
:10D0E00008B5034810F09CFC0346184608BD00BF75
:10D0F0005025001008B5024810F09AFC00BF08BD8A
:10D100005025001000B583B003468DF807309DF818
:10D1100007301946034810F093FE0346184603B043
:10D120005DF804FB5025001008B5034810F0D2FE4E
:10D130000346184608BD00BF5025001000B583B057
:10D1400001900199034810F0CDFE00BF03B05DF8D7
:10D1500004FB00BF5025001008B5034810F076F816
:10D160000346184608BD00BF5025001008B5024808
:10D1700010F0D5FE00BF08BD5025001008B50348CB
:10D1800010F05BFF0346184608BD00BF5025001095
:10D1900008B5034810F059FF0346184608BD00BF04
:10D1A0005025001008B5034810F01AFF0346184632
:10D1B00008BD00BF5025001000B583B003468DF8B0
:10D1C00007309DF807301946034810F011FF00BFE3
:10D1D00003B05DF804FB00BF5025001008B50348FC
:10D1E00010F0E6FE0346184608BD00BF50250010AB
:10D1F00082B00190034A019BD36600BF184602B07B
:10D20000704700BF5025001000B585B00190002385
:10D210008DF80F30019805F035FA0346002B02D047
:10D22000FF238DF80F309DF90F30184605B05DF8DB
:10D2300004FB00B585B0019000238DF80F300198F4
:10D2400005F00EFA0346002B02D0FF238DF80F30B5
:10D250009DF90F30184605B05DF804FB00B583B0AA
:10D2600001900199012019F089FD0346002B02D09D
:10D270004FF0FF330AE00199002019F07FFD0346CB
:10D28000002B02D04FF0FF3300E00023184603B01C
:10D290005DF804FB00B585B0019000238DF80F30D8
:10D2A000019805F017FA0346002B02D0FF238DF8F2
:10D2B0000F309DF90F30184605B05DF804FB00B53E
:10D2C00085B0019000238DF80F30019805F0EEF93C
:10D2D0000346002B02D0FF238DF80F309DF90F304D
:10D2E000184605B05DF804FB08B5034813F096F93D
:10D2F0000346184608BD00BF5025001008B5034876
:10D3000010F005FE0346184608BD00BF502500106A
:10D3100008B5034810F081FE0346184608BD00BF5B
:10D320005025001008B5034810F07FFE034618464C
:10D3300008BD00BF5025001008B5034810F0B9FE25
:10D340000346184608BD00BF5025001008B5034825
:10D3500010F0B7FE0346184608BD00BF5025001068
:10D3600000B583B003468DF80730094BDB6B9DF8A1
:10D3700007201146184614F00AF90346012B01D183
:10D38000002301E04FF0FF33184603B05DF804FBC3
:10D390005025001000B583B0074810F036FE0DF19F
:10D3A00007031A4604491AF037FA9DF80730184661
:10D3B00003B05DF804FB00BF5025001000B583B03A
:10D3C00003468DF807309DF807301946074814F0DA
:10D3D00017FEFFF785FE0346022B02D1034814F027
:10D3E00045FE00BF03B05DF804FB00BF202E001017
:10D3F00008B5024814F03AFE00BF08BD202E001008
:10D4000008B5034810F09FFE0346184608BD00BF4C
:10D410005025001008B5024810F0D5FE00BF08BD29
:10D420005025001008B5034810F0C5FE0346184605
:10D4300008BD00BF5025001000B583B003468DF82D
:10D4400007309DF8073019460D4810F0D6FE9DF8BC
:10D450000730002B14BF01230023DBB21946094813
:10D4600008F048FA9DF80730002B14BF0123002371
:10D47000DBB2184600F09AF900BF03B05DF804FB78
:10D4800050250010EC31001008B5034808F04EFAA2
:10D490000346184608BD00BFEC31001008B503482C
:10D4A00008F04BFA0346184608BD00BFEC310010E7
:10D4B00008B5034808F048FA0346184608BD00BFFF
:10D4C000EC31001000B585B0039002910192019BF0
:10D4D000029A0399034808F03EFA00BF05B05DF8D0
:10D4E00004FB00BFEC31001008B5034808F048FA0F
:10D4F0000346184608BD00BFEC31001008B50248CD
:10D5000008F045FA00BF08BDEC31001008B503482B
:10D5100008F045FA0346184608BD00BFEC3100107C
:10D5200008B5034810F07BFE0346184608BD00BF4F
:10D530005025001008B5034808F038FA034618468D
:10D5400008BD00BFEC31001000B587B00590039214
:10D5500002930B468DF813309DF81320089B01931E
:10D56000029B0093039B0599034808F027FA0346A2
:10D57000184607B05DF804FBEC31001000B58BB025
:10D580000990079206930B468DF823309DF82320CF
:10D590000F9B04939DF8383003939DF93430029328
:10D5A0009DF930300193069B0093079B099903482E
:10D5B00008F09EFF00BF0BB05DF804FBEC310010DB
:10D5C00008B5034810F008FE0346184608BD00BF22
:10D5D00050250010014B1846704700BF5025001021
:10D5E000014B1846704700BFA42F001000B583B050
:10D5F00003468DF807309DF80730194603480DF0B3
:10D6000053FD0346184603B05DF804FB5025001097
:10D6100000B583B00C4810F00BFE034601930023C5
:10D620009DF8042062F307039DF8052062F30F23A1
:10D630009DF8062062F317439DF8072062F31F63ED
:10D64000184603B05DF804FB5025001000B583B008
:10D6500013F0C0FD0346019300239DF8042062F3FC
:10D6600007039DF8052062F30F239DF8062062F35F
:10D6700017439DF8072062F31F63184603B05DF857
:10D6800004FB000008B5034810F026FE03461846C8
:10D6900008BD00BF5025001000B583B00190009177
:10D6A000009A0199034810F063FE0346184603B040
:10D6B0005DF804FB5025001008B5034810F07DFE0E
:10D6C0000346184608BD00BF5025001000B583B0C2
:10D6D00003468DF807309DF807301946094817F0C2
:10D6E000FFFDFFF7FDFC0346022B06D19DF8073036
:10D6F000002B02D0034817F02BFE00BF03B05DF8EB
:10D7000004FB00BFC02F001000B583B00190019949
:10D71000034818F083F900BF03B05DF804FB00BFB5
:10D72000C02F001008B5034810F055FE03461846F8
:10D7300008BD00BF5025001000B583B003468DF82A
:10D7400007309DF807301946034810F0E2FD034604
:10D75000184603B05DF804FB5025001008B50348D7
:10D7600010F0F9FD0346184608BD00BF5025001013
:10D7700000B585B00346029101928DF80F309DF8F7
:10D780000F10019B029A034813F08EF800BF05B0FA
:10D790005DF804FB5025001008B5034813F05CFA4F
:10D7A0000346184608BD00BF5025001000B583B0E1
:10D7B00003468DF807309DF807301946034810F0EE
:10D7C00020FE00BF03B05DF804FB00BF5025001031
:10D7D00000B585B003900B4601928DF80B30039B8A
:10D7E0009B6C039A10689DF90B10019A98470346A9
:10D7F000184605B05DF804FB00B583B001900091B8
:10D80000019B5B6E019A1268009910469847034687
:10D81000184603B05DF804FB00B583B001900B46D9
:10D820008DF80330019B9B6E019A12689DF80310DE
:10D83000104698470346184603B05DF804FB00B550
:10D8400083B001900091019B1B6F019A12680099AF
:10D85000104698470346184603B05DF804FB00B530
:10D8600083B001900091019B5B6F019A126800994F
:10D87000104698470346184603B05DF804FB00B510
:10D8800083B001900091019B9B6F019A12680099EF
:10D89000104698470346184603B05DF804FB00B5F0
:10D8A00083B001900091019BDB6F019A126800998F
:10D8B000104698470346184603B05DF804FB00B5D0
:10D8C00083B001900091019BD3F88830019A1268CF
:10D8D0000099104698470346184603B05DF804FBCC
:10D8E00000B583B001900091019BD3F88C30019A70
:10D8F00012680099104698470346184603B05DF831
:10D9000004FB00B585B00390029113468DF80730F3
:10D91000039BD3F8AC30039A10689DF80720029956
:10D9200098470346184605B05DF804FB00B583B080
:10D9300001900B468DF80330019BD3F8B030019A6B
:10D9400012689DF80310104698470346184603B026
:10D950005DF804FB00B585B00390029113468DF885
:10D960000730039BD3F8B430039A10689DF8072062
:10D97000029998470346184605B05DF804FB00B5C8
:10D9800083B001900B46ADF802301346ADF800307D
:10D99000019BD3F8B830019A1068BDF80020BDF89B
:10D9A000021098470346184603B05DF804FB00B523
:10D9B00083B001900091019BD3F8BC30019A1268AA
:10D9C0000099104698470346184603B05DF804FBDB
:10D9D00000B583B001900B46ADF80230019BD3F83F
:10D9E000C030019A1268BDF80210104698470346ED
:10D9F000184603B05DF804FB00B585B001900091B6
:10DA0000019B00211846FFF707FF03468DF80F30F2
:10DA10009DF80F30002B02D09DF80F308AE0019A5C
:10DA2000009B1B6A19461046FFF7E6FE03468DF879
:10DA30000F309DF80F30002B02D09DF80F3079E0A9
:10DA40000198009B93F92B10009B1B6A1A46FFF765
:10DA5000BFFE03468DF80F309DF80F30002B02D02B
:10DA60009DF80F3066E0019B009A11461846FFF7BB
:10DA7000E6FE03468DF80F309DF80F30002B02D0E4
:10DA80009DF80F3056E0019A009B1033194610465E
:10DA9000FFF7E5FE03468DF80F309DF80F30002BA1
:10DAA00002D09DF80F3045E0009BDB7D002B11D0AC
:10DAB0000198009B998C009BDB8C1A46FFF75FFF57
:10DAC00003468DF80F309DF80F30002B02D09DF8E3
:10DAD0000F302FE00198009BD969009BDB7C073356
:10DAE000002B00DA0733DB10DBB21A46FFF709FF21
:10DAF00003468DF80F309DF80F30002B02D09DF8B3
:10DB00000F3017E0009B93F82A30002B10D0019AB9
:10DB1000009B1B8D19461046FFF75AFF03468DF8F0
:10DB20000F309DF80F30002B02D09DF80F3001E030
:10DB30009DF80F30184605B05DF804FB00B585B0C0
:10DB400001900091019B01211846FFF765FE0346F5
:10DB50008DF80F309DF80F30002B02D09DF80F305C
:10DB600057E0019A009BDB6819461046FFF744FE18
:10DB700003468DF80F309DF80F30002B02D09DF832
:10DB80000F3046E00198009B93F91010009BDB6872
:10DB90001A46FFF71DFE03468DF80F309DF80F3033
:10DBA000002B02D09DF80F3033E0019B009A114604
:10DBB0001846FFF764FE03468DF80F309DF80F30CE
:10DBC000002B02D09DF80F3023E0019A009B043314
:10DBD00019461046FFF763FE03468DF80F309DF897
:10DBE0000F30002B02D09DF80F3012E0019A009BFD
:10DBF0005B7C19461046FFF799FE03468DF80F30FF
:10DC00009DF80F30002B02D09DF80F3001E09DF8F9
:10DC10000F30184605B05DF804FB00B585B00190E3
:10DC20000091019B02211846FFF7F6FD03468DF88F
:10DC30000F309DF80F30002B02D09DF80F3061E0BF
:10DC4000019A009B9B6919461046FFF7D5FD0346D4
:10DC50008DF80F309DF80F30002B02D09DF80F305B
:10DC600050E00198009B93F92010009B9B691A4695
:10DC7000FFF7AEFD03468DF80F309DF80F30002BF7
:10DC800002D09DF80F303DE0019B009A11461846E6
:10DC9000FFF715FE03468DF80F309DF80F30002B6F
:10DCA00002D09DF80F302DE0019A009B0C331946ED
:10DCB0001046FFF715FE03468DF80F309DF80F3024
:10DCC000002B02D09DF80F301CE0019A009BDB690D
:10DCD00019461046FFF76BFE03468DF80F309DF88E
:10DCE0000F30002B02D09DF80F300BE00198009B05
:10DCF0005B6904221946FFF72DFE03468DF80F30AD
:10DD00009DF80F30184605B05DF804FB00B587B0EC
:10DD100003900B468DF80B3013468DF80A308423A0
:10DD20008DF814309DF80B30002B01D0022300E059
:10DD300000239DF80A201344DBB28DF8153005A9A5
:10DD400000230093002302220398FEF7B3FC03464E
:10DD5000184607B05DF804FB00B587B003900B468A
:10DD60008DF80B3080238DF814309DF80B308DF832
:10DD7000153005A900230093002302220398FEF723
:10DD800099FC0346184607B05DF804FB00B585B062
:10DD900001900198FEF74CFD03468DF80F309DF879
:10DDA0000F30002B02D09DF80F301FE00DF10E0355
:10DDB0001946019800F0B3FA03468DF80F309DF82C
:10DDC0000F30002B02D09DF80F300FE09DF80E3081
:10DDD000012B09D1074B029302AA0423EF210198DA
:10DDE00000F0EFF8034601E09DF80F30184605B04B
:10DDF0005DF804FB00AD089A00B587B003900B46B0
:10DE00008DF80B301346ADF8083083238DF81430AD
:10DE10009DF80B308DF81530BDF808301B0A9BB209
:10DE2000DBB28DF81630BDF80830DBB28DF8173054
:10DE300005A900230093002304220398FEF73AFC6F
:10DE40000346184607B05DF804FB00B587B00390A1
:10DE50000B468DF80B301346ADF8083082238DF851
:10DE600014309DF80B308DF81530BDF808301B0AC2
:10DE70009BB2DBB28DF81630BDF80830DBB28DF8FE
:10DE8000173005A900230093002304220398FEF70E
:10DE900011FC0346184607B05DF804FB00B589B0D5
:10DEA0000590084611461A4603468DF813300B4676
:10DEB000ADF810301346ADF80E3094238DF81830BD
:10DEC0009DF813308DF81930BDF810301B0A9BB245
:10DED000DBB28DF81A30BDF81030DBB28DF81B3094
:10DEE000BDF80E301B0A9BB2DBB28DF81C30BDF8BA
:10DEF0000E30DBB28DF81D3006A9002300930023FD
:10DF000006220598FEF7D6FB0346184609B05DF8D1
:10DF100004FB00B587B00390C5238DF8143005A924
:10DF200000230093002301220398FEF7C3FB03465E
:10DF3000184607B05DF804FB00B587B003900B46A8
:10DF40008DF80B309E238DF814309DF80B30002B8C
:10DF500001D0012300E000238DF8153005A900232E
:10DF60000093002302220398FEF7A4FB0346184601
:10DF700007B05DF804FB00B587B00390D1238DF89E
:10DF8000143005A900230093002301220398FEF713
:10DF900091FB0346184607B05DF804FB00B587B057
:10DFA0000390D2238DF8143005A900230093002399
:10DFB00001220398FEF77EFB0346184607B05DF882
:10DFC00004FB00B589B0059003921A460B46ADF8E4
:10DFD00012301346ADF8103018238DF81C30BDF800
:10DFE00012301B0A9BB2DBB28DF81D30BDF8123027
:10DFF000DBB28DF81E3007A9BDF810300093039BEB
:10E0000003220598FEF756FB0346184609B05DF853
:10E0100004FB00B589B0059003921A460B46ADF893
:10E0200012301346ADF8103019238DF81C30BDF8AE
:10E0300012301B0A9BB2DBB28DF81D30BDF81230D6
:10E04000DBB28DF81E3000238DF81F3007A9BDF814
:10E0500010300093039B04220598FEF77FFB0346D4
:10E06000184609B05DF804FB00B589B0059003922D
:10E070001A460B468DF813301346ADF810301A23AC
:10E080008DF81C309DF813308DF81D3007A9BDF8B0
:10E0900010300093039B02220598FEF70BFB03460A
:10E0A000184609B05DF804FB00B589B005900392ED
:10E0B0001A460B468DF813301346ADF810301B236B
:10E0C0008DF81C309DF813308DF81D3000238DF82D
:10E0D0001E3007A9BDF810300093039B032205985A
:10E0E000FEF73CFB0346184609B05DF804FB00B59B
:10E0F0008BB00590084611461A460346ADF812301B
:10E100000B46ADF810301346ADF80E308D238DF868
:10E110001C30BDF812301B0A9BB2DBB28DF81D30EB
:10E12000BDF81230DBB28DF81E30BDF810301B0A7E
:10E130009BB2DBB28DF81F30BDF81030DBB28DF82A
:10E140002030BDF80E301B0A9BB2DBB28DF82130B7
:10E15000BDF80E30DBB28DF82230BDF830301B0A2E
:10E160009BB2DBB28DF82330BDF83030DBB28DF8D6
:10E17000243007A900230093002309220598FEF705
:10E1800099FA034618460BB05DF804FB00B587B05A
:10E19000039002910023ADF814301523ADF8103030
:10E1A00005AB04A90222009202220398FEF7D6FAD8
:10E1B00003468DF817309DF81730002B09D19DF8D4
:10E1C00014301B029BB29DF8152013449AB2029B97
:10E1D0001A809DF81730184607B05DF804FB00B5AB
:10E1E00087B003900B46ADF80A3097238DF81430B2
:10E1F000BDF80A301B0A9BB2DBB28DF81530BDF8B2
:10E200000A30DBB28DF8163005A9002300930023F5
:10E2100003220398FEF74EFA0346184607B05DF84E
:10E2200004FB00B585B0019000910023ADF80C30DF
:10E2300003AB19460198FFF7A9FF03468DF80F308D
:10E240009DF80F30002B0CD1BDF80C30002B08D0FE
:10E25000BDF80C3019460198FFF7C1FF03468DF851
:10E260000F309DF80F30002B06D1009B002B03D000
:10E27000BDF80C20009B1A809DF80F30184605B0A1
:10E280005DF804FB00B585B001900091009800F0A6
:10E29000EFFE03900399019800F005F80346184635
:10E2A00005B05DF804FB00B587B0039002918623AA
:10E2B0008DF81430029B1B0CDBB28DF81530029BDD
:10E2C0001B0ADBB28DF81630029BDBB28DF81730DB
:10E2D00005A900230093002304220398FEF7EAF91E
:10E2E0000346184607B05DF804FB00B587B00390FD
:10E2F0000B468DF80B308A238DF814309DF80B30C7
:10E300008DF8153005A900230093002302220398FD
:10E31000FEF7D0F90346184607B05DF804FB00B5D8
:10E3200087B0039002910323ADF814300DF116036A
:10E3300005A90122009202220398FEF70FFA034674
:10E340008DF817309DF81620029B1A709DF8173033
:10E35000184607B05DF804FB00B587B003900B4684
:10E360008DF80B3013468DF80A309DF90B3013F100
:10E37000120F03DB9DF90B300D2B01DD032316E09B
:10E380008E238DF814309DF80B301233DBB28DF8EC
:10E3900015309DF80A308DF8163005A9002300933A
:10E3A000002303220398FEF785F9034600BF1846B1
:10E3B00007B05DF804FB00B587B0039002918B2392
:10E3C0008DF81430029B1B788DF81530029B5B781A
:10E3D0008DF81630029B9B788DF8173005A9002325
:10E3E0000093002304220398FEF764F903461846BD
:10E3F00007B05DF804FB00B589B0039002918B2350
:10E400008DF81830029B1B788DF81930029B5B78D1
:10E410008DF81A30029B9B788DF81B3006A90023DB
:10E420000093002304220398FEF744F903468DF875
:10E430001F309DF81F30002B63D1029B1B78C02B2F
:10E4400021D0C02B23DCB02B1DD0B02B1FDCA02B88
:10E4500019D0A02B1BDC902B15D0902B17DC802B18
:10E460000DD0802B13DC702B09D0702B0FDC502BC0
:10E4700001D0602B0BD11E238DF8173007E0372316
:10E480008DF8173003E032238DF8173000BF0DF1FF
:10E490001702012340F625110398FFF792FD03466A
:10E4A0008DF81F309DF81F30002B2AD100238DF8E6
:10E4B00017300DF11702012340F63C110398FFF7C6
:10E4C000A8FD03468DF81F309DF81F30002B18D192
:10E4D0009DF8173023F00703DBB28DF817309DF855
:10E4E000173043F00103DBB28DF817300DF117023E
:10E4F000012340F63C110398FFF763FD03468DF8B6
:10E500001F309DF81F30184609B05DF804FB00B5B8
:10E5100087B0039002918B238DF81430029B1B78F7
:10E520008DF81530029B5B788DF81630029B9B7836
:10E530008DF8173005A900230093002304220398C7
:10E54000FEF7B8F80346184607B05DF804FB00B5BF
:10E5500087B0039002918C238DF81030029B1B78BA
:10E560008DF81130029B5B788DF81230029B9B78FE
:10E570008DF81330029BDB788DF81430029B1B79E9
:10E580008DF81530029B5B798DF81630029B9B79D4
:10E590008DF8173004A90023009300230822039864
:10E5A000FEF788F80346184607B05DF804FB00B58F
:10E5B00089B00390029105AB00221A605A608C2347
:10E5C0008DF81430029B1B785AB2029B5B785BB2C9
:10E5D0001B015BB213435BB2DBB28DF81530029BBB
:10E5E0009B788DF81630029BDB788DF81730029BF4
:10E5F0001B79002B01D0202300E000238DF8183078
:10E60000029B5B79002B01D0002300E040238DF8B2
:10E61000193005A900230093002308220398FEF770
:10E6200049F803468DF81F309DF81F30002B13D199
:10E630009DF81930002B01D10D2300E009238DF83E
:10E6400013300DF11302012340F63B110398FFF73D
:10E65000B8FC03468DF81F309DF81F30184609B0EE
:10E660005DF804FB00B587B0039002918C238DF810
:10E670001030029B1B788DF81130029B5B788DF86F
:10E680001230029B9B788DF81330029BDB788DF85B
:10E690001430029B1B798DF81530029B5B798DF845
:10E6A000163008238DF8173004A9002300930023A7
:10E6B00008220398FDF7FEFF0346184607B05DF8F1
:10E6C00004FB00B587B003900B468DF80B30134662
:10E6D0008DF80A308F238DF814309DF80B308DF8AB
:10E6E00015309DF80A308DF8163005A900230093E7
:10E6F000002303220398FDF7DDFF0346184607B009
:10E700005DF804FB00B587B0039002910023ADF8DB
:10E7100014301723ADF8103005AB04A90222009283
:10E7200002220398FEF71AF803468DF817309DF879
:10E730001730002B07D19DF81420029B1A709DF80A
:10E740001520029B5A709DF81730184607B05DF8E7
:10E7500004FB00B589B00390029106AB00221A6059
:10E760001A711D23ADF8143006AB05A905220092DD
:10E7700002220398FDF7F2FF03468DF81F309DF843
:10E780001F30002B12D19DF819305B425B105AB23A
:10E79000029B1A709DF81A20029B5A709DF81B204C
:10E7A000029B9A709DF81C20029BDA709DF81F3026
:10E7B000184609B05DF804FB00B589B003900291DA
:10E7C00006AB00221A601A711D23ADF8143006AB97
:10E7D00005A90522009202220398FDF7BFFF034618
:10E7E0008DF81F309DF81F30002B0ED19DF818308A
:10E7F0005B425B105AB2029B1A709DF819305BB2F3
:10E8000002339B105AB2029B5A709DF81F30184673
:10E8100009B05DF804FB00B589B00390029106AB26
:10E8200000221A601A711D23ADF8143006AB05A939
:10E830000522009202220398FDF790FF03468DF80F
:10E840001F309DF81F30002B12D19DF819305B420C
:10E850005B105AB2029B1A709DF81A20029B5A70E4
:10E860009DF81B20029B9A709DF81C20029BDA7079
:10E870009DF81F30184609B05DF804FB00B587B05D
:10E880000390029100238DF816301F23ADF8143049
:10E890000DF1160305A90122009202220398FDF74B
:10E8A0005DFF03468DF817309DF81730002B06D119
:10E8B0009DF816305B425B101AB2029B1A809DF8DD
:10E8C0001730184607B05DF804FB00B583B001901F
:10E8D0000198FDF78FFF0346184603B05DF804FB6F
:10E8E00000B587B003900B468DF80B3096238DF85A
:10E8F00014309DF80B308DF8153005A900230093D6
:10E90000002302220398FDF7D5FE0346184607B000
:10E910005DF804FB00B587B00390D5238DF8143063
:10E9200005A900230093002301220398FDF7C2FEEE
:10E930000346184607B05DF804FB000086B003905C
:10E940000291019203238DF81730039B002B3BD0DB
:10E95000029B002B38D002238DF8173000238DF84E
:10E9600016302DE09DF816201A4913465B0013441B
:10E970009B000B441B68039A9A421CD89DF81620F2
:10E98000144913465B0013449B000B4404331B687B
:10E99000029A9A420FD89DF816200E4913465B0042
:10E9A00013449B000B4408331A78019B1A70002310
:10E9B0008DF8173008E09DF8163001338DF81630C9
:10E9C0009DF816300C2BCDD99DF81730184606B09F
:10E9D000704700BFB829040086B0039002910192ED
:10E9E00003238DF81730039B002B2DD002238DF8C5
:10E9F00017300F238DF8163022E09DF91630154A96
:10EA000012F813301A46039B03FB02F1029A1346D5
:10EA10009B001344DB0099420BD89DF916300D4A38
:10EA20005B0013445A78019B1A7000238DF817304D
:10EA30000AE09DF91630DBB2013BDBB28DF81630EF
:10EA40009DF91630002BD8DA9DF81730184606B01D
:10EA5000704700BF9C2A040086B003900291019287
:10EA600003238DF81730039B002B3BD0029B002B18
:10EA700038D002238DF8173000238DF816302DE0A2
:10EA80009DF816201A4913465B0013449B000B4463
:10EA90001B68039A9A421CD89DF816201449134605
:10EAA0005B0013449B000B4404331B68029A9A4298
:10EAB0000FD89DF816200E4913465B0013449B00A7
:10EAC0000B4408331A78019B1A7000238DF8173015
:10EAD00008E09DF8163001338DF816309DF8163099
:10EAE000052BCDD99DF81730184606B0704700BFEA
:10EAF000542A040082B003468DF807309DF8073091
:10EB0000342B0AD0342B10DC262B08D0262B0CDC1F
:10EB10000A2B08D0182B04D007E0064B06E0064B62
:10EB200004E0064B02E0064B00E00023184602B06A
:10EB3000704700BF75190300EA320600D4650C0067
:10EB4000A8CB180092B001900091019B9B78802B7C
:10EB50000CBF012300238DF82B30009B9B78072BE3
:10EB600009D0009B9B78013BDBB203F00303DBB2CF
:10EB70000533DBB200E008238DF82A30019BDB78F7
:10EB8000DB000993009B1B781B09DBB208939DF8FF
:10EB90002B30002B01D0002300E014230793019BAE
:10EBA0001B79002B01D0102300E000230693009B6B
:10EBB0009B78042B8CBF012300238DF81730019B19
:10EBC0001B781A46019B5B7802FA03F30493099AB7
:10EBD000069B13440F939DF82B30002B58D09DF8C3
:10EBE0001730002B54D09DF82A200F9B02FB03F313
:10EBF0000393089B062B03DC089B9B000D930BE003
:10EC0000089B0A2B04DC089B023B9B000D9303E04E
:10EC1000089B023B9B000D93039A0D9B13445A1EC5
:10EC20000D9B92FBF3F30293029B082B02DC029BE9
:10EC30000E9390E0089B062B08DC089B5B01039A6F
:10EC4000D31A1193089B9B00109317E0089B0A2B83
:10EC50000ADC039B03F14002089B5B01D31A11936A
:10EC6000089B9B00109309E0089B023B5B01039A01
:10EC7000D31A1193089B023B9B001093119A109B8F
:10EC800013445A1E109B92FBF3F308330E9362E079
:10EC90009DF81730002B27D0089B062B05DC089B1E
:10ECA000053B5B10DB000C9304E0089B073B5B100B
:10ECB000DB000C930F9A0C9B9A4205DD099A0C9B82
:10ECC0009A4201DA099B0C930F9A0C9BD31A0F936B
:10ECD0000F9B002B01DA00230F939DF82A200F9B36
:10ECE00002FB03F3119313E0089B9B000F9AD31AC6
:10ECF000079A13440F93089B062B02DD0F9B0833E2
:10ED00000F930F9B002B01DA00230F930F9B11939E
:10ED1000089B0A2B03DC089B9B00109303E0089BD5
:10ED2000023B9B001093119A109B13445A1E109B98
:10ED300092FBF3F30E939DF8173083F00103DBB2DF
:10ED4000002B05D09DF82A200E9B02FB03F30E93A7
:10ED50000E9B08330E930E9A049B134404330B93BB
:10ED6000089B062B02DC0B9B02330B930B9B9B0037
:10ED70005A1C089B023B02FA03F3184612B0704774
:10ED800000B585B00190009100990198FFF7DAFE77
:10ED900003464FF47A7202FB03F30393009B5B7804
:10EDA0001846FFF7A7FE0290039A029B13445A1ECF
:10EDB000029BB2FBF3F3184605B05DF804FB0000BC
:10EDC00082B003468DF807309DF80730EF2B46D010
:10EDD000EF2B46DCCE2B3ED0CE2B42DCC72B3CD0DB
:10EDE000C72B3EDCB12B32D0B12B3ADCAA2B30D072
:10EDF000AA2B36DC8D2B26D08D2B32DC862B24D013
:10EE0000862B2EDC702B1AD0702B2ADC692B18D0A5
:10EE1000692B26DC4C2B0ED04C2B22DC452B0CD046
:10EE2000452B1EDC042B02D0282B02D019E00F4BFF
:10EE300018E00F4B16E00F4B14E00E4B12E00E4B98
:10EE400010E00D4B0EE00D4B0CE00C4B0AE00C4BB0
:10EE500008E00B4B06E00B4B04E00A4B02E00A4BC8
:10EE600000E00023184602B0704700BF80841E00F7
:10EE7000006A180040420F0000350C0020A1070076
:10EE8000801A060090D0030048E8010030B583B036
:10EE90000190019B1B78184600F0CBFA0446019BB9
:10EEA000DB78184600F0FAFA03461C44019B5B78B5
:10EEB000184600F0CAFA0246019B1B79D518019B3F
:10EEC0005B79184600F0CDFA03462B44DB0023445F
:10EED000184603B030BD00B585B00190009101988F
:10EEE000FFF7D4FF03464FF47A7202FB03F3039358
:10EEF000009B1B781846FFF763FF0290039A029B62
:10EF000013445A1E029BB2FBF3F3184605B05DF89A
:10EF100004FB000082B003468DF807309DF80730EF
:10EF2000EB2B1CD0EB2B1CDCC72B16D0C72B18DC13
:10EF3000AA2B10D0AA2B14DC862B0AD0862B10DC2F
:10EF4000452B02D0692B02D00BE0084B0AE0084B9E
:10EF500008E0084B06E0084B04E0084B02E0084BD1
:10EF600000E00023184602B0704700BF20D613000F
:10EF700080DE0F0010EB090040EF070088F5040069
:10EF8000A0F7030010B586B001900091002305930F
:10EF9000009B5B78184600F0B8FA0490049B002BA5
:10EFA00042D000230393019BDB78184600F08DFAD2
:10EFB0000246039B13440393009B5B78184600F0C2
:10EFC00092FA0246039B13440393019B1B791C4650
:10EFD000019B5B79184600F04FFA03462344DB009F
:10EFE000039A13440393039B9B000393039A049B8C
:10EFF00013445A1E049BB2FBF3F3059A1344059382
:10F00000019B1B78184600F014FA03461533059A45
:10F0100013440593019B5B78184600F04DFA0346B4
:10F02000DB00059A13440593059B184606B010BDF6
:10F0300000B585B00190009100990198FFF7A2FFFB
:10F0400003464FF47A7202FB03F30393009B1B7891
:10F050001846FFF75FFF0290039A029B13445A1E63
:10F06000029BB2FBF3F3184605B05DF804FB000009
:10F0700084B00190019B0D4AA2FB03235B0C039318
:10F08000039B0B4A02FB03F3019AD31A0293039BDF
:10F090009A02029B9B0203F5C633BA330349A1FBD4
:10F0A00003135B0C1344184604B07047A5E830A561
:10F0B0007519030000B589B0039001921A460B46FA
:10F0C0008DF80B3013468DF80A3003238DF81F306E
:10F0D00005AB00221A601A710023ADF81C309DF8B0
:10F0E0000B30032B10D0032B13DC012B02D0022B8F
:10F0F00005D00EE040F6CE13ADF81C300BE040F624
:10F10000D313ADF81C3006E040F6D813ADF81C3030
:10F1100001E0022316E09DF80A30052B10D89DF877
:10F120000A2005AB01991846EEF75CFE05AABDF86A
:10F130001C1005230398FEF744FF03468DF81F308B
:10F140009DF81F30184609B05DF804FB00B585B086
:10F1500001900B468DF8033003238DF80F30002308
:10F16000ADF80C3003AA022340F644110198FEF7D3
:10F1700050FF03468DF80F309DF80F30002B26D13D
:10F180009DF80C305BB203F00F035AB29DF90330C7
:10F1900023F00F035BB213435BB2DBB28DF80C308C
:10F1A0009DF80D3003F00F03DAB29DF803301B0118
:10F1B000DBB21344DBB28DF80D3003AA022340F614
:10F1C00044110198FEF7FDFE03468DF80F309DF8BF
:10F1D0000F30184605B05DF804FB00B587B003900A
:10F1E0000B4601928DF80B300023ADF816309DF8D8
:10F1F0000B30032B10D0032B13DC012B02D0022B7E
:10F2000005D00EE040F6CF13ADF816300BE040F617
:10F21000D413ADF8163006E040F6D913ADF8163029
:10F2200001E0022307E0BDF816100423019A0398B9
:10F23000FEF7C7FE0346184607B05DF804FB00B5AD
:10F2400085B001900B46ADF80230BDF802301B0AC4
:10F250009BB2DBB28DF80C30BDF80230DBB28DF81A
:10F260000D3003AA022340F6C8110198FEF7A9FE4B
:10F270000346184605B05DF804FB00B585B0019063
:10F280000091009B1B0EDBB28DF80C30009B1B0C19
:10F29000DBB28DF80D30009B1B0ADBB28DF80E300F
:10F2A000009BDBB28DF80F3003AA042340F6C61191
:10F2B0000198FEF786FE0346184605B05DF804FB8C
:10F2C00000B585B001900B46ADF80230BDF80230B4
:10F2D0001B0A9BB2DBB28DF80C30BDF80230DBB2FA
:10F2E0008DF80D3003AA022340F6C6110198FEF7EF
:10F2F00068FE0346184605B05DF804FB00B583B010
:10F3000001900B468DF803300DF10302012340F606
:10F31000C5110198FEF755FE0346184603B05DF887
:10F3200004FB00B585B00190009103238DF80F30E8
:10F3300000238DF80E300DF10E02012340F603116B
:10F340000198FEF766FE03468DF80F309DF80F30EA
:10F35000002B06D19DF80E3023F07F03DAB2009B1C
:10F360001A709DF80F30184605B05DF804FB00B523
:10F3700083B0019000910123009A40F60111019899
:10F38000FEF747FE0346184603B05DF804FB00B5E0
:10F3900085B00190009103238DF80F3000238DF884
:10F3A0000E300DF10E0201234FF415610198FEF7A6
:10F3B00030FE03468DF80F309DF80F30002B07D13B
:10F3C0009DF80E301B0903F00703DAB2009B1A7098
:10F3D0009DF80F30184605B05DF804FB00B585B008
:10F3E0000190009103238DF80F3000238DF80E302B
:10F3F0000DF10E02012340F654110198FEF709FEAB
:10F4000003468DF80F309DF80F30002B0BD19DF87F
:10F410000E301B1103F00103002B14BF0123002346
:10F42000DAB2009B1A709DF80F30184605B05DF8EF
:10F4300004FB82B003468DF807309DF807309B0827
:10F44000DBB20433184602B0704782B003468DF831
:10F4500007309DF807305B08DBB20133184602B075
:10F46000704782B003468DF807309DF807301B09BE
:10F47000DBB2184602B0704782B003468DF8073001
:10F480009DF80730002B01D1002304E09DF80730E0
:10F490001B09DBB20133184602B0704782B0034645
:10F4A0008DF807309DF80730202B01D1092300E0AB
:10F4B0000023184602B0704782B003468DF807302B
:10F4C0009DF80730184602B0704782B003468DF8A9
:10F4D00007309DF80730202B01D10C2300E00023DA
:10F4E000184602B0704782B003468DF807309DF889
:10F4F0000730002B03D09DF80730022B01D10623E3
:10F5000000E00023184602B0704784B003468DF82F
:10F510000730002303939DF80730002B02D102230C
:10F5200003930CE09DF80730022B02D103230393D1
:10F5300005E09DF80730042B01D104230393039BBE
:10F54000184604B07047000000B587B001900B4624
:10F550008DF803309DF80330032B0BD81F4AB221DE
:10F560001F48FDF75FFB1F4AB2211D48FDF75AFBFC
:10F5700000232FE0019B1B788DF80830019B5B78FE
:10F580008DF80930019B02331B788DF80A30019BFE
:10F59000033303939DF80330033BDBB28DF8103047
:10F5A00002AB184600F020F803468DF817309DF89E
:10F5B00008309DF809201146184602F09BFC9DF882
:10F5C0000830002B04D09DF80930184601F076FC75
:10F5D0009DF81730184607B05DF804FB0CE70300F0
:10F5E00040E7030074E7030000B587B003900123F0
:10F5F0008DF81730039B9A78039B1B7A19461046A7
:10F6000000F00AF90346002B01D00023F5E0039B2C
:10F610009B781A467B4B53F82220039B9B780093E0
:10F620001346794AD3217948FDF7FCFA784AD32169
:10F630007648FDF7F7FA039B9B780D2B00F2D080FC
:10F6400001A252F823F000BF81F60100E9F70100A2
:10F65000E1F70100CFF60100F3F601001BF701000E
:10F660007FF70100A3F70100E1F70100E1F70100D6
:10F67000C1F70100D1F70100D9F70100C9F7010076
:10F68000039B5B681878039B5B6801331B781AB295
:10F69000039B5B6802331B781BB21B021BB2134334
:10F6A0001BB29BB2194600F015F90346012B00F07E
:10F6B0009D80584ADD215548FDF7B4FA544ADD21B2
:10F6C0005248FDF7AFFA00238DF8173093E0039B03
:10F6D0005868039B1B7A0122194601F04FFE03462E
:10F6E000012B03D000238DF8173084E001F093FB49
:10F6F00081E0039B5B681878039B5B68591C039B44
:10F700001B7A013BDBB21A4601F06CFD0346012B6C
:10F710006ED000238DF817306DE0039B5B680133DA
:10F720001B781BB21B021AB2039B5B681B781BB2CF
:10F7300013431BB2ADF81430FDF7F4FD03461A462F
:10F74000BDF81430934215D012238DF8103004AB5D
:10F7500001220121184601F011FE03468DF81330F5
:10F760009DF81330012B01D101F055FB00238DF8DA
:10F77000173040E002F030FD01F0ECFA3BE0039B73
:10F780005B681B78184601F0CDFD01F0A9FD03462A
:10F79000012B01D101F07AFB0021072001F084F94F
:10F7A00029E0039B5868039B1B7A0022194601F04D
:10F7B000E5FD0346012B1DD000238DF817301AE01C
:10F7C00000238DF8173016E000238DF8173012E073
:10F7D00000238DF817300EE000238DF817300AE073
:10F7E00000238DF8173006E000BF04E000BF02E000
:10F7F00000BF00E000BF9DF81730184607B05DF865
:10F8000004FB00BF1019001078E7030040E7030075
:10F8100074E7030090E7030000B583B003460A468F
:10F820008DF8073013468DF806309DF807300D2B04
:10F830000FD99DF80730214A4FF4FE712048FDF79B
:10F84000F1F9204A4FF4FE711D48FDF7EBF9022350
:10F850002FE09DF807301C4A12F813309DF806205F
:10F860009A420DD2194A40F202211548FDF7DAF901
:10F87000144A40F202211248FDF7D4F9012318E09E
:10F880009DF80730104A5B0013445B789DF8062012
:10F890009A420DD90E4A4FF402710948FDF7C2F998
:10F8A000084A4FF402710648FDF7BCF9012300E055
:10F8B0000023184603B05DF804FB00BFA8E703006F
:10F8C00040E7030074E70300BC2A0400C8E7030014
:10F8D000F8E7030000B585B003460A468DF8073007
:10F8E0001346ADF8043001238DF80F30FDF710FDFD
:10F8F00003461A46BDF8043093421BD19DF80730E9
:10F90000013B022B04D8FDF731FCFCF7C7FF32E0C6
:10F9100000238DF80F309DF807301A4A40F21E215F
:10F920001948FDF77FF9194A40F21E211648FDF7E4
:10F9300079F920E00F238DF80C3003AB012201216F
:10F94000184601F01BFD03468DF80E309DF80E3071
:10F95000012B01D101F05FFA00238DF80F300C4A22
:10F9600040F22B210848FDF75DF9084A40F22B21AF
:10F970000548FDF757F99DF80F30184605B05DF8BA
:10F9800004FB00BF24E8030040E7030074E7030022
:10F990004CE8030000B583B00190019B9B6B1022E3
:10F9A0001A71019B9B6B10225A71019B9B6B032266
:10F9B0009A71019B9B6B0222DA71019B9B6B052262
:10F9C0001A72019B9B6B01225A72019B9B6B08224E
:10F9D0009A72019B9B6B0722DA72019B9B6B402200
:10F9E0001A73019B9B6B20225A73019B9B6B714A7C
:10F9F0001A61019B9B6B02221A75019B9B6B6E4ADD
:10FA00009A61019B9B6B6D4ADA61019B9B6B6C4A0F
:10FA10001A62019B9B6BC82283F82420019B9B6B7D
:10FA2000002283F82C20019B9B6B122283F82D204F
:10FA3000019B9B6B212283F82E20019B9B6B002254
:10FA400083F83820019B9B6B072283F83B20019BA6
:10FA50009B6B002283F83920019B9B6B002283F86B
:10FA60003A20019B9B6B072283F83C20019B9B6BF8
:10FA7000062283F83D20019B9B6BFF22DA87019BC6
:10FA80009B6B3F22A3F84020019B9B6B082283F8CD
:10FA90004220019B9B6B012283F84320019B9B6BBF
:10FAA000012283F84420019B9B6B002283F84520B0
:10FAB000019B9B6B002283F84620019B9B6B414A74
:10FAC0005A65019B9B6B072283F85820019B9B6B17
:10FAD0003D4A9A66019B9B6B3B4A5A66019B9B6B16
:10FAE000394A1A66019B9B6B374ADA66019B9B6B0E
:10FAF000002283F87020019B9B6B032283F8712006
:10FB0000019B9B6B314A5A67019B9B6B2F4A9A67FB
:10FB1000019B9A6B019B9B6BA432DA67019B9A6BEA
:10FB2000019B9B6BE432C3F88020019B9A6B019B85
:10FB30009B6B02F5AA72C3F88420019B9A6B019B10
:10FB40009B6B02F5AB72C3F88820019B9A6B019BFB
:10FB50009B6B02F59272C3F89420019B9A6B019BF8
:10FB60009B6B02F5A272C3F89820019B9A6B019BD4
:10FB70009B6B02F5A672C3F89C20019B9B6B03F55F
:10FB8000A270019B9B6B93F842301A4601210CF046
:10FB90004BFF019B9B6B03F5A670019B9B6B93F83E
:10FBA00042301A4600210CF03FFF00BF03B05DF861
:10FBB00004FB00BF142B040000180D8F00CCD19360
:10FBC000C00B6C90442B04004C2B0400004E7B9027
:10FBD00000B585B0019000238DF80F302DE0019B1A
:10FBE0009A6B9DF80F3028339B00134400225A6013
:10FBF000019B9A6B9DF80F3038339B001344002211
:10FC00005A60019B9B6B03F5AA739DF80F100022AD
:10FC100018460CF0B2FF019B996B019B9A6B9DF803
:10FC20000F30B1F8401090335B0013440A469A80BD
:10FC30009DF80F3001338DF80F309DF80F300F2BEA
:10FC4000CDD900238DF80E3028E09DF80E20019BC1
:10FC5000996B9DF80E301B4850F8222028339B00EA
:10FC60000B445A609DF80E20019B996B9DF80E3055
:10FC7000144850F8222038339B000B445A60019BF3
:10FC80009B6B03F5AA739DF80E10012218460CF029
:10FC900074FF9DF80E3001338DF80E30019B9B6B85
:10FCA0009B799DF80E209A42CFD3019B9B6B03F565
:10FCB000AB730222FF2118460CF0B6FE00BF05B060
:10FCC0005DF804FBD82A040000B583B001900198C8
:10FCD00000F006F80346184603B05DF804FB000088
:10FCE00000B58BB0039000238DF8273000238DF8EA
:10FCF000263030E0039B9B6B03F5AA739DF826200A
:10FD0000114618460CF0DCFE0346012B1ED1039B66
:10FD10009A6B9DF8263090335B0013441A1D039BA9
:10FD200093F84E30194610460CF068FF0346012B3D
:10FD30000CD19DF8273028336B449DF8262003F81A
:10FD4000142C9DF8273001338DF827309DF826308C
:10FD500001338DF82630039B9B6B1B799DF8262081
:10FD60009A42C7D39DF82730002B0CD12C4AC321CF
:10FD70002C48FCF757FF2C4AC3212A48FCF752FFB6
:10FD80004FF0FF3347E09DF82730013B1946002034
:10FD9000FCF7EEFE02469DF82730B2FBF3F101FBC3
:10FDA00003F3D31A8DF8253000238DF824309DF805
:10FDB000253028336B4413F8143C8DF82430039B12
:10FDC0009B6B1B799DF824209A420DD39DF8272028
:10FDD0009DF8253000931346144ACB211148FCF7B7
:10FDE00021FF4FF0FF3316E0039B9A6B9DF8243000
:10FDF00028339B0013445A68039BC3F8B024039B29
:10FE00009A6B9DF8243038339B0013445A68039B47
:10FE1000C3F8B424002318460BB05DF804FB00BF00
:10FE200074E8030094E80300D0E80300D4E803007A
:10FE300000B583B001900B468DF803309DF8033078
:10FE4000002B13D1019B93F84E301946019B93F878
:10FE500058301846124A0B465B000B445B001344B3
:10FE600003441A78019B83F8B82414E09DF803300A
:10FE7000012B06D1019B93F85320019B83F8B824F2
:10FE800009E0084AE2210848FCF7CCFE074AE221D3
:10FE90000548FCF7C7FE00BF03B05DF804FB00BFD8
:10FEA000E42A040014E9030094E80300D0E8030006
:10FEB00000B587B00390039B9B6B03F5AA70039B6F
:10FEC0009B6B03F5AB73022219460CF073FD002304
:10FED0008DF8173014E0039B9B6B03F5AA739DF814
:10FEE0001720114618460CF0EBFD03460E4AEC2194
:10FEF0000E48FCF797FE9DF8173001338DF8173048
:10FF0000039B9B6B1B799DF817209A42E3D3084B08
:10FF10000093084B084AEE210448FCF783FE00BF1B
:10FF200007B05DF804FB00BF30E9030094E803006C
:10FF300040E90300D0E8030038E9030000B585B0CC
:10FF400001900B468DF803301346ADF800300023C6
:10FF50008DF80F309DF80330002B02D0062B61D0B6
:10FF60008EE0019B9B6B03F5AB739DF80320520061
:10FF700013446946022218460CF01CFD00238DF83C
:10FF80000E301FE0019B9B6B03F5AB739DF80E20B9
:10FF9000114618460CF094FD0346012B0DD1019B30
:10FFA0009A6B9DF80E3028339B0013445B68002B3E
:10FFB00003D1FF238DF80F300BE09DF80E30013395
:10FFC0008DF80E30019B9B6B1B799DF80E209A4299
:10FFD000D8D3374A4FF482713648FCF723FE00230A
:10FFE0008DF80D3011E0019B9A6B9DF80D30134494
:10FFF00093F85631304A40F207112E48FCF712FEB2
:020000022000DC
:100000009DF80D3001338DF80D309DF80D30012B2A
:10001000E9D9BDF80030294A40F209112548FCF71A
:1000200001FE31E0019B9B6B03F5AB7302220021C3
:1000300018460CF0F9FC00238DF80C3018E0019BF9
:100040009A6B9DF80C3028339B0013445B68002B9F
:1000500009D0019B9B6B03F5AB739DF80C1001223B
:1000600018460CF08AFD9DF80C3001338DF80C30E9
:10007000019B9B6B1B799DF80C209A42DFD303E018
:10008000FE238DF80F3000BF019B9B6B03F5AB7314
:10009000022118460CF091FD0346012B02D1FF23EB
:1000A0008DF80F309DF90F30184605B05DF804FB50
:1000B00044E9030094E8030060E9030064E90300F5
:1000C00000B583B003468DF807309DF80730072B45
:1000D00001D8002321E01348FCF7E8FC0120FCF7DD
:1000E00015FD104B104A4FF49B711048FCF79AFD18
:1000F0000F4A4FF49B710D48FCF794FD0D4A4FF4E5
:100100009B710A48FCF78EFD094A4FF49B71074822
:10011000FCF788FDFCF7C2FB0023184603B05DF82E
:1001200004FB00BF542B040078E9030094E80300AB
:10013000D0E8030090E9030000B585B003460291C2
:1001400001928DF80F309DF80F30072B0ED89DF8D7
:100150000F30194AD25C029B1A709DF80F30174A73
:1001600052F82330DAB2019B1A7020E01448FCF7F1
:100170009DFC0120FCF7CAFC114B124A4FF4A271FE
:100180001148FCF74FFD114A4FF4A2710E48FCF7DD
:1001900049FD0F4A4FF4A2710B48FCF743FD0B4A8F
:1001A0004FF4A2710848FCF73DFDFCF777FB00BF58
:1001B00005B05DF804FB00BF1C2B0400242B0400D9
:1001C000842B040078E9030094E80300D0E80300DE
:1001D00090E9030000B583B00190019BF133102238
:1001E00000211846ECF778F8019B0022C3F814218F
:1001F000019BF02200211846ECF76EF800BF03B017
:100200005DF804FB00B583B001900091019B1A4694
:100210001021009805F0CCF900BF03B05DF804FB95
:1002200030B58DB0039002910192039BD3F8143145
:10023000002B00F09C80039BD3F81431C3F1100312
:10024000019A934228BF13460993039B03F20112BC
:10025000039BD3F814311344099A02991846EDF719
:10026000C1FD039BD3F81421099B1A44039BC3F8D7
:100270001421039BD3F814310F2B40F28880019A8C
:10028000099B9A4200F0838000230B9315E0039AA8
:100290000B9B1344F1331A7803990B9B0B4403F225
:1002A00001131B785340D9B2039A0B9B1344F133CB
:1002B0000A461A700B9B01330B930B9B0F2BE6DD49
:1002C000039BF13305AC186859689A68DB680FC462
:1002D000039A05A905AB184605F086FA039BF1338E
:1002E0001D4605AC0FCC28606960AA60EB60029ADD
:1002F000099B13440293019A099BD31A019336E098
:1003000000230A9313E0039A0A9B1344F1331A78EB
:100310000A9B02990B441B785340D9B2039A0A9B5B
:100320001344F1330A461A700A9B01330A930A9B5D
:100330000F2BE8DD039BF13305AC186859689A6808
:10034000DB680FC4039A05A905AB184605F04CFA03
:10035000039BF1331D4605AC0FCC28606960AA6091
:10036000EB60029B10330293019B103B0193019BB6
:10037000102BC5D8039B03F20113019A029918466A
:10038000EDF730FD039B019AC3F8142100E000BF94
:100390000DB030BD10B592B00190009107AB1022A6
:1003A00000211846EBF798FF009A07A907AB1846FB
:1003B00005F01AFA9DF81C305BB2002B2FDA0023EF
:1003C00011931AE007AA119B13441B785BB25B00E0
:1003D0005AB2119B013348336B4413F82C3CDB09B0
:1003E000DBB25BB213435BB2D9B207AA119B1344D1
:1003F0000A461A70119B01331193119B0E2BE1DDFC
:100400009DF82B305B00DBB28DF82B309DF82B3044
:1004100083F07803DB43DBB28DF82B3026E000233A
:1004200010931AE007AA109B13441B785BB25B0081
:100430005AB2109B013348336B4413F82C3CDB0950
:10044000DBB25BB213435BB2D9B207AA109B134471
:100450000A461A70109B01331093109B0E2BE1DD9E
:100460009DF82B305B00DBB28DF82B30009BD3F86E
:100470001431102B1CD100230F9315E0009A0F9B11
:10048000134403F201131A7807A90F9B0B441B783E
:100490005340D9B2009A0F9B134403F201130A464A
:1004A0001A700F9B01330F930F9B0F2BE6DD94E027
:1004B0009DF81C305BB2002B2FDA00230E931AE05C
:1004C00007AA0E9B13441B785BB25B005AB20E9BCB
:1004D000013348336B4413F82C3CDB09DBB25BB2CD
:1004E00013435BB2D9B207AA0E9B13440A461A7093
:1004F0000E9B01330E930E9B0E2BE1DD9DF82B30EE
:100500005B00DBB28DF82B309DF82B3083F0780345
:10051000DB43DBB28DF82B3026E000230D931AE08D
:1005200007AA0D9B13441B785BB25B005AB20D9B6C
:10053000013348336B4413F82C3CDB09DBB25BB26C
:1005400013435BB2D9B207AA0D9B13440A461A7033
:100550000D9B01330D930D9B0E2BE1DD9DF82B3090
:100560005B00DBB28DF82B30009BD3F81431009A7E
:100570001344802283F8012107E0009BD3F8143153
:10058000009A1344002283F80121009BD3F8143110
:100590005A1C009BC3F81421009BD3F814310F2B75
:1005A000EBD900230C9315E0009A0C9B134403F243
:1005B00001131A7807A90C9B0B441B785340D9B23E
:1005C000009A0C9B134403F201130A461A700C9B09
:1005D00001330C930C9B0F2BE6DD00230B9315E0EE
:1005E000009A0B9B1344F1331A7800990B9B0B4430
:1005F00003F201131B785340D9B2009A0B9B1344AA
:10060000F1330A461A700B9B01330B930B9B0F2B94
:10061000E6DD009BF13303AC186859689A68DB6823
:100620000FC4009A03AB0199184605F0DDF807AB3B
:10063000102200211846EBF74FFE00BF12B010BD8C
:1006400086B003900B4601928DF80B30019B00227F
:100650001A6000238DF8173018E09DF81730039AC0
:1006600013441B780D2B0CD0019B1B689DF81720A1
:1006700003990A441278114601228A401A43019BC9
:100680001A609DF8173001338DF817309DF8172048
:100690009DF80B309A42E0D300BF06B070470000CF
:1006A00000B585B001900B468DF8033000238DF81E
:1006B0000F3024E09DF80F30012202FA03F31A46AE
:1006C000019B1340002B15D09DF80F30104AD35CCE
:1006D0009DF803209A420DD20E4A4FF4AD710E4898
:1006E000FCF7A0FA0D4A4FF4AD710B48FCF79AFAEB
:1006F000012309E09DF80F3001338DF80F309DF88C
:100700000F301B2BD6D90023184605B05DF804FB2B
:10071000A42B04009CE90300E8E9030020EA03009D
:1007200008B5414B00221A70404B81221A70404B91
:10073000C7221A703F4B00221A703F4B00221A70DA
:100740003E4B00221A603E4B7B221A603D4B00223A
:100750001A603D4B00221A703C4B00221A703C4B31
:1007600000221A703B4B00221A703A4B00225A703A
:10077000394B00221A60394B00221A70384B002284
:100780001A70384B00221A70374B00221A60374B10
:1007900000221A70364B00221A80364B00221A7043
:1007A000354B00221A70354B00221A7005F090F874
:1007B0000346334A1360334B00221A70324B002237
:1007C0001A80324B00221A70314B00221A70314BC2
:1007D00000221A70304B00221A60304B01221A801E
:1007E0002F4B00221A60082200212E48EBF774FDDF
:1007F000192200212C48EBF76FFD192200212B480C
:10080000EBF76AFD192200212948EBF765FD4FF44B
:10081000847200212748EBF75FFD1E2280212648C5
:10082000EBF75AFD00BF08BD083400104A1900104C
:100830004B19001014340010153400101834001037
:100840004C1900101C34001020340010213400100A
:1008500022340010243400105019001026340010E7
:100860008435001085350010883500108C35001057
:100870008E35001090350010913500109235001023
:1008800094350010983500109A3500109C350010F2
:100890009D3500109E350010A0350010481900103D
:1008A000043400100C3400102834001044340010BC
:1008B000603400107C340010A435001000B583B003
:1008C0000023019309E0019BDBB2002200211846BE
:1008D00000F088F8019B01330193019B182BF2DD96
:1008E00000BF00BF03B05DF804FB000000B583B09B
:1008F00003468DF807309DF80730182B20D914488F
:10090000FCF7D4F80120FCF701F9114B114A4FF420
:10091000D9711148FCF786F9104A4FF4D9710E4885
:10092000FCF780F90E4A4FF4D9710B48FCF77AF9BD
:100930000A4A4FF4D9710848FCF774F9FBF7AEFF87
:100940009DF80730074AD35C184603B05DF804FBF6
:10095000C02B040024EA0300E8E9030020EA0300B6
:100960003CEA03002834001000B583B003468DF83C
:1009700007309DF80730182B20D91448FCF796F85B
:100980000120FCF7C3F8114B114A4FF4DE711148F6
:10099000FCF748F9104A4FF4DE710E48FCF742F9B3
:1009A0000E4A4FF4DE710B48FCF73CF90A4A4FF44B
:1009B000DE710848FCF736F9FBF770FF9DF8073049
:1009C000074AD35C184603B05DF804FBD82B04003B
:1009D00024EA0300E8E9030020EA03003CEA0300FC
:1009E0004434001082B003468DF807300B468DF872
:1009F000063013468DF805309DF80730182B0BD8BC
:100A00009DF8073006499DF80620CA549DF8073026
:100A100004499DF80520CA5400BF02B0704700BFCA
:100A2000283400104434001082B003460A468DF882
:100A3000073013468DF806309DF80730182B13D871
:100A40009DF807300A4AD35CFF2B07D09DF807308A
:100A5000074AD25C0132D1B2054AD1549DF8073021
:100A600004499DF80620CA5400BF02B0704700BF79
:100A70002834001044340010074B1B78002B06D09C
:100A8000054B1B78013BDAB2034B1A7002E0024BB4
:100A900000221A7000BF704726340010014B1B78EB
:100AA000184670472634001000B585B003460A4644
:100AB0008DF8073013468DF806301A4B1B78192B2A
:100AC0000CD9194A40F2ED111848FCF7ABF8184A56
:100AD00040F2ED111548FCF7A5F820E09DF807302D
:100AE0001846FFF703FF03468DF80F309DF80F30CF
:100AF000002B0CD10B4B1B780133DAB2094B1A7067
:100B0000084B1B7819460B4A9DF8073053549DF843
:100B100006209DF8073011461846FFF785FF05B0FF
:100B20005DF804FB2634001048EA0300E8E90300FE
:100B300020EA030060340010034B1B781A46034B75
:100B40009B5C1846704700BF2634001060340010CC
:100B500008B5FBF7AAFE0246024B1B68D31A1846DB
:100B600008BD00BF1834001082B00190074B1B78FD
:100B700083F00103DBB2002B05D0044B01221A7075
:100B8000034A019B136000BF02B070478C35001010
:100B90001834001082B003468DF80730064B1B78DE
:100BA0009DF807209A4203D0034A9DF8073013703E
:100BB0000123184602B070474A190010014B1B78F8
:100BC000184670474A19001000B583B0FFF7F6FFCA
:100BD00003468DF80330002301939DF803309B09F1
:100BE000DBB203F00303032B2DD801A252F823F04C
:100BF000010C02000D0C02001F0C0200330C02005D
:100C00009DF8033003F03F0301933EE09DF803306D
:100C100003F03F031F4A02FB03F3019335E09DF805
:100C2000033003F03F034FF4616202FB03F30193CF
:100C30002BE09DF8033003F03F0213461B019B1A83
:100C40009B00019321E01448FBF730FF0120FBF7E4
:100C50005DFF114B114A40F22E211148FBF7E2FFD4
:100C6000104A40F22E210E48FBF7DCFF0E4A40F2FC
:100C70002E210B48FBF7D6FF0A4A40F22E210848E6
:100C8000FBF7D0FFFBF70AFE00BF019B184603B03D
:100C90005DF804FB80510100F02B040024EA0300FE
:100CA000E8E9030020EA03003CEA0300014B1B785B
:100CB000184670474B190010014B1B7818467047B7
:100CC0009835001008B5FCF7ABF90346184608BD87
:100CD00000B583B003468DF807309DF807301846FD
:100CE000FCF7A8F90346002B01D0002300E0012304
:100CF000184603B05DF804FB00B583B000F0DCF9E2
:100D00000346002B03D001238DF807300BE0FCF7DE
:100D1000E7F90346022B03D000238DF8073002E0E9
:100D200002238DF807309DF80730184603B05DF8B0
:100D300004FB000000B583B0019000231A4604496B
:100D40000198EDF74FF800BF03B05DF804FB00BF5A
:100D50000C34001000B587B001238DF8003001235A
:100D60008DF80830FBF7A1FD059005210020FBF769
:100D7000FFFE03460193FCF7D3FB0346002B05D18E
:100D8000FCF7DAFA0246019B13440193019A059B92
:100D9000D31A002B06DC0D4A4FF42A710C48FBF7DE
:100DA00041FF08E0019A059BD31A0A4A4FF42B71C0
:100DB0000748FBF737FF012000F064F96B4618463F
:100DC00005F070FD00BF07B05DF804FB9CEA03006E
:100DD000E8E90300C0EA030000B589B001900223EE
:100DE0008DF80C3003238DF8143002238DF81D305C
:100DF000FBF75BFD0246019B13440493FFF77CFF66
:100E00000346022B03D103AB184605F04BFD00BF90
:100E100009B05DF804FB10B586B003238DF80430EB
:100E200003238DF80C3002238DF81530FBF73DFDC0
:100E3000044605210220FBF79BFE03462344029350
:100E400001AB184605F02EFD00BF06B010BD10B571
:100E500088B001900A238DF80C3003238DF81430EC
:100E600002238DF81D30FBF720FD0246019BD418AC
:100E700005210220FBF77CFE03462344049303ABC9
:100E8000184605F00FFD00BF08B010BD00B587B0D3
:100E900005238DF8043002238DF80C30FBF705FD97
:100EA000034603F5A83303F5C073029301AB18465C
:100EB00005F0F8FC00BF07B05DF804FB00B589B091
:100EC000019006238DF80C3003238DF81430022393
:100ED0008DF81D3000238DF81C30FBF7E6FC024630
:100EE000019B13440493FFF707FF0346022B03D132
:100EF00003AB184605F0D6FC00BF09B05DF804FB53
:100F000000B589B001900B238DF80C3001238DF8CA
:100F1000143002238DF81D30FBF7C7FC0246019BFD
:100F200013440493FFF7E8FE0346022B03D103ABFF
:100F3000184605F0B7FC00BF09B05DF804FB00B52A
:100F400089B001900C238DF80C3001238DF81430FA
:100F500002238DF81D30FBF7A8FC0246019B1344C9
:100F60000493FFF7C9FE0346022B03D103AB1846D7
:100F700005F098FC00BF09B05DF804FB00B589B02E
:100F800001900D238DF80C3001238DF814300223CD
:100F90008DF81D30FBF789FC0246019B1344049336
:100FA000FFF7AAFE0346022B03D103AB184605F058
:100FB00079FC00BF09B05DF804FB000008B5FFF73D
:100FC0009BFE0346022B02D0002000F041F8024BAA
:100FD0001B78184608BD00BF0834001082B001908D
:100FE00000BF02B07047000082B003468DF80730A2
:100FF0009DF80730002B05D0074B1B7843F0020308
:10100000DBB204E0044B1B7823F00203DBB2024A9C
:10101000137000BF02B070470834001082B003465E
:101020008DF807309DF80730002B05D0074B1B7853
:1010300043F00403DBB204E0044B1B7823F0040309
:10104000DBB2024A137000BF02B0704708340010D0
:1010500082B003468DF807309DF80730002B05D08D
:10106000074B1B7843F00803DBB204E0044B1B780A
:1010700023F00803DBB2024A137000BF02B07047CE
:101080000834001082B003468DF807309DF8073011
:10109000002B05D0074B1B7843F04003DBB204E084
:1010A000044B1B7823F04003DBB2024A137000BFED
:1010B00002B0704708340010064B1B789B09DBB266
:1010C00003F00103002B14BF01230023DBB21846F9
:1010D000704700BF0834001000B583B001F032F84B
:1010E0000190019BD3F83429019BD3F838391A4475
:1010F000019BD3F83C3913440093009B054AA2FBA3
:1011000003239A09044B1B681344184603B05DF887
:1011100004FB00BFD34D62108835001008B5FFF7FF
:10112000DBFF0346024AA2FB0323DB0A184608BD85
:10113000C5B3A291014B1B88184670478E3500102D
:10114000014B1B78184670479035001008B5FBF727
:101150004FFD0346184608BD08B5FBF742FD0346A0
:10116000184608BD00B583B003460A468DF807301F
:1011700013468DF806309DF807301B2B0DD9144A05
:1011800040F213411348FBF74DFD134A40F213415F
:101190001048FBF747FD012316E09DF807300F4A82
:1011A000D35C9DF806209A420DD00D4A40F21941B9
:1011B0000848FBF737FD084A40F219410548FBF79C
:1011C00031FD012300E00023184603B05DF804FB65
:1011D000ECEA0300E8E9030020EA0300A42B040082
:1011E00008EB030000B587B0034600918DF8073087
:1011F00013468DF8063001238DF817309DF8062030
:101200009DF8073011461846FFF7ACFF0346002B48
:1012100006D01C238DF8073000238DF817304CE0E2
:101220009DF80730083B032B3FD801A252F823F06A
:10123000411202006B120200811202009912020098
:10124000009B1A78254B1A70009B1B781846FBF7F9
:1012500059FF03468DF816309DF91630B3F1FF3F64
:101260002AD100238DF8173026E003AB082200991D
:1012700018460BF0B9FB03AB1846FCF720F81CE04E
:10128000009B1B781846FFF785FCFFF79DFC034683
:101290001846FFF7A1FD10E0002002F089F9009B3D
:1012A0001B781846FFF714FD07E01C238DF8073064
:1012B00000238DF8173000E000BF9DF81730012B98
:1012C00005D19DF8073019460620FFF7EDFB9DF884
:1012D0001730184607B05DF804FB00BF98350010C2
:1012E00082B00C4B1B78FF2B03D1FF238DF8073006
:1012F0000AE0084B1B78002B03D001238DF8073040
:1013000002E000238DF807309DF80730184602B040
:10131000704700BF22340010014B1B7818467047FD
:101320002234001000B583B003468DF807309DF8D5
:1013300007300F4A40F26F410E48FBF773FC0E4B2B
:101340001B789DF807209A420ED00B4A9DF8073073
:101350001370094B1B78002B03D00120FFF75EFEB2
:1013600002E00020FFF75AFE00BF03B05DF804FB67
:101370002CEB0300E8E903002234001000B585B02F
:1013800001900B468DF8033013468DF8023001238F
:101390008DF80F300023029300238DF80E3057E0B4
:1013A0009DF80E30019A13441B780E2B37D09DF810
:1013B0000E30019A13441B78142B30D09DF80E3058
:1013C000019A13441B78172B29D09DF80E30019AEF
:1013D00013441B78192B22D09DF80E30019A134428
:1013E0001B781A2B1BD09DF80E30019A13441B78E2
:1013F0001B2B14D09DF80E30019A13441B780C2B34
:101400000DD09DF80E30019A13441B78112B06D095
:101410009DF80E30019A13441B781B2B13D900231F
:101420008DF80F309DF80E30019A13441B78314A25
:1014300040F2A6413048FBF7F5FB304A40F2A641A6
:101440002D48FBF7EFFB9DF80E3001338DF80E3081
:101450009DF80E209DF803309A42A1D39DF80F30DD
:10146000012B20D100238DF80D3016E09DF80D30B2
:10147000019A13441B780D2B0AD19DF80230012BE1
:1014800003D10020FFF7E3FC02E000238DF80F30CA
:101490009DF80D3001338DF80D309DF80D209DF82D
:1014A00003309A42E2D39DF80F30012B1CD102AADF
:1014B0009DF8033019460198FFF7C2F89DF80230F5
:1014C000012B06D1029B0E4A13600E4B00221A70AC
:1014D0000AE00D4B1A68029B9A4205D0029B0A4A09
:1014E00013600A4B00221A709DF80F30184605B0A1
:1014F0005DF804FB40EB0300E8E9030020EA030089
:101500001C340010213400104C190010203400103D
:1015100010B5D6B056ACA4F5A674206056A8A0F5B8
:10152000A8700160194656ABA3F251131A7056AB5E
:10153000A3F5A9730A461A7056ABA3F5A6731B68E8
:10154000559356ABA3F5A6731B685493002352938F
:1015500000238DF8473156ABA3F5A9731B78012BF7
:1015600005D1BB4B1B685393BA4B529304E0BA4B63
:101570001B685393B94B529356ABA3F251131B788C
:1015800019465398FFF78CF80346002B13D056AB3F
:10159000A3F5A8731B6800221A70B14A40F2EB4110
:1015A000B048FBF73FFBB04A40F2EB41AD48FBF7D8
:1015B00039FB0023ABE1529B1B781B2B40F294813B
:1015C000529B00221A708FE1529B1B781A4601230E
:1015D00093401A46539B1340002B00F07F81559B8C
:1015E0005A1C5592529A12781A70529B1B78182BDB
:1015F00000F2488101A252F823F000BF61160200F8
:101600006F1602009F160200AD160200BB16020004
:101610001B1702004117020097170200A3170200D0
:10162000B1170200C7170200D5170200A318020065
:10163000A318020085180200E31702000318020035
:10164000A3180200191802003918020085180200B8
:101650008518020075180200851802007D18020026
:10166000FFF7ACFC03461A46559B1A701AE1FFF7C8
:1016700067FD0346002B03D1FFF750FD509003E0B8
:10168000FFF758FD03465093509BDAB2559B1A70F2
:10169000509B1A0A559B0133D2B21A7002E1FFF730
:1016A00055FD03461A46559B1A70FBE0FFF754FDA3
:1016B0000346DAB2559B1A70F4E0FBF769FD034666
:1016C000ADF83631BDF9363113F1800F0BDBBDF9C2
:1016D00036313F2B07DCBDF83631DBB24033DAB2AE
:1016E000559B1A700FE0BDF936313F2B03DD559B3A
:1016F0007F221A7007E0BDF9363113F1800F02DA4C
:10170000559B80221A70FBF739FD0346DAB2559BD0
:1017100001339200D2B21A70C4E0FFF719FA0346FF
:10172000524AA2FB0323DB0A4E934E9BDAB2559B2F
:101730001A704E9B1A0A559B0133D2B21A70B1E04F
:1017400056ABA3F5A27318464FF484731A460021D2
:10175000EAF7C2FD05AB184600F08AFBFBF7A5F8D7
:10176000024656ABA3F5A273D3F8F8304049A1FB6B
:1017700003139B09D31A3D4AA2FB0323DB0A4F93B1
:101780004F9BDAB2559B1A704F9B1A0A559B013337
:10179000D2B21A7086E0082200215598EAF79CFD23
:1017A00080E0FFF789FA03461A46559B1A7079E0E4
:1017B0004BAB1846FBF76EFD4BAB0822194655980C
:1017C0000BF012F96EE0FFF7F9F903461A46559B44
:1017D0001A7067E0FFF776FA03461A46559B1A70AF
:1017E00060E0FBF795FD0346DAB2559B1A70FBF7F4
:1017F0008FFD03461B0A9AB2559B0133D2B21A7071
:1018000050E049AB1846FBF7FFFC49AB08221946EC
:1018100055980BF0E9F845E0FBF784FD0346DAB292
:10182000559B1A70FBF77EFD03461B0A9AB2559B27
:101830000133D2B21A7035E047AB00221A605A6009
:1018400047AB0822194655980BF0CEF82AE000BFA6
:101850001C340010213400104C19001020340010EA
:1018600068EB0300E8E9030020EA0300C5B3A29196
:10187000D34D62105598FFF75DFA13E05598FFF7C6
:10188000ADFB0FE0529B1B78224A40F28751224861
:10189000FBF7C8F9214A40F287511F48FBF7C2F90C
:1018A00000E000BF529B1B781A461D4B9B5C1A46FA
:1018B000559B1344559356ABA3F5A673559A1B68D5
:1018C000D21A56ABA3F251131B789A4202DC559BF5
:1018D000549303E001238DF847310AE0529B1B78B3
:1018E0000133DAB2529B1A70529B1B781B2B7FF686
:1018F0006BAE56ABA3F5A673549A1B68D31ADAB233
:1019000056ABA3F5A8731B681A709DF847311846AB
:1019100056B010BD8CEB0300E8E9030020EA030099
:10192000A42B0400044B1B78012B0CBF01230023C4
:10193000DBB21846704700BF1534001000B589B0FF
:10194000034602918DF80F3013468DF80E309DF846
:101950000F30032B0FD89DF80F30032B03D19DF8C8
:101960000E30102B07D19DF80F30022B17D89DF8A1
:101970000E30002B13D09DF80F209DF80E300093F1
:101980001346A84A40F2D351A748FBF74BF9A74AA0
:1019900040F2D351A448FBF745F900239FE1A44A44
:1019A0009DF80F301370FF238DF81F309DF80F3016
:1019B000032B00F27C8101A252F823F0CD19020022
:1019C000DB190200E9190200F71902000020FBF7F9
:1019D00099FB03468DF81F3079E10120FBF792FB5C
:1019E00003468DF81F3072E10220FBF78BFB0346A4
:1019F0008DF81F306BE1FBF777FC0346ADF81A302A
:101A000004AB00221A605A6000238DF81E300023B8
:101A10008DF81D3029E19DF81D30029A13441B7882
:101A20000F2B0DD9834A40F2F3517F48FBF7FAF8A8
:101A30007E4A40F2F3517C48FBF7F4F800234EE174
:101A4000BDF81A309DF81D2002990A4412781341FE
:101A500003F00103002B00F003819DF81E300133D9
:101A60008DF81E309DF81D30029A13441B78002B10
:101A70000BD1049B049A120F0F2A02D04FF0805210
:101A800000E0002213440493EAE09DF81D30029A1E
:101A900013441B78012B0DD1049B049A02F0706251
:101AA000B2F1706F02D04FF0807200E00022134458
:101AB0000493D5E09DF81D30029A13441B78022B45
:101AC0000DD1049B049A02F47002B2F5700F02D09B
:101AD0004FF4801200E0002213440493C0E09DF80C
:101AE0001D30029A13441B78032B0DD1049B049ADA
:101AF00002F47022B2F5702F02D04FF4803200E071
:101B0000002213440493ABE09DF81D30029A134465
:101B10001B78042B0DD1049B049A02F47042B2F599
:101B2000704F02D04FF4805200E00022134404931F
:101B300096E09DF81D30029A13441B78052B0DD1B9
:101B4000049B049A02F47062B2F5706F02D04FF4F5
:101B5000807200E000221344049381E09DF81D3060
:101B6000029A13441B78062B0BD1049B049A02F0B3
:101B7000F002F02A01D0102200E000221344049366
:101B80006EE09DF81D30029A13441B78072B0BD191
:101B9000049B049A02F00F020F2A01D0012200E0F8
:101BA0000022134404935BE09DF81D30029A134415
:101BB0001B78082B0BD1059B059A120F0F2A02D018
:101BC0004FF0805200E000221344059348E09DF856
:101BD0001D30029A13441B78092B0DD1059B059AE1
:101BE00002F07062B2F1706F02D04FF0807200E0CC
:101BF00000221344059333E09DF81D30029A1344EC
:101C00001B780A2B18D1059B059A02F47002B2F5D5
:101C1000700F02D04FF4801200E0002213440593AD
:101C20001EE000BFC8EB0300E8E9030020EA030060
:101C3000983500100CEC03009DF81D30029A1344F7
:101C40001B780B2B0CD1059B059A02F47022B2F580
:101C5000702F02D04FF4803200E00022134405932D
:101C60009DF81D3001338DF81D309DF81D300F2B70
:101C70007FF6D1AE9DF81E30002B0DD11A4A40F2EE
:101C80002E611A48FAF7CEFF194A40F22E61174822
:101C9000FAF7C8FF002322E004AB1846FBF74EFA20
:101CA0000320FBF72FFA03468DF81F300FE09DF855
:101CB0000F30104A40F237610C48FAF7B3FF0C4A74
:101CC00040F237610948FAF7ADFF002307E09DF9BC
:101CD0001F30B3F1FF3F01D1002300E0012318467C
:101CE00009B05DF804FB00BF34EC0300E8E9030031
:101CF00020EA03005CEC030000B589B005900B46B8
:101D000003928DF813309DF813301A4605994D480B
:101D1000ECF768F84C4A9DF8133082F8F330039BD7
:101D20001B68494AC2F8F830039BB3F904309B00A2
:101D30001AB2454BA3F8F620039BB3F906309BB2C9
:101D400040339BB21AB2404BA3F8F420039B1A7A9B
:101D50003D4B1A70039B9A7A3B4B83F8FC20039B04
:101D6000DB68394AC2F80031039B1A7C364B83F892
:101D70000421354B93F8F3300093344B344A40F24E
:101D800052613448FAF74EFF002307931BE0079B8C
:101D900003F00F03002B08D1079B002B05D02E4A20
:101DA00040F252612B48FAF73DFF274A079B134444
:101DB00001331B78294A40F252612648FAF732FF74
:101DC000079B01330793204B93F8F3301A46079B88
:101DD0009342DCD3204A40F252611E48FAF722FFB8
:101DE000194B1B781E4A40F253611A48FAF71AFF42
:101DF000154BB3F9F6301A46134BB3F9F430009390
:101E00001346184A40F254611248FAF70BFF0E4B82
:101E1000D3F800310C4A92F804210092124A40F2A1
:101E200055610C48FAF7FEFE074B93F8FC300F4A59
:101E300040F256610748FAF7F5FE00BF09B05DF8B9
:101E400004FB00BF7D3400107C34001080EC0300E4
:101E500090EC0300E8E90300A4EC0300A8EC030005
:101E6000B0EC0300C0EC0300E0EC030000ED030065
:101E700000B583B001901D4BD3F8F820019BC3F847
:101E8000F8201A4BB3F9F620019BA3F8F620174B64
:101E9000B3F9F420019BA3F8F420144B1A78019BAA
:101EA0001A70124B93F8FC20019B83F8FC200F4B17
:101EB000D3F80021019BC3F800210C4B93F80421B7
:101EC000019B83F80421094B93F8F320019B83F8CD
:101ED000F320019B0133054A92F8F3200449184688
:101EE000EBF780FF00BF03B05DF804FB7C3400100B
:101EF0007D34001082B003460A468DF80730134641
:101F00008DF80630074A9DF8073013709DF80630AB
:101F1000142B38BF1423DAB2024B5A7000BF02B040
:101F2000704700BF2434001082B00190054B1A782E
:101F3000019B1A70034B5A78019B5A7000BF02B084
:101F4000704700BF24340010054B1B78002B05D0D0
:101F5000034B1B78013BDAB2014B1A7000BF70478C
:101F60002434001000B589B001AB1C2219460020B2
:101F7000FAF7D8FC01AB1821184603F079FC0246A9
:101F8000079B9A4215D1BDF80430DAB2124B1A7091
:101F90009DF808301AB2114B1A80039B104A136047
:101FA0000D4B1B780F4A40F29A610F48FAF73AFE40
:101FB0000DE00E4A40F2A2610B48FAF733FE0C4ADC
:101FC00040F2A2610848FAF72DFE00F013F800BFB6
:101FD00009B05DF804FB00BF4B1900104819001050
:101FE0000434001018ED0300E8E903003CED0300A1
:101FF00020EA030000B589B001AB00221A605A60E4
:102000009A60DA601A615A619A61C723ADF80430A8
:1020100001238DF8083001AB1821184603F028FC85
:102020000346079301AB1C2219460020FAF7D2FCA5
:1020300001AB1C2219460120FAF774FC094B01225E
:102040001A70094A40F2B7610848FAF7EBFD084AEE
:1020500040F2B7610548FAF7E5FD00BF09B05DF849
:1020600004FB00BF8435001078ED0300E8E90300AD
:1020700020EA0300024B00221A7000BF704700BF25
:1020800020340010014B1B6818467047501900108F
:1020900082B00190024A019B136000BF02B07047FA
:1020A00050190010014B1B781846704784350010FA
:1020B00082B003468DF80730034A9DF8073013704D
:1020C00000BF02B0704700BF92350010014B1B7873
:1020D0001846704792350010014B1B881846704710
:1020E0009A35001008B5FBF76BFA0346184608BD91
:1020F00082B003468DF80730034A9DF8073013700D
:1021000000BF02B0704700BF9C350010014B1B7828
:10211000184670479C35001082B003468DF8073092
:10212000034A9DF80730137000BF02B0704700BF2C
:102130009E350010024B93F900301846704700BFDF
:102140009E350010014B1B6818467047A0350010E3
:1021500082B00190024A019B136000BF02B0704739
:10216000A035001000B585B0019000238DF80F3028
:102170000198FBF773F80346002B02D001238DF87A
:102180000F309DF80F30184605B05DF804FB0000D5
:1021900082B00190024A019B136000BF02B07047F9
:1021A000CC35001082B003468DF807309DF807301B
:1021B000012B02D1064B1B6807E09DF80730022B6C
:1021C00002D1044B1B6800E00023184602B07047A0
:1021D000C4350010C835001008B50020FEF738FFE0
:1021E000FAF788FF0020FEF74DFF0020FBF76EFA9C
:1021F0000020FBF7E3F804F0FBFA00BF08BD000085
:1022000000B5E9B068ABA3F5CE73124A1846114683
:1022100040F29B131A46EBF7E5FD0F4A68ABA3F5B6
:10222000CE731046194640F29B131A46EBF7DAFDBF
:102230000A4A40F27D110A48FAF7F4FC094A40F2D2
:102240007D110748FAF7EEFC0023184669B05DF8E7
:1022500004FB00BF4CEE0300D0350010C0ED0300BE
:1022600004EE030048EE030030B589B00346009148
:102270008DF80730009B002B01D102235FE0002383
:102280008DF81F3056E09DF81F202E4913461B0184
:1022900013440B4414331B789DF807209A4244D111
:1022A0009DF80730802B0BD09DF80730832B07D08B
:1022B0009DF80730862B03D09DF80730892B24D159
:1022C00006238DF81E3003AB00221A605A609A6014
:1022D000DA6003AB7F221021009800F08EF80346ED
:1022E0008DF81E309DF81F2013461B011344103338
:1022F000144A134405331D4603AC0FCC28606960B3
:10230000AA60EB609DF81E3019E09DF81F2013466F
:102310001B01134410330B4A134405331022009958
:102320001846EBF75FFD002309E09DF81F300133ED
:102330008DF81F309DF81F30162BA4D903231846A3
:1023400009B030BDD035001000B587B005900491BC
:1023500011461A460B46ADF80E3013468DF80D3077
:102360009DF80D308B2B01D903230BE09DF80D1048
:10237000BDF80E20089B00930B460499059800F0C9
:102380007BFA0346184607B05DF804FB00B589B038
:10239000059003921A460B46ADF8123013468DF89D
:1023A0001130059B002B01D1022322E006238DF87A
:1023B0001F30002306939DF81110BDF8122006ABC4
:1023C00000930B460599002000F056FA03468DF85D
:1023D0001F309DF81F30002B02D09DF81F3008E001
:1023E000069B039A9A4202D001238DF81F309DF874
:1023F0001F30184609B05DF804FB00B5C3B0039068
:102400000846114642AAA2F5827213600346ADF84F
:102410000A300B468DF80930039B002B05D042ABE8
:10242000A3F582731B68002B01D1022346E0BDF89F
:102430000A3003F00F039BB2002B01D005233DE0CF
:1024400005ABF12200211846E9F746FF04AA9DF8E2
:1024500009301146184600F0DDF903468DF80631C3
:102460009DF80631002B27D1049B013305AA1021CA
:10247000184603F09DF800238DF8073118E09DF809
:102480000731039AD0189DF8073142AAA2F582724B
:102490001268134405AA194603F0A6F99DF80731FE
:1024A00010338DF80731BDF80A30103BADF80A3013
:1024B000BDF80A30002BE2D19DF80631184643B032
:1024C0005DF804FB00B589B001900B468DF8033030
:1024D00013468DF80230019B002B01D1022335E019
:1024E00006238DF81F3003AB00221A605A609A60F1
:1024F000DA609DF802307F2B05D19DF80330082B60
:1025000001D0032322E003AB9DF8032010210198A2
:10251000FFF773FF03468DF81F309DF81F30002B27
:1025200002D09DF81F3011E003AA9DF80230114639
:102530001846FFF799FE03468DF81F309DF81F30AF
:10254000002B02D09DF81F3000E00023184609B090
:102550005DF804FB00B587B00291019303468DF846
:102560000F301346ADF80C30019B002B05D0099BB2
:10257000002B02D00A9B002B01D102236CE09DF8B6
:102580002030212B01D9052366E001238DF8173077
:102590009DF80F30FF2B02D003238DF817309DF8E4
:1025A00020301A4601990998EBF71CFC019B581C36
:1025B0009DF820309BB2013B99B2099B01339DF8F5
:1025C0001720FFF71AFF0346002B01D0072343E033
:1025D000099B0B331B78DB09DAB20A9B1A700023C4
:1025E00004939DF82030043B099A13441B7804930C
:1025F0009DF82030033B099A13441B781B02049A70
:10260000134304939DF82030023B099A13441B782E
:102610001B04049A134304939DF82030013B099A4C
:1026200013441B781B06049A134304930A9B1B78DC
:10263000002B0ED19DF820309BB2043B99B20123B0
:10264000049A0998FFF7A2FE0346002B03D001234A
:1026500002E0042300E00023184607B05DF804FB05
:1026600082B00190019B002B01D1022305E0044BB5
:10267000019A1068516803C30023184602B07047DE
:10268000D035001082B00190019B002B01D10223B4
:1026900007E0019B04491A460B4603CB10605160CA
:1026A0000023184602B07047D035001082B0019068
:1026B000019B002B01D1022306E0054B019A083350
:1026C0001068516803C30023184602B0704700BF6A
:1026D000D035001082B00190019B002B01D1022364
:1026E00006E0019A044B083303CB106051600023CD
:1026F000184602B0704700BFD035001000B5E9B0F1
:1027000068ABA3F5D07318464FF4D0731A46002176
:10271000E9F7E2FD68ABA3F5D073114A18461146FC
:1027200040F29B131A46EBF75DFB6B464FF4CE71FC
:10273000184600F013F9024668ABA3F5D073C3F84E
:102740009C216B464FF4D07219460320FAF742F9E8
:1027500000F008F80023184669B05DF804FB00BFDC
:10276000D035001000B5ADF5517D68AB4FF4D07297
:1027700019460320FAF7D6F868AB4FF4CE71184625
:1027800000F0ECF80246D0ABA3F5D073D3F89C313F
:102790009A420CD11A4AD0ABA3F5D0731046194611
:1027A00040F29B131A46EBF71DFB002322E0154A6B
:1027B00040F2AA211448FAF735FA144A40F2AA2145
:1027C0001148FAF72FFAD0ABA3F54F73104A184609
:1027D000114640F29B131A46EBF704FB084AD0ABB4
:1027E000A3F54F731046194640F29B131A46EBF7B8
:1027F000F9FA062318460DF5517D5DF804FB00BF7C
:10280000D0350010E8EF030004EE030048EE0300AB
:102810004CEE030084B0034600918DF8073000238E
:102820008DF80F301EE09DF80F20124913461B0152
:1028300013440B4414331B789DF807209A420CD1A3
:102840009DF80F2013461B0113441033094A13440B
:102850001A1D009B1A60002309E09DF80F30013318
:102860008DF80F309DF80F30162BDCD90323184656
:1028700004B07047D035001010B5D0B050ACA4F5FE
:102880009A74206050A8A0F59C700160194650AB66
:10289000A3F59D731A8050ABA3F23B130A461A703E
:1028A00050ABA3F59C731B68002B02D0529B002BEE
:1028B00001D102234EE005AB1846FDF78BFC04AABC
:1028C00050ABA3F23B131B7811461846FFF7A2FF4B
:1028D00003468DF83F319DF83F31002B38D150AB86
:1028E000A3F598731B685A1C05AB11461846FDF7F3
:1028F00089FC50ABA3F59A731B68002B07D050AB33
:10290000A3F59A7305A810221968FDF789FC50AB4E
:10291000A3F59D731A8850ABA3F59C7305A819689D
:10292000FDF77EFC05AA4BAB11461846FDF732FDBC
:102930009DF82F311A069DF82E311B041A439DF87D
:102940002D311B0213439DF82C211A43529B1A6010
:102950009DF83F31184650B010BD000086B0019080
:1029600000914FF0FF3305931CE0019B5A1C01922C
:102970001B781A46059B53400593002304930EE0F1
:10298000059B03F001035B420393059B5A080399DF
:10299000094B0B4053400593049B01330493049B64
:1029A000072BEDDD009B5A1E0092002BDDDC059B02
:1029B000DB43184606B070472083B8ED00B583B0FE
:1029C0000190019B9B68019A126810469847034644
:1029D000184603B05DF804FB00B583B00190019B7D
:1029E000DB68019A1268104698470346184603B000
:1029F0005DF804FB00B583B001900B468DF8033001
:102A0000019B5B69019A12689DF803101046984774
:102A10000346184603B05DF804FB000000B583B020
:102A200001900091274A4FF480712748FAF7FAF88D
:102A3000264A4FF480712448FAF7F4F8019B1846AF
:102A4000FFF7BCFF019B1846FFF7C6FF019B012162
:102A50001846FFF7CFFF019B1B681846FFF798FB4E
:102A600001991B4814F084FD19491A48FAF78EF8A9
:102A7000174B194A0221164814F004FE144B174A4A
:102A80000021134814F0FEFD114B154A0121104896
:102A900014F0F8FD0E4B134A08210D4814F0F2FD16
:102AA0000B4B114A09210A4814F0ECFD0F4A084962
:102AB000009803F031FEFFF7A3FB00BF03B05DF801
:102AC00004FB00BF34F0030054F0030080F0030067
:102AD00060380010F98E03002D3A0200393A0200E6
:102AE0009D3A0200153B02008D3B02002842001077
:102AF00000B583B0FAF774FD0346184605F01FF9D8
:102B000003468DF807309DF80730002B0AD00021CE
:102B10000420FDF7C9FF9DF8073000221946042064
:102B2000FDF760FF04F0D2FB0346184603B05DF8E2
:102B300004FB000000B58FB005900491FFF7E6FAA2
:102B40000346002B01D0052368E1059B002B01D132
:102B5000042363E1049B002B01D104235EE10023E5
:102B60008DF83730FDF79AFF03468DF836309DF823
:102B70003630192B21D9AB48F9F798FF0120F9F726
:102B8000C5FFA84BA84A40F24711A848FAF74AF8EF
:102B9000A74A40F24711A548FAF744F8A54A40F27F
:102BA0004711A248FAF73EF8A14A40F247119F4860
:102BB000FAF738F8F9F772FE2EE19DF83630002B5F
:102BC00000F02781FDF7B8FF03461A46059B5A70AF
:102BD000059B5B781846FDF789FE0346013BDAB298
:102BE000059B9A709DF83630013BDAB2049B1A704F
:102BF000059B5B78182B00F2018101A252F823F0AB
:102C0000652C0200FD2D0200FD2D0200192D020091
:102C1000732C0200FD2D02002D2D0200412D02001B
:102C2000FD2D0200FD2D0200FD2D0200FD2D0200F4
:102C3000FD2D0200592D0200FD2D0200FD2D020088
:102C40006D2D0200AD2D0200912D0200C12D02005C
:102C5000D52D0200FD2D0200E92D0200E92D020014
:102C6000E92D0200FAF754FB03461A46059B9A80A9
:102C7000C5E0FAF7B5FC059B03F10801059B03F1DC
:102C8000FA02142302930DF11F03019308AB009382
:102C9000F22305F05BF8BDF9263013F1800F0CDB51
:102CA000BDF926303F2B08DCBDF92630DBB24033BE
:102CB000DBB25AB2059B1A710FE0BDF926303F2BEB
:102CC00003DD059B7F221A7107E0BDF9263013F161
:102CD000800F02DA059B80221A71BDF924305BB2A5
:102CE0009B005AB2059B5A719DF82920059B9A7149
:102CF0009DF82820059BDA719DF82A301A46059B1D
:102D000083F8FC200B9A059BC3F800219DF8302026
:102D1000059B83F8042172E0059B5B781846FDF75C
:102D200023FE03461A46059B1A7168E0059B5B78F3
:102D30001846FDF719FE03461A46059B1A715EE018
:102D4000FEF7CEFA0346002B14BF01230023DBB2AB
:102D50001A46059B1A7152E0059B5B781846FDF7F1
:102D600003FE03461A46059B1A7148E0059B5A1D4F
:102D7000059B063319461046FAF78EFC059B5B78D7
:102D80001846FDF7F1FD03461A46059B1A7136E019
:102D9000294B1A68059B9A60284B1B78184600F04F
:102DA000A1FD03461A46059B1A7128E0059B5B7836
:102DB0001846FDF7D9FD03461A46059B1A711EE019
:102DC000059B5B781846FDF7CFFD03461A46059B29
:102DD0001A7114E0059B5B781846FDF7C5FD0346A4
:102DE0001A46059B1A710AE0059B5B781846FDF7A9
:102DF000BBFD03461A46059B1A7100E000BF059B08
:102E00005B78002200211846FDF7ECFDFDF734FE4B
:102E100002E0059BFF225A709DF8373018460FB02C
:102E20005DF804FB102C040084F0030054F0030050
:102E300080F003009CF003002C4200102942001097
:102E400000B583B00190FFF761F90346002B01D074
:102E500005230EE0019B002B01D1042309E0019B17
:102E600003221A70019B02225A70019B04229A705D
:102E70000023184603B05DF804FB00B585B001904F
:102E8000FFF744F90346002B01D0052319E0019B0D
:102E9000002B01D1042314E0FAF7BAFB0346039395
:102EA0009DF80C20019B1A709DF80D20019B5A7013
:102EB0009DF80E20019B9A709DF80F20019BDA70FF
:102EC0000023184605B05DF804FB00B585B00190FD
:102ED000FFF71CF90346002B01D0052319E0019BE5
:102EE000002B01D1042314E0FAF7B0FB034603934F
:102EF0009DF80C20019B1A709DF80D20019B5A70C3
:102F00009DF80E20019B9A709DF80F20019BDA70AE
:102F10000023184605B05DF804FB00B585B00346F4
:102F200000918DF80730FFF7F1F80346002B01D030
:102F300005230FE0009B002B01D104230AE00023AE
:102F40008DF80F30FFF7F6F803461A46009B1A700B
:102F50009DF80F30184605B05DF804FB00B583B04E
:102F600003460A468DF8073013468DF80630FFF702
:102F7000CDF80346002B01D0052310E09DF9063063
:102F800013F11E0F03DB9DF906301E2B01DD042318
:102F900005E09DF906301846FFF7BEF800231846F5
:102FA00003B05DF804FB00B585B0034600918DF8D1
:102FB0000730FFF7ABF80346002B01D005230FE0E5
:102FC000009B002B01D104230AE000238DF80F3071
:102FD000FDF7F4FF03461A46009B1A609DF80F3078
:102FE000184605B05DF804FB00B585B00190FFF709
:102FF0008DF80346002B01D0052311E000238DF846
:103000000F30019B002B05D0F9F74FFC0246019BC6
:10301000134400E000231846FFF73AF89DF80F30FC
:10302000184605B05DF804FB00B585B00346009175
:103030008DF80730FFF76AF80346002B01D005230F
:1030400028E0009B002B01D1042323E000238DF80E
:103050000F30FDF751FE0346002B10D005238DF8ED
:103060000F300E4B0E4A4FF462710E48F9F7DAFD3D
:103070000D4A4FF462710B48F9F7D4FD08E000984F
:10308000FAF71DF90346002B02D006238DF80F3006
:103090009DF80F30184605B05DF804FB282C04009D
:1030A0005CF1030054F0030080F0030000B585B02C
:1030B000034600918DF80730FFF728F80346002BF0
:1030C00001D0052328E0009B002B01D1042323E03D
:1030D00000238DF80F30FDF70FFE0346002B10D0B4
:1030E00005238DF80F300E4B0E4A4FF46C710E48CD
:1030F000F9F798FD0D4A4FF46C710B48F9F792FD02
:1031000008E00098FAF795F80346002B02D0062352
:103110008DF80F309DF80F30184605B05DF804FBB0
:10312000402C04005CF1030054F0030080F0030025
:1031300000B585B0034600918DF80730FEF7E6FF35
:103140000346002B01D0052328E0009B002B01D172
:10315000042323E000238DF80F30FDF7CDFD034657
:10316000002B10D005238DF80F300E4B0E4A4FF474
:1031700072710E48F9F756FD0D4A4FF472710B4803
:10318000F9F750FD08E00098FEF7ECFF0346002B2E
:1031900002D006238DF80F309DF80F30184605B089
:1031A0005DF804FB582C04005CF1030054F00300AC
:1031B00080F0030000B583B003460A468DF807305F
:1031C00013468DF80630FEF7A1FF0346002B01D011
:1031D00005234BE09DF80630022B3DD0022B42DC4C
:1031E000002B02D0012B07D03DE00020FAF76EFA49
:1031F0000020FAF7E3F838E0FAF744FA034683F0E0
:103200000103DBB2002B0DD01A4A40F2F6311A4806
:10321000F9F708FD194A40F2F6311748F9F702FDAF
:10322000062323E0FDF768FD0346022B0DD0144A68
:103230004FF47F711048F9F7F5FC104A4FF47F7195
:103240000D48F9F7EFFC062310E00120FAF73EFAEB
:103250000020FAF7B3F808E00020FAF737FA012067
:10326000FAF7ACF801E0042300E00023184603B0AD
:103270005DF804FB8CF1030054F0030080F00300C0
:10328000C8F1030000B583B003460A468DF8073045
:1032900013468DF80630FEF739FF0346002B01D0A8
:1032A00005232BE0FDF728FD0346002B0ED0154B20
:1032B000154A40F25B511548F9F7B4FC144A40F244
:1032C0005B511248F9F7AEFC052317E09DF8063074
:1032D0001846FDF7FDFC0346002B0ED1094B0D4AA5
:1032E00040F261510948F9F79DFC094A40F26151E9
:1032F0000648F9F797FC042300E00023184603B0C2
:103300005DF804FB702C04005CF1030054F0030032
:1033100080F0030000F2030000B585B00346009280
:103320008DF807300B468DF80630FEF7EFFE0346AA
:10333000002B01D0052354E000238DF80F309DF8B9
:103340000630032B0FD1009B002B01D1042348E052
:103350009DF80630102200991846FEF7EFFA034652
:103360008DF80E3019E09DF80630002B07D09DF83F
:103370000630012B03D09DF80630022B0AD19DF8B0
:103380000630002200991846FEF7D8FA03468DF859
:103390000E3002E000238DF80E309DF80630012B30
:1033A00007D09DF80630022B03D09DF80630032B82
:1033B00001D1FAF72FF89DF80E30002B0FD104231E
:1033C0008DF80F30094B0A4A40F299510948F9F734
:1033D00029FC094A40F299510648F9F723FC9DF867
:1033E0000F30184605B05DF804FB00BF882C0400C0
:1033F00028F2030054F0030080F0030000B585B00C
:1034000003460A468DF8073013468DF80630FEF75E
:103410007DFE0346002B01D005233FE000238DF8FD
:103420000F3000238DF80E309DF80730032B03D8A2
:103430009DF806303F2B03D904238DF80F302BE085
:103440009DF907309B015AB29DF9063003F03F0306
:103450005BB213435BB28DF80E309DF80E30184608
:10346000FDF798FB0346002B10D104238DF80F3095
:103470000C4B0D4A40F2E6510C48F9F7D3FB0C4ACD
:1034800040F2E6510948F9F7CDFB05E0FDF79CFB5A
:1034900003461846FDF7A0FC9DF80F30184605B00E
:1034A0005DF804FBA42C04007CF2030054F003003C
:1034B00080F0030000B585B003468DF80730FEF7B5
:1034C00025FE0346002B01D005235EE000238DF886
:1034D0000F30F9F767FE0346012B10D106238DF854
:1034E0000F302C4B2C4A4FF4C7612C48F9F79AFB4C
:1034F0002B4A4FF4C7612948F9F794FB43E0FDF7E5
:10350000FBFB0346002B10D005238DF80F30214B19
:10351000244A40F23D612148F9F784FB204A40F2F9
:103520003D611E48F9F77EFB2DE0FDF7D9FE03460D
:10353000FF2B10D106238DF80F30164B1A4A40F29C
:1035400042611648F9F76EFB154A40F24261134892
:10355000F9F768FB17E0FEF7E5F90346012B10D1F8
:1035600006238DF80F300B4B104A40F247610B4891
:10357000F9F758FB0A4A40F247610848F9F752FB4D
:1035800001E0FDF7E7FB9DF80F30184605B05DF848
:1035900004FB00BFC42C0400A4F2030054F0030099
:1035A00080F003005CF10300E0F20300FCF2030092
:1035B00000B583B003468DF80730FEF7A7FD03463C
:1035C000002B01D0052302E0FEF706FE002318467B
:1035D00003B05DF804FB00B587B0029303468DF895
:1035E0000F300B468DF80E3013468DF80D30FEF778
:1035F0008DFD0346002B01D0052319E0029B002B13
:1036000001D1042314E000238DF817309DF82030F9
:103610009DF80D109DF80E000022019200220092EC
:10362000029A00F0B9F803468DF817309DF817306C
:10363000184607B05DF804FB00B585B003460A469E
:103640008DF8073013468DF80630FEF75FFD034610
:10365000002B01D0052315E000238DF80F309DF8D5
:1036600006301846F9F7E8FEFFF748F89DF80630EF
:1036700083F00103DBB2002B02D0012001F010F92E
:103680009DF80F30184605B05DF804FB00B583B017
:1036900003460A468DF8073013468DF80630FEF7CC
:1036A00035FD0346002B01D005230AE09DF80630C6
:1036B0001846F9F79BFF0346002B01D1002300E0D9
:1036C0000423184603B05DF804FB000000B585B084
:1036D00001238DF80F30FDF703FE0346002B14D0B5
:1036E00000238DF80F30FDF717FE03460093244B9F
:1036F000244A40F671312448F9F794FA234A40F6F7
:1037000071312148F9F78EFA33E0FEF70BF90346E1
:10371000012B10D100238DF80F30194B1C4A40F6B5
:1037200076311948F9F77EFA184A40F6763116488C
:10373000F9F778FA1DE0FDF7DFFA0346022B18D0FF
:10374000F9F730FD0346002B13D100238DF80F301D
:10375000FDF7D2FA03460093094B0E4A40F67B313F
:103760000948F9F75FFA094A40F67B310648F9F74C
:1037700059FA9DF80F30184605B05DF804FB00BFFC
:10378000DC2C040024F4030054F0030080F0030058
:10379000FCF2030050F4030000B58BB002921A460D
:1037A00003468DF80F300B468DF80E3013468DF81A
:1037B0000D3000238DF82730FFF788FF034683F094
:1037C0000103DBB2002B03D006238DF8273079E00C
:1037D0009DF80F30002B03D09DF80F30DF2B04D95C
:1037E000F9F79EFE0346002B07D0FDF75FFA03466C
:1037F0001A469DF80F30934213D104238DF82730D9
:103800009DF80F300093324B324A40F6B1313248C6
:10381000F9F708FA314A40F6B1312F48F9F702FAC0
:1038200050E09DF83030002B06D000238DF8183082
:103830000020F9F795FD02E001238DF818309DF87E
:103840003430022B19D0022B1DDC002B02D0012BAF
:103850000DD018E09DF80D301A4602992048EAF77D
:10386000C1FA00238DF810301D4B07930DE00E2395
:103870008DF81030029B079307E0029B07930F23FC
:103880008DF8103001E006231EE09DF80F308DF812
:10389000193001238DF81A309DF80E308DF8213043
:1038A0009DF80D308DF82030F8F7FFFF03460593A3
:1038B00004AB184602F0F6FF0346002B02D00623A5
:1038C0008DF827309DF8273018460BB05DF804FBC3
:1038D000F02C040080F4030054F0030080F0030097
:1038E0006C37001084B003468DF8073009238DF83B
:1038F0000F309DF807300A2B3CD801A252F823F074
:103900002D390200353902003D39020045390200E7
:103910004D3902005539020075390200753902002F
:103920005D390200653902006D39020000238DF80F
:103930000F3023E001238DF80F301FE002238DF8B4
:103940000F301BE003238DF80F3017E004238DF8B0
:103950000F3013E005238DF80F300FE006238DF8AC
:103960000F300BE007238DF80F3007E008238DF8A8
:103970000F3003E009238DF80F3000BF9DF80F30A2
:10398000184604B0704700BF84B003468DF8073076
:1039900009238DF80F309DF807300A2B3CD801A27F
:1039A00052F823F0D1390200D9390200E13902007E
:1039B000E9390200F1390200F9390200193A02002E
:1039C000193A0200013A0200093A0200113A0200D3
:1039D00000238DF80F3023E001238DF80F301FE016
:1039E00002238DF80F301BE003238DF80F3017E012
:1039F00004238DF80F3013E005238DF80F300FE00E
:103A000006238DF80F300BE007238DF80F3007E009
:103A100008238DF80F3003E009238DF80F3000BF25
:103A20009DF80F30184604B0704700BF82B0019077
:103A300000BF02B07047000000B585B00190019B47
:103A40000393039B93F884190F4B104A039814F0C7
:103A500019F90D4B1B780A2B0CD10D4A40F6464143
:103A60000C48F9F7DFF80C4A40F646410948F9F7E7
:103A7000D9F804E000211220FDF716F800BF00BFBE
:103A800005B05DF804FB00BF294200102C42001075
:103A9000A4F4030054F0030080F0030000B589B0E3
:103AA0000190019B079305AB00221A605A60002326
:103AB00004930023ADF80E300DF10D0304AA01218B
:103AC000079814F0DFF80DF10E031A46012107984C
:103AD00014F028F900238DF81430049B06939DF808
:103AE0000D301846FFF750FF03468DF81530BDF82E
:103AF0000E30ADF81630064B1B68002B04D0044B7B
:103B00001B6805AA1046984700BF09B05DF804FB82
:103B10003042001000B589B00190019B079305ABBE
:103B200000221A605A60002304930023ADF80E307F
:103B30000DF10D0304AA0821079814F0A3F80DF164
:103B40000E031A460821079814F0ECF801238DF8AB
:103B50001430049B06939DF80D301846FFF714FFB0
:103B600003468DF81530BDF80E30ADF81630064B13
:103B70001B68002B04D0044B1B6805AA104698470D
:103B800000BF09B05DF804FB3442001000B589B0F5
:103B90000190019B079305AB00221A605A60002335
:103BA00004930023ADF80E300DF10D0304AA092192
:103BB000079814F067F80DF10E031A4609210798CB
:103BC00014F0B0F802238DF81430049B06939DF88E
:103BD0000D301846FFF7D8FE03468DF81530BDF8B6
:103BE0000E30ADF81630064B1B68002B04D0044B8A
:103BF0001B6805AA1046984700BF09B05DF804FB92
:103C00003842001082B003460A468DF8073013464A
:103C10008DF806309DF806300C2B59D801A252F8C9
:103C200023F000BFCD3C0200CD3C0200CD3C0200A1
:103C3000CD3C0200CD3C0200A53C0200853C0200C8
:103C40006D3C02006D3C02005D3C02006D3C0200D8
:103C5000593C02006D3C020000233AE09DF8073019
:103C60000C2B01D1012334E0002332E09DF8073012
:103C70000C2B03D09DF807300B2B01D1012328E03A
:103C8000002326E09DF807300C2B07D09DF8073065
:103C90000B2B03D09DF807300A2B01D1012318E02C
:103CA000002316E09DF807300C2B0BD09DF8073051
:103CB0000B2B07D09DF807300A2B03D09DF8073057
:103CC000092B01D1012304E0002302E0012300E0DD
:103CD0000023184602B0704700B583B00190019BE5
:103CE0009B68019A1268104698470346184603B02D
:103CF0005DF804FB00B583B00190019BDB68019A7D
:103D00001268104698470346184603B05DF804FB56
:103D100000B583B001900B468DF80330019B5B69C1
:103D2000019A12689DF803101046984703461846FA
:103D300003B05DF804FB00B583B00190019BDB6B21
:103D4000019A1268104698470346184603B05DF87A
:103D500004FB00B585B0039002910192039BD3F858
:103D6000A0300199029898470346184605B05DF8BF
:103D700004FB00B585B0039002910192039BD3F838
:103D8000A4300199029898470346184605B05DF89B
:103D900004FB00B583B001900091019BD3F8F4308F
:103DA0000099019898470346184603B05DF804FB54
:103DB00008B5FEF7ABF90346002B0BD0274ACA2102
:103DC0002748F8F72FFF274ACA212548F8F72AFF86
:103DD000052341E0FCF790FF0346002B0BD0224A5D
:103DE000D0211F48F8F71EFF1E4AD0211C48F8F7C3
:103DF00019FF062330E00120FEF77AF91B4AD5218E
:103E00001748F8F70FFF174AD5211548F8F70AFFAA
:103E10004FF48A7200211648E8F75EFAFEF792F92D
:103E20000346134A1360F9F7D5FB0346104A536063
:103E3000F9F7B0FA03461A460D4B1A720C4B1B6881
:103E40000B4A127A1146184613F09AFC084B1B686D
:103E50001846F8F72DFF0023184608BDE0F40300CC
:103E600004F5030034F5030038F5030064F503009E
:103E70003C42001008B5FEF749F9034683F0010300
:103E8000DBB2002B0BD0134AE6211348F8F7CAFE29
:103E9000124AE6211048F8F7C5FE042317E000F0A7
:103EA00021F80346002B01D0062310E00C4B1B68C1
:103EB0000B4A127A1146184613F062FC084B1B6835
:103EC0001846F8F7F5FE0020FEF712F90023184611
:103ED00008BD00BF7CF5030004F5030034F50300C2
:103EE0003C42001008B5FEF711F9034683F00103C8
:103EF000DBB2002B0DD00D4A40F203110C48F8F74D
:103F000091FE0C4A40F203110948F8F78BFE042396
:103F10000AE0094B1B68084A127A1146184613F04A
:103F200037FE00F073FC0023184608BD7CF5030043
:103F300004F5030034F503003C42001030B5C5B071
:103F4000099007921A460B468DF8233013468DF8D8
:103F50002230FEF7DBF8034683F00103DBB2002BCF
:103F60000DD0B44A40F21111B348F8F75BFEB34AE2
:103F700040F21111B048F8F755FE0423E0E1B04BD0
:103F80005B68079918460DF0C7F80346002B0ED062
:103F9000079BAC4A4FF48B71A748F8F743FEA74A3A
:103FA0004FF48B71A448F8F73DFE0423C8E19DF857
:103FB0002031082B0FD99DF82031A34A40F21B1164
:103FC0009D48F8F72FFE9D4A40F21B119A48F8F7DA
:103FD00029FE0423B4E19DF82431062B0FD99DF866
:103FE00024319A4A4FF490719348F8F71BFE934A94
:103FF0004FF490719048F8F715FE0423A0E19DF866
:104000002831062B0FD99DF82831914A40F225110D
:104010008948F8F707FE894A40F225118648F8F7E3
:1040200001FE04238CE13CAB00221A605A609A60C6
:10403000DA601A615A619A611BAB8422002118462A
:10404000E8F74AF97E4B1B7A8DF8F03001238DF8A2
:10405000FA309DF82031002B6DD10BAB2C220021C2
:104060001846E8F739F9079B13939DF822308DF82D
:104070005730734B5B6818460CF01AFE03461293D8
:1040800001238DF8563040F2FF13ADF8543041F65D
:104090000F53ADF8503041F22103ADF852300123F7
:1040A0008DF841309DF823308DF842302823ADF84B
:1040B0003C3018238DF83F3001238DF84430042321
:1040C0008DF8433046F2A8130C934CF250330B9307
:1040D000604B0D9304238DF8383000238DF86C303D
:1040E0001CAC0BAD0FCD0FC40FCD0FC495E807006E
:1040F00084E807009DF922309DF823200192009367
:10410000079B554A40F249114B48F8F78BFD0323B2
:104110008DF8F130514B3D93494B1B68D3F8C039B2
:1041200018461BAB1A1D1BAB14331946FFF721FEB3
:104130000346429376E016AB142200211846E8F7B6
:10414000CBF8079B19939DF822308DF868303C4BD3
:104150005B6818460CF0A2FD03468DF869304B9B56
:104160009BB2ADF85C3000238DF85E309DF82330B3
:104170008DF85F3001238DF8603000238DF86130B9
:104180009DF82031364AD35C8DF858309DF82431A3
:10419000344AD35C8DF859309DF82831324AD35CCB
:1041A0008DF85A309DF858309DF859201146184620
:1041B000FFF728FD03468DF85B3001238DF86C3046
:1041C0001CAC16AD0FCD0FC42B6823609DF92230B7
:1041D0009DF8702011469DF8592010469DF85A20F0
:1041E00014469DF8232004920394029001910093B9
:1041F000079B1E4A40F26B110F48F8F713FD02238C
:104200008DF8F1301A4B3D930D4B1B68D3F8C03934
:1042100018461BAB1A1D1BAB08331946FFF799FD57
:1042200003464293FFF75EFE0346002B22D006238F
:1042300086E000BF7CF5030004F5030034F50300BD
:104240003C420010B8F50300D8F50300F0F5030078
:1042500008F60300A086010020F60300C58A0200CC
:10426000042D0400102D0400182D04004CF603004A
:10427000ED8902009DF8303183F00103DBB2002BA1
:1042800010D0314B1B68304A127A1146184613F091
:1042900077FA2D4B18682C4B197A2B4B2B4A13F0BD
:1042A000F1F90FE0284B1B68274A127A114618468D
:1042B00013F066FA244B1868234B197A224B244AD0
:1042C00013F0E0F9099B002B1DD11F4B012283F84D
:1042D000102100238DF80F310EE0F8F743FC024661
:1042E0009DF80F31D1B2184A13440A465A729DF80C
:1042F0000F3101338DF80F319DF80F219DF82330D8
:104300009A42EAD30AE0104B002283F810219DF86C
:1043100023301A4609990F48E9F764FDF8F7CBFAFC
:10432000034614333F93084B18689DF823309AB224
:104330003CA91BAB00931346064A13F0BBFA0023BB
:10434000184645B030BD00BF3C420010F74802009F
:10435000014902004542001030B5B3B003900B464E
:104360008DF80B30FDF7D2FE034683F00103DBB27C
:10437000002B0DD04A4A40F2A7114A48F8F752FCE8
:10438000494A40F2A7114748F8F74CFC042384E05F
:10439000464B5B68039918460CF0BEFE0346002BA3
:1043A0000ED0039B424A4FF4D6713E48F8F73AFCD0
:1043B0003D4A4FF4D6713B48F8F734FC04236CE0D7
:1043C0002DAB142200211846E7F786FF039B30939C
:1043D0009DF80B308DF8C4300C238DF8B4300C23CD
:1043E0008DF8B530314B5B6818460CF03EFC034647
:1043F0008DF8B6302D4B5B6818460CF04FFC034629
:104400008DF8C5300CAB842200211846E7F764FF15
:1044100001238DF830300DAC2DAD0FCD0FC42B68BE
:10442000236005AB00221A605A609A60DA601A6154
:104430005A619A611D4B1B7A8DF8143001238DF857
:104440001E30F8F738FA0346023308934FF4FA6344
:104450000B9300238DF81530164B0693134B1868F9
:1044600005A90CAB00930023002213F023FA0346A6
:10447000002B07D09DF814300F4A4FF4E77109481C
:10448000F8F7D0FB9DF9C4300093039B0B4A40F230
:10449000D1110448F8F7C6FB0023184633B030BDED
:1044A0007CF5030004F5030034F503003C420010E2
:1044B000B8F50300554C02008CF60300B0F603007B
:1044C00030B5BFB00590084611461A4603468DF830
:1044D00013300B468DF8123013468DF81130FDF76E
:1044E00015FE034683F00103DBB2002B0DD0B54A65
:1044F0004FF4ED71B448F8F795FBB44A4FF4ED7101
:10450000B148F8F78FFB042359E1B14B5B6805997B
:1045100018460CF001FE0346002B0ED0059BAD4A59
:1045200040F2DF11A848F8F77DFBA84A40F2DF11FE
:10453000A548F8F777FB042341E19DF81330082BD9
:104540000FD99DF81330A44A4FF4F2719E48F8F742
:1045500069FB9E4A4FF4F2719B48F8F763FB042312
:104560002DE19DF81230062B0FD99DF812309B4A91
:1045700040F2E9119448F8F755FB944A40F2E911EA
:104580009148F8F74FFB042319E19DF81130062BF1
:104590000FD99DF81130924A4FF4F7718A48F8F715
:1045A00041FB8A4A4FF4F7718748F8F73BFB042335
:1045B00005E1874B0022C3F80C211DAB84220021AA
:1045C0001846E7F789FE4FF0FF33349316AB00220D
:1045D0001A605A609A60DA601A615A619A617C4B7B
:1045E0001B7A8DF8583001238DF862309DF8133016
:1045F000002B54D106AB2C2200211846E7F76CFEA5
:10460000059B0E93724B5B6818460CF051FB0346FA
:104610000D9301238DF8423040F2FF13ADF8403086
:1046200041F60F53ADF83C3041F22103ADF83E3076
:1046300001238DF82D30FF238DF82E302823ADF87F
:10464000283018238DF82B3001238DF830300423C7
:104650008DF82F3046F2A81307934CF2503306938F
:10466000604B089304238DF8243000238DF87430B8
:1046700029AC06AD0FCD0FC40FCD0FC495E80700D0
:1046800084E80700059B584A40F216214E48F8F787
:10469000C9FA01238DF85930544B179366E011ABDA
:1046A000142200211846E7F717FE059B1493484B88
:1046B0005B6818460CF0F2FA03468DF8553000237B
:1046C0008DF85630424B5A689DF813304849CB5C00
:1046D000194610460BF0CEFF0346ADF848300023D4
:1046E0008DF84A30FF238DF84B3000238DF84C3085
:1046F00000238DF84D309DF813303D4AD35C8DF882
:1047000044309DF812303B4AD35C8DF845309DF81B
:104710001130394AD35C8DF846309DF844309DF80D
:10472000452011461846FFF76DFA03468DF84730CD
:1047300001238DF8743029AC11AD0FCD0FC42B6857
:1047400023609DF8A4309DF8A5209DF8A610029145
:1047500001920093059B294A40F235211A48F8F747
:1047600061FA00238DF85930254B1793FFF7BAFBF8
:104770000346002B01D0062321E0154B1B68144A89
:10478000127A1146184612F0FBFF114B1868104BB5
:10479000197A0F4B1B4A12F075FFF8F78CF8034695
:1047A000143319934FF4FA631C93094B186816A934
:1047B0001DAB0093FF23144A13F07CF80023184626
:1047C0003FB030BD7CF5030004F5030034F5030071
:1047D0003C420010CCF60300D8F50300F0F50300CE
:1047E00008F60300A0860100ECF60300158E020017
:1047F000042D0400102D0400182D040000F7030000
:104800005D8D0200994A02004542001008B5FDF78F
:104810007DFC034683F00103DBB2002B0DD01C4A64
:1048200040F2A5211B48F8F7FDF91B4A40F2A521EB
:104830001848F8F7F7F9042327E0184B1B68D3F85A
:10484000C0391846FFF748FA0346002B01D006236B
:104850001BE0124B1B68D3F8C0391846FFF74AFA21
:104860000346002B01D006230FE00C4B1B68D3F846
:10487000C03901211846FFF74BFA0346002B01D03F
:10488000062302E0F8F7A5F90023184608BD00BF8B
:104890007CF5030004F5030034F503003C420010EE
:1048A00000B583B003468DF80730FDF72FFC0346B3
:1048B000002B01D005231AE09DF8073083F0010397
:1048C000DBB2002B01D0022300E001231846F8F7E9
:1048D00047FD0346002B09D19DF8073083F0010303
:1048E000DBB21846FDF7E4FB002300E00423184682
:1048F00003B05DF804FB82B0019000BF02B07047C6
:1049000010B5AEB00390F7F7CEFF039B1B68039A78
:10491000127A134493F878378DF8B5309DF8B53096
:104920000A2B06D1584A40F221315848F8F77AF953
:10493000A8E026AB00221A605A609A60DA601A6119
:104940005A619A61039B1B7A8DF8983001238DF888
:10495000A230F7F7B0FF034614332993039B1A687C
:10496000039B1B7A19460B465B010B449B001344C7
:10497000183305A8043384221946E9F733FA9DF861
:104980001430012B3FD102238DF89930404B2793EF
:10499000039B93F81031002B18D000238DF8B7300B
:1049A0000EE0F8F7DFF802469DF8B730D1B2039A6F
:1049B00013440A465A729DF8B73001338DF8B73068
:1049C0009DF81F309DF8B7209A42EAD3039B1B68DD
:1049D000D3F8C039184605AB1A1D05AB0833194684
:1049E000FFF7B7F903462C93039B1868039B03F169
:1049F00009029DF81F301C4626A905AB00932346EB
:104A000012F058FF3EE003238DF89930214B279395
:104A1000039B93F81031002B18D000238DF8B6308B
:104A20000EE0F8F79FF802469DF8B630D1B2039A2F
:104A300013440A465A729DF8B63001338DF8B630E9
:104A40009DF82E309DF8B6209A42EAD3039B1B684E
:104A5000D3F8C039184605AB1A1D05AB14331946F7
:104A6000FFF787F903462C93039B1868039B03F118
:104A700009029DF82E301C4626A905AB009323465B
:104A800012F018FF2EB010BD9CF7030004F50300D0
:104A9000ED890200C58A020010B5B0B00390F7F7A7
:104AA00002FF039B1B68039A127A134493F878372A
:104AB0008DF8BB309DF8BB30042B5CD1039BD3F841
:104AC0000C315A1C039BC3F80C21039B1A68039BEF
:104AD0001B7A19460B465B010B449B0013447E3343
:104AE0001B88ADF8B830039B1A68039B1B7A1946E4
:104AF0000B465B010B449B0013447C331B88ADF8D1
:104B0000B630039B1A68039B1B7A03F5F3739B0073
:104B100013445B682C93BDF9B620BDF9B8300093FF
:104B20001346454A40F261314448F8F77BF80023C8
:104B30002F930DE0039A2F9B134409331B78404AAF
:104B40004FF459713D48F8F76DF82F9B01332F93BF
:104B5000039B1B68039A127A02F5657233F81230D0
:104B60001A462F9B9342E5DB364A40F266313348C2
:104B7000F8F758F80AE09DF8BB300A2B06D1324A04
:104B80004FF45B712D48F8F74DF853E025AB002248
:104B90001A605A609A60DA601A615A619A61039BDE
:104BA0001B7A8DF8943001238DF89E30F7F783FE41
:104BB0000346143328934FF4FA632B93039B1A682C
:104BC000039B1B7A19460B465B010B449B00134465
:104BD000183304A8043384221946E9F703F99DF831
:104BE0001030012B13D100238DF89530174B2693ED
:104BF000039B1868039B03F109029DF847301C468C
:104C000025A904AB0093234612F054FE12E00123C1
:104C10008DF895300E4B2693039B1868039B03F188
:104C200009029DF856301C4625A904AB0093234683
:104C300012F040FE30B010BDC0F7030004F50300D1
:104C4000D4F70300DCF70300E0F703005D8D0200FA
:104C5000158E020000B585B00190019B0393039B64
:104C600093F884398DF80B30039BD3F8C03918467C
:104C7000FFF740F80346002B04D040F28D31164870
:104C8000F7F75AFF039BD3F8C0099DF80B20134692
:104C90005B0113449B001833039A134408331946ED
:104CA000FFF777F80346002B04D040F28E310A4814
:104CB000F7F742FF039BD3F8C0391846FFF73BF8DC
:104CC0000346002B04D040F28F310348F7F734FF3E
:104CD00000BF05B05DF804FB202D040082B00190F8
:104CE0000091009B1A78019B1A70019B0133009A76
:104CF00052781A70019B0233009A92781A70019BC5
:104D00000333009AD2781A70019B0433009A127907
:104D10001A70019B0533009A52791A70019B063371
:104D2000009A92791A70019B0733009AD2791A700F
:104D3000019B0833009A127A1A70019B0933009A7A
:104D4000527A1A70019B0A33009A927A1A70019B68
:104D50000B33009AD27A1A70019B0C33009A127BA3
:104D60001A70019B0D33009A527B1A70019B0E330F
:104D7000009A927B1A70019B0F33009AD27B1A70B3
:104D800000BF02B0704784B00390029113468DF8C3
:104D9000073007E0029A531C0293039B591C0391AE
:104DA00012781A709DF807305A1E8DF80720002BD4
:104DB000F0D100BF00BF04B0704782B001900091F5
:104DC000019B1A78009B1B785340DAB2019B1A7042
:104DD000019B01331978009B01331A78019B013341
:104DE0004A40D2B21A70019B02331978009B0233F9
:104DF0001A78019B02334A40D2B21A70019B0333E6
:104E00001978009B03331A78019B03334A40D2B2CE
:104E10001A70019B04331978009B04331A78019BA4
:104E200004334A40D2B21A70019B05331978009BB3
:104E300005331A78019B05334A40D2B21A70019BA0
:104E400006331978009B06331A78019B06334A40D3
:104E5000D2B21A70019B07331978009B07331A7876
:104E6000019B07334A40D2B21A70019B083319786C
:104E7000009B08331A78019B08334A40D2B21A705B
:104E8000019B09331978009B09331A78019B093378
:104E90004A40D2B21A70019B0A331978009B0A3338
:104EA0001A78019B0A334A40D2B21A70019B0B3325
:104EB0001978009B0B331A78019B0B334A40D2B20E
:104EC0001A70019B0C331978009B0C331A78019BE4
:104ED0000C334A40D2B21A70019B0D331978009BF3
:104EE0000D331A78019B0D334A40D2B21A70019BE0
:104EF0000E331978009B0E331A78019B0E334A400B
:104F0000D2B21A70019B0F331978009B0F331A78B5
:104F1000019B0F334A40D2B21A7000BF02B07047F3
:104F200084B0039002910192029B1A78019B1B7836
:104F30005340DAB2039B1A70029B01331978019B2C
:104F400001331A78039B01334A40D2B21A70029B94
:104F500002331978019B02331A78039B02334A40CB
:104F6000D2B21A70029B03331978019B03331A786B
:104F7000039B03334A40D2B21A70029B0433197860
:104F8000019B04331A78039B04334A40D2B21A704F
:104F9000029B05331978019B05331A78039B05336F
:104FA0004A40D2B21A70029B06331978019B06332D
:104FB0001A78039B06334A40D2B21A70029B073319
:104FC0001978019B07331A78039B07334A40D2B202
:104FD0001A70029B08331978019B08331A78039BD7
:104FE00008334A40D2B21A70029B09331978019BE8
:104FF00009331A78039B09334A40D2B21A70029BD4
:105000000A331978019B0A331A78039B0A334A4002
:10501000D2B21A70029B0B331978019B0B331A78AA
:10502000039B0B334A40D2B21A70029B0C3319789F
:10503000019B0C331A78039B0C334A40D2B21A708E
:10504000029B0D331978019B0D331A78039B0D33A6
:105050004A40D2B21A70029B0E331978019B0E336C
:105060001A78039B0E334A40D2B21A70029B0F3358
:105070001978019B0F331A78039B0F334A40D2B241
:105080001A7000BF04B0704700B583B00190009162
:1050900000990198FFF791FE00BF03B05DF804FB93
:1050A00084B00190019B1B781A464B4B9A5C019B84
:1050B0001A70019B04331B781946019B0433464A3E
:1050C000525C1A70019B08331B781946019B083308
:1050D000414A525C1A70019B0C331B781946019BA4
:1050E0000C333D4A525C1A70019B5B788DF80F308F
:1050F000019B05331B781946019B0133364A525CEC
:105100001A70019B09331B781946019B0533324AFB
:10511000525C1A70019B0D331B781946019B0933B1
:105120002D4A525C1A709DF80F20019B0D332A49BD
:105130008A5C1A70019B9B788DF80F30019B0A33B3
:105140001B781946019B0233234A525C1A709DF862
:105150000F20019B0A3320498A5C1A70019B9B79BE
:105160008DF80F30019B0E331B781946019B0633D7
:10517000194A525C1A709DF80F20019B0E33164994
:105180008A5C1A70019BDB7B8DF80F30019B0B331F
:105190001B781946019B0F330F4A525C1A70019B12
:1051A00007331B781946019B0B330B4A525C1A706C
:1051B000019B03331B781946019B0733064A525C57
:1051C0001A709DF80F20019B033303498A5C1A7003
:1051D00000BF04B0704700BF402D040000B587B089
:1051E000019002AB01991846FFF778FD9DF8083051
:1051F0001A46B44B9A5C9DF80D301946B24B5B5C75
:105200005340DAB29DF812301946B04B5B5C534004
:10521000DAB29DF817301946AC4B5B5C5340DAB2FA
:10522000019B1A709DF808301A46A84B9A5C9DF8AD
:105230000D301946A34B5B5C5340DAB29DF8123037
:105240001946A14B5B5C5340D9B29DF817301A4602
:105250009E4B9A5C019B01334A40D2B21A709DF872
:1052600008301A46994B9A5C9DF80D301946974BB9
:105270005B5C5340DAB29DF812301946914B5B5C8F
:105280005340D9B29DF817301A468F4B9A5C019B58
:1052900002334A40D2B21A709DF808301A468A4B3F
:1052A0009A5C9DF80D301946884B5B5C5340DAB22E
:1052B0009DF812301946854B5B5C5340D9B29DF87E
:1052C00017301A467F4B9A5C019B03334A40D2B297
:1052D0001A709DF80C301A467A4B9A5C9DF8113082
:1052E0001946794B5B5C5340DAB29DF8163019468B
:1052F000764B5B5C5340D9B29DF80B301A46734B2A
:105300009A5C019B04334A40D2B21A709DF80C306B
:105310001A466E4B9A5C9DF811301946694B5B5CDE
:105320005340DAB29DF816301946674B5B5C534028
:10533000D9B29DF80B301A46644B9A5C019B053339
:105340004A40D2B21A709DF80C301A465F4B9A5CF4
:105350009DF8113019465D4B5B5C5340DAB29DF805
:1053600016301946574B5B5C5340D9B29DF80B3051
:105370001A46554B9A5C019B06334A40D2B21A70CA
:105380009DF80C301A46504B9A5C9DF81130194626
:105390004E4B5B5C5340DAB29DF8163019464B4BCE
:1053A0005B5C5340D9B29DF80B301A46454B9A5C72
:1053B000019B07334A40D2B21A709DF810301A464A
:1053C000404B9A5C9DF8153019463F4B5B5C53404F
:1053D000DAB29DF80A3019463C4B5B5C5340D9B2B7
:1053E0009DF80F301A46394B9A5C019B08334A40AE
:1053F000D2B21A709DF810301A46344B9A5C9DF860
:10540000153019462F4B5B5C5340DAB29DF80A30D9
:1054100019462D4B5B5C5340D9B29DF80F301A46AC
:105420002A4B9A5C019B09334A40D2B21A709DF80C
:1054300010301A46254B9A5C9DF815301946234BBF
:105440005B5C5340DAB29DF80A3019461D4B5B5C39
:105450005340D9B29DF80F301A461B4B9A5C019B02
:105460000A334A40D2B21A709DF810301A46164BD1
:105470009A5C9DF815301946144B5B5C5340DAB2C8
:105480009DF80A301946114B5B5C5340D9B29DF828
:105490000F301A460B4B9A5C019B0B334A40D2B239
:1054A0001A709DF814301A46064B9A5C9DF8093024
:1054B0001946054B5B5C5340DAB29DF80E30194635
:1054C00006E000BF402E0400402F0400402D0400E1
:1054D000344B5B5C5340D9B29DF813301A46314BC4
:1054E0009A5C019B0C334A40D2B21A709DF814307A
:1054F0001A462C4B9A5C9DF8093019462A4B5B5C86
:105500005340DAB29DF80E301946284B5B5C53408D
:10551000D9B29DF813301A46224B9A5C019B0D3389
:105520004A40D2B21A709DF814301A461D4B9A5C4C
:105530009DF8093019461B4B5B5C5340DAB29DF86D
:105540000E301946184B5B5C5340D9B29DF81330AE
:105550001A46164B9A5C019B0E334A40D2B21A701F
:105560009DF814301A46114B9A5C9DF80930194683
:105570000C4B5B5C5340DAB29DF80E301946094B78
:105580005B5C5340D9B29DF813301A46064B9A5CC7
:10559000019B0F334A40D2B21A7000BF07B05DF8CA
:1055A00004FB00BF402D0400402E0400402F0400E7
:1055B00000B587B003900B4601928DF80B309DF833
:1055C0000B30103B102B8CBF01220022D2B2002ADC
:1055D0000BD1834A22FA03F303F00103002B14BF1B
:1055E00001230023DBB2002B05D1019B002283F8AD
:1055F000F020FF23EFE000BF019B9DF80B200399F3
:105600001846FFF7C0FB9DF80B301C33DBB29B0044
:105610008DF811309DF811301B09DBB2013BDAB275
:10562000019B83F8F0209DF80B308DF81730012393
:105630008DF81630C7E09DF81730043B019AD35C13
:105640008DF815309DF81730033B019AD35C8DF827
:1056500014309DF81730023B019AD35C8DF813305B
:105660009DF81730013B019AD35C8DF812309DF8FC
:1056700017309DF80B20B3FBF2F101FB02F29B1AED
:10568000DBB2002B35D19DF815308DF810309DF828
:105690001430544AD25C9DF8163053408DF81530C2
:1056A0009DF813304F4AD35C8DF814309DF81230BA
:1056B0004C4AD35C8DF813309DF81030494AD35CC6
:1056C0008DF812309DF916305B005AB29DF81630F5
:1056D000DB09DBB25BB2194649000B441946C8002E
:1056E000194603460B445BB253405BB28DF816304B
:1056F00027E09DF80B30182B23D99DF817309DF823
:105700000B20B3FBF2F101FB02F29B1ADBB2102B70
:1057100017D19DF81530334AD35C8DF815309DF8BC
:105720001430304AD35C8DF814309DF813302D4A74
:10573000D35C8DF813309DF812302A4AD35C8DF873
:1057400012309DF817209DF80B30D31A8DF81030C9
:105750009DF81030019AD15C9DF817309DF8152006
:105760004A40D1B2019AD1549DF810300133019AC8
:10577000D15C9DF8173001339DF814204A40D1B216
:10578000019AD1549DF810300233019AD15C9DF8F2
:10579000173002339DF813204A40D1B2019AD154F8
:1057A0009DF810300333019AD15C9DF81730033314
:1057B0009DF812204A40D1B2019AD1549DF8173079
:1057C00004338DF817309DF817209DF811309A4258
:1057D000FFF431AF0023184607B05DF804FB00BFAB
:1057E00001010100402D040000B58BB0039002912F
:1057F0000192019B93F8F030002B33D0019A05AB56
:1058000003991846FFF78CFB01238DF8273012E02F
:1058100005AB1846FFF7E2FC019B9DF8272012011B
:105820001A4405AB11461846FFF72EFC9DF82730A9
:1058300001338DF82730019B93F8F0309DF8272035
:105840009A42E5D305AB1846FFF72AFC019B9DF869
:10585000272012011A4405AB19460298FFF760FB96
:10586000002300E0FF2318460BB05DF804FB0000A6
:1058700086B0019000914FF0FF3305931CE0019B2F
:105880005A1C01921B781A46059B5340059300232E
:1058900004930EE0059B03F001035B420393059B19
:1058A0005A080399094B0B4053400593049B01335D
:1058B0000493049B072BEDDD009B5A1E0092002BE6
:1058C000DDDC059BDB43184606B070472083B8ED4E
:1058D00000231846704700B583B0019018220021BC
:1058E0000198E6F7F9FC019B05221A7100BF03B08D
:1058F0005DF804FB00B583B001900B468DF80330D2
:10590000019B1B7883F00103DBB2002B06D09DF8CE
:105910000330002B02D00198FFF7DDFF019B9DF8BB
:1059200003201A7000BF03B05DF804FB82B0019041
:10593000019B1B78184602B0704782B00190019B12
:105940001B79184602B0704782B00190019B5B79C9
:10595000184602B0704784B0039002910192009300
:10596000039B1A89029B1A80039BDA68019B1A60C9
:10597000039B93F91020009B1A7000BF04B070477E
:1059800082B00190019B9B79184602B0704782B0AB
:105990000190019B00229A7100BF02B0704782B053
:1059A0000190019B5B7C184602B0704782B0019069
:1059B000019B1B7D184602B07047000010B58EB0E9
:1059C00005900491029313468DF80F3000238DF853
:1059D0003630109B00221A70059B1B7883F0010360
:1059E000DBB2002B02D0002300F070BD059B5B886A
:1059F00001339AB2059B5A809DF80F30002B02D1DB
:105A0000012300F063BD9DF83630049A13441B78DF
:105A10007F2B00F2458501A252F823F01D5C0200A5
:105A2000975C0200CD5C02000F5D0200715D020018
:105A3000CB5D0200175E0200695E0200BF5E0200DD
:105A4000AF5F020037600200A1640200A16402009F
:105A5000A1640200A1640200A1640200A16402002A
:105A6000A1640200A1640200A1640200A16402001A
:105A7000A1640200A1640200A1640200A16402000A
:105A8000A1640200A1640200A1640200A1640200FA
:105A9000A1640200A1640200A1640200716002001E
:105AA000AB600200E5600200A1640200A164020094
:105AB000A1640200A1640200A1640200A1640200CA
:105AC000A1640200A1640200A1640200A1640200BA
:105AD000A1640200A1640200A1640200A1640200AA
:105AE000A1640200A1640200A1640200A16402009A
:105AF000A1640200A1640200A1640200A16402008A
:105B0000A1640200A1640200A1640200A164020079
:105B1000A1640200A1640200A16402002B610200E2
:105B2000A164020071610200F7610200A164020039
:105B3000A1640200A1640200A1640200A164020049
:105B4000A1640200A1640200A1640200A164020039
:105B5000A1640200A1640200A1640200A164020029
:105B6000A1640200A1640200A1640200A164020019
:105B7000A1640200A1640200A1640200A164020009
:105B8000A1640200A1640200A1640200A1640200F9
:105B9000A1640200A1640200A1640200A1640200E9
:105BA000A1640200A1640200A1640200A1640200D9
:105BB000A1640200A1640200A1640200A1640200C9
:105BC000A1640200A1640200A1640200A1640200B9
:105BD000A1640200A1640200A1640200A1640200A9
:105BE000A1640200A1640200A1640200A164020099
:105BF000A1640200A1640200A1640200A164020089
:105C0000A1640200A1640200A1640200A164020078
:105C100045620200C96202000D6302009DF80F3068
:105C2000012B26D1109B1B785A1CD1B2109A1170EF
:105C30001A46029B134400221A70109B1B785A1CB0
:105C4000D1B2109A11701A46029B134406221A70A0
:105C5000109B1B785A1CD1B2109A11701A46029BE5
:105C6000134401221A70119BE0221A70022300F0E3
:105C70002DBCAA4BAA2201920093A94BA94AAA21A2
:105C8000A948F6F7CFFFA94AAA21A748F6F7CAFF05
:105C9000002300F01BBC9DF80F30012B04D1F6F758
:105CA000FDFD002300F012BC9C4BB7220192009333
:105CB0009B4B9C4AB7219C48F6F7B4FF9B4AB721FF
:105CC0009948F6F7AFFF002300F000BC9DF80F30B5
:105CD000012B0BD10020F7F76FFA0020FBF7B8F982
:105CE000F7F708FAFBF736F80023EFE38B4BC722F0
:105CF000019200938A4B8B4AC7218B48F6F792FF9B
:105D00008A4AC7218848F6F78DFF0023DEE39DF815
:105D10000F30022B1BD1049B01331B78002B03D1C6
:105D2000059B00221A7510E0049B01331B78012BA0
:105D300003D1059B01221A7507E0049B01331B78F0
:105D4000022B02D1059B02221A750723BEE3734B77
:105D5000DF2201920093724B724ADF217248F6F7FC
:105D600061FF724ADF217048F6F75CFF0023ADE364
:105D70009DF80F30022B17D1049B01331B78002BA9
:105D80000BD16B4B09AC0FCB84E80F0009AB1A4663
:105D900003210120FDF7C0FA04E0002200210120C8
:105DA000FDF7BAFA002391E35C4BF52201920093D0
:105DB0005B4B5C4AF5215C48F6F734FF5B4AF52102
:105DC0005948F6F72FFF002380E39DF80F30022B90
:105DD0000DD1049B01331B78002B03D10020FEF76B
:105DE0005FFD02E00120FEF75BFD00236EE34B4BFD
:105DF00040F2091201920093494B4A4A40F20911BC
:105E00004948F6F70FFF494A40F209114648F6F7AC
:105E100009FF00235AE39DF80F30022B10D1049B99
:105E200001331B781A46434B33F81230DAB2059B24
:105E30001A71059B1B791846FDF7D6F8002345E338
:105E4000364B40F2171201920093354B354A40F21F
:105E500017113548F6F7E6FE344A40F2171132487A
:105E6000F6F7E0FE002331E39DF80F30F22B12D855
:105E7000049B01331B78012B03D1059B00225A712F
:105E800007E0049B01331B78022B02D1059B012202
:105E90005A7100231AE3214B40F22B120192009316
:105EA0001F4B204A40F22B111F48F6F7BBFE1F4A3A
:105EB00040F22B111C48F6F7B5FE002306E39DF8CF
:105EC0000F30F22B5FD89DF80F40F7F787F90246A5
:105ED000109B1B78D31A9C4208D3F7F77FF903462F
:105EE000DAB2109B1B78D31ADBB201E09DF80F30B9
:105EF0008DF835309DF83530013B8DF83530109BED
:105F00001B785A1CD1B2109A11701A46029B134486
:105F100008221A7000238DF8373029E026F8030094
:105F200040F8030048F8030004F8030054F80300A5
:105F300074F80300403004009DF837300133049AB0
:105F400013441B7801335A42DBB2D2B258BF5342DA
:105F5000109A1278511CC8B2109908701146029A12
:105F60000A44DBB213709DF8373001338DF83730B7
:105F70009DF837209DF835309A42DDD3119BE02201
:105F80001A700223A2E2AA4B40F24312019200933C
:105F9000A84BA94A40F24311A848F6F743FEA84A85
:105FA00040F24311A548F6F73DFE00238EE29DF82E
:105FB0000F30012B2BD1109B1B785A1CD1B2109A99
:105FC00011701A46029B134409221A70059B5988C6
:105FD000109B1B785A1CD0B2109A10701A46029B64
:105FE0001344CAB21A70059B5B881B0A99B2109BB6
:105FF0001B785A1CD0B2109A10701A46029B134498
:10600000CAB21A70119BE0221A7002235EE2884B1A
:106010004FF4AA7201920093864B874A4FF4AA71FB
:106020008648F6F7FFFD864A4FF4AA718348F6F7D3
:10603000F9FD00234AE29DF80F30012B04D1059BA6
:1060400000225A80002341E2794B40F26112019212
:106050000093784B784A40F261117848F6F7E2FDF8
:10606000774A40F261117548F6F7DCFD00232DE216
:106070009DF80F30012B04D10020FAF741FF0323D4
:1060800024E26B4B40F26F1201920093694B6A4A13
:1060900040F26F116948F6F7C5FD694A40F26F1189
:1060A0006648F6F7BFFD002310E29DF80F30012B84
:1060B00004D10020FAF743FF042307E25C4B4FF4BE
:1060C000BE72019200935B4B5B4A4FF4BE715B481A
:1060D000F6F7A8FD5A4A4FF4BE715848F6F7A2FDEC
:1060E0000023F3E19DF80F30022B0AD1049B01330A
:1060F0001B781846F7F720FB0020FAF73FFF05232F
:10610000E4E14B4B4FF4C57201920093494B4A4A6C
:106110004FF4C5714948F6F785FD494A4FF4C571FA
:106120004648F6F77FFD0023D0E19DF80F30022BA3
:106130000AD1049B01331B78002B14BF01230023D9
:10614000DAB2059B5A74C0E1394B4FF4CB7201921D
:106150000093384B384A4FF4CB713848F6F762FD5C
:10616000374A4FF4CB713548F6F75CFD0023ADE1BB
:106170009DF80F30022B2AD1109B1B785A1CD1B2EC
:10618000109A11701A46029B134442221A70059B02
:10619000598A109B1B785A1CD0B2109A10701A465C
:1061A000029B1344CAB21A70059B5B8A1B0A99B200
:1061B000109B1B785A1CD0B2109A10701A46029B82
:1061C0001344CAB21A70119BE0221A707DE1184B79
:1061D00040F2A51201920093164B174A40F2A51106
:1061E0001648F6F71FFD164A40F2A5111348F6F7B8
:1061F00019FD00236AE19DF80F30012B03D1059BA7
:1062000000225A8261E10A4B4FF4D8720192009346
:10621000084B094A4FF4D8710848F6F703FD084ABD
:106220004FF4D8710548F6F7FDFC00234EE100BF9E
:1062300026F8030040F8030048F8030004F80300C0
:1062400054F803009DF80F30072B29D1059B01223C
:106250009A71049B02331B781B029BB2049A013291
:10626000127813449AB2059B1A81049B05331B785C
:106270001A04049B04331B781B021344049A033250
:1062800012781344642202FB03F31A46059BDA607A
:10629000049B06331B785AB2059B1A74062315E13A
:1062A0008C4B4FF4E372019200938B4B8B4A4FF46B
:1062B000E3718B48F6F7B6FC8A4A4FF4E3718848DD
:1062C000F6F7B0FC002301E19DF80F30012B09D156
:1062D000059B00221A700020F7F7AEF8F6F7DEFAF9
:1062E0000023F3E07B4B40F2D512019200937A4BEE
:1062F0007A4A40F2D5117A48F6F794FC794A40F28E
:10630000D5117748F6F78EFC0023DFE09DF80F30BB
:10631000012B40F0B180F6F761FF03460C2B40F2F1
:10632000D380109B1B785A1CD1B2109A11701A4658
:10633000029B13447F221A7008AB1846FCF780FDBD
:1063400007AB1846FCF799FD06AB1846FCF7BDFDF8
:10635000109B1B785A1CD1B2109A11701A46029BDE
:1063600013449DF820201A70109B1B785A1CD1B240
:10637000109A11701A46029B13449DF821201A703E
:10638000109B1B785A1CD1B2109A11701A46029BAE
:1063900013449DF822201A70109B1B785A1CD1B20E
:1063A000109A11701A46029B134400221A70109B17
:1063B0001B785A1CD1B2109A11701A46029B1344D2
:1063C0009DF81C201A70109B1B785A1CD1B2109A91
:1063D00011701A46029B13449DF81D201A70109BE1
:1063E0001B785A1CD1B2109A11701A46029B1344A2
:1063F0009DF81E201A70109B1B785A1CD1B2109A5F
:1064000011701A46029B13449DF81F201A70109BAE
:106410001B785A1CD1B2109A11701A46029B134471
:106420009DF818201A70109B1B785A1CD1B2109A34
:1064300011701A46029B13449DF819201A70109B84
:106440001B785A1CD1B2109A11701A46029B134441
:106450009DF81A201A70109B1B785A1CD1B2109A02
:1064600011701A46029B13449DF81B201A70119B51
:10647000E0221A70022329E0164B40F20322019217
:106480000093154B154A40F203211548F6F7CAFB55
:10649000144A40F203211248F6F7C4FB002315E02A
:1064A0000C4B40F20922019200930B4B0B4A40F235
:1064B00009210B48F6F7B6FB0B4B0C4A40F20921B9
:1064C0000748F6F7AFFB00E000BF002318460EB008
:1064D00010BD00BF26F8030040F8030048F8030091
:1064E00004F8030054F803005830040060F8030077
:1064F00000B593B003900291009313468DF80730D6
:1065000005AB1846F7F700F9089B002B05D1039B54
:106510005B8A01339AB2039B5A820DF112020DF18C
:1065200013019DF85C301846F7F722F99DF81330F7
:10653000194602980FF082FA11909DF8133019460F
:1065400002980FF0D5FA03468DF84330F7F724F997
:1065500003461A46189BB3FBF2F31893149B1B785F
:106560005A1CD1B2149A11701A46009B134441224E
:106570001A70149B1B785A1CD1B2149A11701A46C7
:10658000009B134401221A70039B598A149B1B78A9
:106590005A1CD0B2149A10701A46009B1344CAB207
:1065A0001A70039B5B8A1B0A99B2149B1B785A1CB6
:1065B000D0B2149A10701A46009B1344CAB21A70D3
:1065C000149B1B785A1CD1B2149A11701A46009B66
:1065D0001344189AD2B21A70189B190A149B1B788C
:1065E0005A1CD0B2149A10701A46009B1344CAB2B7
:1065F0001A70189B190C149B1B785A1CD0B2149A51
:1066000010701A46009B1344CAB21A70149B1B7870
:106610005A1CD1B2149A11701A46009B13449DF86B
:106620005C201A70149B1B785A1CD1B2149A1170FA
:106630001A46009B13449DF854201A709DF954305B
:106640001912149B1B785A1CD0B2149A10701A4657
:10665000009B1344CAB21A70149B1B785A1CD1B207
:10666000149A11701A46009B13449DF858201A7012
:10667000149B1B785A1CD1B2149A11701A46009BB5
:1066800013449DF843201A70149B1B785A1CD1B2F6
:10669000149A11701A46009B1344119AD2B21A70C0
:1066A000119B190A149B1B785A1CD0B2149A1070B3
:1066B0001A46009B1344CAB21A70119B190C149B02
:1066C0001B785A1CD0B2149A10701A46009B1344BF
:1066D000CAB21A70119B990B149B1B785A1CD0B22A
:1066E000149A10701A46009B1344CAB21A709DF88F
:1066F0001310149B1B781A46009B13441A460298E9
:106700000FF004FA149B1B780733DAB2149B1A704B
:1067100000BF13B05DF804FB00B585B00390029193
:106720000192284B00221A70274B01221A70274B26
:1067300000221A70264B01221A70264B00221A7072
:10674000254A039B1360254B0A221A70F22200216E
:106750002348E5F7C1FD234B01221A70224B00228A
:106760001A70224B00221A700298F6F7A1FA002044
:10677000F6F7C8FCF6F7BEFCF9F7D2FFFAF79EF879
:1067800000F036F8FBF7EEFBF6F78FF803461846F5
:10679000FAF7EAF90298FBF7DBFCF6F7C5F90346CE
:1067A000002B03D00120FAF71FFC02E00020FAF7CB
:1067B0001BFC00210020FAF777F900BF05B05DF857
:1067C00004FB00BF504300109C4400109D44001087
:1067D000541900109E440010A044001055190010D8
:1067E000A44400105619001096450010974500105B
:1067F00082B00023019317E01049019A13469B00D1
:1068000013449B000B44083304221A70019BD8B236
:106810000A49019A13469B0013449B000B4402460D
:106820001A70019B01330193019B0F2BE4DD034B95
:10683000042283F8412100BF02B070475443001086
:1068400000B583B003468DF807309DF807300F2B55
:106850000CD89DF807200F4913469B0013449B005A
:106860000B44083304221A7000230EE09DF8073011
:10687000094A40F23D110948F6F7D4F9084A40F2B6
:106880003D110648F6F7CEF90123184603B05DF82E
:1068900004FB00BF5443001084F80300BCF803005D
:1068A000F4F8030000B583B00190019B1B780F2B17
:1068B00061D8019B1B781846019B5A6837490346EB
:1068C0009B0003449B000B4404331A60019B1B781C
:1068D0001946019B187A314A0B469B000B449B00DA
:1068E0001344083302461A70019B1B781946019B1A
:1068F000587A2A4A0B469B000B449B0013440933E9
:1069000002461A70019B1B781946019B987A234A0C
:106910000B469B000B449B0013440A3302461A703B
:10692000019B1B781846019BDA681C4903469B00B3
:1069300003449B000B440C331A60019B1B781946DF
:10694000019B187C154A0B469B000B449B0013448B
:10695000103302461A70019B1B781946019B587C24
:106960000E4A0B469B000B449B0013441133024616
:106970001A7000230EE0019B1B78094A40F2531164
:106980000848F6F74FF9084A40F253110548F6F760
:1069900049F90123184603B05DF804FB5443001085
:1069A000F8F80300BCF80300F4F803002DE9F04107
:1069B000C6B0024646ABA3F209131A70FF238DF846
:1069C000173146ABA3F209131B780F2B00F2738229
:1069D00001A252F823F000BF616A0200196A0200A6
:1069E000B76E0200816B0200B76E0200AF6D02004D
:1069F000CD6D0200B76E0200476E0200B76E020056
:106A00007F6C0200FF6D0200076E0200276E02001D
:106A1000616A0200616A0200FAF76EF90346022B0E
:106A200010D1A74A4FF4B071A648F6F7FBF8A64A72
:106A30004FF4B071A348F6F7F5F8A44B042283F89D
:106A400041213AE2FAF758F90346012B40F035822A
:106A5000F5F731FF0346C8331846F6F733FB2CE24F
:106A600046ABA3F209131A78984913469B001344C6
:106A70009B000B4409331D7846ABA3F209131A7827
:106A8000924913469B0013449B000B440A331E7823
:106A900046ABA3F209131A788C4913469B001344A2
:106AA0009B000B440C331F6846ABA3F209131A7802
:106AB000864913469B0013449B000B44103393F804
:106AC000008046ABA3F209131A78804913469B0055
:106AD00013449B000B4411331B78012B01D1042478
:106AE00000E00224F5F7E7FE0346C8330193009463
:106AF00043463A4631462846F6F7AEFA03468DF845
:106B000017319DF91731002B28D1714B01221A70D2
:106B100046ABA3F209131A786C4913469B00134441
:106B20009B000B440A331B78002B01D0694900E01D
:106B3000694946ABA3F209131A78644813469B00CF
:106B400013449B00034409331B7800930B46634AAC
:106B500040F275115B48F6F765F8B7E15C4B00222F
:106B60001A709DF917315E4A40F27D115548F6F7CB
:106B700059F8554A40F27D115248F6F753F8A5E10D
:106B8000FAF7BAF80346022B40F09981F6F726FB94
:106B900003468DF809319DF8092142A904A8012373
:106BA000FAF7B6FC03461A464E4B1A70FAF77EF80F
:106BB00003461D469DF80841F5F77DFE0346C833A0
:106BC00004AA019302230093234601212846F6F7E5
:106BD00043FA03468DF817319DF91731002B3FD149
:106BE0009DF808310093404B404A40F2DD11354892
:106BF000F6F718F8002344931CE0449B03F00F03BE
:106C0000002B08D1449B002B05D0394A40F2DD11FE
:106C10002C48F6F707F846ABA3F58472449B13445F
:106C20001B78344A40F2DD112648F5F7FBFF449B00
:106C3000013344939DF808311A46449B9342DCD3B8
:106C40002B4A40F2DD111F48F5F7ECFFFAF72EF85A
:106C50000346294A4FF4EF711A48F5F7E3FF2EE196
:106C60009DF91731254A4FF4F1711648F5F7DAFF0F
:106C7000154A4FF4F1711348F5F7D4FF1FE1FAF705
:106C80003BF80346022B40F01C8121238DF80B3189
:106C900046ABA3F584730D221A7004AB013318467A
:106CA000F5F71CFF9DF80B310093154B0F4A4FF47D
:106CB000F8710448F5F7B6FF002343933FE000BFA7
:106CC0002CF90300BCF80300F4F80300544300104F
:106CD0009E4400105CF9030068F9030074F9030096
:106CE0008CF903009D440010C0F90300C8F90300AB
:106CF000DCF90300E0F90300E8F90300F8F9030008
:106D000030FA0300439B03F00F03002B08D1439B91
:106D1000002B05D0764A4FF4F8717648F5F782FFDC
:106D200046ABA3F58472439B13441B78724A4FF41D
:106D3000F8717048F5F776FF439B013343939DF854
:106D40000B31439A9A42DDD3694A4FF4F87169488E
:106D5000F5F768FFF6F742FA03468DF80A319DF819
:106D60000B219DF80A31934228BF13468DF80B3151
:106D7000F9F79CFF03461C46F5F79DFD0346C83313
:106D80009DF80B1104AA0193022300930B460121E5
:106D90002046F6F761F903468DF817319DF9173152
:106DA000002B40F08E800020F5F7B0FE89E0FAF766
:106DB00097FA0346012B40F08680FAF7ADFA0346B6
:106DC000013BDBB21846FAF7ADFA7CE041AB18465E
:106DD000FBF7AAF89DF80431002B76D0F5F76BFD90
:106DE0000346C833019302230093002300220021AD
:106DF0000020F6F731F903468DF8173165E00220DF
:106E0000F6F74EF962E03D4A40F29A213948F5F72B
:106E100009FF3B4A40F29A213648F5F703FF0D205F
:106E2000F6F73EF952E0374A40F29E213148F5F735
:106E3000F9FE334A40F29E212E48F5F7F3FE10206A
:106E4000F6F72EF942E0F9F731FF03461F4646AB4D
:106E5000A3F209131A782C4913469B0013449B0094
:106E60000B440C331D6846ABA3F209131A7826496C
:106E700013469B0013449B000B4410331E7846AB13
:106E8000A3F209131A78204913469B0013449B0070
:106E90000B4411331C78F5F70EFD0346C8330193FC
:106EA000009433462A4601213846F6F7D5F80346C2
:106EB0008DF817310AE000BF08E000BF06E000BF10
:106EC00004E000BF02E000BF00E000BF9DF9173101
:106ED000002B01D1FBF738F846ABA3F209131B785E
:106EE0001846FFF7ADFC00BF46B0BDE8F08100BF1B
:106EF000DCF90300BCF80300E0F9030044FA0300E6
:106F0000F4F8030060FA03005443001000B585B0A4
:106F100003468DF807309DF807300F2B00F20081F3
:106F200001A252F823F000BF51700200696F020005
:106F30000F700200437002002171020071700200A4
:106F40008170020021710200217102002171020092
:106F5000217102009D700200CD70020003710200D9
:106F60005970020065700200F9F7C6FE0346012B56
:106F70002AD1F6F7B5F80346022B25D10020FAF7FF
:106F800081F80120FAF764F86D4B01221A706D4BFD
:106F900001221A700020F9F71FFFFBF76BF8F5F7D5
:106FA000C3FD0346002B08D00A210520F5F7E0FDBC
:106FB00003461E331846F9F74AFF00210220F9F76D
:106FC00073FDF6F715FA18E0F9F796FE0346012B64
:106FD00009D10020FAF756F800210A20F9F764FDDC
:106FE000F9F7B8FE09E0F6F77BF80346022B04D167
:106FF0000020FAF747F8F6F77DF8FBF767F8034645
:10700000012B40F08F800220F6F7AAF98AE0F9F709
:10701000DBFD0346002B00F08780494B1B78002BDB
:1070200008D00F210A20F5F7A3FD03461846F9F70B
:10703000D3FE79E0F9F7C8FD03461846F9F7CCFE10
:1070400072E0414B1B78002B70D0F9F7E4FE6DE045
:10705000032000F00BFE6EE00120FBF7A3F80346CF
:10706000984768E00220FBF79DF80346984762E0E6
:10707000FAF736F90346012B5AD1F9F707FF57E023
:1070800003AB1846FAF750FF9DF80C30002B51D097
:107090009DF80D301846F9F711FF4BE000238DF8ED
:1070A0000F300DF10A020DF10B0311461846F6F7E9
:1070B000F3FA0346002B02D101238DF80F309DF81F
:1070C0000F3019461020F9F7EFFC34E000238DF85B
:1070D0000E30F6F7F1FA0346002B03D101238DF8A9
:1070E0000E3007E0F6F7CEFA0346002B02D002235B
:1070F0008DF80E309DF80E3019460D20F9F7D4FCAE
:1071000019E0F6F70FFB0346002B04D101211320F1
:10711000F9F7CAFC0FE000211320F9F7C5FC0AE0DB
:1071200000BF08E000BF06E000BF04E000BF02E0CF
:1071300000BF00E000BF00BF05B05DF804FB00BF6A
:10714000541900109C4400109D44001010B586B0E6
:10715000F6F7D4F80346002B02D04FF4C873AEE024
:10716000584B93F84131042B09D0564B93F84131D9
:107170001846FFF7CBFE534B042283F8412104232A
:107180008DF81730504B049300238DF80F3043E0F7
:107190009DF80F204B4913469B0013449B000B4462
:1071A00008331B78042B32D09DF80F204549134635
:1071B0009B0013449B000B4404331C68F5F775FBDC
:1071C0000346E31A0193019B002B20DC9DF80F205E
:1071D0003C4913469B0013449B000B4408331B7827
:1071E0009DF817209A4212D99DF80F203549134671
:1071F0009B0013449B000B4408331B788DF8173019
:10720000019B04932F4A9DF80F3082F841319DF87D
:107210000F3001338DF80F309DF80F300F2BB7D999
:107220009DF81730042B32D100238DF80E302AE060
:107230009DF80E20234913469B0013449B000B44EA
:1072400008331B78042B19D09DF80E201D491346D6
:107250009B0013449B000B4404331C68F5F725FB8B
:107260000346E31A0293029A049B9A4206DA029BAF
:107270000493144A9DF80E3082F841319DF80E3087
:1072800001338DF80E309DF80E300F2BD0D9049BB2
:10729000002B0DDD049B0B4AC2F84431094B04223C
:1072A00083F84121049B4FF47A7202FB03F306E05A
:1072B000044B93F841311846FFF778FB002318463A
:1072C00006B010BD54430010FFFF1F0000B587B08B
:1072D000FAF7E8FE0346002B03D0F5F715FBF5F7A8
:1072E000DDFAFAF7CFFE03906FF000430593039B9E
:1072F000002B19D0F5F7D9FA0246039B9B1A059388
:10730000059B002B10DC00210120F9F7CDFB0020AC
:10731000FAF7BEFE6FF0004305934F4B1B68002B3E
:1073200002D04D4B1B689847F5F7E8FF03461A4615
:107330004A4B1A70494B1B78002B10D0474B1B78D7
:10734000062B0CD0454B1B78052B08D0F5F704FF16
:1073500003461A46414B1A704FF4C87377E000F0A9
:10736000B7F800F087F83E4B93F84131042B09D071
:107370003B4B93F841311846FFF7C8FD384B0422C8
:1073800083F84121F9F78AFB0346002B0ED0F6F76C
:10739000C7F80346012B02D100F042F906E02E4B5C
:1073A0001B68002B02D02C4B1B689847F9F776FB23
:1073B00003468DF80B30F9F771FB03461A469DF82A
:1073C0000B309342DED300230493F5F7BFFF019007
:1073D000019B002B0FDD019B224A40F239412248DC
:1073E000F5F720FC214A40F239411F48F5F71AFC15
:1073F000019B04930FE0FAF795FA0346002B08D19E
:10740000F9F76EFF0346FF2B03D0FFF79FFE0490B2
:1074100001E0174B0493FAF735FE0390039B002B12
:107420000AD0F5F742FA0246039B9B1A0593059B87
:10743000002B01DC00230593059B4FF47A7202FBBD
:1074400003F3049A934228BF13460493049B1846FF
:1074500007B05DF804FB00BFA044001050430010CB
:10746000544300107CFA0300BCF80300F4F8030056
:10747000FEFFFF7F00B583B0F6F770F903468DF885
:107480000730124B1B789DF807209A421AD00F4AFA
:107490009DF80730137001AB1846FAF745FD9DF8CB
:1074A0000430002B05D19DF8053019460120FAF76C
:1074B00021FD0120F9F702FD044B1B781946142029
:1074C000F9F7F2FA00BF03B05DF804FB974500102E
:1074D00000B583B0F9F7F0FB03468DF80730FAF7F3
:1074E000FBFD0346ADF80430F5F79CFF0346ADF80D
:1074F0000230BDF80220BDF804309A4207D99DF849
:107500000730002B03D0BDF80430002B08D19DF8C4
:107510000730002B0DD0F5F707FE0346002B08D1EE
:10752000002200210020FAF709FA00210E20F9F7C5
:10753000BBFA9DF80730002B08D1FAF7D3FD0346BC
:10754000002B03D000210F20F9F7AEFA00BF03B0E3
:107550005DF804FB10B5C8B048ACA4F58A7420608F
:10756000084648A9A1F58E710A60194648ABA3F2F6
:10757000151302461A7048ABA3F58B730A461A70AE
:1075800048ABA3F58B731B78002B14D005AB1846C2
:10759000FAF7CAFC48ABA3F586731B78002B07D11A
:1075A00048ABA3F586735B7819460120FAF7A2FC75
:1075B0000120F9F783FC48ABA3F58E7248ABA3F228
:1075C0001513197848ABA3F58A7312681868FAF78F
:1075D00093FB06AB1846FAF74BFC48ABA3F58E734A
:1075E0001B685B7A0D2B01D1012316E048ABA3F594
:1075F00084731C78F9F75AFB03469C420CD148ABC4
:10760000A3F5847393F8F32006AB013311461846B3
:10761000F7F79AFF002300E00123184648B010BD99
:1076200030B5ADF50F7D00238DF82B328EABA3F571
:1076300006731846FF231A460021E4F74DFE002387
:107640008DF8373200238DF82A3200238DF8363238
:1076500000238DF835320DF21F1248AB1146184643
:10766000FBF768FA8EABA3F58C735B78B54A40F2F2
:107670000D51B548F5F7D6FAB44A40F20D51B2486B
:10768000F5F7D0FA8EABA3F58C735B78132B00F271
:10769000438101A252F823F0E97602000577020047
:1076A0003F77020075770200CD770200197902005A
:1076B0003B7902003B790200197902001979020036
:1076C000997802001979020019790200B378020052
:1076D0003B7902003B790200197902001979020016
:1076E00019790200B3780200FBF73CF89DF82B32C1
:1076F0001846FBF7DFFE9DF82B3201211846FBF7F9
:107700009BFF3CE1F5F7F0FE0346002B04D0F5F7B4
:10771000F5FEFCF7AFFB32E1F5F7F0FD0346002B79
:1077200003D00120FBF760FC29E1F5F7B7FE034623
:107730001846FBF759FC01238DF835321FE1844AC6
:1077400040F22F518048F5F76DFA804A40F22F51F0
:107750007D48F5F767FA05210320F5F709FA034696
:107760001846FBF741FC0020FDF79AF80120F6F7D8
:107770001DF804E18EABA3F58C731B79022B12D09C
:10778000022B1DDC002B17D0012B19D1F5F77CFE45
:107790000346002B16D09DF83632002B12D102235F
:1077A0008DF836320EE0F5F76FFE0346002B0BD056
:1077B00001238DF8363207E0664B00221A7004E090
:1077C00000BFDCE000BFDAE000BFD8E08EABA3F57D
:1077D0008C73B3F8FA308DF837329DF8372248AB06
:1077E00003F1080108AB1846E6F7FCFA9DF83732BA
:1077F0000093594B594A4FF4AB615348F5F712FACD
:1078000000238C931CE08C9B03F00F03002B08D10A
:107810008C9B002B05D0524A4FF4AB614A48F5F7D8
:1078200001FA8EABA3F506728C9B13441B784D4A6C
:107830004FF4AB614448F5F7F5F98C9B01338C9319
:107840009DF837328C9A9A42DDD3454A4FF4AB61AA
:107850003D48F5F7E7F98EABA3F58C739B790D2BBB
:107860006DD08EABA3F58C73DB798DF82A329DF841
:107870002A323D4A40F25D513348F5F7D3F99DF87D
:107880002A32E02B04D0F5F7FFFD0346002B56D03B
:1078900001238DF8363252E0344A40F276512A48BC
:1078A000F5F7C0F9294A40F276512748F5F7BAF9B9
:1078B00065E0F5F73FFE0346012B5FD1F5F732FF98
:1078C0000346002B0ED1F5F7DDFE0346002B09D051
:1078D000274A40F28A511C48F5F7A4F90120F5F730
:1078E000F5FE4BE0234A40F28F511748F5F79AF91D
:1078F000F5F7C8FE034683F00103DBB2002B02D08C
:107900000120F9F71CFBF5F70DFF0346002B35D0DE
:107910000220F9F733FB31E08EABA3F58C735B7873
:10792000154A4FF4B4610848F5F77CF9074A4FF45B
:10793000B4610548F5F776F921E000BF1FE000BF0C
:107940001DE000BFA4FA0300BCF80300F4F8030034
:10795000B8FA030055190010E4FA0300C8F903004F
:10796000DCF90300E0F90300F0FA0300FCFA03007D
:1079700010FB030028FB03004CFB030000BF8EAB91
:10798000A3F219131B78002B7FF465AE9DF83632F5
:10799000012B40F0B68000210020FBF72FFD9DF861
:1079A000371208A8A74B0093A74BA84AF5F7CCFDC0
:1079B00003468DF829329DF82932A54A40F2AC5190
:1079C000A448F5F72FF99DF82932023B052B75D80D
:1079D00001A252F823F000BFD97A0200F179020027
:1079E000F9790200017A0200097A0200517A020054
:1079F00000238DF8353272E000238DF835326EE0C9
:107A000000238DF835326AE09DF82B321846FBF7DB
:107A1000CFFD0DF1170206A90DF11E031846F5F76B
:107A200051FD8EABA3F21A231B881846FBF7DCFA34
:107A3000FCF7BEF98EABA3F508731A688EABA3F200
:107A4000212393F9003019461046FCF785FC46E0E7
:107A5000F5F770FD03468DF828329DF82832002B8B
:107A600006D10020F5F732FE0020F5F7A7FC35E03F
:107A70009DF82832012B16D10020F5F79FFCF5F771
:107A800001FE034683F00103DBB2002B02D000208D
:107A9000F9F755FAF5F746FE0346002B1ED00020F5
:107AA000F9F76CFA1AE09DF82832022B16D1002063
:107AB000F5F70CFE0120F5F781FC0FE0614B012288
:107AC0001A70614B01221A705F4B1B781A46012114
:107AD0005E48E4F701FC02E000BF00E000BFF5F7FC
:107AE000D3FC034683F00103DBB2002B03D03C211F
:107AF0000020FBF783FC00238DF83632564B012221
:107B00001A708EABA3F58C739B790D2B69D1F5F7A9
:107B1000FDFC0346002B78D04B4B00221A708EAB35
:107B2000A3F58C7393F90430DBB2403BDBB25BB25C
:107B30008EAAA2F58C7292F90520921052B28EA9EB
:107B4000A1F58C7191F804118EA8A0F58C70D0F875
:107B500000019DF8375208AC039002910192009306
:107B6000394B3A4A29462046F5F708FD364B1B7833
:107B700000933A4B3A4A40F205613648F5F752F81D
:107B800000238B931AE08B9B03F00F03002B08D18B
:107B90008B9B002B05D0334A40F205612D48F5F749
:107BA00041F82A4A8B9B13441B782F4A40F2056107
:107BB0002848F5F737F88B9B01338B93224B1B78C2
:107BC0001A468B9B9342DED3264A40F20561214838
:107BD000F5F728F81B4BE0221A7001238DF8353297
:107BE00013E01D4B1B7883F00103DBB2002B0CD09C
:107BF000144B02221A70144B01221A70124B1B787C
:107C00001A4602211148E4F767FB9DF83532002B34
:107C100014D000238DF835320F4B00221A70094B17
:107C20001C78F5F745FC03461A46074B1B789DF870
:107C30002B020093054B2146FBF7CDFC00BF0DF551
:107C40000F7D30BD5619001055190010A4440010C6
:107C500068FB0300BCF80300964500107CFB0300A2
:107C6000C8F90300DCF90300E0F9030000B583B0B4
:107C700003468DF80730164B1B78002B12D0F5F712
:107C8000BFFB0346012B06D19DF8073002211846A1
:107C9000F8F70AFF0CE09DF8073001211846F8F7C5
:107CA00003FF05E09DF8073000211846F8F7FCFEB9
:107CB000FAF70CFA0346012B03D10220F5F750FB2B
:107CC00002E00120F5F74CFB00BF03B05DF804FBB8
:107CD0009E44001000B585B0039002911346ADF8A4
:107CE0000630039B029A1A60039BBDF806209A8017
:107CF000039800F004F800BF05B05DF804FB82B003
:107D00000190019B0022DA80019B00221A81019BD5
:107D100000229A81019B00221A61019B00225A6174
:107D2000019B00229A61019B9A88019B5A8100BFA6
:107D300002B0704782B0019000BF02B0704782B0BD
:107D40000190019B9B89184602B0704700B58BB02B
:107D5000079006910592ADF81230F4F7D5FDBDF805
:107D600012209DF8383002930D9B01930C9B0093D9
:107D70001346059A0699079800F06BF903468DF8AB
:107D80002730F4F7C8FD9DF8273018460BB05DF892
:107D900004FB00B589B00590049102931346ADF839
:107DA0000E30F4F7B1FDBDF80E209DF82830009399
:107DB000029B0499059800F00BF803468DF81F30DC
:107DC000F4F7A9FD9DF81F30184609B05DF804FBD3
:107DD00010B58AB00790069104931346ADF816309B
:107DE0009DF830309AB2BDF8163013449BB203337D
:107DF000ADF82630079B9B88BDF826209A4212D901
:107E0000032323E100230293002301930023009323
:107E1000002300220021079800F01BF9079B9B69B3
:107E20005A1C079B9A61079B5B89BDF826209A42E2
:107E3000E8D8BDF816301B0A99B2079B1B68079A51
:107E400012891344CAB21A70079B1B8901339AB274
:107E5000079B1A81079B1B89079A9288B3FBF2F153
:107E600001FB02F29B1A9AB2079B1A81079B1B68BF
:107E7000079A12891344BDF81620D2B21A70079BD4
:107E80001B8901339AB2079B1A81079B1B89079AAA
:107E90009288B3FBF2F101FB02F29B1A9AB2079BA4
:107EA0001A81079B1B68079A128913449DF830209A
:107EB0001A70079B1B8901339AB2079B1A81079B93
:107EC0001B89079A9288B3FBF2F101FB02F29B1A1D
:107ED0009AB2079B1A819DF83030002B4FD0079B38
:107EE0001B891A469DF830301344079A92889342B2
:107EF00025DD079B1B68079A12899818079B9B88AA
:107F00001A46079B1B89D31A1A460499E5F76AFF9C
:107F1000079B1868079B9B881A46079B1B89D31AE7
:107F2000049AD1189DF83020079B9B881C46079B1C
:107F30001B89E31AD31A1A46E5F754FF0AE0079B98
:107F40001B68079A128913449DF83020049918463B
:107F5000E5F748FF079B1A899DF830309BB2134420
:107F60009AB2079B1A81079B1B89079A9288B3FBD9
:107F7000F2F101FB02F29B1A9AB2079B1A81BDF83B
:107F80001630002B4ED0079B1B891A46BDF81630C1
:107F90001344079A9288934225DD079B1B68079A32
:107FA00012899818079B9B881A46079B1B89D31A2E
:107FB0001A460699E5F716FF079B1868079B9B88EA
:107FC0001A46079B1B89D31A069AD118BDF81620AA
:107FD000079B9B881C46079B1B89E31AD31A1A46EA
:107FE000E5F700FF0AE0079B1B68079A1289134414
:107FF000BDF8162006991846E5F7F4FE079B1A8986
:10800000BDF8163013449AB2079B1A81079B1B894F
:10801000079A9288B3FBF2F101FB02F29B1A9AB223
:10802000079B1A81079B5A89BDF82630D31A9AB24A
:10803000079B5A81079B9B8901339AB2079B9A81C0
:10804000079B1B695A1C079B1A61002318460AB03C
:1080500010BD10B586B0039002910192ADF80230C8
:10806000039B9B89002B01D102232AE1039B1B6800
:10807000039AD28813441B781B02ADF81630039B79
:108080001968039BDB880133039A928893FBF2F013
:1080900000FB02F29B1A0B441B781A46BDF81630FF
:1080A0001344ADF81630039B1968039BDB88023339
:1080B000039A928893FBF2F000FB02F29B1A0B44A6
:1080C0001B788DF81530029B002B20D0089B002BCD
:1080D0001DD0019B002B02D0099B002B01D1012355
:1080E000EFE0019BBDF816201A80099B9DF8152032
:1080F0001A70BDF81620BDF802309A4205D89DF8D6
:1081000015209DF828309A4201D90323D9E0039B1A
:10811000DB8803339AB2039BDA80039BDB88039AE4
:108120009288B3FBF2F101FB02F29B1A9AB2039B15
:10813000DA80089B002B3ED09DF81530002B3AD0FA
:10814000039BDB881A469DF815301344039A9288E6
:10815000934225DD039B1B68039AD2889918039BE1
:108160009B881A46039BDB88D31A1A460898E5F7C2
:1081700039FE039B9B881A46039BDB88D31A089A17
:10818000D018039B19689DF81520039B9B881C46FB
:10819000039BDB88E31AD31A1A46E5F723FE0AE0AD
:1081A000039B1B68039AD28813449DF81520194637
:1081B0000898E5F717FE039BDA889DF815309BB207
:1081C00013449AB2039BDA80039BDB88039A92885C
:1081D000B3FBF2F101FB02F29B1A9AB2039BDA8025
:1081E000029B002B3ED0BDF81630002B3AD0039BEB
:1081F000DB881A46BDF816301344039A92889342DE
:1082000025DD039B1B68039AD2889918039B9B88E2
:108210001A46039BDB88D31A1A460298E5F7E2FD5B
:10822000039B9B881A46039BDB88D31A029AD018BB
:10823000039B1968BDF81620039B9B881C46039B73
:10824000DB88E31AD31A1A46E5F7CCFD0AE0039B54
:108250001B68039AD2881344BDF816201946029869
:10826000E5F7C0FD039BDA88BDF8163013449AB2D7
:10827000039BDA80039BDB88039A9288B3FBF2F1BD
:1082800001FB02F29B1A9AB2039BDA80039B5A8984
:108290009DF8153099B2BDF816300B449BB21344CB
:1082A0009BB203339AB2039B5A81039B9B89013B88
:1082B0009AB2039B9A81039B5B695A1C039B5A6188
:1082C0000023184606B010BD82B003460A468DF85A
:1082D000073013468DF806309DF806300C2B59D820
:1082E00001A252F823F000BF9183020091830200A3
:1082F000918302009183020091830200698302004E
:10830000498302003183020031830200218302008D
:10831000318302001D8302003183020000233AE012
:108320009DF807300C2B01D1012334E0002332E00B
:108330009DF807300C2B03D09DF807300B2B01D193
:10834000012328E0002326E09DF807300C2B07D0FE
:108350009DF807300B2B03D09DF807300A2B01D175
:10836000012318E0002316E09DF807300C2B0BD0FA
:108370009DF807300B2B07D09DF807300A2B03D050
:108380009DF80730092B01D1012304E0002302E00E
:10839000012300E00023184602B0704700B583B007
:1083A0000190019B1B6A019A126810469847034688
:1083B000184603B05DF804FB00B583B0019000914E
:1083C000019B5B6A019A1268009910469847034620
:1083D000184603B05DF804FB00B585B003900B466A
:1083E00001928DF80B30039B9B6C039A10689DF9EA
:1083F0000B10019A98470346184605B05DF804FB38
:1084000000B585B0039002911346ADF80630039B8A
:10841000DB6C039A1068BDF8062002999847034662
:10842000184605B05DF804FB00B583B001900B461B
:10843000ADF80230019B1B6E019A1268BDF8021064
:10844000104698470346184603B05DF804FB00B594
:1084500085B0039002910192039BD3F8A03001995B
:10846000029898470346184605B05DF804FB00B52E
:1084700085B0039002910192039BD3F8A430019937
:10848000029898470346184605B05DF804FB00B50E
:1084900083B001900091019BD3F8C430019A126817
:1084A0000099104698470346184603B05DF804FB50
:1084B00010B586B0059004910392ADF80A30059B83
:1084C000D3F8C840059B1868BDF80A20BDF82430D1
:1084D0000193089B00931346039A0499A04703460F
:1084E000184606B010BD10B584B0039002910093F9
:1084F0001346ADF80630039BD3F8D440039B1868AD
:10850000BDF80620009B0299A0470346184604B018
:1085100010BD00B583B001900091019BD3F8D83015
:10852000019A12680099104698470346184603B00E
:108530005DF804FB00B583B001900091019BD3F876
:10854000F0300099019898470346184603B05DF84B
:1085500004FB00B583B001900091019BD3F8F43087
:108560000099019898470346184603B05DF804FB4C
:1085700082B001900091019B009AC3F84C2100BF8A
:1085800002B0704782B001900091019B009AC3F83D
:10859000502100BF02B0704700B583B001900B4678
:1085A0008DF8033013468DF80230019B002283F8CA
:1085B0007420019B002283F8BB24019B0022C3F896
:1085C000A424019B002283F8CE24019B002283F87F
:1085D0001025019B9DF8032083F87020019B012248
:1085E00083F85120019B002283F81023019B9B6B91
:1085F0009DF802201A70019B002283F81A25019B26
:108600000022C3F8E424019B0022A3F81C23019B51
:108610000022A3F84C20019B002283F89224019BA6
:10862000002283F89324019B4FF08052C3F89424D6
:10863000019B0022C3F89824019B002283F8BA24EE
:10864000019B0022C3F82425019B0022C3F82825A2
:10865000019B0022C3F83425019B0022C3F82C257E
:10866000019B0022C3F83025019B0022C3F8382566
:10867000019B0022C3F83C25019B03F59D6320224A
:1086800000211846E3F728FE019B03F21E33062261
:10869000FF211846E3F720FE019800F004F800BF20
:1086A00003B05DF804FB00B583B00190019B4FF06F
:1086B000FF329A66019B00225A66019B0022C3F892
:1086C000A824019B0022A3F8A024019B0022A3F868
:1086D0009E24019B0022C3F88824019B002283F87A
:1086E000EA21019B002283F87921019B002283F873
:1086F000DA21019B002283F88724019B002283F862
:108700002624019B002283F81125019B00221A6672
:10871000019B0022C3F81423F4F7CDF80246019B15
:10872000C3F81823019B002283F81925019B00221E
:1087300083F84425019B002283F84525019B0022F4
:1087400083F84625019B002283F82025019B002207
:1087500083F82125019B002283F87620019B0022CB
:1087600083F8772000BF03B05DF804FB00B585B047
:10877000019000238DF80F30019B93F87130002B8E
:1087800004D0019B93F8EA318DF80F30019B93F8E8
:108790009134DB01DAB2019B93F890349B01DBB298
:1087A0001344DAB2019B93F876305B01DBB21344D9
:1087B000DAB2019B93F877301B01DBB21344DAB2D3
:1087C0009DF80F3003F00F03DBB21344DAB2019BC4
:1087D00083F87520019B002283F87620019802F02F
:1087E000F9FC019802F00BFD019B93F87830019A97
:1087F00092F872201344DAB29DF80F301344DBB2C2
:108800000833DAB2019B83F8792000BF05B05DF828
:1088100004FB000070B588B0059000238DF81F3070
:10882000059B93F87130002B04D0059B93F8EA3137
:108830008DF81F30059B93F8723003F108029DF804
:108840001F3013447833059A1344981C059B93F802
:1088500078301E46059B93F87130002B01D1062419
:1088600000E00724059BDD6E059B5B6E059A92F880
:10887000722002F108019DF81F200A447832059900
:108880000A44023202920193002300932B462246AF
:1088900031460EF0A1F80346002B1CD02C48F4F70B
:1088A00005F90120F4F732F9294B2A4ACD212A484B
:1088B000F4F7B8F9294ACD212748F4F7B3F9284A43
:1088C000CD212548F4F7AEF9244ACD212248F4F70A
:1088D000A9F9F3F7E3FF059B03F17A00059B93F8F1
:1088E00079301946059BDA6E059B5B6E0193002378
:1088F0000093134606220EF019FA0346002B1CD0F3
:108900001348F4F7D3F80120F4F700F9104B114A9B
:10891000D4211148F4F786F9104AD4210E48F4F70F
:1089200081F9104AD4210C48F4F77CF90B4AD42180
:108930000948F4F777F9F3F7B1FF059B93F879301D
:108940000433DAB2059B83F8792000BF08B070BD0C
:10895000883004000CFC030024FC030058FC0300D6
:108960005CFC030090FC030000B583B00190019B08
:10897000022283F8BB24F3F79EFF0246019BD3F843
:10898000BC34D3F8C4391A44019BC3F81425019BA5
:10899000012283F81825019800F0AAFA00BF03B05D
:1089A0005DF804FB00B583B00190019B002283F8C1
:1089B000BB24F3F780FF0246019BD3F8BC34D3F805
:1089C000C4391A44019BC3F81425019806F0BAFC77
:1089D00000BF03B05DF804FB82B00190019B06224A
:1089E00083F8BB2400BF02B07047000010B584B00C
:1089F0000190019B0393039B93F884398DF80B300E
:108A0000039BD3F8C0099DF80B2013465B01134468
:108A10009B001833039A134408331946FFF799FD56
:108A20000346002B03D0EE212548F4F785F8039B7D
:108A3000D3F8C03902211846FFF7F6FC0346002B95
:108A400003D0EF211E48F4F777F8039BD3F8C03921
:108A500018469DF80B30039A03F5DF739B0013440F
:108A600059689DF80B20039B02F5657233F81230AC
:108A70001A46FFF7C5FC0346002B03D0F02110482F
:108A8000F4F75AF8F4F79EF8039BD3F8C039184668
:108A9000FFF784FC0346002B04D04FF48471084890
:108AA000F4F74AF8039B03F2F474F3F704FF034668
:108AB00019462046FFF75CFD00BF04B010BD00BFA3
:108AC000A830040010B584B00190019B0393039B70
:108AD00093F884398DF80B30039BD3F8C0099DF8C7
:108AE0000B2013465B0113449B001833039A134475
:108AF00008331946FFF71EFD0346002B04D040F251
:108B000011112F48F4F718F8039BD3F8C03902214C
:108B10001846FFF789FC0346002B04D04FF48971F7
:108B20002748F4F709F8039BD3F8C03918469DF895
:108B30000B30039A03F5DF739B00134459689DF8CB
:108B40000B20039B02F5657233F812301A46FFF7CB
:108B500057FC0346002B04D040F213111848F3F7DA
:108B6000EBFF00BF9DF80B2003991346DB009B1A17
:108B70009B000B4403F2D4531C68F3F79CFE03469E
:108B8000E31A002BEEDCF4F71DF8039BD3F8C03991
:108B90001846FFF703FC0346002B04D040F21B11DC
:108BA0000748F3F7C9FF039B03F2F474F3F783FE5E
:108BB000034619462046FFF7DBFC00BF04B010BD9A
:108BC000D830040070B586B00390039B0593059BD5
:108BD00093F884398DF81330059BD3F8C0391846C3
:108BE0009DF8132013465B0113449B001833059A2C
:108BF000134408331946FFF74AFC0346002B04D000
:108C000040F225115448F3F797FF059BD3F8C0397C
:108C10001C469DF81320059913465B0113449B00E5
:108C20000B44343393F900009DF813200599134643
:108C30005B0113449B000B442C331B681A4601460E
:108C40002046FFF7C9FB0346002B04D040F2271152
:108C50004148F3F771FF059BD3F8C03940F2024158
:108C60001846FFF7E1FB0346002B04D04FF4957143
:108C70003948F3F761FF059BD3F8C0391E469DF8CC
:108C8000132013465B0113449B001833059A1344C9
:108C900003F108009DF8132013465B0113449B0069
:108CA0008033059A13449C1D9DF8132005991346A3
:108CB0005B0113449B000B4436331D889DF8133031
:108CC000059A03F5DF739B0013445B689DF813104E
:108CD000059A01F5657132F81120019200932B4637
:108CE000224601463046FFF7E3FB0346002B04D043
:108CF0004FF496711848F3F71FFF00BF9DF813203B
:108D000005991346DB009B1A9B000B4403F2D453D6
:108D10001C68F3F7D0FD0346E31A002BEEDCF3F7F3
:108D200051FF059BD3F8C0391846FFF737FB0346C0
:108D3000002B04D04FF49C710748F3F7FDFE059B10
:108D400003F2F474F3F7B7FD034619462046FFF724
:108D50000FFC00BF06B070BD0831040010B584B030
:108D60000190019B0393039B93F884398DF80B309A
:108D7000039BD3F8C0099DF80B2013465B011344F5
:108D80009B004833039A134404331946FFF7E1FB71
:108D90000346002B04D040F241111D48F3F7CCFEEE
:108DA000039BD3F8C039CC211846FFF73DFB03469F
:108DB000002B04D04FF4A1711548F3F7BDFEF3F773
:108DC00001FF039BD3F8C03918469DF80B20039987
:108DD00013465B0113449B000B4478331B68194610
:108DE000FFF7EAFA0346002B04D040F24B11084883
:108DF000F3F7A2FE039B03F2F474F3F75CFD034662
:108E000019462046FFF7BEFB00BF04B010BD00BFEF
:108E10003831040010B584B00190019B0393039B8B
:108E200093F884398DF80B30039BD3F8C0099DF873
:108E30000B2013465B0113449B004833039A1344F1
:108E400004331946FFF776FB0346002B04D04FF49A
:108E5000AA712648F3F770FE039BD3F8C0398C2122
:108E60001846FFF7E1FA0346002B04D040F25511F3
:108E70001E48F3F761FE00BF9DF80B2003991346CF
:108E8000DB009B1A9B000B4403F2D4531C68F3F7DE
:108E900012FD0346E31A002BEEDCF3F793FE039B6F
:108EA000D3F8C03918469DF80B20039913465B018F
:108EB00013449B000B4478331B681946FFF77CFA78
:108EC0000346002B04D040F25D110848F3F734FE4E
:108ED000039B03F2F474F3F7EEFC034619462046B5
:108EE000FFF750FB00BF04B010BD00BF68310400A5
:108EF00030B5C9B048ABA3F58A73186025AB84229E
:108F000000211846E3F7E8F91EAB00221A605A6008
:108F10009A60DA601A615A619A6100231D9348AB26
:108F2000A3F58A731B6893F84E2048ABA3F58A73A8
:108F30001146186807F074FC03468DF81F319DF840
:108F40001F31002B40F09A8048ABA3F58A731B6851
:108F500093F84E100DF171030DF1720248A8A0F5BF
:108F60008A70006807F0A0FC17AB14220021184695
:108F7000E3F7B2F948ABA3F58A731B68D3F8B034B2
:108F80001A9348ABA3F58A73186807F087FE034667
:108F90008DF86D3048ABA3F58A731B6893F95010B8
:108FA00048ABA3F58A731B68D3F8B02448ABA3F58C
:108FB0008A731B6893F84E3048A8A0F58A70006841
:108FC00007F09EFD03468DF86C309DF872308DF8E9
:108FD0005C309DF871308DF85D3048ABA3F58A7335
:108FE000186807F042FE03468DF85E309DF85C304D
:108FF0009DF85D2011461846FFF766F903468DF887
:109000005F309DF85C2048ABA3F58A731146186861
:1090100007F030FB0346ADF8603000238DF8623076
:1090200048ABA3F58A731B6893F879308DF86330E9
:1090300001238DF8643000238DF8653001238DF80D
:10904000943026AC17AD0FCD0FC42B68236048AB0E
:10905000A3F58A731B68D3F8BC34D3F8C03918461B
:1090600017AA17AB04331946FFF7F1F903461D930E
:1090700002238DF87930B74B1F9394E19DF81F318F
:10908000012B40F0C68048ABA3F58A731B6893F8A8
:109090004E100DF15B0248ABA3F58A73186807F018
:1090A00049FC05AB2C2200211846E3F715F948AB23
:1090B000A3F58673012283F82A2048ABA3F58673B3
:1090C00040F2FF121A8548ABA3F5867341F60F52A2
:1090D0009A8448ABA3F5867341F22102DA8448AB47
:1090E000A3F58A731B68D3F8B02448ABA3F5867345
:1090F0001A6248ABA3F58A73186807F0D9FD0246D7
:1091000048ABA3F58673DA6148ABA3F58A731B6895
:1091100093F9501048ABA3F58A731B68D3F8B024B9
:1091200048ABA3F58A731B6893F84E3048A8A0F5A6
:109130008A70006807F0E4FC03461A4648ABA3F5C2
:10914000867383F82B2048ABA3F5867301225A75EA
:1091500048ABA3F58A731B6893F8792048ABA3F555
:1091600086739A7548ABA3F5867328221A8248AB9A
:10917000A3F586731822DA7448ABA3F5867301222F
:109180001A7648ABA3F586730422DA7548ABA3F5CB
:10919000867346F2A8125A609DF85B301A464FF467
:1091A0007A7302FB03F31A4648ABA3F586731A6081
:1091B00048ABA3F58673684A9A6048ABA3F58673FB
:1091C00004221A7300238DF8943048ABA3F58673FC
:1091D00026AC1D460FCD0FC40FCD0FC495E8070078
:1091E00084E8070048ABA3F58A731B68D3F8BC3446
:1091F000D3F8C039184605AA05AB10331946FFF756
:1092000036F903461D9303238DF87930534B1F9392
:10921000C9E09DF81F31022B40F0A48048ABA3F5B4
:109220008A731B6893F84E100DF159030DF15A0221
:1092300048A8A0F58A70006807F0B4FB10AB1822AC
:1092400000211846E3F748F848ABA3F58A731B687A
:1092500093F9501048ABA3F58A731B68D3F8B02478
:1092600048ABA3F58A731B6893F84E3048A8A0F565
:109270008A70006807F044FC03468DF8543048AB10
:10928000A3F58A731B68D3F8BC34D3F8C0391A46E7
:1092900010AB19461046FFF73CF94690469900205E
:1092A000F3F766FC03469BB2ADF8563000238DF809
:1092B00044309DF85A308DF8453048ABA3F58A7399
:1092C000186807F0E9FB03468DF8463001238DF856
:1092D00048309DF859308DF847309DF85A3018467F
:1092E00007F098FB03468DF8493048ABA3F58A7325
:1092F000186807F011FD0346109348ABA3F58A7375
:109300001B68D3F8B034139300238DF8503026AC8B
:1093100010AD0FCD0FC495E8030084E8030048ABFF
:10932000A3F58A731B68D3F8BC34D3F8C039184648
:1093300048ABA3F58A731B6893F879301A461DABC6
:1093400010A9FFF7D0F804238DF87930044B1F9350
:1093500029E000BFED890200A0860100C58A020055
:10936000C58B02005748F3F7A1FB0120F3F7CEFBB2
:10937000544B554A4FF4EB715448F3F753FC544A9D
:109380004FF4EB715148F3F74DFC524A4FF4EB7137
:109390004E48F3F747FC4E4A4FF4EB714B48F3F756
:1093A00041FCF3F77BFA48ABA3F58A731B68D3F84B
:1093B000BC040DF1730248ABA3F58A7319680EF073
:1093C0002BFA0346002B20D03E48F3F76FFB012019
:1093D000F3F79CFB3B4B3C4A4FF4EE713B48F3F7F1
:1093E00021FC3B4A4FF4EE713848F3F71BFC3A4A34
:1093F0004FF4EE713548F3F715FC354A4FF4EE7132
:109400003248F3F70FFCF3F749FA9DF873308DF803
:1094100078301D9B249348ABA3F58A731B68D3F85F
:109420001445F3F7D8FB0346E31A219348ABA3F5A1
:109430008A731B6893F81835012B0AD148ABA3F542
:109440008A731B68002283F8182500238DF8823068
:1094500002E001238DF8823048ABA3F58A731B68C4
:10946000022283F8BB2448ABA3F58A731B68D3F8A8
:10947000BC0448ABA3F58A731B6803F17A0248ABBE
:10948000A3F58A731B6893F879301C461EA925AB97
:10949000009323460EF00EFA0346002B0ED048AB85
:1094A000A3F58A731B68062283F8BB249DF87330EA
:1094B0000A4A40F2EF110548F3F7B4FB00BF49B088
:1094C00030BD00BF983104000CFC030024FC0300F5
:1094D00058FC0300C0FC0300E8FC0300F4FC03009C
:1094E000F0B5C9B0099048ABA3F582731A600B467A
:1094F0008DF8233000234793099B93F8B8348DF8F7
:109500001B319DF81B311946099807F089F903466C
:109510008DF81A3125AB842200211846E2F7DCFED3
:10952000099B9DF8232083F8BA249DF82330002B53
:1095300002D0012B05D008E0099BD3F8B43447933F
:1095400025E0099B5B6D479321E0A248F3F7AEFA53
:109550000120F3F7DBFA9F4B9F4A40F205219F4819
:10956000F3F760FB9E4A40F205219C48F3F75AFB53
:109570009C4A40F205219948F3F754FB984A40F27F
:1095800005219648F3F74EFBF3F788F900BF9DF8E5
:109590001A31002B58D10DF172030DF173029DF8B1
:1095A0001B11099807F080F917AB14220021184607
:1095B000E2F792FE099807F071FB03468DF86D30D3
:1095C000099BB3F8CC34DBB28DF86E30479B1A930D
:1095D000099807F04AFB03468DF85E309DF873301A
:1095E0008DF85C309DF872308DF85D309DF85C3000
:1095F0009DF85D2011461846FEF766FE03468DF87D
:109600005F3000238DF86230FF238DF86330002334
:109610008DF8643001238DF865309DF85C30194673
:10962000099807F027F80346ADF8603001238DF85C
:10963000943031AC17AD0FCD0FC42B682360099B5C
:10964000D3F8C4343C937CE09DF81A31012B57D1F8
:109650000DF15B029DF81B311946099807F06AF974
:109660000BAB2C2200211846E2F736FE479B1393E2
:10967000099807F01DFB0346129301238DF856301D
:1096800040F2FF13ADF8543041F60F53ADF85030AF
:1096900041F22103ADF8523001238DF84130FF2310
:1096A0008DF842302823ADF83C3018238DF83F3038
:1096B00001238DF8443004238DF8433046F2A8137B
:1096C0000C93494B0D9304238DF838309DF85B3093
:1096D0001A464FF47A7302FB03F30B9300238DF8C1
:1096E000943031AC0BAD0FCD0FC40FCD0FC495E846
:1096F000070084E80700099BD3F8C8343C9320E0B6
:109700003448F3F7D3F90120F3F700FA314B324A2A
:1097100040F246213148F3F785FA314A40F24621BA
:109720002E48F3F77FFA314A40F246212B48F3F7EF
:1097300079FA2B4A40F246212848F3F773FAF3F7F7
:10974000ADF8099BD3F8BC340DF193020999184682
:109750000EF062F80346002B20D01E48F3F7A6F95E
:109760000120F3F7D3F91B4B1B4A4FF413711B482D
:10977000F3F758FA1A4A4FF413711848F3F752FAEC
:109780001B4A4FF413711548F3F74CFA144A4FF47F
:1097900013711248F3F746FAF3F780F81DAB002275
:1097A0001A605A609A60DA601A615A619A619DF88B
:1097B00093308DF874309DF89430012B14BF012341
:1097C0000023DBB28DF875309DF89430012B13D156
:1097D000084B12E0B83104000CFC030024FC030029
:1097E00058FC030014FD0300A086010034FD0300B3
:1097F000E8FC03005D8D0200374B1E9348ABA3F5D8
:1098000082731B682093099BD3F8C8342393099B68
:10981000D3F8BC04099B03F504721DA925AB009382
:10982000FF230EF047F80346002B46D1099B042284
:1098300083F8BB249DF8233001339DF893200092D8
:10984000264A40F25E212648F3F7ECF99DF8943061
:10985000012B23D19DF82330224A52F82360349CF7
:109860009DF8C4301F469DF8C5301A461E4B53F86C
:109870002250099807F012FA0346049303950297C1
:10988000019448ABA3F582731B6800933346174AD3
:1098900040F262211248F3F7C5F91AE09DF823302F
:1098A000104A52F82320399B00931346104A40F285
:1098B00069210B48F3F7B6F90BE0099B062283F800
:1098C000BB249DF893300B4A4FF41C710448F3F706
:1098D000A9F900BF49B0F0BD158E02005CFD030080
:1098E00024FC030058190010601900107CFD0300CF
:1098F000B8FD0300F4FC030000B587B00390039BA0
:10990000D3F8BC340DF11302039918460DF084FF0F
:10991000039BD3F8BC049DF81310039B03F2CF43C1
:1099200005AA0EF0AFF9039B93F8CF340A2B77D832
:1099300001A252F823F000BF059A0200219A02000A
:10994000219A0200659902006F990200359A02007F
:10995000219A0200219A0200219A0200219A020013
:10996000139A0200059A039BC3F8E42465E0059A64
:10997000039BC3F8D024039BD3F8BC249DF8133079
:1099800019460B465B010B449B0013447E33B3F92D
:109990000020039BA3F8D424039BD3F8BC249DF898
:1099A000133019460B465B010B449B0013447C3378
:1099B000B3F90020039BA3F8D624039BD3F8BC344F
:1099C0009DF8132002F5657233F81230DAB2039B6A
:1099D00083F80F22039801F095FB0346002B2BD050
:1099E000424B0093424B434A40F28F214248F3F7E7
:1099F00019F9039B052283F8CF24039B002283F8E7
:109A00000F2219E03D4A40F296213B48F3F70AF94C
:109A100013E03B4A40F2C2213748F3F703F90CE068
:109A2000039B93F8CF34374A40F2C6213248F3F70C
:109A3000F9F802E000BF00E000BF039B93F8BB34DD
:109A4000022B02D0042B09D00DE0039B032283F8E4
:109A5000BB24039B002283F810233AE0039B0522DA
:109A600083F8BB2435E0039B93F8CF340A2B2FD027
:109A7000039B93F8CF34244A40F2DB211E48F3F7CE
:109A8000D1F81B4A40F2DB211B48F3F7CBF81F4803
:109A9000F3F70CF80120F3F739F81C4B1C4A4FF48C
:109AA00037711548F3F7BEF8114A4FF43771124871
:109AB000F3F7B8F8174A4FF437710F48F3F7B2F8D5
:109AC0000B4A4FF437710C48F3F7ACF8F2F7E6FEA7
:109AD00000BF039B93F8CF340A2B03D1039B0622CC
:109AE00083F8BB2400BF07B05DF804FBD4FD03007E
:109AF00058FC0300CCFD030024FC03000CFE030013
:109B000028FE030054FE030070FE0300D831040059
:109B10000CFC0300E8FC030010B58EB005900B466A
:109B20008DF81330F2F7C7FE0B9001238DF8373014
:109B30009DF813301946059805F084FC9DF8133004
:109B4000002B02D0012B05D00AE0059B93F8593079
:109B50000C932AE0059B93F8593001330C9324E0D1
:109B600000238DF837306E48F2F7A0FF0120F2F79E
:109B7000CDFF6B4B6B4A40F2FA216B48F3F752F87A
:109B80006A4A40F2FA216848F3F74CF8684A40F212
:109B9000FA216548F3F746F8644A40F2FA21624830
:109BA000F3F740F8F2F77AFE00BF0C9B4FF47A729D
:109BB00002FB03F30C939DF83730002B00F0AD80CF
:109BC000059B93F8B8341946059806F029FE03461C
:109BD0008DF82B309DF82B30002B0AD1059B93F884
:109BE000B8140DF11E030DF11F02059806F05CFE7E
:109BF0002EE09DF82B30012B09D1059B93F8B8344A
:109C00000DF11D021946059806F094FE20E0444827
:109C1000F2F74CFF0120F2F779FF414B414A40F245
:109C200013314148F2F7FEFF404A40F213313E48FB
:109C3000F2F7F8FF3F4A40F213313B48F2F7F2FFE8
:109C40003A4A40F213313848F2F7ECFFF2F726FEB9
:109C5000F2F7C1FF0446F2F7DDFF03462344059AFD
:109C600092F8B8241146059A01F51D7132F91120B8
:109C700013440993059B93F8B814059B03F2CC4059
:109C8000059B03F59963059A02F2C44200240294ED
:109C90000192009303460C9A059807F041FB059B3F
:109CA00093F8B814099B5AB2059BB3F8CC04059BF2
:109CB00003F5A16300930346059807F007FC059B95
:109CC000D3F8E4240C9B1A440B9BD31A0893059BEE
:109CD000D3F808351A46089B9B1A002B04DA059B1B
:109CE000052283F8BB2418E00B9A089B1344059ABD
:109CF000D2F808251A449DF8133019460598FFF745
:109D0000EFFB059BD3F808351A46089B13440A4A13
:109D10004FF44B710448F2F785FF00BF0EB010BD41
:109D2000F43104000CFC030024FC030058FC030085
:109D300014FD030034FD030094FE0300F0B58FB062
:109D4000079000230D9300238DF8333000230993EF
:109D5000079B93F80F32184602F0D2FF03461A46CB
:109D60000D9B13440D93079B93F80F12079B93F8D9
:109D7000B8341A46079802F03DFB03461A460D9B7D
:109D800013440D930D9B002B01D0002369E2079B28
:109D900003F504700DF129030DF12A020DF12B01D9
:109DA00002F0D6FF03461A460D9B13440D930D9BFC
:109DB000002B01D0002354E29DF82B30012B36D12B
:109DC000079B03F50470079B93F80F321946079B16
:109DD00003F504731A460CF0E4FE03468DF83230A6
:109DE0009DF83230002B13D1079B0022A3F8A0244A
:109DF000079B0022A3F89E2404238DF83330079B91
:109E000093F80F32043BDAB2079B83F80F22FDE18F
:109E10009DF83230B44A40F25931B448F2F702FFAB
:109E2000B34A40F25931B148F2F7FCFEEEE10023AB
:109E3000ADF82230079B9B6E0993079B03F50475D1
:109E4000079B93F80F62079B03F2FF17079BDB6EDC
:109E5000079A02F59B62079901F20F31079800F506
:109E6000FE70079C04F500740DF1220C049403901D
:109E700002910192009363463A463146284602F029
:109E8000B9FF02460D9B13440D930D9B002B08D187
:109E9000BDF8223009AA1146184603F037F80346E8
:109EA0000D930D9B002B2DD1079B93F80F32043B94
:109EB000DAB2079B83F80F22079B93F80F3203F562
:109EC0000473079AD1180BAB0422184602F072FDF6
:109ED000079B03F50470079B93F80F321C46079B02
:109EE000D96E099B0B9A02920193012300930B46B2
:109EF000062221460CF0A9FE0346002B02D04FF0AB
:109F0000FF330D930D9B002B40F08081079B0122B6
:109F100083F85220079B93F8FC315B09DBB203F016
:109F20000103002B08D0079B93F87330042B03D157
:109F3000079B012283F8FD21079B93F8FC311B0945
:109F4000DBB203F00103DAB2079B83F8FE21079B23
:109F500093F8FE31002B14BF01230023DAB2079BD4
:109F600083F8DA24079B93F8BA34002B06D1079BB9
:109F7000D3F8B424079BC3F8DC242BE0079B93F8A9
:109F8000BA34012B05D1079B5A6D079BC3F8DC241B
:109F900020E05848F2F78AFD0120F2F7B7FD554B53
:109FA000554A40F292315148F2F73CFE504A40F295
:109FB00092314E48F2F736FE504A40F292314B4809
:109FC000F2F730FE4A4A40F292314848F2F72AFE50
:109FD000F2F764FC079B93F8B824079B83F8E0240E
:109FE000079B93F80F33002B40F0F280079B93F808
:109FF0000F22079B93F8FF31D31ADBB2093BDAB289
:10A00000079B83F80F22079B93F8D834002B7DD150
:10A01000079B93F8FF31002B55D1079B03F21920C2
:10A02000079B93F80F321C46079BD96E099B079A32
:10A0300002F54D7202920193012300930B46062212
:10A0400021460CF076FD0346002B20D02948F2F77C
:10A050002DFD0120F2F75AFD264B274A40F2A93187
:10A060002248F2F7DFFD224A40F2A9311F48F2F7F9
:10A07000D9FD234A40F2A9311C48F2F7D3FD1C4A0E
:10A0800040F2A9311948F2F7CDFDF2F707FC079B22
:10A0900093F80F32F22B0CD91A4A40F2AD31134823
:10A0A000F2F7C0FD124A40F2AD311048F2F7BAFDA6
:10A0B000ACE0079B93F80F22079B83F82624032329
:10A0C0008DF83330A2E04FF0FF330D930E4A4FF47A
:10A0D0006E710648F2F7A6FD054A4FF46E7103480B
:10A0E000F2F7A0FD92E000BFB4FE030024FC0300E1
:10A0F00058FC0300183204000CFC0300E8FE0300C7
:10A1000008FF03003CFF030064FF0300079B93F874
:10A11000FF31093303F50473079AD018079B93F8AE
:10A120000F321C46079BD96E099B079A02F50472F1
:10A1300002920193012300930B46072221460CF063
:10A14000F8FC0346002B20D04748F2F7AFFC012073
:10A15000F2F7DCFC444B454A40F2C6314448F2F782
:10A1600061FD444A40F2C6314148F2F75BFD424A84
:10A1700040F2C6313E48F2F755FD3E4A40F2C63144
:10A180003B48F2F74FFDF2F789FB079B93F8FF314D
:10A19000002B15D0079B03F54D70079B03F500714D
:10A1A000079B93F8FF311A4602F004FC079B93F8D3
:10A1B000FF21079B83F8262402238DF8333002E029
:10A1C00001238DF83330079B012283F810231DE013
:10A1D000079B93F8FF31002B15D0079B03F54D70BB
:10A1E000079B03F50071079B93F8FF311A4602F0B5
:10A1F000E1FB079B93F8FF21079B83F826240223AA
:10A200008DF8333002E001238DF833300D9B002BA5
:10A2100025D19DF82B20079B83F8FA219DF82A2051
:10A22000079B83F8FB219DF82920079B83F8762064
:10A23000099A079B9A66079B0022C3F88824079B0C
:10A240000022A3F8A024079B0022A3F89E24079BCA
:10A25000002283F8EA21079B002283F8DA219DF887
:10A26000333018460FB0F0BD183204000CFC030068
:10A2700024FC030058FC030008FF030082B0019097
:10A28000019BB3F8A0344FF6FF7293420CD0019BB0
:10A2900093F89234002B07D0019BB3F8A03401331C
:10A2A0009AB2019BA3F8A024019BB3F89E344FF609
:10A2B000FF72934207D0019BB3F89E3401339AB2E8
:10A2C000019BA3F89E24019B93F84435012B03D1F5
:10A2D000019B022283F84425019B93F84535012B0D
:10A2E00009D1019B022283F84525019BD3F8E42480
:10A2F000019BC3F83025019B93F84635012B03D110
:10A30000019B022283F8462500BF02B0704700007F
:10A3100030B585B00190019B93F88D24019B83F8A3
:10A320008E24019B93F88C24019B83F88F24019B3E
:10A33000002283F81025019B93F8CE34012B44D1E1
:10A34000F2F7B3FA0390019BD3F8A8345A1C019B8F
:10A35000C3F8A824019BD3F8AC3403F56163039AD6
:10A360009A420DD2019800F07DFD0346A74AA2FB58
:10A370000323DA08039B1A44019BC3F8A42420E0BA
:10A38000019BD3F8AC3403F51A43B033039A9A42D5
:10A3900009D2019800F066FD0246039B1A44019B16
:10A3A000C3F8A4240DE0019800F05CFD02461346BA
:10A3B0009B0013445B001A46039B1A44019BC3F89D
:10A3C000A424019B002283F8CE24019BD3F8883477
:10A3D000019A92F88E24934204DB019B012283F8B8
:10A3E000902403E0019B002283F89024019B93F8C2
:10A3F0005230012B10D8019B012283F85220019B7F
:10A400005B6E5A1C019B5A66019BD3F888345A1C18
:10A41000019BC3F888240BE0019B032283F81025DD
:10A42000019B93F85230013BDAB2019B83F8522032
:10A43000019BD3F88824019B93F88E341946019B25
:10A4400093F88F340B449A422DDB019B93F810351F
:10A45000032B1ED1019805F083F903468DF80B30CC
:10A46000019B93F87820019B93F85B309DF80B10CB
:10A47000019805F0BBFC0346002B14D1019805F0B0
:10A48000F5F9019B93F88E341A46019BC3F8882492
:10A4900009E0019805F0EAF9019B93F88E341A4619
:10A4A000019BC3F88824019BD3F88834019AB2F841
:10A4B0009C24934228DB019BB3F89C34002B23D0CF
:10A4C0005348F2F7F3FA0120F2F720FB504B514AC0
:10A4D00040F26B415048F2F7A5FB504A40F26B4105
:10A4E0004D48F2F79FFB019BD3F888344C4A40F269
:10A4F0006B414948F2F796FB484A40F26B414648A7
:10A50000F2F790FBF2F7CAF9019B93F87921019BCE
:10A5100093F8DA319A4221D3019B93F87931002BD9
:10A520001CD0019B93F87921019B83F88724019B20
:10A5300003F22740019B03F5BD71019B93F879312C
:10A540001A4602F037FA019B012283F81025019B7D
:10A5500093F85120019B83F8522011E0019B93F85E
:10A56000DA21019B83F8EA21019B03F2EB10019BA6
:10A5700003F2DB11019B93F8DA311A4602F01AFA62
:10A58000019B002283F87921019B93F8CE34022BA2
:10A5900030D1019B93F81035032B2BD0019804F098
:10A5A000ABFB03468DF80A309DF90A30B3F1FF3F4B
:10A5B00020D11748F2F77AFA0120F2F7A7FA144BE4
:10A5C000144A40F285411448F2F72CFB134A40F23A
:10A5D00085411148F2F726FB124A40F285410E48A8
:10A5E000F2F720FB0D4A40F285410B48F2F71AFBC7
:10A5F000F2F754F9019B93F81035022B6AD0022B25
:10A600006BDC002B68D0012B0ED066E0CDCCCCCC1F
:10A61000383204000CFC030024FC030058FC030047
:10A62000A8FF0300E0FF0300019B93F84E10019B7D
:10A6300093F88724019B93F85B30019805F0D6FBD3
:10A640000346002B1CD0019B03F22744019B93F887
:10A650008754019B93F84E10019B93F85B301A4688
:10A66000019806F051FC0346083BDBB21A46294626
:10A67000204602F0A5FC03461A46019B83F8872476
:10A68000019B012283F87220019B93F872300833FA
:10A690007833019A1344981C019B03F22741019BD4
:10A6A00093F887341A4602F085F9019B93F88724C2
:10A6B000019B83F87820019B002283F87120019B85
:10A6C000022283F873200198FEF750F80198FEF7F4
:10A6D000A1F802E000BF00E000BF00BF05B030BD40
:10A6E00000B585B00190019B002283F81125019BE4
:10A6F000002283F88724019B002283F87921019BA3
:10A70000002283F8DA21FCE0019B93F87931602B79
:10A710000ED9834A40F2B4418248F2F783FA824A62
:10A7200040F2B4417F48F2F77DFA4FF0FF33F2E098
:10A73000019B93F811351A46019B134493F8343367
:10A740008DF80E309DF80E30023B112B00F2CC80BC
:10A7500001A252F823F000BFA1A70200BDA702008A
:10A760001DA8020025A802002DA8020035A802009D
:10A770003DA8020045A802004DA80200E9A8020079
:10A78000E9A8020055A80200E9A80200E9A8020011
:10A79000ADA80200D9A80200E9A80200E1A80200C1
:10A7A000019B93F84435022B40F0AB80019B0322C0
:10A7B00083F84425019800F08DFDA2E000238DF878
:10A7C0000F3004E09DF80F3001338DF80F30019BFE
:10A7D00093F8113519469DF80F2013469B0013443A
:10A7E0000B44019A134493F83433032B0FD1019B8C
:10A7F00093F8113519469DF80F305A1C13469B00EB
:10A8000013440B44019A92F826249342DADD9DF812
:10A810000F301946019800F0ADFD72E0019801F08B
:10A8200031F96EE0019800F0EFFF6AE0019801F065
:10A830007DF966E0019801F0EDF962E0019801F020
:10A840007DFB5EE0019801F0EDFB5AE0019801F01C
:10A85000ABFC56E0019B93F84535022B51D1019892
:10A8600001F0FEFD0346002B4BD1019B032283F830
:10A870004525019BD3F83025019BC3F82C25F2F721
:10A8800014F80246019BC3F83425019BD3F83835F0
:10A89000002B36D0019BD3F83835019AD2F83C050D
:10A8A000019AD2F83425114698472AE0019B93F883
:10A8B0004635022B25D1019802F052F80346002BB1
:10A8C0001FD1019B93F85125019B83F85225019BD1
:10A8D000032283F8462514E0019801F037FF10E0C9
:10A8E000019801F075FE0CE0019B002283F82624FC
:10A8F0009DF80E300D4A40F215510A48F2F792F9D0
:10A9000000BF019B93F82624019B93F811359A42CE
:10A910003FF6FAAE0023184605B05DF804FB00BF11
:10A920001800040024FC030058FC03003C00040051
:10A9300000B58DB0039005AB1846F7F7CBFE07AB1B
:10A940001846F7F79FFE08230093824B824A40F295
:10A9500024518248F2F766F900230B931AE00B9B0F
:10A9600003F00F03002B08D10B9B002B05D07C4A72
:10A9700040F224517948F2F755F907AA0B9B13448A
:10A980001B78784A40F224517448F2F74BF90B9B3C
:10A9900001330B930B9B072BE1D9714A40F22451F1
:10A9A0006E48F2F73FF9082300936F4B6A4A40F272
:10A9B00025516A48F2F736F900230A931AE00A9BF8
:10A9C00003F00F03002B08D10A9B002B05D0644A2B
:10A9D00040F225516148F2F725F905AA0A9B134474
:10A9E0001B78604A40F225515C48F2F71BF90A9B3C
:10A9F00001330A930A9B072BE1D9594A40F22551AA
:10AA00005648F2F70FF9039BB3F81C334FF6FF7269
:10AA1000934207D0039BB3F81C3301339AB2039BD4
:10AA2000A3F81C23039BB3F81C33504A40F22E5169
:10AA30004A48F2F7F7F8039B002283F87320039B40
:10AA4000012283F85220039B012283F851200398AE
:10AA500000F0C0FB002309931EE0099BC3F107022D
:10AA6000099B013330326A4412F81C1C039A1344C8
:10AA70000A4683F87A20099BC3F10702099B093330
:10AA800030326A4412F8141C039A13440A4683F8BD
:10AA90007A20099B01330993099B072BDDDD039B7A
:10AAA000B3F81C33DAB2039B83F88B20039BB3F813
:10AAB0001C331B0A9BB2DAB2039B83F88C20039BE6
:10AAC000132283F87920039B03F17A00039B93F808
:10AAD0007930194604AB1A460CF049F80346002BAE
:10AAE00020D02348F1F7E2FF0120F2F70FF8204BC6
:10AAF000204A4FF4A8611948F2F794F81E4A4FF41F
:10AB0000A8611648F2F78EF81C4A4FF4A861134862
:10AB1000F2F788F8184A4FF4A8611048F2F782F863
:10AB2000F1F7BCFE039B93F879307833039A134412
:10AB3000023304A90422184601F03CFF039B93F85A
:10AB400079300433DAB2039B83F8792000BF0DB06B
:10AB50005DF804FB580004006400040024FC0300BA
:10AB6000780004007C0004008400040090000400CD
:10AB7000503204000CFC030058FC0300A400040045
:10AB800000B58BB00390039B03F2112105AB0622A5
:10AB9000184601F00FFF039B93F81E330893039BA5
:10ABA00093F81F331B02089A13430893039B93F8EF
:10ABB00020331B04089A134308939DF8143007931D
:10ABC0009DF815301B02079A134307939DF8163022
:10ABD0001B04079A13430793079A089B9A4211D1C3
:10ABE000089B0093079B784A40F261517748F2F73F
:10ABF00019F8774A40F261517448F2F713F84FF0B0
:10AC0000FF33DDE0039B03F21E3305A9062218463D
:10AC100001F0D0FE039BB3F81C2305ABD91C05AB98
:10AC200018460BF0E1FF039B93F80F320D2B19D957
:10AC3000002309930FE0099B0D33039A134493F803
:10AC40001012039A099B134403F549730A461A70BC
:10AC5000099B01330993099B0F2BECD9039804F04E
:10AC600043F902E0039804F0F7FC039B93F81732D2
:10AC70001A46039B93F818321B021A44039B93F85D
:10AC800019321B041A44039B93F81A321B0613440F
:10AC90001A46039BDA66039B93F81B321B11DBB247
:10ACA00003F00703DAB2039B83F85820039B93F861
:10ACB0001B3203F00F03DAB2039B83F85320039B8C
:10ACC00093F81C3203F00F03DAB2039B83F8592088
:10ACD000039B93F85930002B03D1039B012283F887
:10ACE0005920039B93F858301946039804F074FEDA
:10ACF0000346002B11D0039B93F85830354A40F29D
:10AD000081513248F1F78EFF314A40F281512F488C
:10AD1000F1F788FF4FF0FF3352E0039B93F8533075
:10AD20001946039804F084FE0346002B11D0039BC0
:10AD300093F85330284A40F287512448F1F772FFC4
:10AD4000234A40F287512148F1F76CFF4FF0FF335F
:10AD500036E0039B022283F8CE240398FDF7A3FC80
:10AD6000039803F08FFE039BDB6E1C4A4FF4B26125
:10AD70001648F1F757FF039B93F85830184A40F2F2
:10AD800091511248F1F74EFF039B93F85330154A47
:10AD900040F292510D48F1F745FF039B93F859306B
:10ADA000114A40F293510948F1F73CFF0F4B0093D1
:10ADB000074B0F4A40F294510448F1F733FF002348
:10ADC00018460BB05DF804FBDC00040024FC030013
:10ADD00058FC03000C010400380104006401040065
:10ADE0007401040090010400A8010400BC010400E7
:10ADF000CCFD030000B587B0019000230593019BB3
:10AE0000D3F81433002B27D0F1F755FD0390019BA5
:10AE1000D3F81833039A9A4206D3019BD3F8183318
:10AE2000039AD31A049308E0019BD3F81833DB4349
:10AE30000493049A039B13440493019BD3F81433A3
:10AE4000049A9A4202D90023059305E0019BD3F8A6
:10AE50001423049BD31A0593059B184607B05DF88D
:10AE600004FB000000B59DB0019000231A93019BE4
:10AE700093F84E301946019805F0D2FC03468DF840
:10AE80006F309DF86F30002B4ED1019B93F84E1020
:10AE90000DF166030DF16702019805F005FD14AB95
:10AEA000142200211846E1F717FA9DF867308DF853
:10AEB00050309DF866308DF85130019805F0D5FE80
:10AEC00003468DF852309DF850309DF851201146C0
:10AED0001846FDF7F9F903468DF8533001238DF834
:10AEE000583000238DF85930019B93F879308DF854
:10AEF00057309DF850301946019805F0BBFB0346CA
:10AF0000ADF8543000238DF85630019BD3F8BC3493
:10AF1000D3F8C039184614AA14AB04331946FDF708
:10AF200096FA03461A93ADE09DF86F30012B56D187
:10AF3000019B93F84E300DF14F021946019805F030
:10AF4000F9FC02AB2C2200211846E1F7C5F9019B60
:10AF5000D3F8B0340A93019805F0AAFE034609938A
:10AF600001238DF8323040F2FF13ADF8303041F656
:10AF70000F53ADF82C3041F22103ADF82E3046F2DC
:10AF8000A81303939DF84F301A464FF47A7302FBCF
:10AF900003F302933E4B0493019B93F879308DF8B1
:10AFA0001E302823ADF8183001238DF81D301823EA
:10AFB0008DF81B3001238DF8203004238DF81F30CD
:10AFC000019BD3F8BC34D3F8C039184602AA02ABAF
:10AFD00010331946FDF74BFA03461A9352E09DF8D9
:10AFE0006F30022B2DD1019B93F84E100DF14D03C4
:10AFF0000DF14E02019805F0D5FC0DAB1822002191
:10B000001846E1F769F99DF84E308DF83930012383
:10B010008DF83C309DF84E30184605F0FBFC034699
:10B020008DF83D30019BD3F8BC34D3F8C0391846B5
:10B03000019B93F879301A461AAB0DA9FDF753FA24
:10B0400020E01448F1F732FD0120F1F75FFD114BCC
:10B05000114A40F202611148F1F7E4FD104A40F252
:10B0600002610E48F1F7DEFD0E4A40F202610B4824
:10B07000F1F7D8FD0A4A40F202610848F1F7D2FD23
:10B08000F1F70CFC1A9B18461DB05DF804FB00BFDD
:10B09000A0860100743204000CFC030024FC0300B1
:10B0A00058FC0300C0FC030000B583B001900B46C0
:10B0B0008DF80330019B93F89234002B08D10F4A8E
:10B0C0004FF4C2610E48F1F7ADFD4FF0FF3310E0D1
:10B0D0009DF80330002B0AD09DF803300F2B06D8C3
:10B0E000019B9DF8032083F85120002301E04FF0DD
:10B0F000FF33184603B05DF804FB00BFE001040015
:10B1000024FC030000B587B00390039B93F8103232
:10B110005B098DF817309DF81730002B0FD09DF884
:10B120001730022B0BD09DF81730042B07D09DF859
:10B130001730062B03D09DF81730072B0AD19DF846
:10B140001730204A40F233611F48F1F76BFD4FF092
:10B15000FF3332E0039B93F8CE34022B2CD1039BB8
:10B1600093F811321A46039B93F812321B021A44C9
:10B17000039B93F813321B041A44039B93F8143275
:10B180001B0613440493039BDB6E049A9A4213D06C
:10B19000039BDA6E049B009313460C4A40F23E6117
:10B1A0000948F1F73FFD0A4A40F23E610648F1F7CF
:10B1B00039FD4FF0FF3300E00023184607B05DF87B
:10B1C00004FB00BFF801040024FC03001802040083
:10B1D00058FC030082B00190019B93F873305B012F
:10B1E000DAB2019B93F8743003F00303DBB213442B
:10B1F000DAB2019B83F87A2000BF02B0704784B0B6
:10B200000190019BDB6EDAB2019B83F87B20019BEE
:10B21000DB6E1B0ADAB2019B83F87C20019BDB6E9C
:10B220001B0CDAB2019B83F87D20019BDB6E1B0EA9
:10B23000DAB2019B83F87E20019B93F87520019B75
:10B2400083F87F20019B5B6EDAB2019B83F880203C
:10B25000019B5B6E1B0ADAB2019B83F88120019B84
:10B2600093F87130002B06D1019B93F87120019B5C
:10B2700083F882202AE0002303930FE0039B083326
:10B280000199039A0A4402F2EB121178019A1344CD
:10B290000A4683F87A20039B01330393019B93F8BA
:10B2A000EA311A46039B9342E8DB019B93F8723024
:10B2B000002B0BD0019B93F8EA310833019A92F8E6
:10B2C0007110019A13440A4683F87A2000BF04B033
:10B2D0007047000000B585B00390039B93F81135CB
:10B2E0000233039A92F82624934204DB039B002244
:10B2F00083F8262436E0039B93F811350133039A33
:10B30000134493F834331946039B93F811350233F1
:10B31000039A134493F8343300930B46134A4FF4C3
:10B32000CE611348F1F77EFC039B93F8113501338E
:10B33000039A134493F83423039B83F82025039B3B
:10B3400093F811350233039A134493F83423039B83
:10B3500083F82125039B93F811350333DAB2039B5D
:10B3600083F8112505B05DF804FB00BF4802040016
:10B3700024FC0300F0B58DB007900B468DF81B3010
:10B380009DF81B30002B04D1079B002283F8262454
:10B390002FE200238DF82F3053E09DF82F009DF809
:10B3A0001B10079B93F811351C469DF82F20134660
:10B3B0009B00134423440133079A134493F8343316
:10B3C0001C46079B93F811351D469DF82F20134608
:10B3D0009B0013442B440233079A134493F83433ED
:10B3E0001D46079B93F811351E469DF82F201346E6
:10B3F0009B00134433440333079A134493F83433C4
:10B400001E46079B93F811351F469DF82F201346C3
:10B410009B0013443B440433079A134493F834339A
:10B42000049303960295019400910346AB4A40F2BF
:10B430009761AB48F1F7F6FB9DF82F3001338DF89B
:10B440002F309DF82F209DF81B309A42A5D307235B
:10B450008DF82E3000238DF82D306AE0079B93F88D
:10B46000113519469DF82D2013469B0013440B44BB
:10B470000233079A134493F834331946079B93F821
:10B48000113518469DF82D2013469B0013440344A4
:10B490000333079A134493F834331B029BB20B44D3
:10B4A000ADF82630079B93F8113519469DF82D20ED
:10B4B00013469B0013440B440433079A134493F838
:10B4C00034331B11DBB203F007038DF825309DF8F0
:10B4D0002D10BDF826309DF82520019200930B46D3
:10B4E000804A4FF4D5617E48F1F79CFBBDF82620D9
:10B4F0009DF825301946079804F0E8F8034613F143
:10B50000020F11D19DF82E3003F006038DF82E3076
:10B51000754A40F2AE617248F1F784FB734A40F21B
:10B52000AE616F48F1F77EFB9DF82D3001338DF849
:10B530002D309DF82D209DF81B309A428ED3079B0D
:10B5400093F89234002B35D09DF82E30072B21D163
:10B55000079805F0A9F80346B3F1FF3F0FD1002388
:10B560008DF82E30624A40F2BD615D48F1F75AFB1A
:10B570005E4A40F2BD615A48F1F754FBECE007988F
:10B5800003F0E2FF079B012283F8192501238DF8C0
:10B590002E30E1E000238DF82E30564A40F2CB6188
:10B5A0004F48F1F73FFB514A40F2CB614C48F1F76D
:10B5B00039FBD1E0079B93F8113519469DF81B30F4
:10B5C0005A1E13469B0013440B440133079A13443D
:10B5D00093F834331B098DF82B309DF82B300F2B4B
:10B5E0001CD09DF82B3001221946079804F09CFAD4
:10B5F0000346B3F1FF3F11D19DF82E3003F0050350
:10B600008DF82E303C4A40F2DC613548F1F70AFBF8
:10B61000364A40F2DC613248F1F704FB079B93F8AD
:10B62000113519469DF81B305A1E13469B001344D2
:10B630000B440133079A134493F8343303F00F0398
:10B640008DF82A309DF82A300F2B1BD09DF82A3018
:10B650001946079805F090FD0346B3F1FF3F11D15D
:10B660009DF82E3003F003038DF82E30234A40F26C
:10B67000EA611B48F1F7D6FA1C4A40F2EA61184821
:10B68000F1F7D0FA079B93F8113519469DF81B3056
:10B690005A1E13469B0013440B440433079A134469
:10B6A00093F8343303F00F038DF829309DF82E30D2
:10B6B000072B51D1079803F047FF9DF82A300F2B35
:10B6C00005D09DF82A301946079803F0FDFE9DF835
:10B6D0002930002B14D09DF8292012E064020400C8
:10B6E00024FC030098020400E002040058FC03005C
:10B6F000000304002C0304004C030400680304004E
:10B700000122079B83F851209DF82B300F2B04D08A
:10B71000079B9DF82B2083F84F20079B012283F87D
:10B720001925079B93F84F30334A40F20271334892
:10B73000F1F778FA079B93F95030314A40F20371E0
:10B740002E48F1F76FFA079B93F851302D4A40F2DB
:10B7500004712A48F1F766FA079B93F811259DF8C2
:10B760001B30194689000B44DBB21344DAB2079B45
:10B7700083F81125079B93F81125079B93F826342E
:10B780009A4236D800238DF82C3020E0079B93F89E
:10B7900079311A469DF82C305B001344079A134404
:10B7A000032283F87A21079B93F879311A469DF892
:10B7B0002C305B0013440133079A13449DF82E206C
:10B7C00083F87A219DF82C3001338DF82C309DF8C8
:10B7D0002C209DF81B309A42D8D3079B93F87921EF
:10B7E0009DF81B305B00DBB21344DAB2079B83F891
:10B7F00079210DB0F0BD00BF8003040024FC0300DC
:10B8000098030400AC03040010B588B00590059BB4
:10B8100093F811350433059A92F82624934204DBF9
:10B82000059B002283F8262416E1059B93F8113529
:10B830000133059A134493F834331C46059B93F85F
:10B8400011350233059A134493F834331946059B96
:10B8500093F811350333059A134493F8343318469B
:10B86000059B93F811350433059A134493F8343348
:10B870000293019000912346784A40F22171784862
:10B88000F1F7D0F907238DF81F30059B93F8113598
:10B890000133059A134493F834331B11DBB203F0E0
:10B8A00007038DF81E309DF81E301946059804F0E8
:10B8B00093F80346B3F1FF3F0ED19DF81F3003F01C
:10B8C00006038DF81F30674B0093674B674A40F2C1
:10B8D0002D716348F1F7A6F9059B93F811350133F3
:10B8E000059A134493F8343303F00F038DF81D3099
:10B8F0009DF81D301946059804F09AF80346B3F1F7
:10B90000FF3F0ED19DF81F3003F005038DF81F3067
:10B91000574B0093544B554A40F235715048F1F75C
:10B9200081F9059B93F81135023303F54C73059AA1
:10B93000134404331946059805F0D0FB0690069988
:10B94000059805F0E9FB0346B3F1FF3F0ED19DF8E2
:10B950001F3003F003038DF81F30464B0093424B1A
:10B96000424A40F23F713E48F1F75CF99DF81F30C2
:10B97000072B26D1059B9DF81E2083F85820059B98
:10B980009DF81D2083F85320059B069A5A65059B58
:10B9900093F85830384A4FF4E9613148F1F742F9E9
:10B9A000059B93F85330354A40F249712C48F1F722
:10B9B00039F9059B5B6D324A40F24A712848F1F72C
:10B9C00031F9059B93F811350533DAB2059B83F8FD
:10B9D0001125059B93F81125059B93F826349A426F
:10B9E0003AD8059B93F879311A46059B13440522F2
:10B9F00083F87A21059B93F879310133059A134432
:10BA00009DF81F2083F87A21059B93F87931023342
:10BA1000DAB2059B83F87921059B93F8DA310D2B77
:10BA20001AD8059B93F8DA311A46059B1344052270
:10BA300083F8DB21059B93F8DA310133059A13442F
:10BA40009DF81F2083F8DB21059B93F8DA31023340
:10BA5000DAB2059B83F8DA2108B010BDC0030400F8
:10BA600024FC0300EC03040058FC0300CCFD03009D
:10BA700004040400140404002C040400480404001A
:10BA80006004040000B583B00190019B93F8113568
:10BA90000133019A92F82624934204DB019B002291
:10BAA00083F826243AE0019B93F811350133019A7B
:10BAB000134493F834331B4A40F26A711A48F1F781
:10BAC000B1F8019B93F811350133019A134493F8AF
:10BAD000343303F00F02019B1A66019B93F8113572
:10BAE0000233DAB2019B83F81125019B93F81125EB
:10BAF000019B93F826349A4210D8019B93F8793130
:10BB00001A46019B1344042283F87A21019B93F87F
:10BB100079310133DAB2019B83F8792103B05DF802
:10BB200004FB00BF7804040024FC030010B586B0B9
:10BB30000390039B93F81125039B93F826349A42B4
:10BB400004D3039B002283F8262459E0039BD3F8F7
:10BB5000BC340DF11702039918460BF05DFE294B1A
:10BB60000093294B294A40F283712948F1F75AF88A
:10BB7000039B93F811350133DAB2039B83F8112547
:10BB8000039B93F81125039B93F826349A4237D8E8
:10BB9000039B93F879311A46039B1344062283F8DA
:10BBA0007A21039B93F879315C1CF1F717F803466F
:10BBB0001A46039B234483F87A21039BD3F8BC24C1
:10BBC0009DF8173019460B465B010B449B0013444C
:10BBD0007E33B3F90030DAB2039B93F87931023344
:10BBE00002F03F02D1B2039A13440A4683F87A2145
:10BBF000039B93F879310333DAB2039B83F87921FD
:10BC000006B010BD9404040058FC0300CCFD0300F2
:10BC100024FC030030B58BB00590059B93F81135DB
:10BC20000533059A92F82624934204DB059B0022F3
:10BC300083F8262469E1059B93F811350133059AB1
:10BC4000134493F834331D46059B93F811350233A2
:10BC5000059A134493F834331946059B93F811352C
:10BC60000333059A134493F834331846059B93F82D
:10BC700011350433059A134493F834331C46059B5D
:10BC800093F811350533059A134493F8343303932D
:10BC90000294019000912B469D4A40F29A719D4872
:10BCA000F0F7C0FF059804F0BDFF034683F00103E1
:10BCB000DBB2002B14D0984A40F2A1719548F0F7FE
:10BCC000B1FF964A40F2A1719248F0F7ABFF059B95
:10BCD00093F811350633DAB2059B83F8112514E188
:10BCE00003238DF82730059B93F811350133059A0E
:10BCF000134493F834338DF826309DF826301946D6
:10BD0000059804F00FF80346B3F1FF3F0BD1002371
:10BD10008DF82730824B0093804B824A40F2AD7100
:10BD20007C48F0F77FFF059B93F81135023303F54C
:10BD30004C73059A134404331946059805F0CEF95F
:10BD400008900899059803F09FFF0346B3F1FF3F61
:10BD50000ED19DF8273003F002038DF82730724B87
:10BD600000936E4B6F4A40F2B6716A48F0F75AFF83
:10BD7000059B93F811350533059A134493F8343332
:10BD800003F00F038DF81F309DF81F3019460598FA
:10BD900003F08CFE0346B3F1FF3F0ED19DF8273030
:10BDA00003F001038DF82730604B00935B4B5D4A35
:10BDB00040F2BE715748F0F735FF059B93F81135F7
:10BDC0000533059A134493F834331B098DF81E305C
:10BDD0009DF81E301946059803F068FE0346B3F13E
:10BDE000FF3F0ED19DF8273003F001038DF8273077
:10BDF0004F4B0093494B4B4A40F2C5714548F0F711
:10BE000011FF9DF81E209DF81F309A420ED29DF81A
:10BE1000273003F001038DF82730464B00933F4B4A
:10BE2000404A40F2CB713B48F0F7FCFE9DF82730CA
:10BE3000032B3FD19DF826301A460899059804F047
:10BE400067F89DF826301A460899059804F0D0F84E
:10BE50009DF81E309DF81F209DF82610059804F0CF
:10BE60003BF9089B002B07D19DF826301A4600218C
:10BE7000059804F0D5F906E09DF826301A46012110
:10BE8000059804F0CDF99DF826409DF82630194616
:10BE9000059804F039FA01469DF81F309DF81E20E0
:10BEA0000292019300912346234A40F2DD71194822
:10BEB000F0F7B8FE059B93F811350633DAB2059B0F
:10BEC00083F81125059B93F81125059B93F82634DB
:10BED0009A421AD8059B93F879311A46059B134468
:10BEE000072283F87A21059B93F879310133059A6B
:10BEF00013449DF8272083F87A21059B93F8793124
:10BF00000233DAB2059B83F879210BB030BD00BF54
:10BF1000B004040024FC0300DC04040058FC03000B
:10BF200014050400CCFD03002C05040040050400AA
:10BF300054050400680504008405040000B583B0BE
:10BF40000190019B93F811350133019A92F8262450
:10BF5000934204DB019B002283F826245BE0019BD3
:10BF600093F811350133019A134493F834332B4A73
:10BF70004FF4FF612A48F0F755FE019B93F8113505
:10BF80000133019A134493F8343303F00F03DAB208
:10BF9000019B83F85920019B93F85930002B03D162
:10BFA000019B012283F85920019B93F8113502333C
:10BFB000DAB2019B83F81125019B93F81125019BAF
:10BFC00093F826349A4226D8019B93F879311A4681
:10BFD000019B1344082283F87A21019B93F879315D
:10BFE0000133DAB2019B83F87921019B93F8DA31AE
:10BFF0000E2B10D8019B93F8DA311A46019B13449B
:10C00000082283F8DB21019B93F8DA310133DAB29D
:10C01000019B83F8DA2103B05DF804FBBC05040042
:10C0200024FC030000B585B00190019B93F8113505
:10C030000133019A92F82624934204DB019B0022EB
:10C0400083F82624A3E0019B93F811350133019A6C
:10C05000134493F834334F4A40F61C014E48F0F72E
:10C06000E1FD019804F0D5FD034683F00103DBB246
:10C07000002B14D0494A40F621014748F0F7D2FD81
:10C08000474A40F621014448F0F7CCFD019B93F864
:10C0900011350233DAB2019B83F8112577E0019B59
:10C0A00093F811350133019A134493F8343303F0B4
:10C0B0000F033C4AD35C023B8DF80F30019B9B6B16
:10C0C0009B7A9DF80F20934228BF1346DAB2019B5A
:10C0D00083F85A20019B93F811350133019A1344D8
:10C0E00093F834331B1103F00103002B14BF012319
:10C0F0000023DAB2019B83F85B20019B93F8113592
:10C100000133019A134493F834335B1103F00103B4
:10C11000002B14BF01230023DAB2019B83F85C20BB
:10C12000019B93F811350233DAB2019B83F8112594
:10C13000019B93F81125019B93F826349A4226D847
:10C14000019B93F879311A46019B1344092283F825
:10C150007A21019B93F879310133DAB2019B83F89C
:10C160007921019B93F8DA310E2B10D8019B93F8BB
:10C17000DA311A46019B1344092283F8DB21019B23
:10C1800093F8DA310133DAB2019B83F8DA2105B092
:10C190005DF804FBE005040024FC03000406040031
:10C1A00058FC03007830040010B588B00590059B5A
:10C1B00093F811350433059A92F82624934204DB50
:10C1C000059B002283F8262401E1059B93F8113595
:10C1D0000133059A134493F834331C46059B93F8B6
:10C1E00011350233059A134493F834331946059BED
:10C1F00093F811350333059A134493F834331846F2
:10C20000059B93F811350433059A134493F834339E
:10C2100002930190009123466E4A40F649016E4810
:10C22000F0F700FD059804F0FDFC034683F00103E0
:10C23000DBB2002B14D0694A4FF405616648F0F771
:10C24000F1FC674A4FF405616348F0F7EBFC059B8E
:10C2500093F811350533DAB2059B83F81125B6E062
:10C2600003238DF81F30059B93F811350133059A90
:10C27000134493F834338DF81E309DF81E30194660
:10C28000059804F041F80346002B0ED19DF81F30AD
:10C2900003F001038DF81F30524B0093504B524A6C
:10C2A00040F65C014C48F0F7BDFC059B93F8113556
:10C2B000023303F54C73059A134404331946059869
:10C2C00004F00CFF06900699059804F025FF03463C
:10C2D000B3F1FF3F0ED19DF81F3003F002038DF83C
:10C2E0001F30424B00933E4B3F4A40F664013A48B0
:10C2F000F0F798FC9DF81F30032B1DD19DF81E30E0
:10C300001A460699059803F073FE0346002B02D0E7
:10C3100000238DF81F309DF81E409DF81E301946F1
:10C32000059804F05FF8034600932346304A40F630
:10C330006E012948F0F776FC059B93F8113505331B
:10C34000DAB2059B83F81125059B93F81125059B0F
:10C3500093F826349A423AD8059B93F879311A46D5
:10C36000059B13440A2283F87A21059B93F87931BF
:10C370000133059A13449DF81F2083F87A21059B09
:10C3800093F879310233DAB2059B83F87921059B62
:10C3900093F8DA310D2B1AD8059B93F8DA311A4647
:10C3A000059B13440A2283F8DB21059B93F8DA31BD
:10C3B0000133059A13449DF81F2083F8DB21059B68
:10C3C00093F8DA310233DAB2059B83F8DA2108B048
:10C3D00010BD00BF4006040024FC030068060400F2
:10C3E00058FC030014050400CCFD03002C050400D8
:10C3F000A006040000B587B003900B468DF80B3003
:10C4000013468DF80A30039B93F85C301A469DF86A
:10C410000A301946039804F077FD034605338DF87A
:10C4200017309DF80B209DF817309A420ED99DF8D1
:10C430000B209DF8173000931346074A40F68A01F7
:10C440000648F0F7EFFB4FF0FF3300E000231846FB
:10C4500007B05DF804FB00BFC006040024FC030025
:10C4600030B587B00590059B93F811350533059AD3
:10C4700092F82624934206DB059B002283F82624AB
:10C480004FF0FF339AE0059B93F811350133059A7D
:10C49000134493F834331D46059B93F8113502334A
:10C4A000059A134493F834331946059B93F81135D4
:10C4B0000333059A134493F834331846059B93F8D5
:10C4C00011350433059A134493F834331C46059B05
:10C4D00093F811350533059A134493F834330393D5
:10C4E0000294019000912B46364A40F69C01364852
:10C4F000F0F798FB059B93F811350133059A134427
:10C5000093F834331A46059BC3F82425059BD3F8CA
:10C510002425059B93F81135023305990B4493F8B4
:10C5200034331B021A43059BC3F82425059BD3F81B
:10C530002425059B93F81135033305990B4493F893
:10C5400034331B041A43059BC3F82425059BD3F8F9
:10C550002425059B93F81135043305990B4493F872
:10C5600034331B061A43059BC3F82425059B93F817
:10C5700011350533059A134493F834331A464FF4B2
:10C580007A7302FB03F31A0A059BC3F82825059B5F
:10C59000D3F82425059BD3F82835009313460B4A7E
:10C5A00040F6A8010848F0F73DFB059B93F81135CC
:10C5B0000633DAB2059B83F811250023184607B02D
:10C5C00030BD00BFDC06040024FC03000C0704009F
:10C5D00010B588B00590059B93F811350333059A83
:10C5E00092F82624934204DB059B002283F826243C
:10C5F0009EE0059B93F811350133059A134493F897
:10C6000034331C46059B93F811350233059A1344C5
:10C6100093F834331946059B93F811350333059A83
:10C62000134493F834331846059B93F811350433BB
:10C63000059A134493F834330293019000912346F2
:10C640003C4A40F6BC013C48F0F7ECFA01238DF877
:10C650001F30059B93F81135013303F54C73059A90
:10C66000134404331946059804F038FD0690069BE0
:10C67000002B13D00699059804F04EFD0346B3F144
:10C68000FF3F0BD100238DF81F302C4B00932C4B18
:10C690002C4A40F6CD012848F0F7C4FA9DF81F3027
:10C6A000012B1AD1059B069AC3F84825059BD3F8A0
:10C6B0004835002B03D0059BD3F8483507E0F0F749
:10C6C000FAF803461946059804F08AFC03461E4A08
:10C6D00040F6D5011848F0F7A5FA059B93F81135F7
:10C6E0000433DAB2059B83F81125059B93F81125D5
:10C6F000059B93F826349A421AD8059B93F8793112
:10C700001A46059B1344132283F87A21059B93F85C
:10C7100079310133059A13449DF81F2083F87A215B
:10C72000059B93F879310233DAB2059B83F87921BE
:10C7300008B010BD3807040024FC0300640704009F
:10C7400058FC0300CCFD03008007040010B58AB03C
:10C750000590059B93F811350433059A92F8262429
:10C76000934204DB059B002283F82624E6E0059B28
:10C7700093F811350133059A134493F834331C466A
:10C78000059B93F811350233059A134493F834331B
:10C790001946059B93F811350333059A134493F812
:10C7A00034331846059B93F811350433059A134426
:10C7B00093F834330293019000912346604A40F687
:10C7C000F1016048F0F72EFA03238DF82730059B1E
:10C7D00093F81135013303F54C73059A1344043370
:10C7E0001946059804F07AFC0890089B002B16D097
:10C7F0000899059804F090FC0346B3F1FF3F0ED171
:10C800009DF8273003F002038DF827304E4B00933C
:10C810004E4B4F4A40F602114A48F0F703FA059B87
:10C8200093F811350433059A134493F8343303F025
:10C830000F038DF81F309DF81F301946059803F03F
:10C84000F7F80346B3F1FF3F0ED19DF8273003F010
:10C8500001038DF827303F4B00933C4B3C4A40F698
:10C860000B113848F0F7DEF99DF82730032B1AD169
:10C87000059B089AC3F84C25059B9DF81F2083F85B
:10C880005025059B93F85035334A40F614112D4836
:10C89000F0F7C8F9059BD3F84C35304A40F615112E
:10C8A0002848F0F7BFF9059B93F811350533DAB244
:10C8B000059B83F81125059B93F81125059B93F89B
:10C8C00026349A423AD8059B93F879311A46059B4B
:10C8D0001344112283F87A21059B93F879310133AF
:10C8E000059A13449DF8272083F87A21059B93F835
:10C8F00079310233DAB2059B83F87921059B93F8ED
:10C90000DA310D2B1AD8059B93F8DA311A46059BBC
:10C910001344112283F8DB21059B93F8DA310133AC
:10C92000059A13449DF8272083F8DB21059B93F893
:10C93000DA310233DAB2059B83F8DA210AB010BD8E
:10C940009807040024FC0300CC07040058FC0300F3
:10C95000CCFD0300EC0704000408040020080400D8
:10C9600000B583B00190019B93F81125019B93F8CA
:10C9700026349A4206D3019B002283F826244FF0E6
:10C98000FF330EE0094A40F637110948F0F74AF93B
:10C99000019B93F811350133DAB2019B83F811251D
:10C9A0000023184603B05DF804FB00BF3C080400F8
:10C9B00024FC030084B0039002911346ADF80630C6
:10C9C00007E0029A531C0293039B591C03911278AF
:10C9D0001A70BDF806305A1EADF80620002BF0D1B3
:10C9E00000BF00BF04B0704786B0039002911346A9
:10C9F000ADF80630BDF80630013B029A13440593AA
:10CA000007E0059A531E0593039B591C0391127866
:10CA10001A70BDF806305A1EADF80620002BF0D172
:10CA200000BF00BF06B0704782B001900B468DF882
:10CA300003301346ADF8003005E0019B5A1C01920B
:10CA40009DF803201A70BDF800305A1EADF8002082
:10CA5000002BF2D100BF00BF02B0704786B001903A
:10CA600000916FF0050305931CE0019B5A1C019295
:10CA70001B781A46059B53400593002304930EE050
:10CA8000059B03F001035B420393059B5A0803993E
:10CA90000A4B0B4053400593049B01330493049BC2
:10CAA000072BEDDD009B5A1E0092002BDDDC059B61
:10CAB000C3F10203184606B0704700BF2083B8EDEB
:10CAC00082B001900B468DF803309DF80330DB08EF
:10CAD000DBB21A46019B13441B781A469DF80330BB
:10CAE00003F0070342FA03F3DBB203F00103DBB206
:10CAF000184602B0704782B001900B468DF80330A3
:10CB00009DF80330DB08D8B20246019B13441B7822
:10CB10005AB29DF8033003F00703012101FA03F331
:10CB20005BB213435AB20146019B0B44D2B21A7056
:10CB300000BF02B0704782B001900B468DF8033001
:10CB40009DF80330DB08D8B20246019B13441B78E2
:10CB50005AB29DF8033003F00703012101FA03F3F1
:10CB60005BB2DB435BB213405AB20146019B0B44FC
:10CB7000D2B21A7000BF02B0704700B583B0019006
:10CB80000B468DF8033013468DF802309DF80230C5
:10CB900003F00103002B06D09DF8033019460198DD
:10CBA000FFF7A9FF05E09DF8033019460198FFF74C
:10CBB000C2FF00BF03B05DF804FB84B001900B46D8
:10CBC0008DF8033000238DF80F300DE09DF80F3005
:10CBD000019A13441B78002B01D000230BE09DF831
:10CBE0000F3001338DF80F309DF80F209DF8033082
:10CBF0009A42EBD30123184604B0704782B00190EB
:10CC00000B468DF803309DF803301B09DBB25B0047
:10CC1000019A13441B881A469DF8033003F00F0352
:10CC200042FA03F3DBB203F00103DBB2184602B0B1
:10CC3000704782B001900B468DF803309DF80330A9
:10CC40001B09D8B203465B00019A13441B881AB231
:10CC50009DF8033003F00F03012101FA03F31BB227
:10CC6000134319B203465B00019A13448AB21A8037
:10CC700000BF02B0704782B001900B468DF80330C0
:10CC80009DF803301B09D8B203465B00019A134498
:10CC90001B881AB29DF8033003F00F03012101FA3B
:10CCA00003F31BB2DB431BB2134019B203465B0014
:10CCB000019A13448AB21A8000BF02B0704700B5CF
:10CCC00083B001900B468DF8033013468DF8023087
:10CCD0009DF8023003F00103002B06D09DF80330CD
:10CCE00019460198FFF7A5FF05E09DF803301946A6
:10CCF0000198FFF7C0FF00BF03B05DF804FB000020
:10CD000000B585B003468DF8073000238DF80F304D
:10CD10009DF807300B2B0ED8FF238DF80F309DF8B0
:10CD20000730084AC8210848EFF77CFF074AC821A6
:10CD30000548EFF777FF9DF90F30184605B05DF80D
:10CD400004FB00BF5008040078080400AC0804008D
:10CD500000B589B0059004910392029300238DF8E9
:10CD60001F30059B1B785B09DAB2049B1A70059B88
:10CD70001B7803F00303DAB2039B1A70049B1B7841
:10CD8000002B13D0049B1B78022B0FD0049B1B7825
:10CD9000042B0BD0049B1B78062B07D0049B1B781D
:10CDA000072B03D0039B1B78002B0AD0FF238DF8A1
:10CDB0001F300C4B00930C4B0C4AD7210C48EFF75B
:10CDC00031FF049B1B78052B0CBF01230023DBB232
:10CDD0001A46029B1A709DF91F30184609B05DF87B
:10CDE00004FB00BFB8080400AC080400B00804004D
:10CDF0007808040000B589B00590039202930B46B1
:10CE00008DF813300023079300230693059B01330D
:10CE10001B781A46059B02331B781B021A44059B9C
:10CE200003331B781B041A44059B04331B781B0631
:10CE300013440693069A0A9B9A4201D1002301E00B
:10CE40004FF0FF330793059B5A790D9B1A70059B92
:10CE500006331B781A46059B07331B781B029BB2CF
:10CE600013449AB2029B1A800D9B1B7803F00F03A8
:10CE7000DAB2039B1A70059B03F10801039B1B7830
:10CE80001A460E98FFF796FD9DF81320039B1B781A
:10CE90000C339A420CDD039B1B7808331A46059B22
:10CEA00013441A780B9B1A700C9B00221A700DE029
:10CEB0000C9B01221A700F4B00930F4B0F4AF42169
:10CEC0000F48EFF7AFFE0F4B01221A60079BB3F13B
:10CED000FF3F0AD1069B0C4AFC210948EFF7A2FE4E
:10CEE000054AFC210648EFF79DFE079B184609B04E
:10CEF0005DF804FBC8080400AC080400B008040096
:10CF000078080400C8210010D808040000B587B0D4
:10CF100003460291ADF80E30029B1B68ADF8163047
:10CF2000029B1B681B0C1B040493BDF80E20BDF86C
:10CF300016309A4204D8029B1B68B3F1FF3F10D110
:10CF4000029B1B68B3F1FF3F04D1BDF80E20029B8A
:10CF50001A602AE0BDF80E20049B1A44029B1A6056
:10CF600023E0BDF80E20BDF816309A4208D2BDF875
:10CF70000E20049B134403F58032029B1A6014E0D8
:10CF8000BDF80E20029B1B6800931346094A4FF41C
:10CF90008C710948EFF746FE084A4FF48C71064839
:10CFA000EFF740FE4FF0FF3300E00023184607B0D4
:10CFB0005DF804FBF408040078080400AC080400E1
:10CFC00084B001900B468DF8033013468DF8023083
:10CFD000019B0393019B029311E0039B1B781A466C
:10CFE000124B9B5C1A46039B13440393039A019BC9
:10CFF000D21A9DF802309A420FDC039B0293039AE7
:10D00000019BD31A9DF802109DF803208A4228BF85
:10D010000A46D2B29342E0DB00E000BF029A019BD5
:10D02000D31ADBB2184604B0704700BF8832040040
:10D0300030B58DB0099008910792069340F2545292
:10D0400000210998DFF748F9099B002283F812258F
:10D05000099B002283F81123099B002283F8D9241D
:10D06000099B032283F8C024099B089A9A63099BB1
:10D07000079A1A64099B069ADA63099B002283F8CF
:10D080001825099B139A5A64099B149A9A64099B60
:10D090000A22C3F81C25099B624AC3F840259DF863
:10D0A00048209DF8443019460998FBF775FA09980D
:10D0B00000F0D3FF03468DF82F309DF92F30002B61
:10D0C00008D0099801F04AFB099800F0C6FF034612
:10D0D0008DF82F309DF92F30002B0FD1099B9B6BC2
:10D0E0001B78184601F08EFB0346002B03D100236A
:10D0F0008DF82F3002E0FF238DF82F309DF92F306F
:10D10000B3F1FF3F19D1484A91214848EFF78AFD12
:10D11000474A91214548EFF785FD099B4FF0805222
:10D12000C3F89424099B0022C3F89824099B9B6BA5
:10D1300006221A70099800F0F2FE099801F0CCFA64
:10D14000099BB3F84C3001339AB2099BA3F84C20E9
:10D15000099BB3F81C33374A9C213448EFF762FD32
:10D16000099B93F81E331D46099B93F81F331A46FB
:10D17000099B93F820331946099B93F821331846ED
:10D18000099B93F822331C46099B93F8233304939D
:10D1900003940290019100922B46274A9D21234837
:10D1A000EFF740FD099BB3F84C30244AA0211F48FB
:10D1B000EFF738FD099B9B6B1B781A46204B53F801
:10D1C0002230204AA1211948EFF72CFD099B109A23
:10D1D000C3F8BC24099B4FF41662A3F89C24099B56
:10D1E000D3F8BC04099B93F8C014099B164A0AF0B3
:10D1F00049FA099801F038FB099801F0C5FB099834
:10D2000003F044FD03461A46099B83F88D240998D0
:10D2100003F034FD03461A46099B83F88C2400BFB3
:10D220000DB030BD80994000500A0400880A040007
:10D23000B40A0400B80A0400CC0A0400080B040075
:10D24000981900101C0B0400F9980200F0B591B079
:10D250000D900D9BD3F8BC340DF13E020D9918468C
:10D260000AF0DAFA0D9800F0DAFF0346002B1FD11E
:10D270000D9800F0D5FB0346012B19D10D9BD3F877
:10D28000A444EFF712FB0346E31A002B10DDEFF77F
:10D290000CFB02460D9BD3F8A43400931346AA4A14
:10D2A000C321AA48EFF7BEFC0D9B002283F812258C
:10D2B0000D9B93F81235002B2FD0EFF7F6FA0446AA
:10D2C0000D9801F0D6F80346E31AA3F59673002BE8
:10D2D00023DD9F48EFF7EAFB0120EFF717FC9C4B9B
:10D2E0009C4ACE219948EFF79DFC9B4ACE21974856
:10D2F000EFF798FC0D9B93F81235984ACE2193488E
:10D30000EFF790FC944ACE219048EFF78BFCEFF7B3
:10D31000C5FA0D9B062283F812250D9B93F8BB34AA
:10D32000062B02D10D9801F0D5F80D9B93F812351C
:10D33000042B00F2A18201A252F823F0BDD8020012
:10D3400051D3020049D602004BD702002DD802006B
:10D350000D9B93F8BB34002B03D0032B00F01481FA
:10D3600071E10D9B012283F8BB247D4B00937A4B26
:10D370007C4AE6217548EFF755FC9DF83E307A4A25
:10D38000E6217248EFF74EFC784B0093724B754ADA
:10D39000E6216E48EFF746FC0D9B93F84E30194698
:10D3A0000D9803F03DFA03468DF83F309DF83F306D
:10D3B000002B36D10D9B93F84E100FAB0DF13D02B3
:10D3C0000D9803F071FA0D9BD3F814750D9BD3F8EB
:10D3D000B0449DF83D3009939DF83C301A46644BAB
:10D3E00053F822500D9B93F879300A930D9B93F9D3
:10D3F00050300B930D9B5E6E0D98FDF733FD034689
:10D40000069305960B9A04920A9A03920295099B39
:10D41000019300943B46574AF2214C48EFF702FC37
:10D4200069E09DF83F30012B20D10D9BD3F81465A6
:10D430000D9BD3F8B0440D9B93F879301F460D9B9C
:10D4400093F9503009930D9B5D6E0D98FDF70AFD21
:10D45000034604930395099B029301970094334676
:10D46000454AFA213948EFF7DDFB44E09DF83F30AB
:10D47000022B40D10D9B93F84E100DF13A030DF1A4
:10D480003B020D9803F08EFA0D9BD3F814350993E7
:10D490000D9BD3F8B0440D9B93F84E300A939DF842
:10D4A0003B301A46354B53F822509DF83A301A4615
:10D4B000334B53F822600D9B93F879300B930D9BFF
:10D4C00093F950300C930D9B5F6E0D98FDF7CAFCDD
:10D4D0000346079306970C9A05920B9A04920396BB
:10D4E00002950A9A01920094099B264A4FF4827190
:10D4F0001648EFF797FB0D9B1B6C184605F0C5FC13
:10D500000346002B1BD00D9B1C6C0D9BD3F8B05415
:10D510000D9B93F81835002B14BF01230023DEB2B6
:10D520000D9BD3F814750D98FDF79CFC03460093F2
:10D530003B4632462946204605F0B0FD83E00D9873
:10D54000FBF7D6FC7FE000BF2C0B0400880A040028
:10D550009C320400600B0400B40A0400780B040041
:10D56000B80B0400B00B0400E80B0400040C04002A
:10D57000B4190010300C0400840C0400141A0010BC
:10D58000EC190010D00C0400AF4B0093AF4BB04A25
:10D590004FF48C71AF48EFF745FBAF4A4FF48C71F5
:10D5A000AC48EFF73FFBAD4B0093A84BA84A4FF4B4
:10D5B0008C71A848EFF736FB0D9B022283F81225E9
:10D5C0000D9BD3F8E4240D9BC3F818230D9BD3F8CF
:10D5D000BC249DF83E3003F5FE739B0013445A684B
:10D5E0000D9B1B6E9A400D9BD3F8BC149DF83E30EA
:10D5F00003F5FE739B000B445B68D21A0D9BC3F8C6
:10D6000014230D9B93F8CE34012B02D10D9801F019
:10D610002BF800210D98FCF77FFA0D98FCF72EFEF1
:10D620000D9BD86B0D9BD3F8B0140D9BD3F8BC2485
:10D630009DF83E3003F5FE739B0013445B681A4669
:10D6400003F0B8FF00BF40E10D9B93F8BB34052BFE
:10D6500040F036810D9800F014FF0346042B51D1A1
:10D660000D9B012283F8D9240D98FCF767FB034634
:10D670001A460D9B83F811230D9B93F81133002B51
:10D6800022D10D9B032283F812256F4B00936F4B21
:10D690006F4A4FF49F716F48EFF7C4FA9DF83E3020
:10D6A0006F4A4FF49F716B48EFF7BCFA6B4B0093D6
:10D6B000664B674A4FF49F716648EFF7B3FA012152
:10D6C0000D98FCF729FAFBE05F4B00935F4B604A33
:10D6D00040F243115F48EFF7A5FA9DF83E30614AEA
:10D6E00040F243115B48EFF79DFA5C4B0093574BB8
:10D6F000574A40F243115748EFF794FA0D9800F05B
:10D70000E9FEDDE00D9B032283F812254E4B0093CA
:10D710004E4B4F4A4FF4A5714E48EFF783FA9DF8F0
:10D720003E30514A4FF4A5714A48EFF77BFA4B4B14
:10D730000093464B464A4FF4A5714648EFF772FAFC
:10D7400001210D98FCF7E8F9BAE00D9B93F8BB3482
:10D75000052B40F0B7800D9800F093FE0346042B94
:10D7600046D10D9B022283F8D9240D98FCF7E6FAE6
:10D7700003461A460D9B83F811230D9B93F8113332
:10D78000002B1AD1304B0093304B314A4FF4AE711D
:10D790003048EFF747FA9DF83E30344A4FF4AE7107
:10D7A0002C48EFF73FFA2D4B0093284B284A4FF4B3
:10D7B000AE712848EFF736FA34E0234B0093234B41
:10D7C000234A4FF4B0712348EFF72CFA9DF83E300E
:10D7D000274A4FF4B0711F48EFF724FA1F4B00930C
:10D7E0001A4B1B4A4FF4B0711A48EFF71BFA19E0B5
:10D7F000154B0093154B164A40F265111548EFF78B
:10D8000011FA9DF83E301B4A40F265111148EFF7BE
:10D8100009FA124B00930D4B0D4A40F265110D4869
:10D82000EFF700FA0D9800F055FE4BE0EFF743F8E4
:10D8300002460D9BD3F81435D31A002B44DD0D9B03
:10D84000012283F812253FE0B80B0400B40A04005B
:10D85000B00B0400880A0400300D0400040C04001E
:10D860003C0D04007C0D0400AC0D0400CC0D040044
:10D87000FC0D04002C0E04001748EFF717F90120E7
:10D88000EFF744F9144B154A40F277111448EFF7BB
:10D89000C9F9144A40F277111148EFF7C3F9124A57
:10D8A00040F277110E48EFF7BDF90E4A40F27711BA
:10D8B0000B48EFF7B7F9EEF7F1FF06E000BF04E021
:10D8C00000BF02E000BF00E000BF0D9B93F81235DF
:10D8D000184611B0F0BD00BF9C320400600B04007C
:10D8E000880A0400B40A04004C0E040000B585B098
:10D8F00001900091019B93F81235002B0ED0444A01
:10D9000040F289114348EFF78DF9434A40F28911FB
:10D910004048EFF787F94FF0FF3375E0019800F0CA
:10D920005FFB0346012B0ED13C4A4FF4C7713948C7
:10D93000EFF778F9384A4FF4C7713648EFF772F9C4
:10D940004FF0FF3360E0EEF7B0FF0390019B039AC6
:10D95000C3F80C25019B009AC3F81425019B0122F2
:10D9600083F8CE24019801F00FF8019B93F89234CC
:10D97000042B09D1019BD3F8A834002B12D1019BB1
:10D9800093F89234042B0DD1019B93F89224019BC0
:10D9900083F893240421019801F0AEF8019B04223E
:10D9A00083F89224019801F0A7F9019BDB6B1846DC
:10D9B00003F0E6FE019801F005FD0346002B02D0BE
:10D9C0004FF0FF3320E00198FCF7B2FF019803F01D
:10D9D00032F903461A46019B83F85920019803F057
:10D9E00032F903461A46019B83F85320019BD3F872
:10D9F000A834002B03D1019B039AC3F8AC24019BEC
:10DA0000012283F812250023184605B05DF804FBB7
:10DA10007C0E0400880A0400B40A0400A00E04006E
:10DA200082B00190019B93F8CE34184602B0704743
:10DA300000B583B00190019B002283F8CE240198A9
:10DA400000F027FD019801F0CDFD019B0022C3F8F5
:10DA5000A82400BF03B05DF804FB10B5C6B046AB08
:10DA6000A3F5827318600A4646ABA3F205131A7039
:10DA700000238DF81731EEF71EFF04460321012025
:10DA8000EFF776F803464FF47A7202FB03F3234470
:10DA9000449346ABA3F582731B6893F84435012B7E
:10DAA00033D046ABA3F582731B6893F84535012B41
:10DAB0002BD046ABA3F582731B6893F84635012B38
:10DAC00023D046ABA3F582731B6893F8EA31002B91
:10DAD0001BD046ABA3F582731B6893F8EA219DF82F
:10DAE000173113448DF8173146ABA3F582731B68C9
:10DAF00003F2EB1146ABA3F582731B6893F8EA318E
:10DB00001A4607AB1846FEF755FF46ABA3F20513BE
:10DB10001B78102B51D0102B00F38780022B02D0E2
:10DB20000D2B2CD081E046ABA3F582731B6893F8D4
:10DB30004435012B7CD046ABA3F582731B680122D0
:10DB400083F8442546ABA3F582731B68002283F853
:10DB5000202546ABA3F582731B68002283F821259C
:10DB60009DF817315A1C8DF8172103F58C736B44FF
:10DB700046AAA2F20512127803F8FC2C58E046AB34
:10DB8000A3F582731B6893F84535012B52D046AB41
:10DB9000A3F582731B68012283F845259DF8173190
:10DBA0005A1C8DF8172103F58C736B4446AAA2F218
:10DBB0000512127803F8FC2C3CE046ABA3F5827307
:10DBC0001B6893F84635012B36D046ABA3F582731C
:10DBD0001B68012283F846259DF817315A1C8DF8E1
:10DBE000172103F58C736B4446AAA2F20512127832
:10DBF00003F8FC2C46ABA3F582731B6893F8512500
:10DC00009DF81731591C8DF8171102F00702D2B296
:10DC100003F58C736B4403F8FC2C46ABA3F58273BD
:10DC20001B68002283F8772006E04FF0FF3316E0F0
:10DC300000BF02E000BF00E000BF07AA46ABA3F5AB
:10DC40008270449B0293022301939DF81731009345
:10DC5000134601220021006800F004F8034618462C
:10DC600046B010BD00B587B0039001930B468DF808
:10DC70000B3013468DF80A309DF80A3083F001030B
:10DC8000DBB2002B02D000238DF82030039B93F8E9
:10DC90004E10039B93F85B309DF82020039802F010
:10DCA000A5F803468DF817309DF91730B3F1FF3F03
:10DCB0000ED15C4A40F223215B48EEF7B3FF5B4A8A
:10DCC00040F223215848EEF7ADFF4FF0FF33A5E0B7
:10DCD0009DF82430042B12D09DF82430022B0ED056
:10DCE000534A4FF40A715048EEF79CFF4F4A4FF4E5
:10DCF0000A714D48EEF796FF4FF0FF338EE0039820
:10DD000000F06EF90346002B13D1039B93F8CE3439
:10DD1000022B0ED0474A40F22F214348EEF782FFF4
:10DD2000424A40F22F214048EEF77CFF4FF0FF338C
:10DD300074E0039B93F81235002B0ED03E4A40F25C
:10DD400035213948EEF76EFF384A40F23521364822
:10DD5000EEF768FF4FF0FF3360E0039BDB6B184684
:10DD600003F00EFD039801F0EDFA0346002B02D0FC
:10DD70004FF0FF3352E0039800F0A3F90346002B65
:10DD80000EDD2E4A40F241212748EEF74BFF274A8D
:10DD900040F241212448EEF745FF4FF0FF333DE0CC
:10DDA000EEF783FD0246039BC3F80C25039B0A9AFA
:10DDB000C3F81425039B9DF8202083F87820039B4B
:10DDC0009DF80B2083F87120039B9DF80A2083F8AF
:10DDD0007220039B9DF8242083F87320039B00226C
:10DDE00083F8FD219DF820301A460199039800F030
:10DDF00015FB0398FAF7BAFC0398FAF70BFD039B9F
:10DE0000002283F8D924039B93F85120039B83F8C5
:10DE10005220039B012283F812250023184607B0E5
:10DE20005DF804FBD40E0400880A0400B40A040060
:10DE3000F40E04001C0F04007C0E0400400F0400CC
:10DE400000B585B001900B468DF80330019B93F827
:10DE500092348DF80F30019B9DF8032083F89224B3
:10DE60009DF80330002B08D1019802F02BFB0346EC
:10DE70001A46019B83F84F2007E0019803F09EF8B3
:10DE800003465AB2019B83F850209DF8033019468F
:10DE9000019800F031FE019800F02EFF03468DF846
:10DEA0000E309DF90E30B3F1FF3F0DD1019B9DF86F
:10DEB0000F2083F892249DF80F301946019800F046
:10DEC0001BFE019800F018FF9DF90E30184605B0B2
:10DED0005DF804FB82B00190019B93F892341846E0
:10DEE00002B0704700B583B001900091009B1A68A2
:10DEF000019BC3F89424009B5A68019BC3F89824A3
:10DF0000019800F00CF800BF03B05DF804FB82B08C
:10DF10000190019B93F81235184602B0704700B586
:10DF200091B00190019B1A6A019BD3F894349A42F4
:10DF30000FD1019B93F82420019B9B6B1B789A4285
:10DF400007D1019B93F82520019B93F81A359A423B
:10DF50002AD0019BD3F89424019B1A62019B9B6BEE
:10DF60001A78019B83F82420019B93F81A25019BC2
:10DF700083F82520019B34211846FEF76FFD0246E9
:10DF8000019B5A63019B382219460120EEF722FDBE
:10DF900002AB382200211846DEF79EF902AB382288
:10DFA00019460120EEF7BEFC00BF11B05DF804FB7E
:10DFB00000B583B00190019B93F84E10019B93F83C
:10DFC0005B301A46019802F09FFF03461A46019BF8
:10DFD00093F8EA31D31A083B184603B05DF804FB06
:10DFE00082B00190019B93F87030184602B07047E0
:10DFF00082B001900B468DF80330019B9DF8032001
:10E0000083F8702000BF02B0704782B00190019B7E
:10E01000D3F8BC34184602B0704782B00190019B1F
:10E02000B3F84C30184602B0704782B00190019BA3
:10E03000B3F81C33184602B0704782B00190019BC0
:10E04000B3F9D434184602B0704782B00190019BF6
:10E05000B3F9D634184602B0704700B583B00190CA
:10E06000019B382219460120EEF75CFC019B34210C
:10E070001846FEF7F3FC0246019B5B6B9A4212D1F5
:10E08000019B1A6A019BC3F89424019B9B6B019A24
:10E0900092F824201A70019B93F82520019B83F8A5
:10E0A0001A25002301E04FF0FF33184603B05DF856
:10E0B00004FB82B00190019BD3F8A434184602B04F
:10E0C000704700B599B001900023179300238DF895
:10E0D0004F3010238DF8573003AB402200211846F3
:10E0E000DEF7FAF8002316930198FCF783FE1490EC
:10E0F000019802F045FE0346002B13D09DF85730DF
:10E1000003AA0DF14F01019802F03EFD0346012BD9
:10E1100008D1019BDB6B9DF84F1003AA184603F052
:10E1200039FC1690149B002B02D1169B179305E027
:10E13000169A149B9342B8BF13461793179B184621
:10E1400019B05DF804FB82B00190019B93F8FD319A
:10E15000184602B0704782B00190019B9B6B1B7800
:10E16000184602B0704700B583B001900B468DF899
:10E1700003309DF80330184600F044FB0346002BA3
:10E1800013D1019B9B6B9DF803201A700198FFF738
:10E19000C6FE019800F068FB019800F0F5FB019BBA
:10E1A0000022C3F8A824002301E04FF0FF331846F3
:10E1B00003B05DF804FB82B00190019BB3F8A0347A
:10E1C000184602B0704782B00190019B0022A3F86C
:10E1D000A02400BF02B0704782B00190019B93F869
:10E1E0001935002B05D0019B002283F81925012346
:10E1F00000E00023184602B0704700B583B00190DC
:10E200000B468DF80330019B9DF8032083F81A25F7
:10E210000198FFF784FE00BF03B05DF804FB82B0F5
:10E220000190019B93F81A35184602B07047000020
:10E2300084B001900C4B1B680293029B0393002354
:10E240009DF80C2062F307039DF80D2062F30F2365
:10E250009DF80E2062F317439DF80F2062F31F63B1
:10E26000184604B0704700BF5C0F040000B589B0C9
:10E270000390029101920093039BD3F82C35029AEC
:10E28000D31A0793039BD3F82835079A13440693B0
:10E29000069B104AA2FB03239B090593059B4FF4A1
:10E2A0007A7202FB03F3069AD31A0693039BD3F800
:10E2B0002435059A13440493019B049A1A60009B29
:10E2C000069A1A60039800F007F80346184609B04A
:10E2D0005DF804FBD34D621000B585B00190EEF7F8
:10E2E000E4FA0390019BD3F83435002B0CD0019B4A
:10E2F000D3F83435039AD21A019BD3F84035D31A98
:10E30000002B01DA012300E00023184605B05DF878
:10E3100004FB82B001900B468DF803309DF803306A
:10E32000072B02D94FF0FF3312E0019B93F84635DB
:10E33000012B04D0019B93F84635022B02D14FF0FC
:10E34000FF3305E0019B9DF8032083F8512500234E
:10E35000184602B0704782B00190019B93F8773065
:10E36000002B14BF01230023DBB2184602B0704714
:10E3700086B003900291019200238DF81730039B21
:10E3800093F84435032B0AD1039B93F82025029B75
:10E390001A70039B93F82125019B1A7008E0029BD9
:10E3A00000221A70019B00221A70FF238DF817308B
:10E3B0009DF91730184606B0704782B00190019B56
:10E3C00093F84535032B01D1002301E04FF0FF33D3
:10E3D000184602B0704782B00190019B93F8463511
:10E3E000032B01D1002301E04FF0FF33184602B0A8
:10E3F000704782B00190019B93F85335184602B0E4
:10E40000704782B001900B468DF80330019B9DF858
:10E41000032083F8532500BF02B0704700B587B0D2
:10E420000390029113468DF8073000238DF81730C2
:10E43000039B93F87130002B04D0039B93F8EA31CF
:10E440008DF81730039B93F8723003F108029DF8A2
:10E45000173013447833039A134402339DF807208E
:10E4600092B202991846FEF7A5FA00BF07B05DF810
:10E4700004FB82B00190019BD3F80C35184602B022
:10E48000704782B00190019B93F8CF34184602B0D8
:10E49000704700B583B00190019B002283F81123DF
:10E4A000019B002283F81025019B002283F8D924C8
:10E4B000019B012283F85220019BD3F8BC24019BCD
:10E4C00093F8C0341946104609F062FB00BF03B050
:10E4D0005DF804FB10B584B00390039B002283F821
:10E4E000BB24039B93F81133042B2BD1594B00937E
:10E4F000594B5A4A40F287415948EEF793FB03982B
:10E50000FCF73EFB0346002B10D1039B93F89324AA
:10E51000039B83F89224039B93F893341946039842
:10E5200000F0EAFA039800F09FF80BE04D4A40F241
:10E5300091414B48EEF776FB474A40F291414848FB
:10E54000EEF770FB039B93F81133032B04D0039B6E
:10E5500093F81133022B02D10398FCF7C1F803980A
:10E56000FBF7D6FE039B93F84435022B03D1039BA4
:10E57000002283F84425039B93F84535022B03D1F1
:10E58000039B002283F84525039B93F84635022B15
:10E5900003D1039B002283F84625039B93F8103395
:10E5A000012B05D1039B5B6C039A926C1046984734
:10E5B000039B93F81035012B04D0039B93F810357F
:10E5C000032B39D1039BDB6B184603F0D9F8039872
:10E5D00000F0B8FE0346002B15D0039B002283F801
:10E5E0001225039B93F81035032B2AD1039B5B6EF6
:10E5F0005A1C039B5A66039BD3F888345A1C039B0E
:10E60000C3F888241DE0039B002283F81025EEF751
:10E6100052F9044603210120EEF7AAFA03464FF40B
:10E620007A7202FB03F3E218039BC3F81425039BE1
:10E63000042283F8122504E0039B002283F81225AC
:10E6400000E000BF039B002283F8112300BF04B049
:10E6500010BD00BF600F0400B40A0400B00B04003A
:10E66000880A04007C0F040000B593B001900AAB47
:10E67000202200211846DDF72FFE019BB3F81C3342
:10E68000ADF82830019BB3F84C300B93019B03F29B
:10E690001E320CAB1068186092889A800AAB1C215D
:10E6A0001846FEF7DBF9034611930AAB2022194600
:10E6B0000220EEF78FF902AB202200211846DDF789
:10E6C0000BFE02AB202219460220EEF72BF900BF09
:10E6D00013B05DF804FB000000B58BB0019002ABF5
:10E6E000202200211846DDF7F7FD02AB2022194653
:10E6F0000220EEF717F902AB1C211846FEF7AEF91F
:10E700000246099B9A4213D1BDF80820019BA3F849
:10E710001C23039B9AB2019BA3F84C20019B03F29C
:10E720001E331A4604AB186810609B8893800BE078
:10E73000074A40F2E9410748EEF774FA064A40F208
:10E74000E9410448EEF76EFA00BF0BB05DF804FB38
:10E75000900F0400880A0400B40A040000B58FB0CA
:10E760000190234A40F2EF412248EEF75BFA02ABF8
:10E77000302219460120EEF7D5F802AB2C211846BD
:10E78000FEF76CF902460D9B9A4221D11A4A40F2DB
:10E7900003511848EEF746FABDF828300A339AB20A
:10E7A000019BA3F81C230B9A019BC3F89424BDF88A
:10E7B0002A20019BA3F84C20019B9B6B9DF83020E5
:10E7C0001A700198FFF750FF0198FFF7A8FB0BE0C4
:10E7D0000A4A40F212510748EEF724FA084A40F27A
:10E7E00012510448EEF71EFA00BF0FB05DF804FBAB
:10E7F000C40F0400880A0400E80F04000810040095
:10E80000B40A040000B585B003468DF80730002334
:10E810008DF80F300BE006229DF80730934201D1AE
:10E82000002316E09DF80F3001338DF80F300122E0
:10E830009DF80F309342EED39DF80730074A6721C9
:10E840000748EEF7EFF9074A67210548EEF7EAF9BE
:10E850000123184605B05DF804FB00BF201004003A
:10E86000401004007810040070B588B00790079B32
:10E87000DB6B184602F07EFE079B9B6B043378220D
:10E8800000211846DDF728FD079B9B6B1B78062BA4
:10E8900003D10798F1F77EF81DE03348EEF706F94B
:10E8A0000120EEF733F9304B304AC0213048EEF703
:10E8B000B9F9304AC0212E48EEF7B4F92E4AC021EA
:10E8C0002B48EEF7AFF92B4AC0212948EEF7AAF9F9
:10E8D000EDF7E4FF00BF079B186C079BD3F8BC144F
:10E8E000079B0493254B0393079B0293244B0193AF
:10E8F000079B0093234B042204F01EFA079B9B6B9B
:10E9000093F84630002B19D0079B1C6C079802F037
:10E9100041FA0546079802F07BFA03461E4607981F
:10E9200002F0B4FA034632462946204604F082FA41
:10E93000079B1B6C0121184604F09AFA079BDA6BBF
:10E94000079B9B6B93F845301946104602F01FFE5B
:10E95000079B9A6B079B9B6B92F82E2083F8A02055
:10E9600000BF08B070BD00BFB03204007C100400CE
:10E97000401004007810040094100400D9890200AB
:10E98000A58902006989020000B583B00190019B4E
:10E990009B6B1A6A019B5A65019B9B6B9B7A5AB2CF
:10E9A000019B83F85020019B9B6B9A7A019B83F813
:10E9B0005A20019B002283F85820019B9B6B93F8FF
:10E9C0002C20019B83F85320019B9B6B5A7A019B5F
:10E9D00083F85920019B9B6B93F83920019B83F8A6
:10E9E0004F20019B002283F85B20019B002283F8CB
:10E9F0005C20019B0022C3F84825019B9B6B93F888
:10EA00007120019B83F85025019B072283F8512533
:10EA1000019B9B6B1B78062B03D10198F1F7D8F86B
:10EA200021E01348EEF742F80120EEF76FF8104BA3
:10EA3000104A40F22B111048EEF7F4F80F4A40F25A
:10EA40002B110D48EEF7EEF80D4A40F22B110A4853
:10EA5000EEF7E8F8094A40F22B110748EEF7E2F822
:10EA6000EDF71CFF00BF00BF03B05DF804FB00BF63
:10EA7000C43204007C10040040100400781004002C
:10EA80009410040000B583B00190019B9B6B1B7830
:10EA9000062B21D01348EEF709F80120EEF736F8DF
:10EAA000104B114A40F265111048EEF7BBF8104ABE
:10EAB00040F265110D48EEF7B5F80E4A40F26511C7
:10EAC0000A48EEF7AFF80A4A40F265110748EEF738
:10EAD000A9F8EDF7E3FE00E000BF00BF03B05DF86A
:10EAE00004FB00BFD43204007C100400401004007A
:10EAF000781004009410040000B585B001900B4616
:10EB00008DF803309DF80330013B032B00F2CE80DB
:10EB100001A252F823F000BF29EB02006DEB0200C6
:10EB2000F5EB0200B1EB0200019B9B6BD3F8980060
:10EB3000019B9B6B196E019B9B6B93F842301A46AD
:10EB4000DFF750F9019B9B6BD3F89C00019B9B6BFB
:10EB5000D3F89810019B9B6B93F842301A46DFF76D
:10EB600041F9019B032283F85120C1E0019B9B6B7B
:10EB7000D3F89800019B9B6B596E019B9B6B93F89C
:10EB800042301A46DFF72EF9019B9B6BD3F89C00AD
:10EB9000019B9B6BD3F89810019B9B6B93F84230C1
:10EBA0001A46DFF71FF9019B032283F851209FE0EB
:10EBB000019B9B6BD3F89800019B9B6B996E019B0B
:10EBC0009B6B93F842301A46DFF70CF9019B9B6B65
:10EBD000D3F89C00019B9B6BD3F89810019B9B6B17
:10EBE00093F842301A46DFF7FDF8019B012283F8C3
:10EBF00051207DE000238DF80F303BE09DF80F3071
:10EC0000072B16D8019BD3F894249DF80F30C3F13D
:10EC100007039B0022FA03F3DAB2019B9B6BD3F844
:10EC200098109DF80F300B4402F00F02D2B21A7008
:10EC30001BE09DF80F3003F007038DF80E30019BA9
:10EC4000D3F898249DF80E30C3F107039B0022FAF5
:10EC500003F3DAB2019B9B6BD3F898109DF80F3049
:10EC60000B4402F00F02D2B21A709DF80F3001333C
:10EC70008DF80F30019B9B6B93F842309DF80F206D
:10EC80009A42BBD3019B9B6BD3F89C00019B9B6B6F
:10EC9000D3F89810019B9B6B93F842301A46DFF72C
:10ECA000A1F8019B012283F8512021E0019B9B6B7D
:10ECB000D3F89800019B9B6BD96E019B9B6B93F8DB
:10ECC00042301A46DFF78EF8019B9B6BD3F89C000D
:10ECD000019B9B6BD3F89810019B9B6B93F8423080
:10ECE0001A46DFF77FF8019B012283F8512000BF0D
:10ECF00000BF05B05DF804FB00B587B001900023AC
:10ED00000593BCE0019B93F89234002B23D1019B27
:10ED100093F8CE34022B1ED1019B93F85B30002B6D
:10ED20000ED0019B93F84F20019B9B6B93F83930D9
:10ED3000934238BF1346DAB2019B83F84E2005E0B8
:10ED4000019B93F84F20019B83F84E20019B0122E9
:10ED500083F891246EE000238DF8133000238DF8A2
:10ED6000123011E0019B9B6BD3F89C209DF8123070
:10ED700013441A789DF8133013448DF813309DF81E
:10ED8000123001338DF81230019B9B6B93F84230A7
:10ED90009DF812209A42E5D39DF81330002B0ED136
:10EDA000019B9B6BD3F89C00019B9B6BD3F8981045
:10EDB000019B9B6B93F842301A46FDF7FBFD002345
:10EDC0008DF81130019B9B6B93F838301A46019BEC
:10EDD0009B6B93F83B3019461046EDF7C9FE03468E
:10EDE000019A926B92F83B200132B3FBF2F101FBE6
:10EDF00002F29B1A8DF81130019B9B6BD3F89C207B
:10EE00009DF8113013441B78002BDBD0019B9DF83B
:10EE1000112083F84E20019B9B6BD3F89C209DF81A
:10EE2000113013441A78013AD2B21A70019B0022B1
:10EE300083F89124019B93F84E20019B9B6B93F8E0
:10EE40003B30934228BF1346DAB2019B83F84E2031
:10EE5000019801F0E3FB0346ADF80E30019B93F8F7
:10EE60004E200DF10E0311461846FDF7C7FE03466E
:10EE7000012B01D1002329E0059B01330593059B5C
:10EE8000DF2B7FF73FAF019B002283F89224019B89
:10EE900093F85B30002B0ED0019B93F84F20019B21
:10EEA0009B6B93F83930934238BF1346DAB2019B1B
:10EEB00083F84E2005E0019B93F84F20019B83F8D7
:10EEC0004E20019B012283F891240023184607B0AD
:10EED0005DF804FB82B00190019B9B6B93F870304E
:10EEE000184602B07047000010B588B003900023A8
:10EEF0008DF81F30039B93F833338DF81A30039845
:10EF0000FFF7E8FF03461A469DF81A30934210D0E7
:10EF10009DF81A30AA4A40F2E711AA48EDF782FE9E
:10EF2000A94A40F2E711A748EDF77CFEFF238DF8D0
:10EF30001F309DF91F30002B40F0B6819DF81A302C
:10EF4000002B03D0012B00F02A819CE100238DF8D7
:10EF50001E301EE19DF81E2013465B00134403F58E
:10EF60004873039A1344191D039B9B6BDA6F039B31
:10EF70009B6B9B7918469DF81E3003449B00D41868
:10EF8000039802F0ABF803462360039B9B6BDA6F98
:10EF9000039B9B6B9B7919469DF81E300B449B008D
:10EFA0001A44039B9B6BD3F88010039B9B6B9B794C
:10EFB00018469DF81E3003449B000B4412681A60EB
:10EFC000039B9B6BDA6F039B9B6B9B7919469DF8A8
:10EFD0001E300B449B0013441B681946039800F035
:10EFE00053FE0346002B40F09780039B9B6BDA6F28
:10EFF000039B9B6B9B7919469DF81E300B449B002D
:10F0000013441B68002B00F08780039B9A6B039BC3
:10F010009B6BD3F89410039B9B6B9B7918469DF8D0
:10F020001E3003445B000B44B2F840201A80039B5F
:10F030009B6BD3F88400039B9B6B9A799DF81E30E1
:10F040001344DBB201221946FDF797FD9DF81E100F
:10F05000039B9B6BDA6F039B9B6B9B7918469DF818
:10F060001E3003449B0013441B6800930B46574A11
:10F0700040F202215348EDF7D5FD9DF81E30544A69
:10F0800040F205214F48EDF7CDFD00238DF81D30EE
:10F090001EE0039B9B6BD3F89420039B9B6B9B7997
:10F0A00019469DF81E300B445B0013449DF81D204B
:10F0B00011461846FDF7A2FD0346464A4FF4027179
:10F0C0004048EDF7AFFD9DF81D3001338DF81D3040
:10F0D0009DF81D300F2BDCD93F4A4FF4037139489E
:10F0E000EDF7A0FD9DF81E40039B9B6BD3F88400B9
:10F0F000039B9B6B9A799DF81E301344DBB2194633
:10F10000FDF7DEFC034600932346344A40F20E210D
:10F110002C48EDF787FD37E0039B9B6BDA6F039B71
:10F120009B6B9B7919469DF81E300B449B00134442
:10F1300000221A60039B9B6BD3F88020039B9B6B80
:10F140009B7919469DF81E300B449B001344002206
:10F150001A60039B9B6BD3F88400039B9B6B9A798B
:10F160009DF81E301344DBB200221946FDF705FD61
:10F170001B4A40F219211348EDF754FD124A40F2A0
:10F1800019211048EDF74EFD9DF81E3001338DF822
:10F190001E309DF81E30042B7FF6DCAE84E0039811
:10F1A00000F094F803468DF8193000238DF81C30D8
:10F1B000039800F005FA00238DF81B3055E000BFDE
:10F1C000A01004004010040078100400D4100400C3
:10F1D000F01004000C1104001011040014110400BC
:10F1E000381104009DF81B305B00039A134493F818
:10F1F000243319469DF81B305B000133039A1344F6
:10F2000093F824331B029BB20B44ADF81630BDF8C3
:10F2100016209DF81B301946039800F057FA034654
:10F220008DF81C309DF91C3013F1020F09D1214BD0
:10F230000093214B214A4FF40B712148EDF7F2FC6A
:10F2400019E09DF91C30B3F1FF3F09D11D4B00932C
:10F25000194B1A4A40F232211948EDF7E3FC0AE053
:10F260009DF81B3001338DF81B309DF81B209DF855
:10F2700019309A42B6D39DF91C30002B13D1039854
:10F2800000F062F90FE0104A40F23D210C48EDF722
:10F29000C9FC094A40F23D210948EDF7C3FCFF23B0
:10F2A0008DF81F3000E000BF9DF91F30184608B0F0
:10F2B00010BD00BF78110400781004007011040024
:10F2C0004010040098110400B811040000B583B088
:10F2D0000190019B9B6B1B78062B01D1002322E040
:10F2E0001348EDF7E3FB0120EDF710FC104B114A3A
:10F2F0004FF41F711048EDF795FC104A4FF41F7141
:10F300000D48EDF78FFC0E4A4FF41F710A48EDF7D8
:10F3100089FC0A4A4FF41F710748EDF783FCEDF7AB
:10F32000BDFA00BFFF23184603B05DF804FB00BF21
:10F33000EC3204007C10040040100400781004003B
:10F340009410040000B583B00190019B9B6B1B7867
:10F35000062B04D10198F0F7C3FC034623E01448C0
:10F36000EDF7A4FB0120EDF7D1FB114B114A40F260
:10F37000BF211148EDF756FC104A40F2BF210E485C
:10F38000EDF750FC0E4A40F2BF210B48EDF74AFC66
:10F390000A4A40F2BF210848EDF744FCEDF77EFA37
:10F3A00000BF4FF0FF33184603B05DF804FB00BF09
:10F3B000183304007C10040040100400781004008E
:10F3C0009410040000B583B00190019B9B6B1B78E7
:10F3D000062B04D10198F0F777FC034623E014488C
:10F3E000EDF764FB0120EDF791FB114B114A40F260
:10F3F00002311148EDF716FC104A40F202310E4876
:10F40000EDF710FC0E4A40F202310B48EDF70AFC12
:10F410000A4A40F202310848EDF704FCEDF73EFAE3
:10F4200000BF4FF0FF33184603B05DF804FB00BF88
:10F43000343304007C1004004010040078100400F1
:10F440009410040000B583B001900B468DF8033092
:10F45000019B9B6B1B78062B06D19DF80330194648
:10F460000198F0F7E5FC21E01248EDF71FFB0120C1
:10F47000EDF74CFB0F4B104A40F24F310F48EDF7C0
:10F48000D1FB0F4A40F24F310C48EDF7CBFB0D4A50
:10F4900040F24F310948EDF7C5FB094A40F24F31C0
:10F4A0000648EDF7BFFBEDF7F9F900BF00BF03B069
:10F4B0005DF804FB543304007C1004004010040089
:10F4C000781004009410040000B585B001900B463C
:10F4D0008DF80330019B9B6BDB7A9DF803209A42E9
:10F4E00015D9019B93F85A305AB2019B83F85020EA
:10F4F0009DF80330114A40F259311148EDF792FB63
:10F50000104A40F259310E48EDF78CFB12E0019B96
:10F5100093F85A209DF803305B00DBB2D31ADBB2BC
:10F520008DF80F309DF90F3023EAE3735AB2019B37
:10F5300083F8502000BF05B05DF804FBF011040013
:10F54000401004007810040000B583B00190019BC6
:10F550009B6B1B78062B03D10198F0F7A9FC21E0E7
:10F560001248EDF7A3FA0120EDF7D0FA0F4B104A3D
:10F5700040F2A9310F48EDF755FB0F4A40F2A9318F
:10F580000C48EDF74FFB0D4A40F2A9310948EDF761
:10F5900049FB094A40F2A9310648EDF743FBEDF774
:10F5A0007DF900BF00BF03B05DF804FB6C330400BD
:10F5B0007C10040040100400781004009410040033
:10F5C00000B583B00190019B9B6BD3F88800019B31
:10F5D0009B6BDB791A46FF21FDF726FA00BF03B0CB
:10F5E0005DF804FB00B583B00190019B9B6B1B7819
:10F5F000062B21D01348EDF759FA0120EDF786FAD2
:10F60000104B114A40F2E9311048EDF70BFB104A5C
:10F6100040F2E9310D48EDF705FB0E4A40F2E931C1
:10F620000A48EDF7FFFA0A4A40F2E9310748EDF7D8
:10F63000F9FAEDF733F900E000BF00BF03B05DF861
:10F6400004FB00BF883304007C1004004010040059
:10F65000781004009410040000B583B00190019B61
:10F660009B6B1B78062B21D01348EDF71FFA012066
:10F67000EDF74CFA104B114A40F224411048EDF7D7
:10F68000D1FA104A40F224410D48EDF7CBFA0E4A68
:10F6900040F224410A48EDF7C5FA0A4A40F22441F3
:10F6A0000748EDF7BFFAEDF7F9F800E000BF00BF3B
:10F6B00003B05DF804FB00BFB43304007C10040009
:10F6C00040100400781004009410040000B583B0CA
:10F6D00001900B468DF803301346ADF80030019BC6
:10F6E0009B6B1B78062B09D1BDF800209DF80330D9
:10F6F00019460198F0F722FC034623E01348EDF782
:10F70000D5F90120EDF702FA104B114A40F266419B
:10F710001048EDF787FA104A40F266410D48EDF7C0
:10F7200081FA0E4A40F266410A48EDF77BFA0A4A2E
:10F7300040F266410748EDF775FAEDF7AFF800BF04
:10F740006FF00203184603B05DF804FBE4330400D5
:10F750007C10040040100400781004009410040091
:10F7600000B585B0019000238DF80F30019B93F810
:10F770004F308DF80E3056E0019B93F85B301A46FF
:10F78000019B9B6B93F8423012FB03F3DAB29DF8B6
:10F790000E3013448DF80D309DF80D20019B9B6BAE
:10F7A00093F83B301946019B93F85B30013301FB22
:10F7B00003F39A4220DD2848EDF778F90120EDF7B0
:10F7C000A5F9254B254A40F277412548EDF72AFA5D
:10F7D000244A40F277412248EDF724FA224A40F2C7
:10F7E00077411F48EDF71EFA1E4A40F277411C4848
:10F7F000EDF718FAEDF752F8019B9B6B1A699DF82B
:10F800000D3013441B788DF80E309DF80E30002219
:10F810001946019800F088F90346002B03D1012313
:10F820008DF80F3007E0019B9B6B93F838309DF803
:10F830000E209A42A0D89DF80F3083F00103DBB26E
:10F84000002B03D0019B93F84F3001E09DF80E3060
:10F85000184605B05DF804FB043404007C10040075
:10F8600040100400781004009410040010B582B019
:10F870000190019B93F89234002B32D1019B93F9B4
:10F8800050301A46019B9B6B9B7A9A4207DA019B88
:10F890009B6B9B7A5AB2019B83F8502022E0019B1C
:10F8A00093F84F40019800F00DFE03469C4208D0AB
:10F8B0000198FFF755FF03461A46019B83F84F2036
:10F8C00010E0019B012283F85120019800F00CF810
:10F8D0000198FFF745FF03461A46019B83F84F2026
:10F8E00000E000BF02B010BD00B585B00190019BE3
:10F8F0009B6B1B78062B3ED100238DF80F3032E036
:10F90000019B9B6BDA6F9DF80F309B0013441B68C3
:10F91000002B23D0019B9B6BD3F884309DF80F20E4
:10F9200011461846FDF7CCF80346002B16D1019B73
:10F930009B6BD3F884309DF80F1001221846FDF719
:10F940001CF9019B9A6B019B9B6BD3F894109DF85B
:10F950000F305B000B44B2F840201A809DF80F3046
:10F9600001338DF80F30019B9B6B1B799DF80F20A5
:10F970009A42C5D321E01348EDF798F80120EDF73E
:10F98000C5F8104B104A40F2EB411048EDF74AF928
:10F990000F4A40F2EB410D48EDF744F90D4A40F2B1
:10F9A000EB410A48EDF73EF9094A40F2EB410748BE
:10F9B000EDF738F9ECF772FF00BF00BF05B05DF856
:10F9C00004FB00BF283404007C1004004010040035
:10F9D000781004009410040000B587B003900B4623
:10F9E0008DF80B3000238DF81730039B9B6B93F839
:10F9F0003D309DF80B209A420BD3FF238DF8173032
:10FA0000074B0093074B084A40F2F6410748EDF7D1
:10FA100009F99DF91730184607B05DF804FB00BFDF
:10FA20000412040078100400701104004010040057
:10FA300000B583B001900B468DF80330019B9B6BA2
:10FA400093F83A309DF803209A4215D3019B9B6BA3
:10FA500093F83C309DF803209A420DD8019B9B6B94
:10FA60003E339DF8032011461846FDF7C7F80346BC
:10FA7000012B01D100230FE09DF80330084A40F22A
:10FA800004510848EDF7CEF8074A40F20451054802
:10FA9000EDF7C8F84FF0FF33184603B05DF804FBEC
:10FAA00028120400401004007810040000B583B050
:10FAB00001900B468DF80330019B9B6B93F8383017
:10FAC0009DF803209A4215D3019B9B6B93F83B3022
:10FAD0009DF803209A420DD8019B9B6B3E339DF805
:10FAE000032011461846FDF789F80346012B01D182
:10FAF00000230FE09DF80330084A40F212510848F5
:10FB0000EDF790F8074A40F212510548EDF78AF8F0
:10FB10004FF0FF33184603B05DF804FB48120400B1
:10FB2000401004007810040000B587B003900B4625
:10FB30008DF80B3013468DF80A30039B9B6B1B78B6
:10FB4000062B6BD19DF80A30002B04D0039B9B6BD6
:10FB5000D3F8883003E0039B9B6BD3F88430049385
:10FB6000039B93F85B30002B0AD0039B9B6B93F8AD
:10FB700039309DF80B209A4202D24FF0FF3371E0EA
:10FB800000238DF8173033E09DF81730194604989C
:10FB9000FCF796FF0346012B25D19DF81710039B18
:10FBA0009B6BD3F894209DF817305B0013441B889F
:10FBB00000930B462D4A40F24B512D48EDF732F899
:10FBC000039B9B6BD3F894209DF817305B00134484
:10FBD0009DF80B2011461846FDF710F80346012B3F
:10FBE00001D100233EE09DF8173001338DF8173026
:10FBF000039B9B6B1B799DF817209A42C4D31D4A27
:10FC000040F253511A48EDF70DF81B4A40F2535198
:10FC10001748EDF707F84FF0FF3323E01748ECF7EC
:10FC200045FF0120ECF772FF144B154A4FF4AC610D
:10FC30000F48ECF7F7FF104A4FF4AC610C48ECF7B3
:10FC4000F1FF104A4FF4AC610948ECF7EBFF0A4AA8
:10FC50004FF4AC610648ECF7E5FFECF71FFE00BF80
:10FC60004FF0FF33184607B05DF804FB681204003C
:10FC7000401004008412040078100400583404007A
:10FC80007C1004009410040000B585B00190009130
:10FC9000019B9B6B1B78062B12D100238DF80F3034
:10FCA000009B002B02D19DF90F302DE000990198A7
:10FCB00001F032FA03468DF80F309DF90F3023E042
:10FCC0001348ECF7F3FE0120ECF720FF104B114A2C
:10FCD00040F29F511048ECF7A5FF104A40F29F51A7
:10FCE0000D48ECF79FFF0E4A40F29F510A48ECF78F
:10FCF00099FF0A4A40F29F510748ECF793FFECF74F
:10FD0000CDFD00BF4FF0FF33184605B05DF804FB92
:10FD1000783404007C1004004010040078100400C3
:10FD20009410040000B585B001900B468DF80330A7
:10FD3000019B9B6B1B78062B24D100238DF80F3081
:10FD4000019B9B6B9B799DF803209A4206D3019BF4
:10FD50009B6B1B799DF803209A4210D3FF238DF8EB
:10FD60000F309DF803301B4A40F2C7511A48ECF798
:10FD700059FF1A4A40F2C7511748ECF753FF9DF953
:10FD80000F3023E01648ECF791FE0120ECF7BEFEA1
:10FD9000134B144A40F2DF510F48ECF743FF0F4A70
:10FDA00040F2DF510C48ECF73DFF0F4A40F2DF51C3
:10FDB0000948ECF737FF094A40F2DF510648ECF7F3
:10FDC00031FFECF76BFD00BF4FF0FF33184605B075
:10FDD0005DF804FBA8120400401004007810040031
:10FDE000A83404007C1004009410040000B589B00D
:10FDF0000590084611461A4603468DF813300B4607
:10FE00008DF8123013468DF81130059B9B6B93F8DB
:10FE1000433083F00103DBB2002B24D09DF8113076
:10FE2000002B20D03448ECF741FE0120ECF76EFEA9
:10FE3000314B324A40F2EA513148ECF7F3FE314A95
:10FE400040F2EA512E48ECF7EDFE2F4A40F2EA511B
:10FE50002B48ECF7E7FE2B4A40F2EA512848ECF732
:10FE6000E1FEECF71BFD059B9B6B93F842309DF880
:10FE7000112012FB03F3DAB29DF8133013448DF80E
:10FE80001F30059B9B6B5A6D9DF81F3013441B78E8
:10FE9000DA1F9DF81230059991F8EA110B449A4245
:10FEA00002DC4FF0FF3300E000238DF81E309DF997
:10FEB0001E30B3F1FF3F19D19DF81210059B93F846
:10FEC000EA311846059B9B6B5A6D9DF81F30134411
:10FED0001B78083B9DF813200292019300900B467B
:10FEE0000A4A40F2FB510648ECF79CFE9DF91E3091
:10FEF000184609B05DF804FBCC3404007C10040003
:10FF0000401004007810040094100400DC12040077
:10FF100000B585B00390029113468DF80730039B1E
:10FF20009B6B1B78062B32D1039B9B6B1B799DF837
:10FF300007209A4221D32948ECF7B8FD0120ECF7BD
:10FF4000E5FD264B264A4FF4C4612648ECF76AFECD
:10FF5000254A4FF4C4612348ECF764FE234A4FF46A
:10FF6000C4612048ECF75EFE1F4A4FF4C4611D488F
:10FF7000ECF758FEECF792FC2BE0039B9B6BDA6FDF
:10FF80009DF807309B001344029A1A6021E0134841
:10FF9000ECF78CFD0120ECF7B9FD104B104A40F254
:10FFA0003B611048ECF73EFE0F4A40F23B610D48C2
:10FFB000ECF738FE0D4A40F23B610A48ECF732FE9E
:10FFC000094A40F23B610748ECF72CFEECF766FC6F
:10FFD00000BF00BF05B05DF804FB00BFEC340400B7
:10FFE0007C100400401004007810040094100400F9
:10FFF00000B585B00390029113468DF80730039B3E
:020000023000CC
:100000009B6B1B78062B34D1039B9B6B5B799DF814
:1000100007209A4221D32B48ECF748FD0120ECF74A
:1000200075FD284B284A4FF4CC612848ECF7FAFDBF
:10003000274A4FF4CC612548ECF7F4FD254A4FF4EC
:10004000CC612248ECF7EEFD214A4FF4CC611F4809
:10005000ECF7E8FDECF722FC09E0039B9B6BD3F87F
:1000600080209DF807309B001344029A1A600023F9
:1000700023E01448ECF71AFD0120ECF747FD114B83
:10008000114A40F27D611148ECF7CCFD104A40F274
:100090007D610E48ECF7C6FD0E4A40F27D610B48CB
:1000A000ECF7C0FD0A4A40F27D610848ECF7BAFD62
:1000B000ECF7F4FB00BF4FF0FF33184605B05DF8D6
:1000C00004FB00BF103504007C1004004010040045
:1000D000781004009410040000B585B00190084623
:1000E00011461A4603468DF803300B468DF8023050
:1000F00013468DF80130019B9B6B1B78062B5ED15C
:10010000019B9B6B1B799DF803209A4221D33F48AA
:10011000ECF7CCFC0120ECF7F9FC3C4B3C4A40F2FC
:10012000A2613C48ECF77EFD3B4A40F2A2613948AF
:10013000ECF778FD394A40F2A2613648ECF772FDDF
:10014000354A40F2A2613348ECF76CFDECF7A6FBB0
:1001500057E0019B9B6BD3F894209DF803305B0024
:10016000134400221A809DF802308DF80F301FE0F2
:10017000019B9B6B3E339DF80F2011461846FCF700
:100180003DFD03468DF80E30019B9B6BD3F8942008
:100190009DF803305B0013449DF80E209DF80F106E
:1001A0001846FCF78CFD9DF80F3001338DF80F30A9
:1001B0009DF80F209DF801309A42D9D921E01348CB
:1001C000ECF774FC0120ECF7A1FC104B104A40F254
:1001D000C2611048ECF726FD0F4A40F2C2610D489B
:1001E000ECF720FD0D4A40F2C2610A48ECF71AFD17
:1001F000094A40F2C2610748ECF714FDECF74EFBE8
:1002000000BF00BF05B05DF804FB00BF343504003B
:100210007C100400401004007810040094100400C6
:1002200000B583B001900B468DF8033013468DF86E
:100230000230019B9B6B1B78062B34D1019B9B6B7F
:100240001B799DF802209A4221D32A48ECF72EFC14
:100250000120ECF75BFC274B274A40F2E661274878
:10026000ECF7E0FC264A40F2E6612448ECF7DAFCC1
:10027000244A40F2E6612148ECF7D4FC204A40F2DF
:10028000E6611E48ECF7CEFCECF708FB2DE0019B85
:100290009B6BD3F884309DF803209DF8021018461C
:1002A000FCF76BFC21E01348ECF700FC0120ECF7B5
:1002B0002DFC104B104A40F201711048ECF7B2FCD3
:1002C0000F4A40F201710D48ECF7ACFC0D4A40F2C8
:1002D00001710A48ECF7A6FC094A40F2017107488F
:1002E000ECF7A0FCECF7DAFA00BF00BF03B05DF852
:1002F00004FB00BF503504007C10040040100400D3
:10030000781004009410040000B583B001900B46EF
:100310008DF80330019B9B6B1B78062B30D1019B22
:100320009B6B1B799DF803209A4220D32848ECF759
:10033000BDFB0120ECF7EAFB254B264A40F2257174
:100340002548ECF76FFC254A40F225712248ECF76E
:1003500069FC234A40F225711F48ECF763FC1F4AF1
:1003600040F225711C48ECF75DFCECF797FA019B15
:100370009B6BDA6F9DF803309B0013441B6823E0EE
:100380001348ECF793FB0120ECF7C0FB104B114A2C
:1003900040F243711048ECF745FC104A40F24371BB
:1003A0000D48ECF73FFC0E4A40F243710A48ECF767
:1003B00039FC0A4A40F243710748ECF733FCECF78A
:1003C0006DFA00BF4FF0FF33184603B05DF804FB31
:1003D000703504007C100400401004007810040004
:1003E0009410040000B583B001900B468DF80330E3
:1003F000019B9B6B1B78062B31D1019B9B6B5B791F
:100400009DF803209A4220D32948ECF74FFB0120A6
:10041000ECF77CFB264B274A4FF4ED612648ECF7BE
:1004200001FC264A4FF4ED612348ECF7FBFB244A1C
:100430004FF4ED612048ECF7F5FB204A4FF4ED61F5
:100440001D48ECF7EFFBECF729FA019B9B6BD3F807
:1004500080209DF803309B0013441B6823E0144860
:10046000ECF724FB0120ECF751FB114B114A40F251
:1004700086711148ECF7D6FB104A40F286710E489F
:10048000ECF7D0FB0E4A40F286710B48ECF7CAFB42
:100490000A4A40F286710848ECF7C4FBECF7FEF913
:1004A00000BF4FF0FF33184603B05DF804FB00BFF8
:1004B000943504007C1004004010040078100400FF
:1004C0009410040000B585B00190019B9B6B93F8DC
:1004D0003B308DF80F3000238DF80E3048E0019B43
:1004E0009B6BD3F884309DF80E2011461846FCF71C
:1004F000E7FA0346012B36D1019B9B6B93F838300A
:100500008DF80D301FE0019B9B6BD3F894209DF874
:100510000E305B0013449DF80D2011461846FCF781
:100520006DFB0346012B09D19DF80F209DF80D307E
:100530009A4203D99DF80D308DF80F309DF80D309B
:1005400001338DF80D30019B9B6B93F83B309DF888
:100550000D209A42D7D9019B9B6B93F838309DF8B8
:100560000F209A420CD09DF80E3001338DF80E30DA
:10057000019B9B6B1B799DF80E209A42AFD300E044
:1005800000BF019B93F85B30002B0AD0019B9B6B53
:1005900093F839309DF80F20934238BF13468DF8F9
:1005A0000F309DF80F30184605B05DF804FB00B51C
:1005B00085B001900023ADF80E3000238DF80D308A
:1005C0001FE0019B9B6BD3F884309DF80D201146F2
:1005D0001846FCF775FA0346012B0DD1019B9B6B66
:1005E000D3F894209DF80D305B0013441A88BDF8B1
:1005F0000E301343ADF80E309DF80D3001338DF8F9
:100600000D30019B9B6B1B799DF80D209A42D8D32E
:10061000BDF80E30184605B05DF804FB00B585B096
:1006200001900198FFF7C3FF0346ADF80C30019B22
:1006300093F85B30002B17D000238DF80F300BE0C0
:100640009DF80F1003AB00221846FCF738FB9DF80D
:100650000F3001338DF80F30019B9B6B93F83930CD
:100660009DF80F209A42EBD3BDF80C30184605B028
:100670005DF804FB82B001900B468DF80330019BBE
:100680009B6B1B78062B0BD19DF80330052B03D0F9
:100690009DF80330062B01D10C2302E0082300E073
:1006A0000823184602B0704700B589B00190FF23B7
:1006B0008DF80E30019B9B6B93F838308DF81F300E
:1006C000019B9B6B93F83B308DF81E300023069303
:1006D0000FE0019B9B6BD3F89820069B13441B787B
:1006E000002B03D0069B8DF81F300AE0069B0133D8
:1006F0000693019B9B6B93F842301A46069B9342EC
:10070000E7DB019B93F85B30002B0AD0019B9B6BCE
:1007100093F839309DF81F20934238BF13468DF867
:100720001F30019B9B6B93F84230013B05930FE018
:10073000019B9B6BD3F89820059B13441B78002BDF
:1007400003D0059B8DF81E3005E0059B013B05930A
:10075000059B002BECDD0023049341E0019B9B6B88
:10076000D3F88830049AD2B211461846FCF7A8F99B
:100770000346012B31D1019B9B6B93F838308DF8E8
:100780000F3022E0019B9B6BD3F89420049B5B000D
:1007900013449DF80F2011461846FCF72FFA034624
:1007A000012B0DD19DF80F209DF81F309A4207D3E1
:1007B0009DF80F209DF81E309A4201D8002324E0B6
:1007C0009DF80F3001338DF80F30019B9B6B93F830
:1007D0003B309DF80F209A42D4D9049B01330493F7
:1007E000019B9B6B1B791A46049B9342B6DB094A1B
:1007F00040F624010848ECF715FA084A40F62401AF
:100800000548ECF70FFA9DF90E30184609B05DF86F
:1008100004FB00BF10130400401004007810040013
:1008200000B583B001900B468DF80330019B9B6BA4
:100830001B78062B06D19DF803301846EFF740FCD5
:10084000034622E01348ECF731F90120ECF75EF99A
:10085000104B114A40F66F011048ECF7E3F9104ACB
:1008600040F66F010D48ECF7DDF90E4A40F66F01D6
:100870000A48ECF7D7F90A4A40F66F010748ECF747
:10088000D1F9ECF70BF800BF0023184603B05DF870
:1008900004FB00BFB83504007C10040040100400C5
:1008A000781004009410040000B585B00390019204
:1008B00000930B468DF80B30039B9B6B1B78062B2C
:1008C00007D19DF80B30009A01991846EFF734FCD8
:1008D00021E01348ECF7EAF80120ECF717F9104B88
:1008E000104A40F6BB011048ECF79CF90F4A40F65D
:1008F000BB010D48ECF796F90D4A40F6BB010A48DA
:10090000ECF790F9094A40F6BB010748ECF78AF981
:10091000EBF7C4FF00BF00BF05B05DF804FB00BFEC
:10092000E43504007C10040040100400781004003A
:100930009410040000B585B003900B4601928DF829
:100940000B301348ECF7B2F80120ECF7DFF8104B4E
:10095000104A40F6E9011048ECF764F90F4A40F6F6
:10096000E9010D48ECF75EF90D4A40F6E9010A4845
:10097000ECF758F9094A40F6E9010748ECF752F953
:10098000EBF78CFF00BF00BF05B05DF804FB00BFB4
:10099000003604007C1004004010040078100400AD
:1009A0009410040000B585B00390019200930B46AB
:1009B0008DF80B301248ECF779F80120ECF7A6F827
:1009C0000F4B104A40F606110F48ECF72BF90F4A6F
:1009D00040F606110C48ECF725F90D4A40F60611D1
:1009E0000948ECF71FF9094A40F606110648ECF7EA
:1009F00019F9EBF753FF00BF00BF05B05DF804FB2A
:100A00001C3604007C100400401004007810040020
:100A10009410040000B583B003468DF807309DF8AC
:100A20000730032B01D1032327E09DF80730012B6A
:100A300001D1022321E01348ECF738F80120ECF74C
:100A400065F8104B104A40F616111048ECF7EAF81A
:100A50000F4A40F616110D48ECF7E4F80D4A40F63F
:100A600016110A48ECF7DEF8094A40F61611074855
:100A7000ECF7D8F8EBF712FF0023184603B05DF847
:100A800004FB00BF3C3604007C100400401004004E
:100A9000781004009410040000B583B0019013484E
:100AA000ECF704F80120ECF731F8104B104A40F64F
:100AB00031111048ECF7B6F80F4A40F631110D48E5
:100AC000ECF7B0F80D4A40F631110A48ECF7AAF8F5
:100AD000094A40F631110748ECF7A4F8EBF7DEFEBF
:100AE00000BFFF23184603B05DF804FB6036040026
:100AF0007C100400401004007810040094100400DE
:100B000000B585B0039001921A460B468DF80B3064
:100B100013468DF80A30039B9B6B1B78062B02D182
:100B20009DF90B3022E01348EBF7C0FF0120EBF7F3
:100B3000EDFF104B104A4FF419611048ECF772F8B2
:100B40000F4A4FF419610D48ECF76CF80D4A4FF459
:100B500019610A48ECF766F8094A4FF41961074829
:100B6000ECF760F8EBF79AFE00BF0023184605B0DB
:100B70005DF804FB7C3604007C1004004010040087
:100B8000781004009410040000B587B0039002911F
:100B900001928DF80330029B00221A70039B9B6B1D
:100BA0001B799DF803209A4201D200232DE00023F7
:100BB000059322E0039B9B6BD3F88430059AD2B255
:100BC00011461846FBF77CFF0346012B12D1039B0D
:100BD0009B6BDA6F059B9B001A44029B1B789B0062
:100BE00001990B4412681A60029B1B780133DAB238
:100BF000029B1A70059B01330593039B9B6B1B792A
:100C00001A46059B9342D5DB0123184607B05DF8D1
:100C100004FB82B00190019B9B6B93F84330184614
:100C200002B0704782B00190019B9B6B93F84430F7
:100C3000184602B0704782B00190019B9B6B1B7AF3
:100C4000184602B0704782B00190019B9B6B93F8ED
:100C50002C30184602B0704782B00190019B9B6B0C
:100C600093F82430184602B0704782B00190019B7F
:100C70009B6B93F85830184602B0704782B00190D1
:100C8000019B9B6B5B7B184602B0704782B0019062
:100C9000019B9B6B1B7B184602B0704782B0019092
:100CA000019B9B6B93F8A030184602B07047000080
:100CB00000B583B001901348EBF7F8FE0120EBF785
:100CC00025FF104B104A40F6EE111048EBF7AAFF33
:100CD0000F4A40F6EE110D48EBF7A4FF0D4A40F61F
:100CE000EE110A48EBF79EFF094A40F6EE1107485D
:100CF000EBF798FFEBF7D2FD0023184603B05DF841
:100D000004FB00BFB03604007C1004004010040057
:100D1000781004009410040000B583B001901348CB
:100D2000EBF7C4FE0120EBF7F1FE104B104A40F642
:100D3000F7111048EBF776FF0F4A40F6F7110D4810
:100D4000EBF770FF0D4A40F6F7110A48EBF76AFF20
:100D5000094A40F6F7110748EBF764FFEBF79EFDF1
:100D60000023184603B05DF804FB00BFD036040032
:100D70007C1004004010040078100400941004005B
:100D800082B00190019B9B6B93F84530184602B0EE
:100D90007047000000B583B00190019B9B6B93F8F6
:100DA0004630002B03D0019B9B6B9B6C21E01348CA
:100DB000EBF77CFE0120EBF7A9FE104B104A40F642
:100DC0000B211048EBF72EFF0F4A40F60B210D4880
:100DD000EBF728FF0D4A40F60B210A48EBF722FFFC
:100DE000094A40F60B210748EBF71CFFEBF756FDCD
:100DF0000023184603B05DF804FB00BFF036040082
:100E00007C100400401004007810040094100400CA
:100E100000B583B00190019B9B6B93F84630002B8B
:100E200004D0019B9B6BB3F94C3021E01248EBF7E7
:100E30003DFE0120EBF76AFE0F4B104A40F61521EC
:100E40000F48EBF7EFFE0F4A40F615210C48EBF781
:100E5000E9FE0D4A40F615210948EBF7E3FE094A81
:100E600040F615210648EBF7DDFEEBF717FD0023F2
:100E7000184603B05DF804FB103704007C10040032
:100E800040100400781004009410040000B583B0F2
:100E90000190019B9B6B93F84630002B03D0019B84
:100EA0009B6B1B6D21E01348EBF700FE0120EBF775
:100EB0002DFE104B104A40F61E211048EBF7B2FEF3
:100EC0000F4A40F61E210D48EBF7ACFE0D4A40F6E6
:100ED0001E210A48EBF7A6FE094A40F61E210748E4
:100EE000EBF7A0FEEBF7DAFC0023184603B05DF841
:100EF00004FB00BF303704007C10040040100400E5
:100F0000781004009410040000B585B001900B46E1
:100F10008DF8033013468DF80230019B9B6B93F8DC
:100F2000433083F00103DBB2002B24D09DF8023064
:100F3000002B20D01C48EBF7B9FD0120EBF7E6FDB4
:100F4000194B1A4A40F625211948EBF76BFE194A4E
:100F500040F625211648EBF765FE174A40F6252195
:100F60001348EBF75FFE134A40F625211048EBF7D4
:100F700059FEEBF793FC019B9B6B93F842309DF875
:100F8000022012FB03F3DAB29DF8033013448DF80C
:100F90000F30019B9B6B5A6D9DF80F3013441B78EB
:100FA000184605B05DF804FB483704007C100400C7
:100FB00040100400781004009410040082B00190E6
:100FC000019B9B6B9B7A184602B0704782B00190E0
:100FD000019B9B6B93F87130184602B0704700007C
:100FE00000B583B001900091019B9B6B1B78062B91
:100FF00003D1019B9B6B5B6F22E01348EBF756FD1F
:101000000120EBF783FD104B104A40F67B2110487E
:10101000EBF708FE0F4A40F67B210D48EBF702FE86
:101020000D4A40F67B210A48EBF7FCFD094A40F6E1
:101030007B210748EBF7F6FDEBF730FC00BF002300
:10104000184603B05DF804FB683704007C10040008
:1010500040100400781004009410040000B585B01E
:10106000039002910192039B9B6B1B78062B03D18B
:10107000039B9B6B9B6F22E01348EBF717FD01204E
:10108000EBF744FD104B114A40F6BD211048EBF739
:10109000C9FD104A40F6BD210D48EBF7C3FD0E4ACD
:1010A00040F6BD210A48EBF7BDFD0A4A40F6BD21D6
:1010B0000748EBF7B7FDEBF7F1FB00BF002318463D
:1010C00005B05DF804FB00BF883704007C10040005
:1010D00040100400781004009410040084B00190C3
:1010E0000091009B1B781A46009B01331B781B0262
:1010F0001A44009B02331B781B0413440393019B87
:101100009B6B93F824301A46039B02FB03F3039373
:10111000039B184604B0704700B585B0019000915C
:1011200000238DF80F30019B9B6BDB69009A9A427C
:1011300005D8019B9B6B9B69009A9A420FD2FF23B3
:101140008DF80F30009B094A40F6D5210848EBF78F
:1011500069FD084A40F6D5210548EBF763FD9DF986
:101160000F30184605B05DF804FB00BF40130400C3
:10117000401004007810040000B585B001900B46C3
:101180008DF8033000238DF80F30019B9B6BDB7AC9
:101190009DF803209A4210D9FF238DF80F309DF857
:1011A0000330094A4FF42E610848EBF73BFD084A2B
:1011B0004FF42E610548EBF735FD9DF90F301846C9
:1011C00005B05DF804FB00BF60130400401004008C
:1011D0007810040082B00C4B1B680093009B0193B5
:1011E00000239DF8042062F307039DF8052062F3B5
:1011F0000F239DF8062062F317439DF8072062F342
:101200001F63184602B070478C13040000B585B008
:1012100001900B468DF803309DF803301946019874
:10122000FFF7FEFA03468DF80B307D2303939DF8FC
:101230000B30002B57D10DF109030DF10A029DF877
:1012400003100198FFF730FB9DF80930073B052B91
:101250001CD801A252F823F0711203008D12030072
:10126000771203008D1203007D1203008512030024
:101270007D2303932CE0FA23039329E04FF4FA73C0
:10128000039325E04FF44873039321E01F48EBF7E5
:101290000DFC0120EBF73AFC1C4B1D4A40F60631D1
:1012A0001C48EBF7BFFC1C4A40F606311948EBF727
:1012B000B9FC1A4A40F606311648EBF7B3FC164A59
:1012C00040F606311348EBF7ADFCEBF7E7FA00BF49
:1012D0009DF80A301A464FF47A7393401A46039BDE
:1012E000B2FBF3F30DE002AA9DF803301946019812
:1012F000FFF720FB9DF808301A464FF4FA5393FB92
:10130000F2F3184605B05DF804FB00BFAC370400EB
:101310007C100400401004007810040090130400B6
:1013200000B589B00390019200930B468DF80B3005
:101330009DF80B3019460398FFF768FF06909DF85B
:101340003030063307939DF80B3019460398FFF7AA
:1013500067FA03468DF817309DF81730012B02D13C
:10136000079B02330793039BD3F81C35019A02FBBA
:1013700003F35B00524AA2FB03239909069A134622
:101380005B0013445B000B444D4AA2FB03239A0904
:10139000079B9A4238BF1A460A9B1A600A9B1B6831
:1013A0004FF47A7203FB02F2069BB2FBF3F3FE2BBF
:1013B0000DD80A9B1B684FF47A7203FB02F2069B5E
:1013C000B2FBF3F3062B38BF06239AB200E0FF22EC
:1013D000009B1A80009B1B8803F001039BB2002B2B
:1013E00005D0009B1B8801339AB2009B1A80009B9A
:1013F0001B881A46069B02FB03F341F657329342C1
:101400000AD9009B1B881A46069B02FB03F32C4A51
:10141000A2FB03239B0900E006230A9A13600B9B9F
:1014200040F6B8321A60009B1B8807EE903AF8EE3F
:10143000677A9FED247A37EE877A069B07EE903A1B
:10144000F8EE677A67EE277AB0EE670ADAF758FEA9
:10145000B0EE407ADFED1C6AC7EE267AB1EE087A6C
:10146000F4EEC77AF1EE10FA1FDD009B1B8807EE41
:10147000903AF8EE677A9FED137A37EE877A069BFB
:1014800007EE903AF8EE677A67EE277AB0EE670AD1
:10149000DAF736FEB0EE407ADFED0B6AC7EE267A59
:1014A000FCEEE77A17EE902A00E006220B9B1A600A
:1014B0000B9B1A680A9B1A6000BF09B05DF804FB19
:1014C000D34D62100000824100007A4400B585B01F
:1014D0000190084611461A4603468DF803300B4624
:1014E0008DF802301346ADF800309DF803301946F0
:1014F0000198FFF795F903468DF80F309DF80330FA
:1015000019460198FFF782FE034602939DF80F30BB
:10151000012B13D1029B5B42BDF80020520892B20E
:1015200002FB03F3124A82FB03129211DB17D21A59
:101530009DF90230D21A069B1A6015E0BDF8003002
:10154000063BDA0F13445B105B420133029A02FB45
:1015500003F3074A82FB03129211DB17D21A9DF99B
:101560000230D21A069B1A6000BF05B05DF804FB7A
:10157000D34D621000B583B001904FF4F272002198
:101580000198DAF7A9FE00BF03B05DF804FB82B052
:1015900001900B468DF80330019B5B78002B01D145
:1015A000002304E0019B9DF803201A7001231846D4
:1015B00002B0704710B58AB0039002910192039B6C
:1015C0005B78002B00F0D280039B1B78022B00F08D
:1015D000CF80EBF770F908900299039800F060FB58
:1015E00003468DF81F309DF81F20039913469B007A
:1015F00013441B010B4414331B788DF81E309DF8E7
:101600001F20039913469B0013441B010B44103306
:101610001B681946089800F0DBFB06909DF81E3009
:101620001946069800F09EFB03468DF817300222FB
:10163000019B93420AD30223012B05D00222019B76
:10164000B3FBF2F3013302E0019B00E001230193BD
:101650009DF81F20039913469B0013441B010B4464
:1016600010331B681946089800F0B2FB0346424A43
:1016700093420FD39DF81F2013469B0013441B0178
:101680001033039A134406333C2200211846DAF73C
:1016900023FE42E09DF817209DF81E309A4216D195
:1016A000069B364A934212D89DF81F209DF81700DA
:1016B000039913469B001344DB00034408335B008B
:1016C0000B44DB881A46019B1344019325E09DF8E7
:1016D0001E308DF827301AE09DF8273001338DF841
:1016E00027309DF827301D2B02D900238DF8273095
:1016F0009DF81F209DF82700039913469B00134473
:10170000DB00034408335B000B440022DA809DF8C1
:1017100027209DF817309A42DED19DF81F209DF8B2
:101720001700019B9CB2039913469B001344DB00F6
:10173000034408335B000B442246DA809DF81F20E7
:10174000039913469B0013441B010B441033089A62
:101750001A609DF81F20039913469B0013441B0138
:101760000B4414339DF817201A7002E000BF00E00C
:1017700000BF0AB010BD00BF80EE3600BFD401002C
:1017800000B589B00190019B5B78002B00F0A78029
:10179000EBF791F8069000238DF81F3097E09DF845
:1017A0001F20019913469B0013441B010B44143363
:1017B0001B788DF817309DF81F20019913469B0068
:1017C00013441B010B4410331B681946069800F0A4
:1017D000FFFA04909DF817301946049800F0C2FAF9
:1017E00003468DF80F309DF81F20019913469B008A
:1017F00013441B010B4410331B681946069800F074
:10180000E7FA0346384A934226D39DF81F20134631
:101810009B0013441B011033019A134406333C22EE
:1018200000211846DAF758FD9DF81F20019913464C
:101830009B0013441B010B441033069A1A609DF859
:101840001F20019913469B0013441B010B441433C2
:101850009DF80F201A7035E09DF817308DF81E3076
:101860002AE09DF81E3001338DF81E309DF81E30A1
:101870001D2B02D900238DF81E309DF81E209DF8E7
:101880000F309A4209D19DF81E209DF80F309A42E0
:1018900012D1049B154A93420ED99DF81F209DF842
:1018A0001E00019913469B001344DB0003440833D8
:1018B0005B000B440022DA809DF81E209DF80F305B
:1018C0009A42CED19DF81F3001338DF81F30019B15
:1018D0005B789DF81F209A42FFF461AF00E000BFE3
:1018E00009B05DF804FB00BF80EE3600BFD40100F4
:1018F00000B587B001900B468DF80330019B1B7833
:10190000012B03D1019B5B78002B01D101231BE04C
:101910009DF803301946019800F0F5F905909DF8FF
:101920000320019913469B0013441B010B440C3305
:101930001B88ADF81230BDF81230054AB2FBF3F245
:10194000059BD31A0393039B184607B05DF804FB6D
:1019500080EE360000B583B001900B468DF8033061
:10196000019B1B78012B03D1019B5B78002B01D1DC
:1019700001230BE09DF8033019460198FFF7B8FFEB
:101980000346002B01DD012300E00023184603B0CD
:101990005DF804FB00B593B003900B4601928DF8FF
:1019A0000B30039B1B78012B03D1039B5B78002B2F
:1019B00001D100235FE10023119300238DF8223031
:1019C00000238DF8213006AB0622FF211846DAF7F6
:1019D00083FC04AB0622FF211846DAF77DFC03984E
:1019E000FFF7CEFEFF238DF8433000238DF8423001
:1019F00035E09DF842309B00019A13441B6819465C
:101A0000039800F04DF903468DF823309DF84320EC
:101A10009DF823309A421DD09DF823308DF8433035
:101A20009DF8233019460398FFF794FF0346002BD7
:101A300008D00DF122039DF8232006A9039800F099
:101A4000DFF907E00DF121039DF8232004A9039895
:101A500000F0D6F99DF8423001338DF842309DF800
:101A600042209DF80B309A42C3D39DF82130002BC1
:101A700024D19DF82230002B20D18148EBF716F8B5
:101A80000120EBF743F87E4B7E4A40F27F117E48FF
:101A9000EBF7C8F87D4A40F27F117B48EBF7C2F8BC
:101AA0007B4A40F27F117848EBF7BCF8774A40F266
:101AB0007F117548EBF7B6F8EAF7F0FE9DF8223093
:101AC000002B1DD000238DF8413012E09DF84130ED
:101AD00048336B4413F8303C19460398FFF708FF6E
:101AE0000246119B9B1A11939DF8413001338DF8EA
:101AF00041309DF822309DF841209A42E6D3B9E06A
:101B00004FF0FF330F93EAF7D6FE0D9000238DF8C8
:101B10003B30A6E09DF83B3048336B4413F8383C2B
:101B20008DF833309DF83320039913469B001344FE
:101B30001B010B4414331B788DF832309DF8332091
:101B4000039913469B0013441B010B4410331B687D
:101B500019460D9800F03CF90B909DF8323019466B
:101B60000B9800F0FFF803468DF82B300D9A494B87
:101B7000A3FB0213DB0B484901FB03F3D31AC3F5A4
:101B8000EA33C033099300238DF83A309DF82B30A7
:101B90008DF839309DF8393001338DF839309DF8A2
:101BA00039301D2B02D900238DF839309DF83320B0
:101BB0009DF83900039913469B001344DB0003444E
:101BC00008335B000B44DB88002B36D19DF83920AD
:101BD0009DF832309A4204D09DF83A3001338DF8A6
:101BE0003A309DF83A301E2B20D92548EAF75EFF9F
:101BF0000120EAF78BFF224B224A40F2B311224820
:101C0000EBF710F8214A40F2B3111F48EBF70AF83E
:101C1000224A40F2B3111C48EBF704F81B4A40F289
:101C2000B3111948EAF7FEFFEAF738FE9DF83920AC
:101C30009DF832309A42ADD100E000BF9DF83A30B5
:101C4000154A02FB03F3099A134409930F9A099B5F
:101C50009A4201D9099B0F939DF83B3001338DF8CF
:101C60003B309DF821309DF83B209A42FFF452AF63
:101C70000F9B1193119B184613B05DF804FB00BF36
:101C8000D0370400A8130400C0130400FC130400A0
:101C90000C14040073B2E745C0D401000014040022
:101CA00084B00190009100238DF80F3021E09DF861
:101CB0000F20019913469B0013441B010B4404336E
:101CC0001B68009A9A420FD39DF80F200199134682
:101CD0009B0013441B010B4408331B68009A9A4273
:101CE00002D29DF80F300BE09DF80F3001338DF8D4
:101CF0000F30019B5B789DF80F209A42D7D30023C9
:101D0000184604B0704784B001900B468DF803303C
:101D10000023039300238DF80B3016E09DF8032079
:101D20009DF80B00019913469B001344DB0003440C
:101D300008335B000B44DB881A46039B1344039370
:101D40009DF80B3001338DF80B309DF80B301D2BB7
:101D5000E4D90222039B02FB03F30393039B18467F
:101D600004B0704784B001900B468DF80330019B9E
:101D7000144AA2FB0323990B4B08134AA2FB03232B
:101D80001A0913465B019B1A5B00CA1A53088DF8A7
:101D90000F309DF80F209DF8033013448DF80F305D
:101DA0009DF80F20094BA3FB021319090B461B01D9
:101DB0005B1A5B00D31A8DF80F309DF80F30184670
:101DC00004B0704773B2E745430821848988888846
:101DD00082B001900091009A074BA3FB0213DB0B2A
:101DE000064901FB03F3D31A009A9A1A019B134484
:101DF000184602B0704700BF73B2E745C0D4010077
:101E000086B003900291009313468DF807300023AB
:101E10008DF8173000238DF8163011E09DF816303C
:101E2000029A13441B789DF807209A4203D101239C
:101E30008DF817300AE09DF8163001338DF8163012
:101E4000039B5B789DF816209A42E7D39DF81730E4
:101E500083F00103DBB2002B0DD0009B1B781A46E8
:101E6000029B13449DF807201A70009B1B780133D6
:101E7000DAB2009B1A7000BF06B0704782B003460A
:101E80000A468DF8073013468DF806309DF8063067
:101E90000C2B59D801A252F823F000BF451F0300B4
:101EA000451F0300451F0300451F0300451F030096
:101EB0001D1F0300FD1E0300E51E0300E51E0300B9
:101EC000D51E0300E51E0300D11E0300E51E03001E
:101ED00000233AE09DF807300C2B01D1012334E0B8
:101EE000002332E09DF807300C2B03D09DF807301B
:101EF0000B2B01D1012328E0002326E09DF80730B9
:101F00000C2B07D09DF807300B2B03D09DF8073022
:101F10000A2B01D1012318E0002316E09DF80730B9
:101F20000C2B0BD09DF807300B2B07D09DF80730FA
:101F30000A2B03D09DF80730092B01D1012304E0BF
:101F4000002302E0012300E00023184602B070479E
:101F500000B587B003900291019200934FF4C272D2
:101F600000210398DAF7B8F9039B029A5A60039BA1
:101F7000009ADA60039B9DF820201A72039B0022CE
:101F80001A70039B00225A70039B099A5A61039BA3
:101F90000A9A9A61039B0B9ADA61039B0C9A1A6264
:101FA000039B012283F83C21039B062283F84821EE
:101FB000039B072283F84921039B03F59E72039B31
:101FC000C3F86821019B002B03D000238DF8173044
:101FD00000BF039BDA68039B1B7A1946104605F085
:101FE000CFFB039BD868039B197A039B034A05F038
:101FF00049FB00BF07B05DF804FB00BF9D24030050
:1020000000B583B001900B468DF803309DF8033086
:1020100083F00103DBB2002B02D0019800F008F836
:10202000019B9DF803201A7000BF03B05DF804FB0C
:1020300000B583B00190019B1B7883F00103DBB2F4
:10204000002B0FD1019B00225A70019BDA68019B83
:102050001B7A1946104605F09BFD019B002283F870
:102060002D2000E000BF03B05DF804FB00B583B095
:102070000190019B5B7883F00103DBB2002B02D05F
:10208000019800F005F800BF03B05DF804FB000004
:1020900030B5C1B00390039B1B7883F00103DBB222
:1020A000002B05D0B94AAD21B948EAF7BBFDE3E101
:1020B000039B5B69002B1CD1B648EAF7F7FC0120B3
:1020C000EAF724FDB34BB44AB221B148EAF7AAFDBE
:1020D000B24AB221AE48EAF7A5FDB14AB221AC48F6
:1020E000EAF7A0FDAD4AB221A948EAF79BFDEAF75D
:1020F000D5FB039B5A68039BD3F86831D26E5A60B4
:10210000039B5A68039BD3F8683192F853201A75E1
:10211000039B5A68039BD3F86831526D1A61039B85
:10212000012283F8382100238DF8FF3013E09DF859
:10213000FF20039B5A3253F822301B78002B05D026
:10214000039B9DF8FF2083F8382108E09DF8FF30BD
:1021500001338DF8FF309DF8FF30002BE7D0039B53
:1021600093F83831012B1CD18A48EAF79FFC0120F3
:10217000EAF7CCFC874B884AC6218548EAF752FD2E
:10218000864AC6218248EAF74DFD864AC621804824
:10219000EAF748FD814AC6217D48EAF743FDEAF7A0
:1021A0007DFB1EAB842200211846DAF795F87E4BA2
:1021B0003593039B5868039B93F838311A46039B69
:1021C0005A3253F822301B7D1946FEF729FB03468D
:1021D0008DF8FE309DF8FE30002B67D1039B5868C8
:1021E000039B93F838311A46039B5A3253F8223036
:1021F000197D0DF15A030DF15B02FEF755FB11AB92
:10220000142200211846DAF767F8039B5B6818462A
:10221000FEF744FD03468DF8553000238DF8563007
:10222000039B93F838311A46039B5A3253F82230F5
:102230001B69149300238DF84A30FF238DF84B302F
:1022400000238DF84C3001238DF84D30039B5B68E3
:102250009DF8442011461846FEF70CFA0346ADF8E7
:102260004830039B5B681846FEF7FFFC03468DF879
:1022700046309DF85B308DF844309DF85A308DF82B
:1022800045309DF844309DF8452011461846FFF72B
:10229000F5FD03468DF8473001238DF878302AACE0
:1022A00011AD0FCD0FC42B682360A4E09DF8FE3064
:1022B000012B7FD13D4AED213548EAF7B3FC039B62
:1022C0005868039B93F838311A46039B5A3253F8E7
:1022D00022301B7D0DF143021946FEF72BFB05ABA7
:1022E0002C2200211846D9F7F7FF039B5B6818469C
:1022F000FEF7DEFC03460C9301238DF83E3040F2DE
:10230000FF13ADF83C3041F60F53ADF8383041F2D1
:102310002103ADF83A30039B93F838311A46039BFA
:102320005A3253F822301B690D9301238DF829305E
:10233000FF238DF82A302823ADF8243018238DF898
:10234000273001238DF82C3004238DF82B3046F2F2
:10235000A8130693164B079304238DF820309DF89D
:1023600043301A464FF47A7302FB03F305930023BC
:102370008DF878302AAC05AD0FCD0FC40FCD0FC44A
:1023800095E8070084E8070035E000BF301404003A
:1023900048140400F837040088140400A014040052
:1023A000A4140400D0140400C0D40100F4140400E8
:1023B000A08601003148EAF779FB0120EAF7A6FB85
:1023C0002E4B2F4A40F20B112E48EAF72BFC2E4AD7
:1023D00040F20B112B48EAF725FC2C4A40F20B1176
:1023E0002848EAF71FFC284A40F20B112548EAF773
:1023F00019FCEAF753FA17AB00221A605A609A6088
:10240000DA601A615A619A61039B1B7A8DF85C301D
:1024100001238DF86630EAF74EFA03461A93142327
:102420001D939DF87830012B05D100238DF85D3088
:10243000174B189304E001238DF85D30154B18936A
:10244000039BD868039B03F1390217A91EAB0093C5
:10245000FF2305F02FFA0346002B06D00E4A4FF457
:1024600091710848EAF7DEFB02E0039B01225A70F3
:10247000039B002283F82D2041B030BDF8370400C3
:102480008814040048140400A01404000815040073
:102490005D8D0200158E02003015040000B585B078
:1024A0000190019BDB68019A127A134493F8783704
:1024B0008DF80F309DF80F30042B05D1019B5B691F
:1024C000019A926910469847019B5B78002B02D0D5
:1024D0000198FFF7DDFD00BF05B05DF804FB0000CB
:1024E00010B588B0039000230693039BDB680DF1C1
:1024F00013020399184605F08FF9039BD8689DF8DD
:102500001310039B103305AA05F0BCFB039B1B7C37
:102510000A2B00F2F88001A252F823F0DD26030016
:102520000727030007270300192703004925030095
:10253000EB260300072703000727030007270300F4
:1025400007270300F9260300059A039B5A62039BA1
:10255000DA689DF8133019460B465B010B449B006B
:1025600013447E33B3F90020039B1A85039BDA687A
:102570009DF8133019460B465B010B449B00134436
:102580007C33B3F90020039B5A85039BDB689DF8DD
:10259000132002F5657233F81230DAB2039B83F828
:1025A0003820039B93F838301C46039BDA689DF86B
:1025B000133019460B465B010B449B0013447E33DA
:1025C000B3F900301846039BDA689DF813301946BA
:1025D0000B465B010B449B0013447C33B3F9003082
:1025E0000193009023464E4A40F259114D48EAF7B4
:1025F00019FB039B93F8383000934B4B4B4A40F246
:102600005D114848EAF70EFB002307931BE0079B88
:1026100003F00F03002B08D1079B002B05D0444A81
:1026200040F25D113F48EAF7FDFA039A079B134415
:1026300039331B783F4A40F25D113A48EAF7F2FA23
:10264000079B01330793039B93F838301A46079B87
:102650009342DCD3364A40F25D113248EAF7E2FA9F
:10266000039800F071F80690069B002B31D1039877
:1026700000F022F903461A46039B83F86C21039B62
:1026800093F86C31012B24D1039B93F838311A460F
:10269000039B5A3253F822301A7D039B83F834206F
:1026A000039B93F838311A46039B5A3253F8223071
:1026B0001A69039B1A63039B93F838310333DAB228
:1026C000039B83F82D20039BDB69039A126A104653
:1026D0009847039B002283F86C211EE0164A40F2C3
:1026E00077111048EAF79EFA17E0144A40F27B117E
:1026F0000C48EAF797FA10E0114A4FF4BF71094805
:10270000EAF790FA09E0039B1B7C0E4A40F2811124
:102710000448EAF787FA00E000BF00BF08B010BD28
:102720004C15040048140400801504008C150400A6
:10273000A0150400A4150400AC150400C415040081
:10274000DC1504000816040000B589B003900023CE
:102750000793039B012283F83821039B93F83930B8
:102760005B098DF819309DF81930002B13D09DF8B6
:102770001930012B0FD09DF81930022B0BD09DF88A
:102780001930042B07D09DF81930062B03D09DF883
:102790001930072B0AD1079B013B07939DF819308D
:1027A000414A40F23D214148EAF73CFA039B5B680D
:1027B00093F8CE34022B6BD1079B002B68D1039B7F
:1027C00093F83A301A46039B93F83B301B021A44A5
:1027D000039B93F83C301B041A44039B93F83D3051
:1027E0001B061344059300238DF81B301DE09DF854
:1027F0001B20039B5A3253F822305B68059A9A4299
:102800000ED19DF81B20039B5A3253F822301B78BF
:10281000002B05D0039B9DF81B2083F8382108E08E
:102820009DF81B3001338DF81B309DF81B30002BB9
:10283000DDD0039B93F83831002B29D0079B013B57
:102840000793039B012283F8382100238DF81A3067
:102850001AE09DF81A20039B5A3253F822305A6826
:10286000059B00931346124A40F255210F48EAF7A0
:10287000D9F9104A40F255210C48EAF7D3F99DF8EE
:102880001A3001338DF81A309DF81A30002BE0D041
:10289000079B002B03D0039B002283F83820079B63
:1028A000184609B05DF804FB301604004814040013
:1028B00050160400A0140400F0B58FB00790002358
:1028C0000D9300238DF83330079B93F8383018466A
:1028D000FAF716FA03461A460D9B13440D93079B0D
:1028E0005868079B93F83810079B93F838311A46BD
:1028F000079B5A3253F822301B7D1A46F9F77AFDAE
:1029000003461A460D9B13440D930D9B002B01D0DB
:10291000002397E1079B03F13900079B03F26D1336
:102920000DF12A020DF12B01FAF712FA03461A46AD
:102930000D9B13440D930D9B002B01D0002381E1CF
:10294000079B93F83831002B0AD0079B93F86D3121
:10295000012B03D09DF82B30042B01D1002371E112
:10296000079B5A68079BD3F86831926E9A600023E0
:10297000ADF82830079B93F838311A46079B5A3236
:1029800053F822309B680993079B03F13905079B95
:1029900093F83860079B03F28117079B93F838314F
:1029A0001A46079B5A3253F822305B68079A2C323A
:1029B000079901F5C171079800F27110079C04F5A1
:1029C000B9740DF1280C04940390029101920093C4
:1029D00063463A4631462846FAF70CFA02460D9B02
:1029E00013440D930D9B002B08D1BDF8283009AA84
:1029F00011461846FAF78AFA03460D930D9B002BF1
:102A00003DD1079B93F83830043BDAB2079B83F83B
:102A10003820079B93F838303833079A1344591CF1
:102A20000BAB04221846F9F7C5FF079B03F13900E9
:102A3000079B93F838301D46079B93F838311A46A8
:102A4000079B5A3253F82230197B079B93F8383191
:102A50001A46079B5A3253F822305C68099B0B9A3E
:102A6000029201930123009323460A46294604F06B
:102A7000ECF80346002B02D04FF0FF330D930D9B73
:102A8000002B40F0C180079B93F838311A46079B12
:102A90005A3253F82230099A9A60079BD3F868217A
:102AA000079B5B6892689A66079B93F88231002BBC
:102AB00040F09280079B93F83820079B93F8813170
:102AC000D31ADBB2093BDAB2079B83F83820079BA5
:102AD00093F82C30002B0CD15C4A40F2B3215C48B7
:102AE000EAF7A0F85B4A40F2B3215948EAF79AF8AE
:102AF0008AE0079B93F8813109333833079A1344EE
:102B0000581C079B93F838301D46079B93F83831C3
:102B10001A46079B5A3253F82230597B079B93F889
:102B200038311A46079B5A3253F822305C68079BAB
:102B300093F838311A46079B5A3253F822309B6873
:102B4000079A3932029201930123009323460A46E1
:102B5000294603F0EEFF0346002B20D03E48E9F75C
:102B6000A5FF0120E9F7D2FF3B4B3C4A40F2BD21D3
:102B70003748EAF757F8374A40F2BD213448EAF7B8
:102B800051F8374A40F2BD213148EAF74BF8314A53
:102B900040F2BD212E48EAF745F8E9F77FFE079B92
:102BA00093F88131002B0FD02E4A40F2C1212848E2
:102BB000EAF738F8274A40F2C1212548EAF732F807
:102BC0004FF0FF330D931FE001238DF83330079B47
:102BD000012283F8832117E0079B93F88131002BB2
:102BE0000FD0204A4FF435711948EAF71BF8194AFB
:102BF0004FF435711648EAF715F84FF0FF330D938F
:102C000002E001238DF833300D9B002B18D19DF885
:102C10002B20079B83F86F219DF82A20079B83F8C0
:102C20007021079B5B681846FBF74BFA0346002BA5
:102C300006DC079B5B68079A92F86D2183F8762083
:102C40009DF8333018460FB0F0BD00BF8416040065
:102C500048140400A0140400103804008814040070
:102C6000BC160400F016040000B583B0019000917A
:102C7000019B5B6A019A12680099104698470346C7
:102C8000184603B05DF804FB00B583B001900B4615
:102C9000ADF80230019B1B6E019A1268BDF802105C
:102CA000104698470346184603B05DF804FB00B58C
:102CB00083B001900091019B5B6E019A12680099AC
:102CC000104698470346184603B05DF804FB00B56C
:102CD00083B001900B468DF80330019B9B6E019AE7
:102CE00012689DF80310104698470346184603B033
:102CF0005DF804FB00B583B001900091019B1B6F50
:102D0000019A12680099104698470346184603B086
:102D10005DF804FB00B583B001900091019BD3F8EE
:102D20009C30019A1268009910469847034618464D
:102D300003B05DF804FB000000B585B0039002917C
:102D4000009313468DF80730009B002B05D0079B9E
:102D5000002B02D0099B002B1CD13048E9F7A6FEBE
:102D60000120E9F7D3FE2D4B2D4A32212D48E9F7FA
:102D700059FF2D4A32212B48E9F754FF2B4A3221C3
:102D80002848E9F74FFF284A32212648E9F74AFF49
:102D9000E9F784FD039B029A1A60039B9DF80720C4
:102DA0001A71039B009A9A61039B069ADA61039B4E
:102DB000079A1A62039B089A5A62039B099A9A62BD
:102DC000039B0A9ADA62039B00221A86039B002265
:102DD0005A63039B00229A63039B00221A75039B8C
:102DE000002283F83C20039B00229A60039B002270
:102DF0009A81039B00221A619DF8073019460298B8
:102E000004F0BEFC9DF80710039B094A029804F0E9
:102E100039FC00BF05B05DF804FB00BF3438040086
:102E200020170400381704006C1704007017040002
:102E30008932030084B00390029100931346ADF8E9
:102E40000630039B00221A86039B00225A63039BD1
:102E500000229A63029B9A1C039B9A60039BBDF815
:102E600006209A81039B009A1A6100BF04B0704744
:102E700082B001900B468DF80330019B9DF8032032
:102E800083F83C2000BF02B0704782B00190019BE4
:102E900093F83C30184602B07047000010B586B079
:102EA0000190019B0593059B93F884398DF81330AD
:102EB000E9F788FE059BD3F8C03918469DF8132022
:102EC000059913465B0113449B000B441C331B788C
:102ED0001946FFF7FCFE0346002B03D06A216C481D
:102EE000E9F72AFE059BD3F8C03918469DF8132050
:102EF000059913465B0113449B000B446C331B681C
:102F00001946FFF7D4FE0346002B03D06B2160481F
:102F1000E9F712FE059BD3F8C03918469DF8132037
:102F200013465B0113449B004833059A1344043352
:102F30001946FFF7DFFE0346002B03D06D215448EE
:102F4000E9F7FAFD059BD3F8C03900211846FFF7D1
:102F50009BFE0346002B03D06F214D48E9F7ECFDA3
:102F6000059BD3F8C0394FF0FF311846FFF77CFEC0
:102F70000346002B03D070214548E9F7DDFDE9F752
:102F80009AFC039000BFE9F796FC0246039B9B1A4C
:102F90000233002BF7DC059BD3F8C0391A460DF13C
:102FA0000A0319461046FFF7B5FE0346002B03D06F
:102FB00078213748E9F7C0FD9DF81330059A03F5ED
:102FC000E9739B0013445B68BDF90A201A869DF8DB
:102FD0001330059A03F5E9739B0013445B685A6B41
:102FE000BDF90A3018469DF81330059903F5E973C9
:102FF0009B000B445B6802445A639DF81330059AAA
:1030000003F5E9739B0013445B689A6B01329A6382
:103010009DF81320059913465B0113449B000B4454
:103020008433B3F90020BDF90A309A4211DCBDF9AE
:103030000A30184A7E211848E9F7F4FD9DF813304C
:10304000059A1344072283F87827019805F054FF66
:103050001BE09DF81320059913465B0113449B0068
:103060000B4478331A68039BD418E9F724FC034611
:10307000E31A002B8FDC9DF81330059A13440622C7
:1030800083F87827019805F037FF06B010BD00BF20
:10309000443804008C1704003817040030B5BBB066
:1030A00005900491029313468DF80F30059B9DF80F
:1030B0000F201A75059B9B69002B07D0059B1B6A87
:1030C000002B03D0059B9B6A002B1CD16548E9F7B8
:1030D000EDFC0120E9F71AFD624B634A9121634838
:1030E000E9F7A0FD624A91216048E9F79BFD614A3A
:1030F00091215E48E9F796FD5D4A91215B48E9F729
:1031000091FDE9F7CBFB07AB00221A605A609A6089
:10311000DA601A615A619A610EAB84220021184666
:10312000D9F7DAF807AB1C2200211846D9F7D4F8F2
:103130002FAB2C2200211846D9F7CEF801238DF8A9
:10314000E630049B3793059B1B695B082F93059B17
:103150001B69319304238DF8C830059B1B699B08BC
:10316000309300238DF838301AAC2FAD0FCD0FC43B
:103170000FCD0FC495E8070084E80700059B9B6806
:103180002593059BB3F90C30ADF8A030059B1B6867
:103190000DF11B020599184604F03EFB0346002B77
:1031A0001CD03048E9F782FC0120E9F7AFFC2D4B39
:1031B0002D4AAB212D48E9F735FD2D4AAB212B488F
:1031C000E9F730FD2C4AAB212848E9F72BFD284AC6
:1031D000AB212648E9F726FDE9F760FB9DF81B3097
:1031E0008DF81C30059B9A683E9B13440D930C236D
:1031F0008DF81D30214B0893059B9B68029AD41AC9
:10320000E9F7E9FC0346E31A0A939DF80F30002B17
:1032100003D000238DF8263002E001238DF82630FC
:10322000059B186807A90EAB00930023002204F049
:1032300041FB0346002B07D09DF81B30104ABE21EE
:103240000A48E9F7EFFC09E0059B9B68023B009305
:10325000049B0C4AC2210548E9F7E4FC00BF3BB0DF
:1032600030BD00BF64380400201704003817040084
:103270006C170400A0170400C81704009D2E03005B
:10328000001804002418040000B585B00190019BCB
:103290001B680DF10A020199184604F0BDFA019B62
:1032A00018689DF80A100DF10B0303AA04F0EAFC5C
:1032B0009DF80B30062B06D1019B9B69019AD269C0
:1032C0001046984720E09DF80B30072B16D1019B44
:1032D0001B7D002B0BD00E4AD6210E48E9F7A2FC2D
:1032E000019B9B6A019AD26A104698470CE0019BA9
:1032F0001B6A019A526A1046984705E0019B9B6A37
:10330000019AD26A1046984700BF05B05DF804FBE9
:103310004C1804003817040082B003460A468DF8A2
:10332000073013468DF806309DF806300C2B59D81F
:1033300001A252F823F000BFE1330300E1330300A0
:10334000E1330300E1330300E1330300B933030049
:103350009933030081330300813303007133030089
:10336000813303006D3303008133030000233AE00F
:103370009DF807300C2B01D1012334E0002332E00B
:103380009DF807300C2B03D09DF807300B2B01D193
:10339000012328E0002326E09DF807300C2B07D0FE
:1033A0009DF807300B2B03D09DF807300A2B01D175
:1033B000012318E0002316E09DF807300C2B0BD0FA
:1033C0009DF807300B2B07D09DF807300A2B03D050
:1033D0009DF80730092B01D1012304E0002302E00E
:1033E000012300E00023184602B0704700B583B007
:1033F00001900091019B5B6A019A12680099104646
:1034000098470346184603B05DF804FB00B583B047
:1034100001900B46ADF80230019B1B6E019A1268B9
:10342000BDF80210104698470346184603B05DF8F1
:1034300004FB00B585B0039002910192039BD3F881
:10344000A0300199029898470346184605B05DF8E8
:1034500004FB00B585B0039002910192039BD3F861
:10346000A4300199029898470346184605B05DF8C4
:1034700004FB00B583B001900091019BD3F8F430B8
:103480000099019898470346184603B05DF804FB7D
:1034900082B001900091019B009AC3F8502100BFB7
:1034A00002B0704700B587B003900291019200937B
:1034B0004FF4D47200210398D8F70EFF039B029AB1
:1034C0001A60039B009A9A60039B9DF820201A7152
:1034D000039B099A1A61039B0A9A5A61039B0B9AF0
:1034E0009A61039B0C9ADA61039B00229A62039B08
:1034F0009A68039B1B791946104604F041F9039B17
:1035000098689DF82010039B154A04F0BBF8039BB4
:10351000012283F84421039B022283F86C21039B40
:103520000622A3F85A21039B062283F85021039B0D
:10353000072283F85121039B03F5A272039BC3F872
:103540007021039B00221A62019B002B03D00023F1
:103550008DF8173000BF00BF07B05DF804FB00BF57
:10356000693F030000B583B00190019B5B7B83F052
:103570000103DBB2002B10D1019B00225A73019B87
:103580009A68019B1B791946104604F001FB019BC8
:103590001B68002283F8772000E000BF03B05DF8CD
:1035A00004FB000010B588B00590049103920293CB
:1035B000059B039AC3F87421059B029AC3F87821EE
:1035C000059B0A9AC3F87C21059B1A68059BD3F8D2
:1035D0007031D26E5A60059B1A68059BD3F8703122
:1035E00092F852251A7600238DF81F307EE09DF860
:1035F0001F20059B5C3253F8223093F82930002BB2
:1036000010D09DF81F20059B5C3253F82230002219
:1036100083F829209DF81F20059B5C3253F8223047
:1036200001221A709DF81F20059B5C3253F822304E
:103630001B78002B55D09DF81F20059B5C3253F85A
:1036400022301B7EC3F10703012202FA03F19DF829
:103650001F20059B5C3253F82230CAB29A779DF83E
:103660001F20059B5C3253F822301B7E053301225C
:1036700002FA03F19DF81F20059B5C3253F82230BB
:103680008AB29A839DF81F20059B5C3253F8223042
:1036900058689DF81F20059B5C3253F822309B8BA5
:1036A0009DF81F10059A5C3152F8214000930346A3
:1036B0000B9A0299049800F023FE034663629DF87A
:1036C0001F20059B5C3253F822305A6A9DF81F1068
:1036D000059B5C3153F821300949A1FB0212D20845
:1036E0001A629DF81F3001338DF81F309DF81F308E
:1036F000002B3FF47CAF00BF00BF08B010BD00BF7F
:10370000CDCCCCCC30B5C9B048ABA3F5867318602E
:1037100048ABA3F586731B681B69002B1CD1A1481D
:10372000E9F7C4F90120E9F7F1F99E4B9E4AF82127
:103730009E48E9F777FA9E4AF8219C48E9F772FA21
:103740009C4AF8219948E9F76DFA994AF821974877
:10375000E9F768FAE9F7A2F848ABA3F586731B68A6
:103760001B681846FAF7B8FD034683F00103DBB285
:10377000002B10D048ABA3F586731868FFF7F2FE54
:103780008D4AFE218948E9F74DFA894AFE2187488A
:10379000E9F748FAD2E348ABA3F586731B681B68C8
:1037A00093F84635032B12D048ABA3F586731868FF
:1037B000FFF7D8FE814A40F205117C48E9F732FA5A
:1037C0007B4A40F205117948E9F72CFAB6E322ABBF
:1037D000842200211846D8F77FFD19AB00221A6019
:1037E0005A609A60DA601A615A619A61E9F763F87F
:1037F000479048ABA3F586734799186800F066FEBA
:1038000048ABA3F586731B68D3F870311B78002B87
:1038100065D048ABA3F586731B681A6848ABA3F55F
:1038200086731B68D3F87031D26E5A6048ABA3F52B
:1038300086731B68186848ABA3F586731B68D3F8BA
:103840007031196A43AB44AAFAF710FD48ABA3F5EF
:1038500086731B681B68D3F84C35002B07D048AB28
:10386000A3F586731B681B68D3F84C3510E048AB92
:10387000A3F586731B681868449948ABA3F5867353
:103880001B68D3F870315B681A46FDF7E7FB034607
:1038900048AAA2F586721268D2F87021136148AB6B
:1038A000A3F586731B681A6848ABA3F586731B687B
:1038B000D3F8703192F850251A7548ABA3F586738A
:1038C0001B681B6893F87730002B15D148ABA3F524
:1038D00086731B681B68012283F877200CE0384A46
:1038E00040F237113148E9F79DF9314A40F237117A
:1038F0002E48E9F797F921E348ABA3F5867347997A
:10390000186800F057FE48ABA3F586731B6893F860
:103910004031012B06D12B4A40F23F112348E9F7F1
:1039200081F90BE348ABA3F586731B6801225A7338
:1039300048ABA3F586731B68186848ABA3F586737C
:103940001B6893F840311A4648ABA3F586731B6891
:103950005C3253F82230196A43AB44AAFAF786FC6A
:1039600048ABA3F586731B6893F840311A4648AB01
:10397000A3F586731B685C3253F822301B69002B59
:1039800022D048ABA3F586731B6893F840311A46E2
:1039900048ABA3F586731B685C3253F822301B6971
:1039A0002BE000BF7C3804006C180400841804006D
:1039B000C4180400C8180400F818040030190400E2
:1039C000681904009019040048ABA3F586731B68BE
:1039D0001868449948ABA3F586731B6893F8403187
:1039E0001A4648ABA3F586731B685C3253F8223045
:1039F0005B681A46FDF732FB0346469348ABA3F5D6
:103A000086731B6893F840311A4648ABA3F586735A
:103A10001B685C3253F822301B7D8DF8173148ABA0
:103A2000A3F586731B681B689DF81721114618467D
:103A3000FCF7F6FE03468DF8163148ABA3F5867306
:103A40001B68186848ABA3F586731B6893F8403170
:103A50001A4648ABA3F586731B685C3253F82230D4
:103A6000197D48ABA3F586731B6893F840311A465D
:103A700048ABA3F586731B685C3253F822301A6A90
:103A800048ABA3F586731B68D3F89831D41A48ABBA
:103A9000A3F586731B6893F840311A4648ABA3F52B
:103AA00086731B685C3253F8223003F11602002340
:103AB000029320AB019321AB009313462246FDF7FE
:103AC0002FFC9DF81631002B6AD148ABA3F5867305
:103AD0001B6818680DF15E030DF15F029DF8171168
:103AE000FCF7E2FE12AB142200211846D8F7F4FBD3
:103AF00048ABA3F586731B681B681846FDF7CEF824
:103B000003468DF8593048ABA3F586731B6893F8CC
:103B100040311A4648ABA3F586731B685C3253F8F4
:103B20002230DB8ADBB28DF85A30469B1593002396
:103B30008DF84E30FF238DF84F3000238DF8503034
:103B400001238DF85130FF23ADF84C3048ABA3F57D
:103B500086731B681B681846FDF787F803468DF8C7
:103B60004A309DF85F308DF848309DF85E308DF812
:103B700049309DF848309DF8492011461846FFF716
:103B8000CBFB03468DF84B3001238DF888302EACEB
:103B900012AD0FCD0FC42B682360209B3993AEE08C
:103BA0009DF81631012B40F0898048ABA3F5867350
:103BB0001B681B680DF147029DF817111846FCF7AA
:103BC000B9FE06AB2C2200211846D8F785FB48AB7E
:103BD000A3F586731B681B681846FDF769F8024653
:103BE00048ABA3F58473DA6148ABA3F58473012273
:103BF00083F82A2048ABA3F5847340F2FF121A859C
:103C000048ABA3F5847341F60F529A8448ABA3F5F1
:103C1000847341F22102DA8448ABA3F58473469A97
:103C20001A6248ABA3F5847301225A7548ABA3F519
:103C30008473FF229A7548ABA3F5847328221A82F5
:103C400048ABA3F584731822DA7448ABA3F58473E8
:103C500001221A7648ABA3F584730422DA7548ABC7
:103C6000A3F5847346F2A8125A6048ABA3F5847397
:103C7000B34A9A6048ABA3F5847304221A739DF883
:103C800047301A464FF47A7302FB03F31A4648ABE7
:103C9000A3F584731A6000238DF8883048ABA3F530
:103CA00084732EAC1D460FCD0FC40FCD0FC495E805
:103CB000070084E80700219B399320E0A148E8F73A
:103CC000F5FE0120E8F722FF9E4B9F4A40F2971134
:103CD0009E48E8F7A7FF9E4A40F297119B48E8F7F5
:103CE000A1FF9C4A40F297119848E8F79BFF984A39
:103CF00040F297119548E8F795FFE8F7CFFD48ABFC
:103D0000A3F586731B681B798DF8643000238DF84A
:103D10006E3001238DF86D30E8F75DFF0346DCB2AD
:103D2000E8F778FF0346DBB22344DBB28DF81531A8
:103D300048ABA3F586731B68186848ABA3F5867378
:103D40001B6893F840311A4648ABA3F586731B688D
:103D50005C3253F82230197D48ABA3F586731B689B
:103D600093F840311A4648ABA3F586731B685C3262
:103D700053F82230DC8A9DF9152118AB00932346B5
:103D8000FDF7A4FB48ABA3F586731B6893F840319D
:103D90001A4648ABA3F586731B685C3253F8223091
:103DA0001B6A189A13441C9348ABA3F586731B68CF
:103DB00093F840311A4648ABA3F586731B685C3212
:103DC00053F82230596A189A13469B0013445B003B
:103DD0000B441D9348ABA3F586731B6893F84031E1
:103DE0001A4648ABA3F586731B685C3253F8223041
:103DF000D98A48ABA3F586731B6893F840311A46FD
:103E000048ABA3F586731B685C3253F822301A7DE9
:103E100048ABA3F58673186801F008F803461F93B2
:103E20009DF88830012B05D100238DF865304A4B71
:103E30001A9304E001238DF86530484B1A9348AB80
:103E4000A3F586731B68986848ABA3F586731B6857
:103E500003F1410219A922AB0093FF2303F02AFDCD
:103E600003468DF814319DF81431032B3FF4BEAC9A
:103E70009DF81431002B0CD0394A4FF4DC713348D3
:103E8000E8F7D0FE324A4FF4DC713048E8F7CAFE5A
:103E90004DE048ABA3F586731B6893F840311A4692
:103EA00048ABA3F586731B685C3253F822305C681C
:103EB00048ABA3F586731B6893F840311A4648ABAC
:103EC000A3F586731B685C3253F822301B6A9DF899
:103ED000172148A9A1F58671096891F84011084693
:103EE00048A9A1F5867109685C3051F82010897FD6
:103EF00003910292469A019200932346194A4FF485
:103F0000DE711248E8F78EFE48ABA3F586731B6896
:103F10001B6A002B0BD048ABA3F586731B681B6A8A
:103F200048AAA2F586721268526A1046984748ABB2
:103F3000A3F586731B68002283F8352049B030BD95
:103F4000A08601007C3804006C180400841804006A
:103F5000C4180400AC19040005500300158E0200BB
:103F6000D4190400F819040010B584B00190019B25
:103F70009B68019A1279134493F878378DF80F30C3
:103F80009DF80F30042B06D1019B1B69019A5269E1
:103F90001046984728E09DF80F300A2B24D1019B4A
:103FA00093F840311A46019B5C3253F822301C6A68
:103FB000019B93F840311A46019B5C3253F8223042
:103FC000D98A019B93F840311A46019B5C3253F821
:103FD00022301B7D1A46019800F028FF0346234437
:103FE0001946019800F072FA019B5B7B002B02D00E
:103FF0000198FFF787FB00BF04B010BD10B58AB071
:104000000390039B9B680DF117020399184603F078
:1040100003FC039B98689DF81710039B0C3306AABA
:1040200003F030FE039B1B7B0A2B00F2488101A2A8
:1040300052F823F0A3420300BF420300BF42030033
:10404000D142030061400300D1420300BF4203009C
:10405000BF420300BF420300BF420300B14203005E
:10406000039B0022C3F8A421069A039BDA62039BF8
:104070009A689DF8173019460B465B010B449B006C
:1040800013447E33B3F90020039B1A86039B9A687E
:104090009DF8173019460B465B010B449B001344F7
:1040A0007C33B3F90020039B5A86039B9B689DF8E1
:1040B000172002F5657233F81230DAB2039B83F8E9
:1040C0004020039B93F840301C46039B9A689DF860
:1040D000173019460B465B010B449B0013447E339B
:1040E000B3F900301846039B9A689DF817301946BB
:1040F0000B465B010B449B0013447C33B3F9003047
:10410000019300902346744A4FF401717348E8F715
:1041100089FD039B93F840300093714B714A40F244
:1041200009216E48E8F77EFD002309931BE0099BF7
:1041300003F00F03002B08D1099B002B05D06A4A1E
:1041400040F209216548E8F76DFD039A099B134485
:1041500041331B78654A40F209216048E8F762FD67
:10416000099B01330993039B93F840301A46099B3E
:104170009342DCD35C4A40F209215848E8F752FDEB
:10418000039800F01FF90790079B002B40F08480F4
:10419000039800F0F9FB03461A46039B83F880213D
:1041A000039B93F88031012B76D1039B93F8403029
:1041B00000934F4B4B4A40F215214848E8F732FD37
:1041C000002308931BE0089B03F00F03002B08D18A
:1041D000089B002B05D0444A40F215213F48E8F7E0
:1041E00021FD039A089B134441331B783F4A40F258
:1041F00015213A48E8F716FD089B01330893039B05
:1042000093F840301A46089B9342DCD3364A40F27A
:1042100015213248E8F706FD039B1868039B93F8C5
:1042200040311A46039B5C3253F82230197D039BC0
:104230009B68039A127902F5657233F81230DBB28B
:104240001A4600F019FE0246039BC3F8A421039B03
:1042500093F840311A46039B5C3253F822301A7DA2
:10426000039B83F83C20039B93F840311A46039B41
:104270005C3253F822301A69039B9A63039B93F8CC
:1042800040310833DAB2039B83F83520039B9B69E6
:10429000039AD26910469847039B002283F8802135
:1042A00017E0144A4FF40A710C48E8F7BBFC10E021
:1042B000114A40F22F210948E8F7B4FC09E0039BBA
:1042C0001B7B0E4A40F232210448E8F7ABFC00E0C9
:1042D00000BF00BF0AB010BD3C1A040084180400DF
:1042E000701A04007C1A0400901A0400941A040046
:1042F0009C1A0400AC1A0400C41A0400F01A04004A
:1043000000B58BB0039002910192009305AB00229F
:104310001A605A609A60DA6005AB1A4600990198F3
:1043200002F055FD0346002B20D02148E8F7BEFBE4
:104330000120E8F7EBFB1E4B1E4A40F23D211E48D0
:10434000E8F770FC1D4A40F23D211B48E8F76AFC83
:104350001B4A40F23D211848E8F764FC174A40F236
:104360003D211548E8F75EFCE8F798FA029A1346F3
:104370009B0013445B0018469DF814301A469DF8C4
:1043800015301B021344BDF8302093FBF2F101FB02
:1043900002F29B1A4FF4967202FB03F30344039A52
:1043A00013440993099B18460BB05DF804FB00BF4A
:1043B000943804006C18040084180400C418040025
:1043C000181B040000B589B0039000230793039BDA
:1043D00093F841305B098DF81B309DF81B30002BA2
:1043E00013D09DF81B30012B0FD09DF81B30022BF2
:1043F0000BD09DF81B30042B07D09DF81B30062BEB
:1044000003D09DF81B30072B02D1079B013B07937C
:10441000039B1B6893F8CE34022B3ED1079B002BE5
:104420003BD1039B93F842301A46039B93F84330E9
:104430001B021A44039B93F844301B041A44039B49
:1044400093F845301B0613440593039B93F84031C2
:104450001A46039B5C3253F822305B68059A9A42F5
:1044600020D0079B013B0793039B93F840311A46EA
:10447000039B5C3253F822305A68059B0093134625
:104480000F4A40F2C7210F48E8F7CCFB0E4A40F232
:10449000C7210C48E8F7C6FB04E0039B012283F820
:1044A000402100E000BF079B002B03D0039B0022AC
:1044B00083F84020079B184609B05DF804FB00BF55
:1044C000741B040084180400C418040084B0019014
:1044D000009100238DF80F3064E09DF80F20019BC0
:1044E0005C3253F822301B78002B56D041E09DF807
:1044F0000F20019B5C3253F822309A7F013AD2B2EE
:104500009A779DF80F20019B5C3253F822301A6A8B
:104510009DF80F10019B5C3153F821309B8B19469D
:104520000B461B015B1A5B0018469DF80F10019BA0
:104530005C3153F8213002441A629DF80F20019B30
:104540005C3253F822305A6A9DF80F10019B5C319F
:1045500053F821309B8B19464FF4967301FB03F3FC
:1045600018469DF80F10019B5C3153F8213002442E
:104570005A629DF80F20019B5C3253F822301A6A70
:10458000009BD31A002B08DC9DF80F20019B5C32A6
:1045900053F822309B7F002BA9D19DF80F300133B7
:1045A0008DF80F309DF80F30002B96D000BF00BF64
:1045B00004B0704710B584B001900091019B0122B6
:1045C00083F8402100238DF80F302FE09DF80F2055
:1045D000019B5C3253F822301B78002B21D09DF8D0
:1045E0000F20019B5C3253F822301A6A019BD3F8EA
:1045F0007C11019BD3F87431CB1A1344002B10DCCF
:104600009DF80F20019B5C3253F822301A6A009B00
:10461000D31A002B05DD019B9DF80F2083F8402164
:1046200008E09DF80F3001338DF80F309DF80F3002
:10463000002BCBD0019B93F84031012B00F0A181DE
:10464000019B93F840318DF80E3094E1019B93F873
:1046500040319DF80E209A4200F083819DF80E2093
:10466000019B5C3253F822301B78002B00F07E81D6
:104670009DF80E20019B5C3253F822301A6A009B91
:10468000D31A002B09DA9DF80E20019B5C3253F8F7
:1046900022309B7F002B00F066819DF80E20019B4D
:1046A0005C3253F822301A6A019BD3F87C11019BCB
:1046B000D3F87431CB1A1344002B80F256819DF845
:1046C0000E20019B5C3253F822301A6A019B93F84A
:1046D00040311946019B5C3153F821301B6A9A42E4
:1046E00047D1019B93F840311A46019B5C3253F845
:1046F000223093F828209DF80E10019B5C3153F86E
:10470000213093F828309A4205D2019B9DF80E2063
:1047100083F840212AE1019B93F840311A46019B1E
:104720005C3253F8223093F828209DF80E10019B3C
:104730005C3153F8213093F828309A4240F01681CA
:10474000019B93F840311A46019B5C3253F82230AA
:104750005A689DF80E10019B5C3153F821305B685C
:104760009A4280F00381019B9DF80E2083F840213E
:10477000FCE09DF80E20019B5C3253F822301A6A4F
:10478000019B93F840311946019B5C3153F821306D
:104790001B6AD31A002B73DA9DF80E20019B5C3242
:1047A00053F822301C6A9DF80E20019B5C3253F8AE
:1047B0002230D98A9DF80E20019B5C3253F82230BA
:1047C0001B7D1A46019800F031FB0346E218019B5D
:1047D00093F840311946019B5C3153F821301B6A34
:1047E000D31A002B05DA019B9DF80E2083F8402197
:1047F000BCE0019B93F840311A46019B5C3253F8B0
:10480000223093F828209DF80E10019B5C3153F85C
:10481000213093F828309A4205D2019B9DF80E2052
:1048200083F84021A2E0019B93F840311A46019B96
:104830005C3253F8223093F828209DF80E10019B2B
:104840005C3153F8213093F828309A4240F08E8042
:10485000019B93F840311A46019B5C3253F8223099
:104860005A689DF80E10019B5C3153F821305B684B
:104870009A427BD2019B9DF80E2083F8402175E07F
:10488000019B93F840311A46019B5C3253F8223069
:104890001C6A019B93F840311A46019B5C3253F825
:1048A0002230D98A019B93F840311A46019B5C3231
:1048B00053F822301B7D1A46019800F0B7FA0346E0
:1048C000E2189DF80E10019B5C3153F821301B6AF1
:1048D000D31A002B4ADB019B93F840311A46019B07
:1048E0005C3253F8223093F828209DF80E10019B7B
:1048F0005C3153F8213093F828309A4205D2019B5D
:104900009DF80E2083F8402130E0019B93F8403160
:104910001A46019B5C3253F8223093F828209DF808
:104920000E10019B5C3153F8213093F828309A42E5
:104930001CD1019B93F840311A46019B5C3253F81D
:1049400022305A689DF80E10019B5C3153F82130DB
:104950005B689A420AD2019B9DF80E2083F84021A1
:1049600004E000BF02E000BF00E000BF9DF80E3091
:1049700001338DF80E309DF80E30002B3FF466AEFB
:1049800000E000BF04B010BDF0B58FB00790002369
:104990000D9300238DF83330079B93F84030184671
:1049A000F8F7AEF903461A460D9B13440D93079B87
:1049B0001868079B93F84010079B93F840311A46FC
:1049C000079B5C3253F822301B7D1A46F7F712FD25
:1049D00003461A460D9B13440D930D9B002B01D0EB
:1049E00000230EE2079B03F14100079B03F28113B2
:1049F0000DF12A020DF12B01F8F7AAF903461A4628
:104A00000D9B13440D930D9B002B01D00023F8E167
:104A1000079B93F84031002B0AD0079B93F8813114
:104A2000012B03D09DF82B30042B01D10023E8E1AA
:104A3000079B1A68079BD3F87031926E9A60002327
:104A4000ADF82830079B93F840311A46079B5C323B
:104A500053F822309B680993079B03F14105079B9C
:104A600093F84060079B03F29517079B93F840313A
:104A70001A46079B5C3253F822305B68079A34323F
:104A8000079901F5CB71079800F28510079C04F592
:104A9000C3740DF1280C04940390029101920093C9
:104AA00063463A4631462846F8F7A4F902460D9B7C
:104AB00013440D930D9B002B08D1BDF8283009AA93
:104AC00011461846F8F722FA03460D930D9B002B6A
:104AD0004AD1079B93F84030043BDAB2079B83F836
:104AE0004020079B93F840304033079A1344591CE9
:104AF0000BAB04221846F7F75DFF079B03F141005B
:104B0000079B93F840301D46079B93F840311A46A7
:104B1000079B5C3253F82230197B079B93F8403196
:104B20001A46079B5C3253F822305C68099B0B9A4B
:104B3000029201930123009323460A46294602F07C
:104B400084F80346002B0FD0079B9B6A002B08D0EC
:104B5000079B9B6A0B9A09A90798984703460D93F0
:104B600002E04FF0FF330D930D9B002B40F02381AB
:104B7000079B93F840311A46079B5C3253F822306A
:104B8000099A9A60079B93F840311A46079B5C325A
:104B900053F822309B689C4A4FF475719B48E8F7A4
:104BA00041F89B4A4FF475719848E8F73BF8079B2A
:104BB000D3F87021079B1B6892689A66079B93F84D
:104BC00085311B09DBB203F00103002B14BF012365
:104BD0000023DAB2079B83F83620079B93F8403115
:104BE000002B1CD1079B93F83630002B0BD0079B72
:104BF00093F840311A46079B5C3253F82230022268
:104C000083F8282027E0079B93F840311A46079B3A
:104C10005C3253F82230002283F828201BE0079BE7
:104C200093F83630002B0BD0079B93F840311A468F
:104C3000079B5C3253F82230032283F828200AE0D5
:104C4000079B93F840311A46079B5C3253F8223099
:104C5000012283F82820079B93F89631002B40F01F
:104C60009280079B93F84020079B93F89531D31AC5
:104C7000DBB2093BDAB2079B83F84020079B93F82D
:104C80003430002B0CD1634A40F2FA315F48E7F729
:104C9000C9FF5F4A40F2FA315C48E7F7C3FF8AE098
:104CA000079B93F8953109334033079A1344581CF6
:104CB000079B93F840301D46079B93F840311A46F6
:104CC000079B5C3253F82230597B079B93F84031A5
:104CD0001A46079B5C3253F822305C68079B93F8B6
:104CE00040311A46079B5C3253F822309B68079A82
:104CF0004132029201930123009323460A4629463A
:104D000001F017FF0346002B20D04348E7F7CEFE03
:104D10000120E7F7FBFE404B404A40F204413B488C
:104D2000E7F780FF3A4A40F204413848E7F77AFF54
:104D30003B4A40F204413548E7F774FF344A40F2F9
:104D400004413248E7F76EFFE7F7A8FD079B93F8A9
:104D50009531002B0FD0334A4FF481612B48E7F790
:104D600061FF2B4A4FF481612848E7F75BFF4FF062
:104D7000FF330D931FE001238DF83330079B012291
:104D800083F8A02117E0079B93F89531002B0FD0F3
:104D9000244A40F21B411D48E7F744FF1C4A40F2F9
:104DA0001B411A48E7F73EFF4FF0FF330D9302E037
:104DB00001238DF833300D9B002B18D19DF82B204B
:104DC000079B83F883219DF82A20079B83F8842181
:104DD000079B1B681846F9F774F90346002B06DC9D
:104DE000079B1B68079A92F8812183F876209DF82B
:104DF00033300D4A40F232410448E7F713FF9DF883
:104E0000333018460FB0F0BDA41B04008418040012
:104E1000C4180400BC1B0400B83804006C1804005B
:104E2000F41B0400281C0400581C040010B584B0B6
:104E300001900B46ADF8023013468DF80130BDF8F5
:104E40000240019B1B689DF8012011461846FCF7A3
:104E5000DDF9034604FB03F3064AA2FB03239B0987
:104E60000393039B002B01D0039B00E00123184612
:104E700004B010BDD34D621000B597B001900B4641
:104E80008DF8033013468DF80230002315939DF8FA
:104E9000033019460198FBF7C3FC03468DF85330E5
:104EA0009DF85330002B48D10DF151030DF1520202
:104EB0009DF803100198FBF7F7FC0FAB14220021BB
:104EC0001846D7F709FA9DF852308DF83C309DF816
:104ED00051308DF83D300198FBF7C7FE03468DF841
:104EE0003E309DF83C3019460198FBF7C3FB034662
:104EF000ADF8403000238DF842309DF802308DF837
:104F0000433000238DF844309DF83C309DF83D201F
:104F100011461846FEF700FA03468DF83F30019B14
:104F2000D3F8BC34D3F8C03918460FAA0FAB0433FA
:104F30001946FEF77EFA159055E09DF85330012B87
:104F400030D10DF13B029DF8033019460198FBF773
:104F5000F1FC03AB2C2200211846D7F7BDF99DF8D0
:104F60003B301A464FF47A7302FB03F30393282372
:104F7000ADF81C3001238DF821309DF802308DF8FA
:104F8000223004238DF82330019BD3F8BC34D3F8AE
:104F9000C039184603AA03AB10331946FEF759FA75
:104FA000159020E01248E7F781FD0120E7F7AEFDFC
:104FB0000F4B104A40F26D410F48E7F733FE0F4A9E
:104FC00040F26D410C48E7F72DFE0D4A40F26D416D
:104FD0000948E7F727FE094A40F26D410648E7F71E
:104FE00021FEE7F75BFC159B184617B05DF804FB44
:104FF000DC3804006C18040084180400C418040091
:10500000741C040010B584B00190019B0393039BB2
:1050100093F884398DF80B30E7F7D4FD039BD3F870
:10502000C0099DF80B2013465B0113449B004833D5
:10503000039A134404331946FEF71BFA0346002B68
:1050400004D040F279412548E7F776FD039BD3F879
:10505000C039CC211846FEF7D9F90346002B04D0FD
:1050600040F27A411D48E7F767FD00BF9DF80B202D
:1050700003991346DB009B1A9B000B4403F5BB63AB
:105080001C68E7F71EFC0346E31A002BEEDC039BCB
:10509000D3F8C03918469DF80B20039913465B01DD
:1050A00013449B000B4478331B681946FEF79EF9A6
:1050B0000346002B04D040F281410848E7F73CFD4D
:1050C000039B03F2F474E7F7F6FB03461946204608
:1050D000FEF7DEF900BF04B010BD00BF00390400C8
:1050E00082B003460A468DF8073013468DF8063025
:1050F0009DF806300C2B59D801A252F823F000BFBE
:10510000A9510300A9510300A9510300A9510300AB
:10511000A95103008151030061510300495103006B
:10512000495103003951030049510300355103002F
:105130004951030000233AE09DF807300C2B01D1C0
:10514000012334E0002332E09DF807300C2B03D01C
:105150009DF807300B2B01D1012328E0002326E026
:105160009DF807300C2B07D09DF807300B2B03D090
:105170009DF807300A2B01D1012318E0002316E027
:105180009DF807300C2B0BD09DF807300B2B07D068
:105190009DF807300A2B03D09DF80730092B01D169
:1051A000012304E0002302E0012300E0002318466D
:1051B00002B0704700B583B001900091019B5B6A1B
:1051C000019A12680099104698470346184603B0A2
:1051D0005DF804FB00B583B001900B46ADF80230DA
:1051E000019B1B6E019A1268BDF802101046984789
:1051F0000346184603B05DF804FB00B585B0039084
:1052000002910192039BD3F8A0300199029898472C
:105210000346184605B05DF804FB00B583B0019065
:105220000091019BD3F8F430009901989847034608
:10523000184603B05DF804FB82B001900091019B19
:10524000009AC3F8502100BF02B0704700B585B086
:105250000390029101920093842200210398D7F7D2
:105260003BF8039B009A5A60039B9DF818201A7321
:10527000039B029A1A60039B019A9A60039B002287
:105280009A73039B0022DA73039B00225A73039BD9
:10529000002283F82A20039B079A1A65039B089A29
:1052A0005A65039B0C4A5A64039B012283F84C20E5
:1052B000039B5A68039B1B7B1946104602F060FA59
:1052C000039B5868039B197B039B044A02F0DAF99D
:1052D00000BF05B05DF804FB0088130039580300D7
:1052E00000B583B001900B468DF803309DF8033074
:1052F00083F00103DBB2002B02D0019800F008F824
:10530000019B9DF803209A7300BF03B05DF804FB76
:1053100000B583B00190019B9B7B83F00103DBB25E
:10532000002B10D1019B0022DA73019B5A68019B6C
:105330001B7B1946104602F02BFC019B1B6818468C
:10534000FEF710F900E000BF03B05DF804FB0000B9
:1053500010B58AB00390E7F7AEFA034603F57A7307
:1053600009930023079300230693039B5B680DF1C9
:1053700017020399184602F04FFA039B002283F8A4
:105380002A20039B1A7B9DF817309A4204D040F2E2
:1053900017116248E7F7D0FB039B9B7B83F0010367
:1053A000DBB2002B07D05E4A4FF48D715D48E7F702
:1053B00039FC0123AFE0039B986806AB07AA099963
:1053C000F8F754FF034683F00103DBB2002B07D04C
:1053D000554A4FF491715348E7F724FC03239AE0B0
:1053E000079B03F07F03514A02FB03F303F5FA33F3
:1053F0000893089A099B13440893069B089AD31AAA
:105400000893089A13469B0013445B001A46039BBB
:105410009A64039B9C68039B9B681846FBF7D6FD28
:10542000034619462046FBF7F1FE0346B3F57A7FA3
:1054300011D3039B9C68039B9B681846FBF7C6FD32
:10544000034619462046FBF7E1FE0346384AA2FB15
:1054500003239B0900E001234FF4FA62B2FBF3F34C
:10546000FE2B28D8039B9C68039B9B681846FBF780
:10547000ADFD034619462046FBF7C8FE0346B3F5CB
:105480007A7F11D3039B9C68039B9B681846FBF7AC
:105490009DFD034619462046FBF7B8FE0346244A05
:1054A000A2FB03239B0900E001234FF4FA62B2FB45
:1054B000F3F39AB200E0FF22039B1A86039B0122BA
:1054C000DA73039B986806AB07AA0899F8F7CEFE33
:1054D000079A039BDA62079A069B00931346154AC4
:1054E0004FF49A710F48E7F79DFB039800F028F8F6
:1054F000039B9B6C104AA2FB0323DA08099BD21A78
:10550000039B9B6C009313460C4A4FF49C71054817
:10551000E7F788FB002318460AB010BD30390400B5
:105520009C1C0400B41C0400F81C040018FCFFFFC1
:10553000D34D6210281D0400CDCCCCCC601D0400DE
:1055400030B5B3B003902BAB00221A605A609A605A
:10555000DA601A615A619A6126AB1422002118465A
:10556000D6F7BAFE039800F00FFC03468DF8AD3075
:10557000039B1B7B8DF8AC3000238DF8B63003986D
:1055800001F096F903462E93039B9C68039B9B684E
:105590001846FBF71BFD034619462046FBF736FE6F
:1055A0000346B3F57A7F11D3039B9C68039B9B68EA
:1055B0001846FBF70BFD034619462046FBF726FE6F
:1055C0000346554AA2FB03239B0900E00123039AEB
:1055D000128E02FB03F33193504B2C9305AB8422C4
:1055E00000211846D6F778FE01238DF81430039B6E
:1055F0001B8EDBB28DF8AA30039B9B681846FBF725
:105600004DFB03468DF8A930039B9B681846FBF7BA
:105610002CFB03468DF89A3001238DF89E30039BB6
:105620009C68039B9B681846FBF7D0FC0346194611
:10563000204600F01FFB0346184600F045FB0346DA
:105640008DF89F3000238DF8A03000238DF8A13015
:10565000039B9C68039B9B681846FBF7B7FC0346BB
:105660001946204600F006FB03468DF89830039B50
:105670009C68039B9B681846FBF7A8FC03461946E9
:10568000204600F00CFB03468DF89930039B9A6886
:10569000039BDB6A19461046FBF7A2FC03462993DD
:1056A0009DF898309DF8992011461846FFF718FD8F
:1056B00003468DF89B300A23ADF89C3011AC26AD23
:1056C0000FCD0FC42B68236040F6B8331C93039BA7
:1056D0005B68D3F8C039184626AA26AB04331946AE
:1056E000FFF78BFD0246039B5A63039B5868039B9D
:1056F00003F110022BA905AB0093192302F0DAF88D
:105700000346002B04D04FF4AE710548E7F714FAB6
:1057100000BF33B030BD00BFD34D6210255703002A
:105720004839040010B584B00190019B0393039B9A
:1057300093F884398DF80B309DF80B2003991346AC
:10574000DB009B1A9B000B4403F2C9531B780E2B02
:105750000CD1364A4FF4B4713548E7F763FA9DF837
:105760000B301946039802F013FA5DE0E7F72AFAC6
:10577000039BD3F8C0099DF80B2013465B0113442B
:105780009B004833039A134404331946FFF745FD41
:105790000346002B04D040F26D112648E7F7CCF900
:1057A000039BD3F8C039CC211846FFF713FD0346FD
:1057B000002B04D04FF4B7711E48E7F7BDF900BFC6
:1057C0009DF80B2003991346DB009B1A9B000B44AA
:1057D00003F2D4531C68E7F76EF80346E31A002B74
:1057E000EEDC039BD3F8C03918469DF80B200399D3
:1057F00013465B0113449B000B4478331B68194626
:10580000FFF7D8FC0346002B04D040F2751109487D
:10581000E7F792F9039B03F2F474E7F74CF80346B9
:1058200019462046FFF708FD04B010BD801D040096
:10583000B41C04005C39040030B589B00390039BAC
:10584000DB7B83F00103DBB2002B40F0D980039BAC
:105850005B68039A127B134493F878378DF81B30FA
:1058600000230793039B5B68039A127B02F5F9728E
:1058700053F82240039B9D68039B9B681846FBF7E7
:10588000A5FB034619462846FBF7C0FC03465B0808
:105890005D4AA2FB03235B09E31A0593059B64227F
:1058A00002FB03F3594A40F287115948E7F7BAF966
:1058B000039B00225A739DF81B30042B28D1039BB5
:1058C00003F11004039B9D68039B9B681846FBF73C
:1058D0007DFB03461946284600F0CCF903461946DD
:1058E000204600F0ABF807900599039801F010F8F6
:1058F00003461A46039B5A73039B5B68039A127B09
:1059000002F5657233F81230DAB2039B83F829206E
:105910000599039800F0ECFA039800F085FB059BCD
:105920003C4AA2FB0323DB08079A1946039800F0C0
:1059300047FA039B9B6C374AA2FB0323DB081946FB
:10594000039800F06DFC039800F0E2FB039B93F8D2
:105950002A30012B24D1039B9B6893F84635032BF7
:105960001ED1039B9A6C039B5B6CD31A0493039B1D
:105970001868039B9B6C274AA2FB0323DA08039B4E
:10598000DB6A019340F6B833009340F6480304996C
:10599000FDF708FE039B1B681846FDF7B3FE0AE0FF
:1059A0001D4A4FF4D3711A48E7F73CF9039B1B6873
:1059B0001846FDF7D7FD039BDB6A03F18002039BCA
:1059C000DA62039B93F82A30002B03D10398FFF788
:1059D000BFFC16E00398FFF7B3FD039B9B681846D6
:1059E000F8F707FD0346002B0BD0039B0D2283F82D
:1059F0007920039B1B6D039A526D1046984700E077
:105A000000BF09B030BD00BF1F85EB51B81D0400B9
:105A1000B41C0400CDCCCCCCD81D040000B583B0A0
:105A200001900091019B58332C2219460098D8F719
:105A3000D9F900BF03B05DF804FB000000B585B0E4
:105A400001900B468DF803309DF80330033B019A1B
:105A500013441B7819469DF80330023B019A134406
:105A60001B781B029BB20B44ADF80E309DF803303F
:105A70009BB2033B9BB21946019800F0A7F803467E
:105A8000ADF80C30BDF80C20BDF80E309A4207D0AE
:105A9000154A40F2C7111548E7F7C4F800231EE085
:105AA0009DF80330073B019A13441B7819469DF873
:105AB0000330063B019A13441B781B02CA189DF859
:105AC0000330053B01990B441B781B041A449DF8D5
:105AD0000330043B01990B441B781B061344184602
:105AE00005B05DF804FB00BFF01D0400B41C040009
:105AF00082B001900B468DF803309DF80330083BCF
:105B0000019A13441B78184602B0704710B586B04E
:105B100003900B4601928DF80B309DF80B30184620
:105B200000F0D2F80346023B039A13441B781C464C
:105B30009DF80B30184600F0C7F80346013B039A66
:105B400013441B781B029BB22344ADF816309DF81A
:105B50000B30013B039AD4189DF80B30184600F027
:105B6000B3F803461A469DF80B309BB2D31A9BB28A
:105B700001339BB21946204600F028F80346ADF8E1
:105B80001430BDF81420BDF816309A420CD00D4ADE
:105B900040F2DF110C48E7F745F807220021019891
:105BA000D6F79AFB00230AE09DF80B30013B039ADD
:105BB0001344072219460198D8F714F9012318460F
:105BC00006B010BD001E0400B41C040086B0019095
:105BD0000B46ADF802300023ADF81630BDF80230A8
:105BE000002B01D1002342E00023049338E0019A06
:105BF000049B13441B78ADF80C30BDF90C301B022C
:105C00001AB2BDF9163053401BB2ADF8163000235E
:105C10008DF80F301DE0BDF8163023F4FF4323F05C
:105C20007F03ADF80A30BDF816305B00ADF81630D2
:105C3000BDF80A30002B07D0BDF8163083F481532D
:105C400083F00103ADF816309DF80F3001338DF865
:105C50000F309DF80F30072BDDD9049B01330493DF
:105C6000BDF80230049A9A42C1D3BDF816301846E6
:105C700006B0704700B585B001900B468DF8033033
:105C80000DF10E030DF10F029DF803100198FAF7C4
:105C90000BFE9DF80F30184605B05DF804FB00B50B
:105CA00085B001900B468DF803300DF10E030DF118
:105CB0000F029DF803100198FAF7F6FD9DF80E30DB
:105CC000184605B05DF804FB00B585B003468DF8B5
:105CD000073000238DF80F309DF80730083B042B68
:105CE00020D801A252F823F0FD5C0300055D0300FB
:105CF0000D5D0300155D03001D5D030013238DF88A
:105D00000F3031E011238DF80F302DE013238DF883
:105D10000F3029E015238DF80F3025E017238DF87B
:105D20000F3021E01348E6F7C1FE0120E6F7EEFE52
:105D3000104B114A40F227211048E6F773FF104A32
:105D400040F227210D48E6F76DFF0E4A40F2272169
:105D50000A48E6F767FF0A4A40F227210748E6F7B4
:105D600061FFE6F79BFD00BF9DF80F30184605B0B8
:105D70005DF804FB883904001C1E0400B41C0400F8
:105D8000341E0400381E040082B00190019BDA6DBD
:105D9000019B9B6D1344019A92F84C20B3FBF2F1E6
:105DA00001FB02F29B1A002B04D0019B93F82A30CE
:105DB000002B01D1002300E00E23184602B07047EB
:105DC00000B585B0039002910192039B002283F8F5
:105DD0007A20039B002283F87820039B5B7B002BB7
:105DE00059D0039B029A1A67039B5A68039B1B7B3B
:105DF00019460B465B010B449B0013447E33B3F9F9
:105E00000020039BA3F87420039B5A68039B1B7B11
:105E100019460B465B010B449B0013447C33B3F9DA
:105E20000020039BA3F87620039B9B681846FBF792
:105E3000CDF803461A46039B83F88020039B9A689B
:105E4000039BDB6A19461046FBF7CAF80246039B20
:105E5000DA67039B029A9A66039B1B68029AC3F84F
:105E60009821039B9B6D5A1C039B9A65039B1B6E99
:105E70005A1C039B1A66039B00225A66039B93F8E5
:105E80006C30032B28BF0323DBB20133DAB2039B50
:105E900083F86C2028E0039BDB6D5A1C039BDA65BA
:105EA000039B00221A66039B5B6E5A1C039B5A6677
:105EB000039B5A68039B1B7B19460B46DB005B1A4E
:105EC0009B00134403F2C9531B780E2B0CD0039B89
:105ED00093F86C30002B07D0039B93F86C30013B98
:105EE000DAB2039B83F86C2000BF05B05DF804FBB9
:105EF00000B583B001900091019B5B7B002B6ED0BD
:105F0000019B93F82A30002B27D1019B9B6C009AB0
:105F1000D11A019B5A6B13469B0013445B00CB1AAA
:105F20003E4A4FF41A713E48E6F77CFE019B3D4A1B
:105F30005A64019B0022DA63019B00229A63019B51
:105F400000221A64019B5A6B13469B0013445B00AA
:105F50001A46009B9A1A019B9A64019B93F82A3077
:105F6000012B3CD1019B9B6C009AD11A019B5A6B6F
:105F700013469B0013445B00CB1A1A46019B9A639D
:105F8000019BDA6B1346DB009A1A019B9B6B13444F
:105F9000002B00DA0733DB101A46019BDA63019B02
:105FA0001A6C019BDB6B1A44019B1A64019B1B6CEE
:105FB000202B07DD019B5B6C5A1C019B5A64019BE3
:105FC00000221A64019B1B6C13F1200F07DA019B5E
:105FD0005B6C5A1E019B5A64019B00221A64019B50
:105FE0009A6C019B596C019BDB6B002BB8BF5B4229
:105FF000642B08DD019BDB6B002B02DA6FF063037F
:1060000003E0642301E0019BDB6B0B441A44019B1A
:106010009A6400BF03B05DF804FB00BF581E040083
:10602000B41C04000088130030B583B00190019BBC
:106030005B7B83F00103DBB2002B5FD0019B1B8EE7
:106040001D46019B9C68019B9B681846FAF7BEFFA2
:10605000034619462046FBF7D9F80346B3F57A7F85
:1060600011D3019B9C68019B9B681846FAF7AEFF11
:10607000034619462046FBF7C9F80346234AA2FB0C
:1060800003239B0900E001234FF4FA62B2FBF3F310
:10609000FE2B27D8019B9C68019B9B681846FAF74A
:1060A00095FF034619462046FBF7B0F80346B3F5C3
:1060B0007A7F11D3019B9C68019B9B681846FAF775
:1060C00085FF034619462046FBF7A0F803460F4A12
:1060D000A2FB03239B0900E001234FF4FA62B2FB09
:1060E000F3F300E0FF23AB4203D9019B5B6E382B37
:1060F00004D9019B002283F82A2004E0019B01229D
:1061000083F82A2000BF00BF03B030BDD34D62101A
:1061100030B58BB00790079B5B7B002B36D0079B7D
:1061200093F829300093354B354A40F2A521354884
:10613000E6F778FD002309931BE0099B03F00F03AA
:10614000002B08D1099B002B05D02F4A40F2A52136
:106150002C48E6F767FD079A099B134410331B7818
:106160002A4A40F2A5212748E6F75CFD099B013346
:106170000993079B93F829301A46099B9342DCD375
:10618000214A40F2A5211F48E6F74CFD079B996C78
:10619000079BDB6B079A526C019200930B461C4ADB
:1061A00040F2A9211748E6F73DFD1A4A4FF42B713A
:1061B0001448E6F737FD079B9C6D079BDB6D079A3C
:1061C000126E0799496E079890F86C00054607987B
:1061D000008E0490039502910192009323460E4A8B
:1061E00040F2AD210748E6F71DFD0C4A40F2B5210B
:1061F0000448E6F717FD00BF0BB030BD901E040049
:10620000A01E0400B41C0400B41E0400B81E040048
:10621000C01E0400101F0400441F0400F01F0400EF
:1062200070B588B005900491059B93F82A30002B37
:1062300055D1059B9C68059B9B681846FAF7C6FEDE
:10624000034619462046FAF7E1FF0346B3F57A7F85
:1062500011D3059B9C68059B9B681846FAF7B6FE10
:10626000034619462046FAF7D1FF0346B24AA2FB7D
:1062700003239B0900E001234FF4FA62B2FBF3F31E
:10628000FE2B28D8059B9C68059B9B681846FAF74F
:106290009DFE034619462046FAF7B8FF0346B3F5BC
:1062A0007A7F11D3059B9C68059B9B681846FAF77B
:1062B0008DFE034619462046FAF7A8FF03469E4A7C
:1062C000A2FB03239B0900E001234FF4FA62B2FB17
:1062D000F3F39AB200E0FF22059B1A86E3E2059BE6
:1062E0009B6E049AD31A954A40F2C1219448E6F76E
:1062F00099FC059B9C68059B9B681846FAF766FE0F
:1063000003461846059B9B6E049AD21A059B03F11F
:1063100030010023029306AB019307AB00930B46B9
:1063200001462046FAF7FCFF059B5B6E002B40F010
:10633000BA82059B93F86C30C3F10503059A128E5F
:1063400002FB03F5059B9C68059B9B681846FAF7C2
:106350003DFE034619462046FAF758FF0346B3F5BB
:106360007A7F11D3059B9C68059B9B681846FAF7BA
:106370002DFE034619462046FAF748FF03466E4AAB
:10638000A2FB03239B0900E001234FF4FA62B2FB56
:10639000F3F3062B27D9059B9C68059B9B68184641
:1063A000FAF714FE034619462046FAF72FFF034674
:1063B000B3F57A7F11D3059B9C68059B9B681846B3
:1063C000FAF704FE034619462046FAF71FFF034674
:1063D000594AA2FB03239B0900E001234FF4FA6210
:1063E000B2FBF3F400E00624059B9E68059B9B68C6
:1063F0001846FAF7EBFD034619463046FAF706FF52
:106400000346B3F57A7F11D3059B9E68059B9B6875
:106410001846FAF7DBFD034619463046FAF7F6FE52
:106420000346454AA2FB03239B0900E001234FF4E6
:10643000FA62B2FBF3F3FE2B27D8059B9E68059BFF
:106440009B681846FAF7C2FD034619463046FAF72C
:10645000DDFE0346B3F57A7F11D3059B9E68059B4D
:106460009B681846FAF7B2FD034619463046FAF71C
:10647000CDFE0346304AA2FB03239B0900E0012323
:106480004FF4FA62B2FBF3F300E0FF239C4259D2CF
:10649000059B9C68059B9B681846FAF797FD034689
:1064A00019462046FAF7B2FE0346B3F57A7F11D3B8
:1064B000059B9C68059B9B681846FAF787FD034679
:1064C00019462046FAF7A2FE03461B4AA2FB032305
:1064D0009B0900E001234FF4FA62B2FBF3F3062BB1
:1064E00027D9059B9C68059B9B681846FAF76EFDAB
:1064F000034619462046FAF789FE0346B3F57A7F2C
:1065000011D3059B9C68059B9B681846FAF75EFDB6
:10651000034619462046FAF779FE0346064AA2FBCF
:1065200003239B0900E001234FF4FA62B2FBF3F36B
:106530005AE0062358E000BFD34D62102420040027
:10654000B41C0400059B9C68059B9B681846FAF7E1
:106550003DFD034619462046FAF758FE0346B3F5BB
:106560007A7F11D3059B9C68059B9B681846FAF7B8
:106570002DFD034619462046FAF748FE0346AF4A6A
:10658000A2FB03239B0900E001234FF4FA62B2FB54
:10659000F3F3FE2B27D8059B9C68059B9B68184648
:1065A000FAF714FD034619462046FAF72FFE034674
:1065B000B3F57A7F11D3059B9C68059B9B681846B1
:1065C000FAF704FD034619462046FAF71FFE034674
:1065D0009A4AA2FB03239B0900E001234FF4FA62CD
:1065E000B2FBF3F300E0FF23AB420BD9059B93F81A
:1065F0006C30C3F105039AB2059B1B8E12FB03F3AB
:106600009BB24EE1059B9C68059B9B681846FAF778
:10661000DDFC034619462046FAF7F8FD0346B3F5BC
:106620007A7F11D3059B9C68059B9B681846FAF7F7
:10663000CDFC034619462046FAF7E8FD03467F4A9B
:10664000A2FB03239B0900E001234FF4FA62B2FB93
:10665000F3F3062B27D9059B9C68059B9B6818467E
:10666000FAF7B4FC034619462046FAF7CFFD034675
:10667000B3F57A7F11D3059B9C68059B9B681846F0
:10668000FAF7A4FC034619462046FAF7BFFD034675
:106690006A4AA2FB03239B0900E001234FF4FA623C
:1066A000B2FBF3F400E00624059B9D68059B9B6804
:1066B0001846FAF78BFC034619462846FAF7A6FD5A
:1066C0000346B3F57A7F11D3059B9D68059B9B68B4
:1066D0001846FAF77BFC034619462846FAF796FD5A
:1066E0000346564AA2FB03239B0900E001234FF413
:1066F000FA62B2FBF3F3FE2B27D8059B9D68059B3E
:106700009B681846FAF762FC034619462846FAF7D2
:106710007DFD0346B3F57A7F11D3059B9D68059BEC
:106720009B681846FAF752FC034619462846FAF7C2
:106730006DFD0346414AA2FB03239B0900E00123B0
:106740004FF4FA62B2FBF3F300E0FF239C4253D212
:10675000059B9C68059B9B681846FAF737FC034627
:1067600019462046FAF752FD0346B3F57A7F11D356
:10677000059B9C68059B9B681846FAF727FC034617
:1067800019462046FAF742FD03462C4AA2FB032392
:106790009B0900E001234FF4FA62B2FBF3F3062BEE
:1067A00028D9059B9C68059B9B681846FAF70EFC48
:1067B000034619462046FAF729FD0346B3F57A7FCA
:1067C00011D3059B9C68059B9B681846FAF7FEFB56
:1067D000034619462046FAF719FD0346174AA2FB5D
:1067E00003239B0900E001234FF4FA62B2FBF3F3A9
:1067F0009BB256E0062354E0059B9C68059B9B6872
:106800001846FAF7E3FB034619462046FAF7FEFC62
:106810000346B3F57A7F13D3059B9C68059B9B6861
:106820001846FAF7D3FB034619462046FAF7EEFC62
:106830000346024AA2FB03239B0902E0D34D6210E8
:1068400001234FF4FA62B2FBF3F3FE2B28D8059B29
:106850009C68059B9B681846FAF7B8FB03461946E7
:106860002046FAF7D3FC0346B3F57A7F11D3059B94
:106870009C68059B9B681846FAF7A8FB03461946D7
:106880002046FAF7C3FC0346084AA2FB03239B09F0
:1068900000E001234FF4FA62B2FBF3F39BB200E095
:1068A000FF23059A138600BF08B070BDD34D621058
:1068B00010B586B00390E6F78EF90346DCB2E6F732
:1068C000A9F90346DBB22344DBB28DF81730039BF2
:1068D0009C68039B9B681846FAF778FB03461846AA
:1068E000039B198E9DF9172004AB00930B460146BC
:1068F0002046FAF7EBFD039B9B6C044AA2FB0323A3
:10690000DB08049A1344184606B010BDCDCCCCCC9D
:1069100030B589B001900091019B03F11004019BF7
:106920009D68019B9B681846FAF750FB0346194681
:106930002846FFF79FF9034619462046FFF77EF8E1
:106940000790019B9868009B1E4AA2FB0323DA086C
:10695000019B5B6BD11A03AB04AAF7F787FC0346D4
:106960008DF81B309DF81B30002B1BD0049B079A21
:10697000D31A4FF47A7203FB02F2039BD31A0593E6
:10698000059B114A40F2E6211048E6F74BF9059BBA
:10699000002BB8BF5B42B3F5FA6F01D201230EE0C2
:1069A00001230CE00A4A40F2F2210848E6F73AF9DE
:1069B000084A40F2F2210548E6F734F90123184667
:1069C00009B030BDCDCCCCCC38200400B41C0400C0
:1069D00060200400341E040000B58FB003900193C2
:1069E0000B46ADF80A3013468DF80930039B002B97
:1069F00002D0129B002B01D1092396E00023ADF8B1
:106A000036300123ADF8343008AB00221A605A60EA
:106A10009A60DA6004AB00221A605A609A60DA6009
:106A2000BDF80A30ADF8323001238DF810309DF8F2
:106A300040308DF81530019BDBB28DF81630019B8C
:106A40001B0ADBB28DF81730019B1B0CDBB28DF8F3
:106A50001830019B1B0EDBB28DF81930119BDBB295
:106A60008DF81A30119B1B0ADBB28DF81B30119B7D
:106A70001B0CDBB28DF81C30119B1B0EDBB28DF8AA
:106A80001D304DE0BDF83430DBB28DF81F30BDF85D
:106A900034300133ADF8343008AB9DF8092004A838
:106AA0001021EBF7AAFC0346002B01D00E233CE09B
:106AB00000238DF831301EE0BDF836209DF83130CE
:106AC00013441A46039B134419789DF83130383328
:106AD0006B4413F8182CBDF836009DF83130034490
:106AE0001846129B03444A40D2B21A709DF83130C6
:106AF00001338DF831309DF83130BDF93220102A44
:106B0000A8BF102212B29342D6DBBDF83230103B40
:106B10009BB2ADF83230BDF836301033ADF83630B8
:106B2000BDF93230002BADDC002318460FB05DF804
:106B300004FB00B589B0079005930B46ADF81A30F9
:106B400013468DF819309DF81920BDF81A100C9BCA
:106B500002930B9B01939DF828300093059B0798A7
:106B6000FFF73AFF0346184609B05DF804FB00B58D
:106B700087B005900B460392ADF81230BDF8122095
:106B8000039B0093012305990020EBF7DDFB0346EF
:106B9000002B01D00E2300E00023184607B05DF85B
:106BA00004FB00B58BB007900B460592ADF81A3088
:106BB00000238DF82730BDF81A30DBB20DF1270223
:106BC0000292059A01920093079B00220021FF2068
:106BD000EBF7C0FC0346002B01D00E2300E000239E
:106BE00018460BB05DF804FB00B587B00390029126
:106BF0001346ADF8063012238DF81730BDF8063075
:106C0000029A0399072000F0C7F903468DF8173060
:106C10009DF81730002B02D09DF8173011E0BDF819
:106C20000630029A0399062000F0B6F903468DF863
:106C300017309DF81730002B02D09DF8173000E078
:106C40000023184607B05DF804FB10B5CCB04CAC7F
:106C5000A4F58E742060084611464CAAA2F59272E3
:106C600013604CABA3F58F7302461A804CABA3F2B2
:106C70001F130A461A704CABA3F58E731B68002BCA
:106C800001D109234FE04CABA3F58F731B88B3F5FB
:106C9000807F01D90D2346E04CABA3F58A731846DB
:106CA0004FF488731A460021D5F716FB4CABA3F5B9
:106CB00092729DF838114CABA3F58F73188807AB0F
:106CC00000934F9B126800F005F907AB10334CAAF4
:106CD000A2F58F7212884CA9A1F58E710968184629
:106CE000D7F780F806238DF82F314CABA3F58F73BF
:106CF0001B88103399B24CABA3F21F131B7807A863
:106D0000509AEBF743FB03468DF82F319DF82F3156
:106D1000002B01D1002306E09DF82F31012B01D17A
:106D2000012300E00E2318464CB010BD00B58BB017
:106D3000079005930B46ADF81A3013468DF81930BD
:106D40009DF81920BDF81A1008AB02930D9B019312
:106D50009DF830300093059B079800F083F80346B8
:106D60008DF82730BDF81A30079A1344089A1A6034
:106D70009DF8273018460BB05DF804FB00B583B0D2
:106D8000034600918DF807309DF8073000991846AA
:106D9000EBF76AFA0346002B01D00E2313E09DF8AF
:106DA0000730002B0ED1002000F054F90346002BD1
:106DB00001D00E2307E000F06FF90346002B01D04D
:106DC0000E2300E00023184603B05DF804FB00B575
:106DD00089B003900291019204AB00221A605A60BC
:106DE0009A60DA6004AB19468C20EBF73DFA034653
:106DF000002B01D00E2331E0039BDBB28DF8103065
:106E0000039B1B0ADBB28DF81130039B1B0CDBB21A
:106E10008DF81230039B1B0EDBB28DF81330029BF2
:106E2000DBB28DF81430029B1B0ADBB28DF81530F3
:106E3000029B1B0CDBB28DF81630029B1B0EDBB2E3
:106E40008DF8173004A8019B8C221021EBF7D5FA9E
:106E50000346002B01D00E2300E00023184609B0A2
:106E60005DF804FB00B58BB0059003930B46ADF8BD
:106E7000123013468DF81130059B002B02D00E9B6B
:106E8000002B01D1092321E0BDF81230B3F5807F3A
:106E900001D90D231AE09DF83010BDF8120006ABA1
:106EA00000930D9B039A00F015F89DF81110BDF8A2
:106EB000122006A80E9B00930B460599EBF744FAA7
:106EC0000346002B01D00E2300E0002318460BB030
:106ED0005DF804FB84B0029201930346ADF80E30D6
:106EE0000B468DF80D30049B002B01D1092350E097
:106EF000049B49221A70049B013300221A70049BE0
:106F0000023300221A70049B033300221A70049B80
:106F1000043300221A70049B05339DF80D201A706B
:106F2000049B0633029AD2B21A70029B1A0A049B7F
:106F30000733D2B21A70029B1A0C049B0833D2B2E8
:106F40001A70029B1A0E049B0933D2B21A70049B6A
:106F50000A33019AD2B21A70019B1A0A049B0B33AE
:106F6000D2B21A70019B1A0C049B0C33D2B21A7065
:106F7000019B1A0E049B0D33D2B21A70049B0E3380
:106F800000221A70049B0F33BDF80E20D2B21A7083
:106F90000023184604B0704700B589B002910192F1
:106FA0001A4603468DF80F301346ADF80C3004AB8B
:106FB00000221A605A609A60DA609DF80F30062B42
:106FC00002DC042B03DA0AE0072B04D007E00123DC
:106FD0008DF8103005E002238DF8103001E00A230F
:106FE00034E0029B1B788DF81130029B01331B7833
:106FF0008DF81230029B02331B788DF81330019B01
:107000001B788DF81430019B01331B788DF81530F7
:10701000019B02331B788DF81630BDF80C30DBB2C3
:107020008DF81730BDF80C301B0A9BB2DBB28DF81F
:1070300018309DF80F2004AB01211846EBF742FAF7
:107040000346002B01D00E2300E00023184609B0B0
:107050005DF804FB00B587B003468DF8073002AB3E
:1070600000221A605A609A60DA609DF80730012B9E
:1070700002D120238DF8083002AB082200211846E7
:10708000EBF720FA0346002B01D00E2300E000238B
:10709000184607B05DF804FB00B585B06B460022CA
:1070A0001A605A609A60DA606B467F22082118469F
:1070B000EBF708FA0346002B01D00E2300E0002373
:1070C000184605B05DF804FB00B583B001900B468F
:1070D0008DF80330019B5B69019A12689DF80310DB
:1070E000104698470346184603B05DF804FB00B508
:1070F00083B001900B468DF80330019B9B69019A88
:1071000012689DF80310104698470346184603B0CE
:107110005DF804FB10B584B00390019200930B4618
:10712000ADF80A30039B1C6D039B1868BDF80A106C
:10713000009B019AA0470346184604B010BD00B555
:1071400083B001900B46ADF80230019B9B6D019A14
:107150001268BDF80210104698470346184603B05F
:107160005DF804FB00B583B001900091019BDB6DDD
:10717000019A12680099104698470346184603B0D2
:107180005DF804FB00B583B001900091019BD3F83A
:107190009030019A126800991046984703461846A5
:1071A00003B05DF804FB00B583B001900091019B32
:1071B000D3F89430019A1268009910469847034614
:1071C000184603B05DF804FB00B585B0039002914A
:1071D0000192039BD3F8CC30039A1068019A02996C
:1071E00098470346184605B05DF804FB00B585B026
:1071F000039002910192039BD3F8D030039A106858
:10720000019A029998470346184605B05DF804FBB9
:1072100010B584B00390019200930B468DF80B30AB
:10722000039BD3F8E040039B18689DF90B10009B6B
:10723000019AA0470346184604B010BD10B586B0A9
:107240000590049103928DF80B30059BD3F8E44030
:10725000059B18689DF80B20089B00931346039A22
:107260000499A0470346184606B010BD10B584B077
:10727000039001930B468DF80B3013468DF80A30BE
:10728000039BD3F8E840039B18689DF80A209DF8FB
:107290000B10019BA0470346184604B010BD00B573
:1072A00083B001904FF4C47200210198D5F714F80F
:1072B00000BF03B05DF804FB86B003900291009319
:1072C00013468DF807300023059300230493039B96
:1072D000D3F84C31002B46D0039BD3F84C31029AA3
:1072E000D31A05939DF80720039B059943F82210B4
:1072F0009DF80730039A0A339B00134459689DF8A0
:107300000730059A0A4403990A339B000B445A60DC
:10731000039BD3F83421059B1A44039BC3F8342103
:10732000059B009A02FB03F304939DF80720039B3F
:107330002C3253F82210049B584AA2FB03239B09CA
:107340009DF807201944039B2C3243F82210039B1D
:10735000D3F84021049B5149A1FB03139B091A4414
:10736000039BC3F84021039BD3F85031002B40D03E
:10737000039BD3F85031029AD31A05939DF8072046
:10738000039B163253F822109DF80720059B1944E1
:10739000039B163243F82210039BD3F83821059B38
:1073A0001A44039BC3F83821059B009A02FB03F3A0
:1073B00004939DF80730039A36339B0013445968B1
:1073C000049B364AA2FB03239A099DF807300A441E
:1073D000039936339B000B445A60039BD3F8442136
:1073E000049B2E49A1FB03139B091A44039BC3F87A
:1073F0004421039BD3F85431002B40D0039BD3F896
:107400005431029AD31A05939DF80730039A20331A
:107410009B00134459689DF80730059A0A44039964
:1074200020339B000B445A60039BD3F83C21059BFF
:107430001A44039BC3F83C21059B009A02FB03F30B
:1074400004939DF80720039B423253F82210049BBB
:10745000124AA2FB03239B099DF807201944039BB2
:10746000423243F82210039BD3F84821049B0B4976
:10747000A1FB03139B091A44039BC3F84821039BF8
:107480000022C3F84C21039B0022C3F85021039B28
:107490000022C3F8542100BF06B07047D34D6210DC
:1074A00086B003900291019200930023059300237C
:1074B0000493039BD3F85431029AD31A05939DF891
:1074C0001830039A20339B00134459689DF81830F4
:1074D000059A0A44039920339B000B445A60039B8E
:1074E000D3F83C21059B1A44039BC3F83C21019B24
:1074F0001E4AA2FB03239B09079A03FB02F2009B8F
:107500001A49A1FB03139B09089901FB03F31344D8
:1075100004939DF81820039B423253F82210049BD9
:10752000124AA2FB03239B099DF818201944039BD0
:10753000423243F82210039BD3F84821049B0B49A5
:10754000A1FB03139B091A44039BC3F84821039B27
:107550000022C3F84C21039B0022C3F85021039B57
:107560000022C3F8542100BF06B07047D34D62100B
:1075700000B585B00190009140F6C8120021019835
:10758000D4F7AAFE019B009AC3F8C02900230393F5
:107590005CE0039BD8B20199039A1346DB009B1A67
:1075A0009B000B4403F5B96302461A700199039AD4
:1075B0001346DB009B1A9B000B4403F2C9530E22B7
:1075C0001A700199039A1346DB009B1A9B000B4427
:1075D00003F2CC5300221A600199039A1346DB0090
:1075E0009B1A9B000B4403F2D25304221A70019998
:1075F000039A1346DB009B1A9B000B4403F2D15302
:1076000000221A70019A039B03F5E9739B0013444F
:1076100000225A600199039A1346DB009B1A9B00D3
:107620000B4403F2CC5300221A60019B039A02F52B
:107630001972002143F82210019A039B134403F5A9
:10764000EF630B221A70039B01330393039B0A2BF6
:107650009FDD019B0E225A70019B04229A72019BAE
:1076600003F2F4731846FFF71AFE019B002283F819
:10767000BC29019B0822C3F8C42900BF05B05DF8EE
:1076800004FB000000B585B00390019200930B4607
:107690008DF80B309DF80B300A2B1ED93348E5F7D7
:1076A00005FA0120E5F732FA304B314ADE21314844
:1076B000E5F7B8FA304ADE212E48E5F7B3FA2F4A4B
:1076C000DE212C48E5F7AEFA2B4ADE212948E5F702
:1076D000A9FAE5F7E3F8012343E09DF80B20039BAB
:1076E00002F5197253F82230002B02D1019B002BB6
:1076F0001ED11E48E5F7DAF90120E5F707FA1B4B22
:107700001B4AE3211B48E5F78DFA1B4AE321194880
:10771000E5F788FA194AE3211648E5F783FA164A8D
:10772000E3211448E5F77EFAE5F7B8F8012318E0FD
:107730009DF80B30039A13440B2283F878279DF8A9
:107740000B20039B02F51972019943F822109DF852
:107750000B30039A03F5E9739B001344009A5A60B7
:107760000023184605B05DF804FB00BF9C390400F7
:1077700088200400A0200400D8200400DC2004009D
:1077800000B583B001900B468DF803309DF80330AF
:107790000A2B1ED91B48E5F789F90120E5F7B6F950
:1077A000184B194AF0211948E5F73CFA184AF0211C
:1077B0001648E5F737FA174AF0211448E5F732FA88
:1077C000134AF0211148E5F72DFAE5F767F8012390
:1077D00014E09DF80320019B02F51972002143F883
:1077E00022109DF8032001991346DB009B1A9B0091
:1077F0000B4403F2D15300221A700023184603B041
:107800005DF804FBAC39040088200400A0200400CB
:10781000D8200400DC20040000B587B0039002915A
:1078200001920023059312E0039A059B03F5E97387
:107830009B0013445B68029A9A4205D1059BDAB219
:10784000019B1A70002327E0059B01330593059BDC
:107850000A2BE9DD1248E5F729F90120E5F756F989
:107860000F4B104A40F203110F48E5F7DBF90F4ABE
:1078700040F203110C48E5F7D5F90D4A40F2031127
:107880000948E5F7CFF9094A40F203110648E5F740
:10789000C9F9E5F703F80123184607B05DF804FBC2
:1078A000BC39040088200400A0200400D820040073
:1078B000DC20040030B587B0039002910192ADF84E
:1078C0000230029B1B788DF817309DF817300A2B79
:1078D00022D9A848E5F7EAF80120E5F717F9A54B02
:1078E000A54A40F20D11A548E5F79CF9A44A40F2DB
:1078F0000D11A248E5F796F9A24A40F20D119F48F2
:10790000E5F790F99E4A40F20D119C48E5F78AF997
:10791000E4F7C4FF012329E1029B5B68002B08D038
:107920009DF81720039B02F5197253F82230002BA3
:1079300022D19048E5F7BAF80120E5F7E7F88D4B3A
:107940008D4A4FF489718D48E5F76CF98C4A4FF4F4
:1079500089718A48E5F766F98A4A4FF48971874840
:10796000E5F760F9864A4FF489718448E5F75AF9DA
:10797000E4F794FF0123F9E0029B9B7A012B22D9C3
:107980007C48E5F793F80120E5F7C0F8794B7A4A8F
:1079900040F217117948E5F745F9794A40F2171195
:1079A0007648E5F73FF9784A40F217117348E5F752
:1079B00039F9734A40F217117048E5F733F9E4F7E3
:1079C0006DFF0123D2E001F06EFC0490029B9B7AD4
:1079D000002B07D1029BDA68049BD31A002B01DC31
:1079E0000323C3E09DF8172003991346DB009B1A7D
:1079F0009B000B4403F2D2531B78022B01D10223CC
:107A0000B4E001F033FC9DF8172003991346DB0026
:107A10009B1A9B000B4403F2D2531B78042B05D016
:107A20005A4A40F229115548E5F7FCF89DF81730FD
:107A3000039A13440B2283F878279DF817200399A3
:107A40001346DB009B1A9B000B4403F5B962029BB3
:107A500014461D460FCD0FC495E8070084E80700C3
:107A60009DF81720039913465B0113449B000B44B8
:107A700018330A9A0433114684221846D6F7B2F90D
:107A80009DF81730039A03F5DF739B001344019AA6
:107A90005A609DF81720039B02F56572BDF802102D
:107AA00023F812109DF8172003991346DB009B1A48
:107AB0009B000B4403F2D1531B78002B10D09DF890
:107AC00017209DF817300B33D8B203991346DB000B
:107AD0009B1A9B000B4403F5BA6302461A7020E020
:107AE0009DF8172003991346DB009B1A9B000B445B
:107AF00003F2D2531B781A4692001A4452001344E0
:107B0000D9B29DF817209DF817300B44D8B20399CD
:107B10001346DB009B1A9B000B4403F5BA63024635
:107B20001A709DF817109DF8172003980B46DB007C
:107B30005B1A9B00034403F2D4531968039813465D
:107B4000DB009B1A9B00034403F2DC53196003988B
:107B500000F01EFE039B93F88639002B03D10549E4
:107B6000039800F00FFB01F086FB0023184607B0D6
:107B700030BD00BFCC39040088200400A0200400E0
:107B8000D8200400DC200400E820040004210400C4
:107B900000B583B001900B468DF8033001F066FB11
:107BA0009DF803300A2B24D901F065FB3048E4F737
:107BB0007DFF0120E4F7AAFF2D4B2E4A4FF4A5715B
:107BC0002D48E5F72FF82D4A4FF4A5712A48E5F71F
:107BD00029F82B4A4FF4A5712748E5F723F8274ADF
:107BE0004FF4A5712448E5F71DF8E4F757FE01238B
:107BF00039E09DF8032001991346DB009B1A9B0096
:107C00000B4403F2D2531B78032B03D901F033FB4F
:107C1000002328E09DF8032001991346DB009B1AFE
:107C20009B000B4403F2D2531B78022B03D1019823
:107C300000F0C8F814E09DF8032001991346DB001A
:107C40009B1A9B000B4403F2D25303221A70019B30
:107C500093F88639002B03D10549019800F092FA78
:107C600001F009FB0023184603B05DF804FB00BFD8
:107C7000DC39040088200400A0200400D82004007F
:107C8000DC20040000B585B00390019200930B4600
:107C90008DF80B309DF80B300A2B23D901F0EBFA4D
:107CA0001B48E4F703FF0120E4F730FF184B194AA3
:107CB0004FF4B5711848E4F7B5FF184A4FF4B571A1
:107CC0001548E4F7AFFF164A4FF4B5711248E4F7D0
:107CD000A9FF124A4FF4B5710F48E4F7A3FFE4F788
:107CE000DDFD11E09DF80B30039A03F5F3739B0063
:107CF00013445A68019B1A609DF80B30039A134491
:107D000093F87827009B1A7005B05DF804FB00BF5C
:107D1000EC39040088200400A0200400D8200400CE
:107D2000DC20040000B585B003900B4601928DF86D
:107D30000B309DF80B300A2B23D901F09CFA1C481C
:107D4000E4F7B4FE0120E4F7E1FE194B194A4FF4C1
:107D5000BB711948E4F766FF184A4FF4BB71164827
:107D6000E4F760FF164A4FF4BB711348E4F75AFF7B
:107D7000124A4FF4BB711048E4F754FFE4F78EFD4C
:107D800012E09DF80B30039A03F570735B00134407
:107D90009A88019B1A809DF80B30039A03F5707343
:107DA0005B00134400229A8005B05DF804FB00BF1D
:107DB000FC39040088200400A0200400D82004001E
:107DC000DC20040010B584B00190019B93F8843945
:107DD0001946019A0B46DB005B1A9B00134403F221
:107DE000D2531B78022B00F2B480019B012283F84E
:107DF000862901F05EFA0390019B93F884391A46B4
:107E0000019B02F5F972039943F82210019B93F844
:107E100084391C4601F047FA0146019A04F5F373D0
:107E20009B0013445960019B93F8843919460198CB
:107E300000F030FB019B93F884391A46019B1344F0
:107E400093F878370C2B00F08D80019B93F88439E0
:107E50001A46019B134493F87837022B16D1019BE5
:107E600093F884391946019A0B46DB005B1A9B0094
:107E7000134403F2C9531B78062B07D1019B93F8D7
:107E800084391946019801F04BF86CE0019B93F896
:107E900084391A46019B134493F87837012B16D185
:107EA000019B93F884391946019A0B46DB005B1A53
:107EB0009B00134403F2C9531B78072B07D1019B86
:107EC00093F884391946019801F02AF84BE0019B98
:107ED00093F88419019B93F88439019A03F5F3739D
:107EE0009B0013445B681A46019801F0BBF8019BA4
:107EF00093F884391A461346DB009B1A9B0003F55E
:107F0000B963019A13441946019800F035F8019BB2
:107F1000D3F8C03901211846FFF7D6F80346002BE5
:107F200004D04FF4D3711148E4F706FE019B93F897
:107F300084391946019800F0F3FF019800F096FF8C
:107F4000019B002283F886290849019800F01AF95C
:107F500005E0074A40F2B1110648E4F763FEE4F792
:107F600038FE00E000BF04B010BD00BF1C3A0400A2
:107F70002C210400A020040082B001900091009BFD
:107F80000B221A70009B0022DA60009B00225A61CB
:107F9000009B00229A61009B04229A72009B00229F
:107FA0005A7200BF02B0704700B585B001900091D1
:107FB000002303938DE00199039A1346DB009B1A7B
:107FC0009B000B4403F2D2531B78012B7ED1019905
:107FD000039A1346DB009B1A9B000B4403F2DC530D
:107FE0001B68009AD31A002B0ADD0199039A1346E5
:107FF000DB009B1A9B000B4403F2D453009A1A60D7
:108000000199039A1346DB009B1A9B000B4403F271
:10801000DC531B68009AD31A1A46594B9A4255DD15
:108020000199039A1346DB009B1A9B000B4403F251
:10803000D25300221A70009B03F5FA610198039A4B
:108040001346DB009B1A9B00034403F2D4531960D0
:108050000199039A1346DB009B1A9B000B4403F221
:10806000D1531B78002B0FD0039BDBB20B33D8B25C
:108070000199039A1346DB009B1A9B000B4403F5FE
:10808000BA6302461A701EE00199039A1346DB0098
:108090009B1A9B000B4403F2D2531B781A469200A2
:1080A0001A4452001344DAB2039BDBB21344D8B231
:1080B0000199039A1346DB009B1A9B000B4403F5BE
:1080C000BA6302461A70019800F062FB039B013309
:1080D0000393039B0A2B7FF76EAF019B93F88439C0
:1080E0001946019A0B46DB005B1A9B00134403F20E
:1080F000D2531B78022B3ED1019B93F88439194649
:10810000019A0B46DB005B1A9B00134403F2C95330
:108110001B78002B0ED0019B93F884391946019AE5
:108120000B46DB005B1A9B00134403F2C9531B7818
:10813000012B20D1019BD3F8C429009B1A44019B39
:1081400093F88439184601990346DB001B1A9B00FB
:108150000B4403F2D4531B68D31A019A92F8842972
:1081600010469A1C01990346DB001B1A9B000B4426
:1081700003F5BC631A6000BF05B05DF804FB00BFE7
:10818000C0D4010030B589B00390029101F08BF8A2
:10819000079007990398FFF707FF0799039800F0E6
:1081A0006BFB0346012B40F06581039BDA68079B5C
:1081B000D31A0693069B002B29DA039B9B7A022B8A
:1081C00000F0C480039BD3F878395A1C039BC3F892
:1081D0007829039B1B780093069BA94A40F207214C
:1081E000A848E4F71FFDA84A40F20721A548E4F794
:1081F00019FD039B1B781946039A0B46DB005B1A9B
:108200009B00134403F2D25303221A709EE0039B97
:10821000D3F8C429069B9A42C0F09880039B93F838
:1082200084391946039A0B46DB005B1A9B00134402
:1082300003F2D2531B78022B72D1039B93F884393B
:108240001946039A0B46DB005B1A9B00134403F5A7
:10825000B9631A78039B1B789A4277D0039B93F8F3
:1082600084391946039A0B46DB005B1A9B001344C2
:1082700003F2D25303221A70039BD3F8C0390021B2
:108280001846FEF734FF0346002B04D040F21B21B2
:108290007E48E4F751FC039BD3F8C03941F6FE71E8
:1082A0001846FEF74CFF0346002B04D040F21D2178
:1082B0007648E4F741FC01F002F8039BD3F8C0399B
:1082C00001211846FEF700FF0346002B04D040F2C0
:1082D00021216E48E4F730FCE4F77BFC039B93F824
:1082E000844900F0E0FF03461A462146039800F057
:1082F000B9FE039B1A78039B83F88429039B93F8A8
:1083000084391946039A0B46DB005B1A9B00134421
:1083100003F2D25302221A70039800F079FA15E0A2
:10832000039B1A78039B83F88429039B93F8843971
:108330001946039A0B46DB005B1A9B00134403F2B9
:10834000D25302221A70039800F062FA039B93F84A
:108350008C391946039A0B46DB005B1A9B001344C9
:1083600003F2D4531A68079BD31A0593059B002B7D
:108370003DDD039BD3F8C429059B9A4237D9039B63
:1083800093F8BC39012B32D1039B93F88C29039BC2
:108390001B789A422BD0039B93F88C391946039A89
:1083A0000B46DB005B1A9B00134403F2D2531B788D
:1083B000002B1CD1039B93F88C39354A40F23D21A8
:1083C0003048E4F72FFC304A40F23D212D48E4F7D5
:1083D00029FC039B93F88C391946039A0B46DB0062
:1083E0005B1A9B00134403F2D25303221A70039BBF
:1083F00093F884391946039A0B46DB005B1A9B00FD
:10840000134403F2D2531B78022B02D0039800F0DE
:108410002DFD039B03F68814039B03F68C1500F0D7
:1084200042FF03462A462146039800F059FB0346C3
:108430001A46039B83F8BC29039B93F8BC39012B94
:108440001BD1039BD3F88829039BD3F8C4399A42E4
:108450000BD9039BD3F88829039BD3F8C439D31ACB
:108460001946039800F0E2FC07E00121039800F0B0
:10847000DDFC02E0039800F0F9FC00BF09B030BD5C
:108480005C210400A0200400D82004002C3A040041
:108490008821040000B585B001900B468DF80330AB
:1084A0000023ADF80E309DF8032001991346DB0040
:1084B0009B1A9B000B4403F2C9531B780C2B00F052
:1084C00058819DF8032001991346DB009B1A9B00FD
:1084D0000B4403F2C9531B78092B00F04A819DF825
:1084E000032001991346DB009B1A9B000B4403F207
:1084F000C9531B78082B00F03C81019BD3F8C0398D
:108500001A460DF10E0319461046FEF72BFE0346E0
:10851000002B20D09948E4F7C9FA0120E4F7F6FAD5
:10852000964B974A40F26A219648E4F77BFB964ABD
:1085300040F26A219348E4F775FB944A40F26A21BD
:108540009048E4F76FFB904A40F26A218D48E4F7C7
:1085500069FBE4F7A3F99DF80330BDF80E10019A0A
:1085600003F570735B0013440A469A80BDF80E3021
:1085700003F00203002B27D09DF80330019A134427
:10858000032283F87827019B5B78042B40F0F2806C
:10859000019BD3F8C03918469DF8032013465B01B0
:1085A00013449B001833019A1344083300221946E0
:1085B000FEF71CFE0346002B00F0DC804FF41D711B
:1085C0006E48E4F7B9FAD5E0BDF80E3003F0400389
:1085D000002B05D1BDF80E3003F08003002B07D02F
:1085E0009DF80330019A1344002283F87827C1E0F4
:1085F000BDF80E3003F00803002B07D09DF80330C0
:10860000019A1344052283F87827B3E0BDF80E30B1
:1086100003F00403002B3AD09DF80330019A134471
:10862000042283F878279DF803201346DB009B1A69
:108630009B0003F5B963019A13441946019800F0B1
:1086400053FB0346012B40F095804C48E4F72EFA8B
:108650000120E4F75BFA494B494A4FF4227149483B
:10866000E4F7E0FA484A4FF422714648E4F7DAFAB0
:10867000464A4FF422714348E4F7D4FA424A4FF491
:1086800022714048E4F7CEFAE4F708F972E0BDF849
:108690000E3003F40073002B07D09DF80330019ACD
:1086A0001344012283F8782764E0BDF80E3003F408
:1086B0008073002B07D09DF80330019A13440222E7
:1086C00083F8782756E0BDF80E3003F48063002B62
:1086D0002BD09DF80330019A13440C2283F878279D
:1086E000019BD3F8C03918469DF8032013465B015F
:1086F00013449B001833019A134403F108019DF8B9
:10870000032013465B0113449B008033019A1344FA
:1087100006331A46FEF758FD0346002B2AD040F2D6
:1087200097211648E4F708FA24E0BDF80E3003F468
:108730000063002B07D09DF80330019A13440822F0
:1087400083F8782716E0BDF80E3003F48053002B31
:1087500007D09DF80330019A1344092283F8782743
:1087600008E09DF80330019A13440A2283F8782721
:1087700000E000BF05B05DF804FB00BF3C3A040018
:1087800088200400A0200400D8200400DC2004007D
:1087900000B589B001900023079311E00199079A71
:1087A0001346DB009B1A9B000B4403F5BA63197850
:1087B00003AA079B13440A461A70079B01330793C9
:1087C000079B0A2BEADD0023069319E003AB0B217C
:1087D000184600F05DFA03468DF817309DF8173003
:1087E00020336B44FF2203F8142C019A069B134498
:1087F00003F23E739DF817201A70069B013306930F
:10880000069B0A2BE2DD00BF00BF09B05DF804FB48
:1088100000B585B00190019B93F884398DF80F3035
:108820009DF80F2001991346DB009B1A9B000B4417
:1088300003F2CC531B68002B1AD09DF80F2013466F
:10884000DB009B1A9B0003F5B963019A1344194698
:10885000019800F0DBFB9DF80F2001991346DB0027
:108860009B1A9B000B4403F2CC531B68019898475A
:1088700000BF05B05DF804FB30B48AB001900091F0
:10888000FF238DF82730002308930023059300234E
:108890008DF8133000238DF81F3000238DF81F3022
:1088A0002CE09DF81F2001991346DB009B1A9B00CA
:1088B0000B4403F2D2531B78002B1AD19DF81F20D2
:1088C00001991346DB009B1A9B000B4403F2D4531F
:1088D0001A68009BD31A002B0BDA9DF81F20019910
:1088E0001346DB009B1A9B000B4403F2D253032276
:1088F0001A709DF81F3001338DF81F309DF81F301E
:108900000A2BCED900238DF81F304FE09DF81F3081
:10891000019A134493F83E378DF813309DF81320D5
:1089200001991346DB009B1A9B000B4403F2D253C0
:108930001B78012B0ED89DF8132001991346DB00FC
:108940009B1A9B000B4403F2D4531A68009BD31A62
:10895000002B0CDA9DF8132001991346DB009B1ABB
:108960009B000B4403F2D2531B78022B19D19DF8C4
:10897000132001991346DB009B1A9B000B4403F55F
:10898000B9631B788DF827309DF8132001991346A1
:10899000DB009B1A9B000B4403F2D4531B68089323
:1089A00008E09DF81F3001338DF81F309DF81F300F
:1089B0000A2BABD99DF81F300B2B01D100238BE084
:1089C0009DF81F30069370E0019A069B134403F252
:1089D0003E731B788DF813309DF8132001991346D0
:1089E000DB009B1A9B000B4403F2D2531B78012B34
:1089F0000ED89DF8132001991346DB009B1A9B00AB
:108A00000B4403F2D4531A68009BD31A002B0CDAE0
:108A10009DF8132001991346DB009B1A9B000B4421
:108A200003F2D2531B78022B3CD19DF813200199FD
:108A30001346DB009B1A9B000B4403F2D4531968C6
:108A40009DF8132001981346DB009B1A9B000344FA
:108A500003F5BC631B680B440593059A089BD31A66
:108A60000393039B002B1DDA059A009BD31A002B5E
:108A700018DB9DF8132001991346DB009B1A9B001D
:108A80000B4403F5B9631B788DF827309DF813204C
:108A900001991346DB009B1A9B000B4403F2D4534D
:108AA0001B680893069B01330693069B0A2B8BDDFC
:108AB0009DF82720019801991346DB009B1A9B0023
:108AC0000B4403F5B96304461D460FCD0FC495E86A
:108AD000070084E80700012318460AB030BC70473D
:108AE00088B0039002910192009300238DF81F300B
:108AF00000238DF81E30009B069300238DF81F3055
:108B00002CE09DF81F2003991346DB009B1A9B0065
:108B10000B4403F2D2531B78002B1AD19DF81F206F
:108B200003991346DB009B1A9B000B4403F2D453BA
:108B30001A68069BD31A002B0BDA9DF81F200399A5
:108B40001346DB009B1A9B000B4403F2D253032213
:108B50001A709DF81F3001338DF81F309DF81F30BB
:108B60000A2BCED900238DF81F3031E09DF81F204D
:108B700003991346DB009B1A9B000B4403F2D2536C
:108B80001B78012B1FD89DF81F2003991346DB008B
:108B90009B1A9B000B4403F2D4531A68069BD31A0A
:108BA000002B10DB9DF81F2003991346DB009B1A56
:108BB0009B000B4403F2D4531B6806939DF81F30AF
:108BC0008DF81E3008E09DF81F3001338DF81F30FE
:108BD0009DF81F300A2BC9D99DF81F300B2B01D1EE
:108BE000002352E09DF81F308DF817303FE09DF8CC
:108BF000172003991346DB009B1A9B000B4403F2DA
:108C0000D2531B78012B2DD89DF8172003991346BA
:108C1000DB009B1A9B000B4403F2D4531A68069B9B
:108C2000D31A002B1EDA9DF8172003991346DB0098
:108C30009B1A9B000B4403F2D4531A68009BD31A6F
:108C4000002B0FDB9DF8172003991346DB009B1ABE
:108C50009B000B4403F2D4531B6806939DF8173016
:108C60008DF81E309DF8173001338DF817309DF8C0
:108C700017300A2BBBD9019B9DF81E201A70069A4B
:108C8000009BD21A029B1A600123184608B0704755
:108C900084B001900B468DF80330FF238DF80F3020
:108CA00000238DF80E300023029313E0029B019AFB
:108CB00013441B789DF80F209A4208D3029B019A17
:108CC00013441B788DF80F30029B8DF80E30029BF9
:108CD000013302939DF80330029A9A42E6DB9DF835
:108CE0000E30184604B0704710B584B00190009162
:108CF00000238DF80F30009B1B788DF80E30009B01
:108D00005B780D2B03D0009B5B780E2B02D19DF876
:108D10000F3086E0019BD3F8C0391C469DF80E2029
:108D2000019B02F5657233F812109DF80E30019A1E
:108D300003F5DF739B00134458689DF80E3003F56C
:108D400065735B00019A134402462046FEF7E2F980
:108D50000346002B04D04FF452713348E3F7ECFE86
:108D6000009B5B78002B03D0009B5B78072B27D1FF
:108D70009DF80E20019913465B0113449B000B44A0
:108D80001C3301221A7000238DF80F30019BD3F899
:108D9000C03918469DF80E2013465B0113449B0012
:108DA0007833019A134404331946FEF7FCF903465D
:108DB000002B34D04FF454711B48E3F7BDFE2EE076
:108DC000009B5B78012B27D19DF80E20019913465B
:108DD0005B0113449B000B441C3300221A700023D8
:108DE0008DF80F30019BD3F8C03918469DF80E203E
:108DF00013465B0113449B007833019A13440433F8
:108E00001946FEF7BFF90346002B08D04FF4567100
:108E10000548E3F791FE02E001238DF80F309DF83D
:108E20000F30184604B010BD503A040000B583B0AE
:108E30000190009100F024FA044A0099019800F092
:108E400024FA00BF03B05DF804FB00BF0D8F0300E0
:108E500000B583B0019004490198FFF793F900BF72
:108E600003B05DF804FB00BF643A040000B585B0B0
:108E700001900023039337E00199039A1346DB0026
:108E80009B1A9B000B4403F2D2531B78032B28D16F
:108E9000019A039B03F252239B0013445B685A1C04
:108EA0000199039B03F252239B000B445A60039ADF
:108EB0001346DB009B1A9B0003F5B963019A134428
:108EC00019460198FFF758F8019A039B134403F5DC
:108ED000EF630A221A70039BDBB21946019800F077
:108EE0001FF8039B01330393039B0A2BC4DD00BFD0
:108EF00000BF05B05DF804FB00B583B00190019898
:108F0000FEF760FF00BF03B05DF804FB00B583B05F
:108F100001900198FFF79CFF00BF03B05DF804FBD0
:108F200000B583B001900B468DF803309DF80330F7
:108F30000A2B21D93048E3F7B9FD0120E3F7E6FD1C
:108F40002D4B2E4A40F28F312D48E3F76BFE2D4A10
:108F500040F28F312A48E3F765FE2B4A40F28F3109
:108F60002748E3F75FFE274A40F28F312448E3F7B2
:108F700059FEE3F793FC3BE09DF80320019B02F5CB
:108F8000197253F82230002B21D11B48E3F78EFDD4
:108F90000120E3F7BBFD184B184A4FF465711848E0
:108FA000E3F740FE174A4FF465711548E3F73AFEC0
:108FB000154A4FF465711248E3F734FE114A4FF435
:108FC00065710F48E3F72EFEE3F768FC10E09DF8AB
:108FD0000320019B02F5197253F822209DF80330FB
:108FE000019903F5E9739B000B445B6818469047B1
:108FF00003B05DF804FB00BF743A0400882004004D
:10900000A0200400D8200400DC20040082B00190DD
:109010000091009B5B780E2B20D801A252F823F020
:109020005D9003005D9003005D9003005D90030080
:109030005D9003005D9003005D9003005D90030070
:109040005D9003005D9003005D9003005D90030060
:109050005D9003005D9003005D90030000BF00BFC2
:1090600002B0704710B58CB007900B4605928DF892
:109070001B300023089300230B9300230A93002343
:1090800009939DF81B2007991346DB009B1A9B0050
:109090000B4403F2C9531B78002B12D1079BD3F862
:1090A000C03918469DF81B20079913465B011344ED
:1090B0009B000B444D33197808AB0022FEF7D6F81D
:1090C00083E09DF81B2007991346DB009B1A9B0049
:1090D0000B4403F2C9531B78012B1FD1079BD3F814
:1090E000C0391C469DF81B20079913465B011344A9
:1090F0009B000B444C3318689DF81B2007991346BE
:109100005B0113449B000B4454331A6808AB009373
:10911000002301462046FEF791F856E09DF81B20FB
:1091200007991346DB009B1A9B000B4403F2C953BB
:109130001B78022B1ED1079BD3F8C0391C469DF823
:109140001B20079913465B0113449B000B443033EB
:1091500093F900009DF81B20079913465B01134407
:109160009B000B442C331A6808AB01462046FEF7DF
:109170004FF82AE09DF81B2007991346DB009B1A45
:109180009B000B4403F2C9531B78032B1DD1079B93
:10919000D3F8C0391C469DF81B20079913465B0184
:1091A00013449B000B444B3393F900009DF81B20A4
:1091B000079913465B0113449B000B4440331A6824
:1091C00008AB01462046FEF723F89DF81B200799BF
:1091D0001346DB009B1A9B000B4403F2C9531B7818
:1091E000082B26D09DF81B2007991346DB009B1AFD
:1091F0009B000B4403F2C9531B780A2B19D09DF82E
:109200001B2007991346DB009B1A9B000B4403F2BB
:10921000C9531B78092B0CD09DF81B2007991346C6
:10922000DB009B1A9B000B4403F2C9531B780B2BEA
:109230000FD1079B03F2F470089B0B9A02920193E3
:109240009DF81B300093099B0A9A0599FEF728F9AF
:1092500009E0079B03F2F470089B9DF81B20059919
:10926000FEF72AF800BF00BF0CB010BD08B5E3F749
:109270004BFB00BF08BD08B5E3F74DFB00BF08BDC1
:1092800008B5E3F73CFB00BF08BD00B585B003900F
:1092900002910192039A01990298E3F71EFB00BF25
:1092A00005B05DF804FB08B5E3F705FB0346184677
:1092B00008BD08B5E3F70BFB0346184608BD08B523
:1092C000E3F77AFC00BF08BD00B583B001900199B7
:1092D0000B48D3F725F90346002B06D0019909481E
:1092E000D3F71EF90346002B01D1012300E0002330
:1092F00003F00103DBB2184603B05DF804FB00BFC6
:10930000C8210400D021040000B583B00190019869
:10931000E5F7DBFA0346184603B05DF804FB00B539
:1093200085B001900DF10F0319460198E3F776F926
:109330009DF80F3019460198E5F7D2FA0346184612
:1093400005B05DF804FB00B583B001900198E4F727
:109350001DFD0346184603B05DF804FB00B585B05B
:1093600001900B468DF803309DF80330002B0CD094
:109370000198E5F7CFFA03468DF80F309DF80F30CE
:10938000002B02D09DF80F3008E09DF803301A46FC
:1093900000210198E4F7BAFC034600BF184605B067
:1093A0005DF804FB00B585B001900B468DF80330E5
:1093B0009DF80330002B02D0012B04D007E00023DE
:1093C0008DF80F3005E001238DF80F3001E0022306
:1093D00007E09DF80F3019460198E4F7BDFC0346FD
:1093E00000BF184605B05DF804FB82B00190012370
:1093F000184602B0704700B583B0019000220221E8
:109400000198E4F7F9FC0346184603B05DF804FB45
:1094100000B583B001900091009BB3F1FF3F07D1ED
:109420004FF6FF7202210198E4F70FFD034620E09A
:10943000009B002B06D1002202210198E4F705FDD4
:10944000034616E0009BB3F5803F08D2009B9BB219
:109450001A4602210198E4F7F8FC034609E0009B54
:109460009B089BB21A4603210198E4F7EEFC0346E1
:1094700000BF184603B05DF804FB82B001900B46B4
:109480008DF803300123184602B0704700B585B04F
:1094900001900B468DF803309DF80330022B0CD061
:1094A000022B0EDC002B02D0012B04D009E000239C
:1094B0008DF80F3007E001230DE001238DF80F3008
:1094C00001E0022307E09DF80F3019460198E4F708
:1094D00033FD034600BF184605B05DF804FB82B0BB
:1094E00001900B468DF803300123184602B07047F7
:1094F00000B585B0039002910192029BB3F5803FC5
:109500000DD2019BB3F5803F09D2029B9AB2019B19
:109510009BB202210398E4F7C1FC03460BE0029BD7
:109520009B089AB2019B9B089BB203210398E4F726
:10953000B5FC034600BF184605B05DF804FB00B556
:1095400083B001900198E4F7E4FC0346184603B0A9
:109550005DF804FB00B583B001900198E4F70BFDC2
:109560000346184603B05DF804FB00B583B00190D4
:109570000198E4F713FD0346184603B05DF804FBB9
:1095800082B001900B46ADF802301346ADF80030C2
:109590000123184602B0704700B589B003900B460E
:1095A00001928DF80B309DF80B308DF81430019B33
:1095B000069307AA05AB19460398E3F738F89DF917
:1095C0001D309DF81C2019460398E4F7C5FE03469C
:1095D000184609B05DF804FB00B587B0039002910E
:1095E0001346ADF8063003238DF817300022002112
:1095F0000398E5F766F803468DF817309DF81730A5
:10960000002B02D09DF817300BE0BDF80630029A0F
:1096100000210398E4F728FD03468DF817309DF8E4
:109620001730184607B05DF804FB00B587B003900B
:10963000019200930B46ADF80A3005AB194603982A
:10964000E5F760F803468DF817309DF81730002BCA
:109650005BD100238DF8133000238DF812300DF10B
:10966000130319460398E4F75AFE03468DF81730A2
:109670009DF81730002B0CD19DF81330012B08D129
:109680000DF1120319460398E5F74BFE03468DF8DA
:1096900017309DF81730002B37D19DF81330012B70
:1096A0000DD19DF81230802B09D10DF1160319460A
:1096B0000398E5F75CFE03468DF8173003E09DF84C
:1096C00014308DF81630009B002B04D09DF8163016
:1096D0001A46009B1A809DF81730002B15D19DF873
:1096E00016301A46BDF80A3093420BD39DF8151078
:1096F0009DF81630019A0398E4F7D6FC03468DF8DE
:10970000173002E003238DF817309DF81730184604
:1097100007B05DF804FB00B585B00190009103230C
:109720008DF80F300023ADF80C3003AB19460198CB
:10973000E4F72CFD03468DF80F309DF80F30002B19
:1097400002D09DF80F300AE0BDF80C30184600F04A
:10975000E3FD03461A46009B1A809DF80F30184619
:1097600005B05DF804FB00B585B001900B46ADF87F
:109770000230BDF80230184600F050FE0346ADF846
:109780000E30BDF80E3019460198E4F728FD034667
:10979000184605B05DF804FB00B585B00190009156
:1097A00003238DF80F300023ADF80C3003AB1946BE
:1097B0000198E4F736FD03468DF80F309DF80F3021
:1097C000002B02D09DF80F300DE0009B002B08D03D
:1097D000BDF80C30184600F09FFD03461A46009B6A
:1097E0001A809DF80F30184605B05DF804FB00B5EF
:1097F00087B003900B46ADF80A30BDF80A30184622
:1098000000F00CFE0346ADF81630BDF8162000231C
:10981000009300234FF6FF710398E4F768FC0346BA
:10982000184607B05DF804FB00B583B001900091C5
:1098300000990198E4F726FD0346184603B05DF849
:1098400004FB00B585B001900B468DF803309DF800
:109850000330022B0ED0022B10DC002B02D0012B88
:1098600004D00BE000238DF80F3009E001238DF8C0
:109870000F3005E003238DF80F3001E0022307E0ED
:109880009DF80F3019460198E4F72FFD034600BFFD
:10989000184605B05DF804FB00B585B00190009155
:1098A00003238DF80F300DF10E0319460198E4F7EC
:1098B00036FD03468DF80F309DF80F30002B18D180
:1098C0009DF80E30032B0ED0032B10DC002B02D0A2
:1098D000012B04D00BE0009B00221A7009E0009BD2
:1098E00001221A7005E0009B02221A7001E0022397
:1098F00001E09DF80F30184605B05DF804FB00B597
:1099000085B00190009103238DF80F3003AB002147
:109910000A461A800A469A7003AB1946009800F06E
:1099200003FE03468DF80F309DF80F30002B02D058
:109930009DF80F3006E003AB19460198E4F73BFDB4
:10994000034600BF184605B05DF804FB00B585B0BE
:109950000190009103238DF80F3002AB00221A60B2
:10996000C3F8032002AB1946009800F03FFE0346FF
:109970008DF80F309DF80F30002B02D09DF80F307E
:1099800006E002AB19460198E4F7E1FD034600BF8B
:10999000184605B05DF804FB00B585B00190009154
:1099A00003238DF80F3003AB1946009800F09EFE9C
:1099B00003468DF80F309DF80F30002B02D09DF834
:1099C0000F3006E003AB19460198E4F714FD034697
:1099D00000BF184605B05DF804FB00B585B00190E6
:1099E000009103238DF80F3002AB00221A609A8099
:1099F00002AB1946009800F0CFFE03468DF80F30F9
:109A00009DF80F30002B02D09DF80F3006E002AB1E
:109A100019460198E4F7CBFD034600BF184605B090
:109A20005DF804FB82B0019000910123184602B05A
:109A3000704782B001900B468DF803300123184621
:109A400002B0704700B585B00190009103238DF8F6
:109A50000F3003AB00210A461A800A469A7003AB06
:109A60001946009800F0CAFE03468DF80F309DF8A5
:109A70000F30002B02D09DF80F3006E003AB1946E3
:109A80000198E4F744FD034600BF184605B05DF8B1
:109A900004FB00B585B00190009103238DF80F30D1
:109AA00002AB00221A609A8002AB1946009800F0BF
:109AB000EBFE03468DF80F309DF80F30002B02D0DF
:109AC0009DF80F3006E002AB19460198E4F7CAFD95
:109AD000034600BF184605B05DF804FB00B585B02D
:109AE0000190009103238DF80F300023029302AB05
:109AF00019460198E4F72DFE03468DF80F309DF8C6
:109B00000F30002B4AD100238DF80E309DF80A301B
:109B10005BB203F001035AB29DF90E3013435BB2FE
:109B20008DF80E309DF809305BB203F002035AB293
:109B30009DF90E3013435BB28DF80E309DF809305D
:109B40005B105BB203F004035AB29DF90E3013436D
:109B50005BB28DF80E309DF809309B105BB203F0BC
:109B600008035AB29DF90E3013435BB28DF80E30E4
:109B70009DF809305BB203F010035AB29DF90E3024
:109B800013435BB28DF80E309DF80E309AB2009BF5
:109B90001A809DF908301A46009B9A809DF80F3074
:109BA000184605B05DF804FB00B585B00190009142
:109BB00003238DF80F300023ADF80C3003AB1946AA
:109BC0000198E4F7F9FD03468DF80F309DF80F304A
:109BD000002B0ED19DF90C301A46009B1A809DF97E
:109BE0000D301A46009B5A809DF90C301A46009B96
:109BF0009A809DF80F30184605B05DF804FB00B55B
:109C000085B00190009102AB19460198E4F703FE7C
:109C100003468DF80F309DF80F30002B04D19DF9CD
:109C200008301A46009B1A809DF80F30184605B080
:109C30005DF804FB00B583B0019000910099019894
:109C4000E4F71CFE0346184603B05DF804FB00B5BC
:109C500087B00190009105AB1946009800F046FDD1
:109C600003AB1946019800F097FD05AA03AB114616
:109C70001846E5F785F80346184607B05DF804FB7B
:109C800000B587B00190009105AB1946009800F02F
:109C90004BFC03AB1946019800F0A8FC05AA03ABE6
:109CA00011461846E5F717F90346184607B05DF860
:109CB00004FB00B587B00190009105AB19460098F0
:109CC00000F09CFD03AB1946019800F0DDFD05AAEC
:109CD00003AB11461846E5F7ABF90346184607B043
:109CE0005DF804FB00B585B00390029113468DF832
:109CF00007309DF80730029A01210398E5F7DAF959
:109D00000346184605B05DF804FB00B583B001902A
:109D10000B468DF803309DF8033019460198E5F79E
:109D200015FA0346184603B05DF804FB00B585B08C
:109D30000390029113468DF807309DF80730042BED
:109D400001D0022306E0029A01210398E5F745FAC3
:109D5000034600BF184605B05DF804FB00B585B0AA
:109D600001900B46ADF802301346ADF800300323E6
:109D70008DF80F30BDF8023019460198E5F75FFA0B
:109D800003468DF80F309DF80F30002B02D09DF860
:109D90000F3011E0BDF8003019460198E5F790FA50
:109DA00003468DF80F309DF80F30002B02D09DF840
:109DB0000F3001E09DF80F30184605B05DF804FB48
:109DC00000B583B00190009100990198E5F755FA2C
:109DD0000346184603B05DF804FB00B583B001905C
:109DE0000B46ADF80230BDF80230FF2B01D902233B
:109DF00008E0BDF80230DBB219460198E5F77EFABB
:109E0000034600BF184603B05DF804FB82B0019022
:109E100000910123184602B0704784B0039002916C
:109E20000192ADF802300123184604B0704784B0A7
:109E30000390029101920123184604B0704784B048
:109E40000390029101920123184604B0704784B038
:109E50000390029100931346ADF806300123184693
:109E600004B0704782B0019000910123184602B0FF
:109E7000704700B587B003900291019203238DF8DB
:109E800017300DF1160319460398E5F780FA0346DB
:109E90008DF817309DF81730002B02D09DF8173041
:109EA0001FE09DF816300299184600F0F7F90346B6
:109EB0008DF817309DF81730002B02D09DF8173021
:109EC0000FE001990398E5F789FA03468DF81730FA
:109ED0009DF81730002B02D09DF8173001E09DF857
:109EE0001730184607B05DF804FB000000B589B0D4
:109EF0000390019200930B468DF80B309DF80B30C8
:109F00008DF81030019B05930DF11E03194603983F
:109F1000E2F784FB06AA04AB19460398E2F787FB35
:109F20009DF91A300D2B03DD1F238DF81F300EE035
:109F30009DF91A3013F1120F03DA00238DF81F3048
:109F400005E09DF91A30DBB212338DF81F309DF811
:109F50001E30012B07D19DF81F300C4A52F82320E8
:109F6000009B1A600DE09DF81E30002B07D19DF874
:109F70001F30074A52F82320009B1A6001E0022399
:109F800000E00023184609B05DF804FB883A04009D
:109F9000083B040084B00390029101928DF80330D5
:109FA0000123184604B0704700B587B003900193B1
:109FB0000B468DF80B3013468DF80A300DF1170360
:109FC00019460398E2F72AFB9DF81730002B4DD075
:109FD000012B40F095809DF80B30083B052B43D8B2
:109FE00001A252F823F000BF01A0030069A0030002
:109FF0001BA0030069A0030035A003004FA00300CD
:10A000009DF80A30002B02D041F6380201E041F2FF
:10A010007C52019B1A60002373E09DF80A30002BEC
:10A0200002D041F62C2201E041F27072019B1A60CD
:10A03000002366E09DF80A30002B02D041F614623E
:10A0400001E041F65832019B1A60002359E09DF867
:10A050000A30002B02D042F2080201E041F64C52D5
:10A06000019B1A6000234CE002234AE09DF80B306C
:10A07000083B052B42D801A252F823F095A003001B
:10A08000FDA00300AFA00300FDA00300C9A00300D2
:10A09000E3A003009DF80A30002B02D042F6A8721C
:10A0A00001E042F63022019B1A60002329E09DF86E
:10A0B0000A30002B02D043F2903201E042F61862DF
:10A0C000019B1A6000231CE09DF80A30002B02D08F
:10A0D00043F6603201E043F28452019B1A60002390
:10A0E0000FE09DF80A30002B02D043F6AC7201E07D
:10A0F00043F6D012019B1A60002302E0022300E025
:10A100000223184607B05DF804FB00BF84B003903B
:10A11000029101920123184604B0704784B0019067
:10A1200000238DF80F30019B1B88DBB2002B0AD176
:10A130009DF80F3008338DF80F30019B1B881B0AE8
:10A140009AB2019B1A80019B1B8803F00F03002B1E
:10A150000AD19DF80F3004338DF80F30019B1B8816
:10A160001B099AB2019B1A80019B1B8803F0030311
:10A17000002B0AD19DF80F3002338DF80F30019B70
:10A180001B889B089AB2019B1A80019B1B8803F0D5
:10A190000103002B0AD19DF80F3001338DF80F30E9
:10A1A000019B1B885B089AB2019B1A809DF80F30B7
:10A1B000184604B07047000000B587B00346ADF8FC
:10A1C0000630BDF80630B3F5704F04D31A4B1B8828
:10A1D000ADF8103022E0BDF80630ADF80E300DF1CC
:10A1E0000E031846FFF79AFF0346059309E0BDF8F2
:10A1F0000E3001335B109BB2ADF80E30059B01337E
:10A200000593BDF80E300F2BF1D8BDF80E30DAB241
:10A21000059BDBB28DF810208DF8113000239DF8DE
:10A22000102062F307039DF8112062F30F231846F4
:10A2300007B05DF804FB00BFD821040082B00346DC
:10A2400000918DF807309DF80730083B052B1FD88B
:10A2500001A252F823F000BF71A2030091A20300F3
:10A2600079A2030091A2030081A2030089A2030046
:10A27000009B34221A700DE0009B26221A7009E020
:10A28000009B18221A7005E0009B0A221A7001E058
:10A29000022300E00023184602B0704782B0034654
:10A2A00000918DF807309DF80730013B062B2DD823
:10A2B00001A252F823F000BFD5A20300DDA20300E3
:10A2C000E5A20300EDA20300F5A20300FDA2030036
:10A2D00005A30300009B01221A7019E0009B0222D3
:10A2E0001A7015E0009B03221A7011E0009B0422F3
:10A2F0001A700DE0009B05221A7009E0009B0622EF
:10A300001A7005E0009B07221A7001E0022300E0AA
:10A310000023184602B0704784B00346ADF80630FB
:10A320000023ADF80E30BDF8063003F00103002B1A
:10A3300005D0BDF80E3043F00203ADF80E30BDF885
:10A34000063003F00203002B05D0BDF80E3043F0B9
:10A350000403ADF80E30BDF8063003F48043002B43
:10A3600005D0BDF80E3043F00803ADF80E30BDF84F
:10A37000063003F00403002B05D1BDF8063003F0CE
:10A380001003002B05D0BDF80E3043F02003ADF8CC
:10A390000E30BDF8063003F00803002B05D1BDF8E0
:10A3A000063003F02003002B05D0BDF80E3043F03B
:10A3B0004003ADF80E30BDF8063003F04003002B2B
:10A3C00005D0BDF80E3043F08003ADF80E30BDF877
:10A3D000063003F48053002B05D0BDF80E3043F453
:10A3E0008073ADF80E30BDF8063003F40053002B37
:10A3F00005D0BDF80E3043F40073ADF80E30BDF952
:10A400000630002B05DABDF80E3043F01003ADF82E
:10A410000E30BDF80E30184604B0704784B00346C5
:10A42000ADF806300023ADF80E30BDF8063003F06D
:10A430000203002B05D0BDF80E3043F00103ADF848
:10A440000E30BDF8063003F00403002B05D0BDF834
:10A450000E3043F00203ADF80E30BDF8063003F0C5
:10A460000803002B05D0BDF80E3043F48043ADF84F
:10A470000E30BDF8063003F02003002B0BD0BDF8E2
:10A480000E3043F00403ADF80E30BDF80E3043F04B
:10A490001003ADF80E30BDF8063003F04003002B7A
:10A4A0000BD0BDF80E3043F00803ADF80E30BDF808
:10A4B0000E3043F02003ADF80E30BDF8063003F047
:10A4C0008003002B05D0BDF80E3043F04003ADF8FB
:10A4D0000E30BDF8063003F48073002B05D0BDF8B4
:10A4E0000E3043F48053ADF80E30BDF8063003F45F
:10A4F0000073002B05D0BDF80E3043F40053ADF8C7
:10A500000E30BDF8063003F01003002B07D0BDF865
:10A510000E306FEA43436FEA5343ADF80E30BDF897
:10A520000E30184604B0704700B589B00190009114
:10A5300003238DF81E30019B9B680693019B1B68CB
:10A540000DF1130206991846E4F7F8F903468DF861
:10A550001E309DF81E30002B02D09DF81E3040E0CA
:10A56000019B1B7B042B0ED0042B10DC002B02D094
:10A57000022B04D00BE000238DF81F3009E02023CC
:10A580008DF81F3005E010238DF81F3001E0022305
:10A5900027E000238DF812309DF813301846E4F7B9
:10A5A0000FFC0590019B5B680DF11202194605989E
:10A5B000E4F712FA03468DF81E309DF81E30002B8A
:10A5C00002D09DF81E300CE09DF813109DF812206B
:10A5D000009B1970009B5A70009B9DF81F209A7079
:10A5E0000023184609B05DF804FB000084B0019018
:10A5F0000091019BDB78DB08DBB20393019BDB78E6
:10A6000003F00703DBB2002B01D002236AE0039BB7
:10A61000052B01D9022365E0039BDBB2013BDBB2D2
:10A620005B00DAB2009B5A70009B10229A70019B6B
:10A630001B889B089BB20293019B1B8803F00303BA
:10A640009BB2002B01D002234CE0029B082B02D8C6
:10A65000029B002B01D1022344E0029BDBB2013BB1
:10A66000DBB21B01DAB2009B1A70019B5B79002BF5
:10A6700001D1002200E02022009BDA70019B9A7930
:10A68000009B1A71019BDB79052B1FD801A252F8A0
:10A6900023F000BFADA60300B5A60300BDA60300CE
:10A6A000CDA60300CDA60300C5A60300009B002293
:10A6B0005A710DE0009B10225A7109E0009B202284
:10A6C0005A7105E0009B30225A7101E0022309E033
:10A6D000019B1B7A012B01D1002200E00822009B84
:10A6E0009A710023184604B0704700BF00B585B0CA
:10A6F00001900091019B1B781B01DAB2009B1A703C
:10A70000019B5A78009B013319461046FFF796FDCE
:10A7100003468DF80F309DF80F30002B02D09DF8C6
:10A720000F3034E0019B9B78013B062B2CD801A213
:10A7300052F823F051A7030059A7030061A70300B3
:10A7400069A7030071A7030079A7030081A703008D
:10A75000009B01229A7019E0009B02229A7015E07A
:10A76000009B03229A7011E0009B04229A700DE076
:10A77000009B05229A7009E0009B06229A7005E072
:10A78000009B07229A7001E0022300E00023184694
:10A7900005B05DF804FB00BF10B582B001900091D8
:10A7A000019B1B88009C1846FFF706FD03461BB261
:10A7B0001A462270C3F307236370019B9B78002B1A
:10A7C00002D0012B04D007E0009B00229A7005E024
:10A7D000009B80229A7001E002230CE0019BDA7852
:10A7E000009BDA70019B1A79009B1A71019B5A79C0
:10A7F000009B5A710023184602B010BD00B585B009
:10A800000190009103238DF80E30019B1868019B85
:10A810005B680DF10D021946E4F71EF903468DF849
:10A820000E309DF80E30002B02D09DF80E3027E040
:10A83000019B5B7A022B0ED0022B10DC002B02D086
:10A84000012B04D00BE000238DF80F3009E020230A
:10A850008DF80F3005E010238DF80F3001E0022352
:10A860000EE09DF80D10019B1B7A5B00DAB2009B95
:10A870001970009B5A70009B9DF80F209A7000235E
:10A88000184605B05DF804FB10B487B00190009144
:10A89000019B1B889B089BB20593019B1B8803F0BF
:10A8A00003039BB2002B01D002234EE0059B082B33
:10A8B00002D8059B002B01D1022346E0059BDBB2A9
:10A8C000013BDBB21B01DCB2019B9B78002B01D06A
:10A8D000042000E00020019BDB78002B01D0002148
:10A8E00000E02021019B1A79009B1C70009B58708E
:10A8F000009B10209870009BD970009B1A71009BE0
:10A9000000225A71019B5B79032B1BD801A252F8DC
:10A9100023F000BF25A903002DA9030035A90300DA
:10A920003DA90300009B00225A710DE0009B1022FC
:10A930005A7109E0009B20225A7105E0009B3022E9
:10A940005A7101E0022300E00023184607B05DF8C9
:10A95000044B704730B583B0044600F0DDFD0E4D6A
:10A9600001902B6823F440732B60019800F0D8FD10
:10A9700063782278A1781B0203F44073120143EA42
:10A980004103D2B2134343F4801343F480630020A5
:10A990002B6003B030BD00BF00800140034A136844
:10A9A00043F0010300201360704700BF00800140A6
:10A9B000494B1A6812B9494A12681A60092800F20C
:10A9C0008980DFE800F00D161E263A424C545C05E3
:10A9D0004FF0402300201A6A6FF300021A6270479A
:10A9E0004FF0402300224721596110469A615A6175
:10A9F00070474FF040230020DA686FF30002DA60FE
:10AA000070474FF040230020DA686FF34102DA60AC
:10AA10007047334AD368DBB2212B06D1D2F82031FC
:10AA2000012161F30923C2F820314FF040220020B8
:10AA3000D36843F00103D36070474FF040220020F9
:10AA4000D36843F00203D36070474FF040230022E5
:10AA5000472001215861996110465A6170474FF0B3
:10AA600040230020DA686FF3C712DA6070474FF0B6
:10AA700040220020D36843F08003D3607047184A17
:10AA8000D368DBB2212B0AD039B10B6843F0010344
:10AA90004FF04022002013627047124BF8E700B5D8
:10AAA00083B04FF47A500191D2F8203143F44073CF
:10AAB000C2F8203100F07EFA019949B10B6843F0E9
:10AAC00001034FF040220020136203B05DF804FB45
:10AAD000044BF6E706207047807B001000F0FF4F24
:10AAE0000000024001B82500B0B110B44FF0402181
:10AAF00003468C6909480A4A14F0010F08BF024650
:10AB00001A60CA695DF8044B02F00101C2F3400209
:10AB1000002059601A72704706207047006CDC02F2
:10AB200000366E0198B170B5094E04464FF00045ED
:10AB3000B4FA84F3C3F11F0225FA03F356F8222076
:10AB400024EA030402B19047002CF1D170BD704794
:10AB500098450010B0F5803F10B50C4600F0BD8060
:10AB60001CD8B0F5807F00F0AC803BD820282BD8D3
:10AB700080B301381F282DD8DFE800F099A52CA755
:10AB80002C2C2CAD2C2C2C2C2C2C2CAB2C2C2C2C05
:10AB90002C2C2C2C2C2C2C2C2C2C2CA9B0F1807F88
:10ABA00000F08D8055D9B0F1805F00F0868042D9E9
:10ABB000B0F1804F71D0B0F1004F08BF1F2326D1F4
:10ABC000474A42F8234010BD402862D0802808BF81
:10ABD0000723F5D0434A44484FF4E97100F0B6F931
:10ABE0000023EDE7B0F5805F65D016D9B0F5804F52
:10ABF00055D0B0F5004F08BF0F23E1D0B0F5005F8E
:10AC000008BF0D23E6D1364A42F8234010BDB0F10B
:10AC1000005F08BF1D23D3D0DCE7B0F5806F44D0C0
:10AC2000B0F5006F08BF0B23CAD0B0F5007F08BF96
:10AC30000923C5D0CEE7B0F1806F34D0B0F1006FFA
:10AC400008BF1B23BCD0B0F1007F08BF1923B7D0C9
:10AC5000C0E7B0F5801F2CD00DD9B0F5800F20D003
:10AC6000B0F5000F08BF1723AAD0B0F5001F08BF2A
:10AC70001523A5D0AEE7B0F5802F0CD0B0F5002F8E
:10AC800008BF13239CD0B0F5003F08BF112397D015
:10AC9000A0E7062394E7122392E71E2390E70E23F2
:10ACA0008EE716238CE71A238AE70A2388E7002316
:10ACB00086E7142384E70C2382E71C2380E718230C
:10ACC0007EE708237CE701237AE7022378E7052360
:10ACD00076E7042374E7032372E7102370E700BFCD
:10ACE00098450010E43C04000C3D04002DE9F041BF
:10ACF00082B00E460546144600F00EFC204F01902F
:10AD00004FEA451806F0082358F80720134348F87F
:10AD10000730019800F004FC00F0FEFB16F5803FC0
:10AD2000009058F8073021D023EA0603721C43EA4A
:10AD3000040310D143F0004348F80730009800F0B6
:10AD4000EFFB00230F4800EB4505C4F34404EC542B
:10AD500002B0BDE8F08148F80730009800F0E0FB51
:10AD60004FF6FF739E42F3D10023EBE79BB224041E
:10AD7000234348F80730009800F0D2FB0123E1E7B5
:10AD80000C800040241A001030B583B00C460546F4
:10AD900000F0C2FB4FEA451C104901905CF80130FD
:10ADA00004F0082223EA020204F00113134314F50D
:10ADB000803F4CF801300CBFC3F34444C3F3440458
:10ADC000074B01980CBF0122002203EB4505AC5450
:10ADD00003B0BDE8304000F0A3BB00BF0C800040D2
:10ADE000241A001030B583B045010C4600F094FBE6
:10ADF000064B0190E95804F0011421EA0404EC50D8
:10AE0000019803B0BDE8304000F08ABB0C800040E0
:10AE10002DE9F04182B045010E4614461F4600F070
:10AE20007BFBDFF89C80019016F5803F55F80820E9
:10AE300021482FD002F4C072802A19D04FF6FF7239
:10AE4000002196420B461CD01C4A16F5803F05EBAC
:10AE5000020727D01B0C1B0443EA1443A4B221436E
:10AE60002950AB50019802B0BDE8F04100F058BB4A
:10AE70004FF6FF7296424FEA04412346A4EB0704C3
:10AE8000E2D1A4B221432950019802B0BDE8F041BB
:10AE900000F046BB120C02F4C072802AE8D0074FC3
:10AEA00000212F44A4B221433960019802B0BDE8CB
:10AEB000F04100F035BB00BF048000400880004036
:10AEC0000C80004010B582B0044600F025FB064A15
:10AED0000190D2F800322343C2F80032019802B048
:10AEE000BDE8104000F01CBB0080004010B582B0EF
:10AEF000044600F011FB054B0190C3F8084201988D
:10AF000002B0BDE8104000F00BBB00BF0080004065
:10AF100010B582B0044600F0FFFA0B4B019054B11B
:10AF2000D3F80442D3F8003201981C4000F0F8FA3C
:10AF3000204602B010BDD3F80442019800F0F0FAA8
:10AF4000204602B010BD00BF00800040FEE700BFF9
:10AF5000004B184751000008F0B5134D01EB830C6E
:10AF6000AC4583B005D0114CA44603B0BDE8F04019
:10AF70006047012B07461C46164605D90B4D013B81
:10AF8000A84708B103B0F0BD094B04F18042D3F8E3
:10AF9000FC3F0193013A054C012306EB820201A913
:10AFA0003846A04703B0F0BD000006105500000869
:10AFB00000F005104FF040235B6B5B0746BF40007D
:10AFC0000E230B23984202D9014AC01A104770473A
:10AFD0009D0000082DE9F8439DF820C0DFF85C8053
:10AFE00004460D4616461F464FF04029BCF1000F9F
:10AFF0000AD01AE0F4B1D9F8343013F0040F0CBFC2
:10B0000005201220013CC04728683040B842F1D0EA
:10B010000020BDE8F8836CB1D9F8343013F0040F88
:10B020000CBF05201220013CC04728683040B842C0
:10B03000F1D1EDE70420BDE8F88300BF9D000008D2
:10B04000312800F2C3802DE9F04F044611F0E007EB
:10B0500001F0070085B0C1F3C1034FEAC0020FD071
:10B06000C1F34216B51D05F00705032D42F001029C
:10B0700040F2AE80C02F00F0E180202F00F0E3808E
:10B0800063B1012B00F0D380022B40F0C980794BD3
:10B090001B5D5B0740F1C48042F08002764B1B5D74
:10B0A00003415B0003F002031343744A125D8242C2
:10B0B00000F09980C1F30030C1F38125C1F38032E3
:10B0C00043EA4003880A42EA450200F008000243CE
:10B0D000C1F3072000F00C05042D00F0A580684D99
:10B0E0002D68A1EB0508B8FA88F84FEA581810F057
:10B0F000600F04BFC1F3C03060F30002A000C1F3D1
:10B10000012102295CD0032958D001294FEAC4014A
:10B1100008BF43F0040301F01801002700F01C00F1
:10B1200002FA00F60F228240D2434FF0FF0903FAE1
:10B1300001F509FA01F9019200F0EEF924F0030A91
:10B140004FEA540B0AF1804C4E4B4F49019A039041
:10B150006FEA09092BF0030B0CF5803CB8F1000FE6
:10B160000BD04FEAD40E04F01F0848480EF0040E2E
:10B17000012404FA08F44EF800404548732404669C
:10B18000DCF8004004EA09042543CCF800505BF8E1
:10B190000340224032434BF803205AF8013003EABF
:10B1A0000909002449EA07074AF801700466039870
:10B1B00000F0B6F9204605B0BDE8F08F43F0040377
:10B1C000E10001F0180101278F40A7E70620704732
:10B1D000284D2D5D023E42EA8612EE0736D5002B41
:10B1E0003FF45CAF4DE7C1F30242072A30D0294D4E
:10B1F000C1F3C14040EA021215F82400904229D060
:10B2000005EB8405A0006E7896422DD0AE7896426C
:10B210002CD0ED7895422BD01F4805B0BDE8F08FBB
:10B220001E4805B0BDE8F08F4FF001085FE7114BF5
:10B230001B5D9D07F4D542F040022FE7142C3FF42C
:10B240001FAF1748B7E7142C7FF41AAF1548B2E7C1
:10B250001548B0E70022A0005200C1F3405542EA71
:10B26000C5024FF000084AE70122F5E70222F3E7A2
:10B270000322F1E72C3D0400603D04005C3E040025
:10B28000243D040040000140E0000140B4000140C2
:10B2900000000140943D0400040100080201000880
:10B2A0000101000800010008030100085AB131281B
:10B2B0001DD8C308012903F0040300F01F001BD0B0
:10B2C00002290BD009B10620704710495B5823FAB8
:10B2D00000F000F001001060002070470C495B583E
:10B2E00023FA00F000F001001060002070474FF0DA
:10B2F000FF3313600520704706495B5823FA00F0BE
:10B3000000F0010010600020704700BF8000014085
:10B31000A00001408800014031281AD870B50529E5
:10B3200082B00D4612D800F01F030122C00802FAB5
:10B3300003F600F0040400F0EFF8013D0190042D45
:10B3400021D8DFE805F012151A1D0800062002B00A
:10B3500070BD052070470D4AA3587340A350019853
:10B3600000F0DEF8002002B070BD094BE650F6E7B1
:10B37000084AA3587340A350F1E7044BE650EEE7A8
:10B38000054BE650EBE7054BE650E8E7B40001401B
:10B390009000014088000140A80001409800014051
:10B3A00070B58C0CA40482B0ACB90D46064600F012
:10B3B000B3F80A4B0190D3F800023043C3F80002FF
:10B3C000D3F810120D43C3F81052019800F0A8F8FA
:10B3D000204602B070BD052002B070BD00000140E3
:10B3E00070B58C0CA40482B07CB90D46064600F002
:10B3F00093F8074B0190C3F80862C3F818520198FC
:10B4000000F08EF8204602B070BD052002B070BD7D
:10B4100000000140D1B130B583B00C46054600F0C4
:10B420007BF80B4A0190D2F81432D2F804122DB1F5
:10B43000D2F81002D2F80022034011400198C4E96A
:10B44000001300F06DF8002003B030BD06207047F7
:10B45000000001402DE9F84F8B0C9B04002B4DD1CF
:10B4600050EA01020E46074643D0274DDFF89C9074
:10B470009B469846CBF1200206FA02F2ABF120037C
:10B4800027FA0BFA26FA03F34AEA020A5AEA030AEF
:10B490001AD00124CAF1000303EA0A03B3FA83F3C2
:10B4A000C3F11F0303EB0B0104FA03F355F821204A
:10B4B0002AEA030ABAB112F0010F42F001030BD0DD
:10B4C0009047BAF1000FE5D10BF1200BBBF1400F13
:10B4D000D0D14046BDE8F88F59F821009847BAF11D
:10B4E000000FD7D1F0E74FF00708BAF1000FD1D124
:10B4F000EAE74FF001084046BDE8F88F4FF0050835
:10B500004046BDE8F88F00BFE04600101846001026
:10B51000EFF3108062B67047EFF3108072B6704799
:10B5200080F31088704700BF70B54468D0F8640895
:10B5300004F5A0240434240300230E05D4F800529B
:10B54000C4F800322AD5D4F880329A075BD4D4F8F4
:10B55000B4329B0708D5D4F80031C3F30743032B5B
:10B56000F5D9D4F80831F6E7D4F8B43203F006037D
:10B57000042BF9D1D4F8003113F47F0F0ED0D4F896
:10B580000031C3F30743032BF4D9D4F80831F6E7AD
:10B59000D4F8B43203F00603042BF9D111F4047F7C
:10B5A0002AD0D4F81064D4F8B43203F00603042B84
:10B5B000F9D1D4F814326FF30413C4F81432D4F868
:10B5C00010316FF34103C4F81031D4F8103443F054
:10B5D0000203C4F810344000FFF7ECFCC4F8106418
:10B5E000D4F8103143F00203C4F81031D4F8143207
:10B5F00043F01003C4F814324FF0FF33C4F808329C
:10B60000C4F8005270BDD4F88822074E002ABFD07B
:10B61000D4F80031C3F30723032BF9D9042AC4F863
:10B620000C61B5D9043AF1E7EFBEADDE05281AD8B2
:10B63000E9B130B540F6A40C0E4D0CFB00FC05EB57
:10B640000C040246E37813F001030ED1184655F8B6
:10B650000C3003F07C4E084B4EEA030345F80C30E7
:10B6600062600C6030BD05207047072030BD0620A9
:10B67000704700BFA847001056341201002863D05D
:10B6800030B50368314A23F07E43934285B00446C7
:10B6900050D1C3789B0750D44068217A00F5A0238D
:10B6A00004331B030039D3F8142218BF0121C2F35D
:10B6B000420291420CBF01221022C3F81422E26818
:10B6C0008AB32349029200226262E261C3F8A412A3
:10B6D0002369C4F8542884F83C28C4F83828C4F8EE
:10B6E0004428C4F84028C4F83028C4F82828226226
:10B6F000C4F85C284FF4807501225B088DF80C209B
:10B70000C0B204F62802A4F82C5801A9019301F054
:10B7100085FB636803F5A023043302221B0378B979
:10B720002562C3F84022E378002043F00203E3706F
:10B7300005B030BD022005B030BD002005B030BDE1
:10B74000C3F8402205B030BD0220704756341201C4
:10B750004000800038B5002867D0036804466D4873
:10B7600023F07E43834260D1002964D0013901294E
:10B770005ED8E378606899070ED500F5A0230433FE
:10B780001B03D3F8B43203F00603042B40F0BE8051
:10B79000636A002B40F0BA80F2B300F5A0230433B3
:10B7A0001B03D3F80411D3F81022C4F87428C4F88A
:10B7B0006C18D3F81412D3F89422C4F87C28C4F877
:10B7C0007818D3F89812D3F8A022C4F88428C4F8C3
:10B7D0008018D3F8A812D3F8AC22C4F88C28C4F887
:10B7E0008818D3F8B012D3F80023C4F89428C4F80A
:10B7F0009018D3F80014D3F80022C4F89C28D3F88A
:10B800004022D3F89432C4F89818DB07C4F87028A3
:10B8100069D4012384F868380230C0B200F026FEF3
:10B8200000285ED10025284638BD0225284638BDAF
:10B830000625284638BD002A4CD094F86838002BDD
:10B8400066D060680230C0B200F0DAFD054600281C
:10B8500047D16368D4F86C18D4F87C2803F5A0238A
:10B8600004331B03D007C3F80411D4F87418C3F8C9
:10B870001012D4F87818C3F81412D4F88018C3F84A
:10B880009812D4F88818C3F8A812D4F88C18C3F802
:10B89000AC12D4F89018C3F8B012D4F89418C3F8C6
:10B8A0000013D4F89818C3F80014D4F89C18C3F8FF
:10B8B0000012D4F87018C3F8401294F88418C3F832
:10B8C000A41222F00101C3F8941212D4002384F8C8
:10B8D0006838ABE760680230C0B200F091FD002824
:10B8E000A0D00925A2E7D4F8280801F00DFB606874
:10B8F0008FE7626A2AB9D3F8982203F52673C2E962
:10B900000032D4F8280801F0E1FADFE703258DE7DB
:10B9100007258BE75634120180B30368984A23F059
:10B920007E4393422AD1002900F0FB804368052B17
:10B9300000F2F780C278920700F1F5802DE9F04F10
:10B9400003F5A02304330A7802721B0341F21004AA
:10B95000C3F80441A2B1012A40F0E7804A68894C4B
:10B96000A24200F00681884CA24200F0FC80874C85
:10B97000A24200F0EC800620BDE8F08F0220704764
:10B980000E7A032EF7D84C68814A9442F3D8B2FB62
:10B99000F4F5002C00F0D08004FB1522002A0CBF27
:10B9A000AC4605F1010CCCF1000202EA0C02B2FA3D
:10B9B00082F2C2F11F02062AA8BF0622B4F5376F31
:10B9C00040F2B580DFF8E4E1A4F57407A7F510575D
:10B9D000774534BF4FF002094FF0000909F1010922
:10B9E00034BF4FF0010E4FF0000E09FA02F8BCFB15
:10B9F000F8F708FB17C8B8F1000F18BF0137B7FAFE
:10BA000087FACAF11F08B8F1070F40F29780073A8A
:10BA1000424402F10108B8F1070F00F28D80CAF12B
:10BA2000180A4FF0010B0BFA0AFB0BF1FF3B27FA48
:10BA30000AFA0BEA070BBBF1000F0CBF57460AF1DD
:10BA40000107DFF86CA154457BD201249440A44542
:10BA500077D007F1FF3C3C464FF4805A4FEA660B23
:10BA6000BBF1010F09FA02F208BF023F04FB02F228
:10BA70004FEACE2414BF4FEA5C077F0844EA08244B
:10BA800044EA0A043F0444EA0C6407F47F073C4399
:10BA90003F4FDFF820C1B7FBF2F902FB197E5208D5
:10BAA00072452CBF4F4609F10107DFF80CE1ACFBF2
:10BAB00007C2DFF808C1120C77454FEA08280CFBD3
:10BAC000127C06D9571E3A4052EA0C0201D148F4C2
:10BAD000006444F00104C3F80063C3F81042D1E9E4
:10BAE0000313A3F10802C16046F25F01B1EB820FBC
:10BAF00003614FEA820328BF264AC0F8645826BF74
:10BB0000A2FB03239B094FF48073C0F8583800232D
:10BB10004FF47A74C0F8A038C0F860481846BDE801
:10BB2000F08F0620704707207047052024E74FF06C
:10BB300003094FF0010E58E70124CCE702F1010898
:10BB40007FE707F1FF3C01244FF0000A86E704F18C
:10BB5000EE44114AC3F8002404F5661404F6613477
:10BB60004FF4F075B9E70D4A0D4CC3F800243025A9
:10BB7000B3E70C4A0C4CC3F800247825ADE700BFAE
:10BB800056341201801A060040420F00A0860100C0
:10BB9000006CDC02ABAAAAAA70F0030040302100BE
:10BBA0000113030670F2030001120E1D00127A0049
:10BBB000001BB70083DE1B438FD0030090D003002F
:10BBC000002800F039812DE9F04F0368BD4A2DEDC2
:10BBD000028B23F07E43934285B0064640F00A81F3
:10BBE0000C46002900F0118191F81080B8F1010F86
:10BBF00000F21681D1F80CB0BBF1000F00F00C81FF
:10BC0000D4F80490B9F1030F00F2FF80D4F808A033
:10BC10004FEAC9024FF0FF33934013EA0A0F40F096
:10BC2000F480BBF1000F00F00281B8F1000F00F0CA
:10BC30000681A369002B00F0E880337A012B00F025
:10BC4000E0803BB92368032B00F2DF80BBF5805F07
:10BC500080F0DB8096F82C38022B00F0E180D4E9EC
:10BC60000537B8F1000F08BF1F4601230093756820
:10BC700094F81CC0D6F86008029500234FF0FF32FC
:10BC800006F12401CDF80CC0FFF7A4F90346002803
:10BC900040F0B180029D05F5A025043501232D0358
:10BCA000009305F52D73194608EE103AD6F8600892
:10BCB00004230622FFF78EF90346002840F09B80FC
:10BCC000D5F800220292C5F80002D5F8802260F370
:10BCD0000002C5F8802222684FF0FF31C5F8081233
:10BCE000C5F80424317A002900F0AE80C5F81C02A2
:10BCF000754AB8F1010F02EA0B2B4BEA030300F07F
:10BD0000E980CAF30F22E468C5F82022D5F80021A3
:10BD1000C2F30722032ABB4617D9B4B15BF8041B50
:10BD2000C5F80C11032C0FD9043A22F00302043297
:10BD300017445F45A4F1040407D034B15BF8042B29
:10BD4000C5F80C21032CF4D844464FEA4919039A4C
:10BD500049EA0A6A4AEA030343EAC21343F00103C9
:10BD6000C5F81832002C00F09580D5F80031C3F3E7
:10BD70000723032B00F29080544F0AE0013F0ED0BE
:10BD8000FFF718F9D5F80031C3F30723032B00F2AE
:10BD90008380D5F80432DB074FF01000EED5012781
:10BDA000042318EE101A4A4800970622FFF712F9EA
:10BDB000034680B9D5F8043213F06C0F40F0BF8011
:10BDC000990500F1BF80DA0600F1BE8003F49043CC
:10BDD000234307D03B46D5F8041203933046FFF7C0
:10BDE000A3FB039B4FF0FF32C5F80822029AC5F867
:10BDF000002200E00223184605B0BDEC028BBDE82E
:10BE0000F08FBBF1FF0F7FF625AF0623184605B074
:10BE1000BDEC028BBDE8F08F81F810B0D846EFE69C
:10BE20000723184605B0BDEC028BBDE8F08F337ACE
:10BE3000012B7FF406AF0DE70223184670476369B4
:10BE4000002B7FF4FAAEE0E7B118130591F8A028B3
:10BE5000C5F81C2203F440134AE7032BC8F800106E
:10BE6000A4F1040408F1040866D99CB1032CD5F8A8
:10BE70000811A3F10403F0D8013C88F800104FEA40
:10BE8000112307D0012C88F801304FEA114101D06D
:10BE900088F80210002482E704F003005A4652F8A2
:10BEA000041BC5F80C11A042ABEB02011944A4F12C
:10BEB000040404D0032903D9002CF0D1EAE7444656
:10BEC00093464FE75634120100FF0F0021A10700EF
:10BED00020A107004FEA491242EA0A621343039A7B
:10BEE000E46843EAC21343F00203CAF30F22C5F821
:10BEF0002022C5F81832002CCCD00022B846D5F844
:10BF00000031C3F30743032BB0D8104F02E0013FC9
:10BF10003FF445AF102012B1A342FFF440AFFFF74A
:10BF200049F8D5F80422D5F80031C3F30743032BB1
:10BF300002F00102EBD999E7002CE0D1AAE74FF01B
:10BF4000006348E7024B46E7024B44E720A10700A5
:10BF50000100000802000008002800F01A812DE905
:10BF6000F04F0368B94A23F07E43934287B00746F7
:10BF700040F0F7808846002900F0FC800B7C022B03
:10BF800040F0FD80D1F80490B9F1030F00F2F28087
:10BF9000D1F808A04FEAC9024FF0FF33934013EAEB
:10BFA0000A0F40F0E780CB680293002B00F0EC8092
:10BFB0008B690393002B00F0DD804D69002D00F0AC
:10BFC000D980037A012B00F0D1804BB9D8F800302A
:10BFD000032B00F2CF80029BB3F5805F80F0CA8014
:10BFE000D8F81830D8F8145003934FF0010BCDF85F
:10BFF00000B098F81C60D7F860087C6804960023AD
:10C000004FF0FF3207F12401FEF7E4FF034600285A
:10C0100040F0A88004F5A02404342403CDF800B037
:10C0200004F52D7B0423D7F8600806225946FEF755
:10C03000D1FF0346002840F09580D8F80020D4F8BE
:10C040000062C4F800324FF0FF30B918C4F808029B
:10C05000C4F8042491F8A018C4F81C12397A059683
:10C06000002900F0A0801846CAF30F22C4F820224D
:10C070004FEA4913764A0299D8F80C80039E43EAA6
:10C080000A6302EA012203431343049A43EAC213F8
:10C09000D4F8002343F0010342F00402C4F8002363
:10C0A000C246C4F81832A946B8F1000F75D0D4F8CA
:10C0B0000021D4F80011C2F30722C1F30741032A7B
:10C0C0000B4600F2AF80032973D8624D1020FEF7B3
:10C0D00071FFD4F80412D4F80021D4F80031C2F36F
:10C0E0000722032AC3F3074301F0010100F29780FE
:10C0F000032B5CD8013D03D00029E7D09A45E5D950
:10C10000012504235348009559460622FEF762FF95
:10C11000034688B9D4F8043213F06C0F40F0C080A5
:10C12000990500F1C080DA0600F1BF8003F4904366
:10C1300053EA080307D02B46D4F80412029338467A
:10C14000FFF7F2F9029BD4F8002322F00402C4F8AE
:10C1500000234FF0FF31059AC4F80812C4F80022FA
:10C1600000E00223184607B0BDE8F08F029BFF2BCA
:10C170007FF63BAF0623184607B0BDE8F08F0723D4
:10C18000184607B0BDE8F08F037A012B7FF41DAF8E
:10C1900026E70223184670478146BAF1000F35D0D2
:10C1A0004FF0000883E7130503F440105CE7002913
:10C1B000A6D1BAF1000F6ED0BAF1030FD4F808116E
:10C1C0003246A3F1040311D9032B42F8041BAAF150
:10C1D000040A5AD9BAF1000F57D01646BAF1030F24
:10C1E000D4F808113246A3F10403EDD8BAF1010ADC
:10C1F00031704FEA11230CD0BAF1010F73704FEA7E
:10C20000114106D0B170B8F1000F05D14FF0000810
:10C2100076E7B8F1000FF9D04FF0000A47E70029A0
:10C220007FF46EAFB8F1000F41D04846B8F1030F6C
:10C2300050F8041BC4F80C110ED8032BACD9BAF17A
:10C24000000FE3D081464FF00008B5E756341201E5
:10C2500000FF0F0020A10700111F21F0030104318E
:10C26000494481464945A8F104080BD0B8F1000FB4
:10C2700008D059F8042BC4F80C21B8F1030FF1D8F9
:10C280004FF00008032B94D832461646B8F1000F41
:10C290007FF40DAF81E7B8F1000F7FF408AFB5E789
:10C2A0004FF0006348E7064B46E7064B44E7032B95
:10C2B0007FF673AFBAF1000F7FF47EAFA6E700BF41
:10C2C0000100000802000008002900F08F8001280A
:10C2D00030B406D002286DD0002855D0062030BCDE
:10C2E0007047434A434813680B6054684C60946835
:10C2F0008C60D468CC60C3F3035514690C6150F8AA
:10C3000025503D4C5069486103F00102C3F30343DB
:10C31000C1E9062554F82330384A0B62D2F8E030E0
:10C32000D2F8E400DBB200F00F0043EA00234B62D6
:10C33000D2F8E430D2F8E800C3F3031300F00F00A2
:10C3400043EA00138B62D2F8E830D2F8EC0003F035
:10C35000F003C0F303100343CB62D2F8FC40D2F8E1
:10C36000F830D2F8F400D2F8F020DBB21B0443EA34
:10C3700004635FFA82FC43EA0C03C2B243EA02237D
:10C380000B63002030BC7047194A9369C3F38014D3
:10C390000C70D2F8A041C3F380034B70C4F38163E7
:10C3A0000B715369C3F3400203F0010330BC8A7080
:10C3B000CB7070470E4A4868D2F8CC3103F00104C4
:10C3C0000C70C3F340040C72D2F8C441CC60D2F8B4
:10C3D000C0412043C3F380034860D2F8C8210B74E6
:10C3E0004B691343002030BC4B61704706207047F7
:10C3F00000000240903E0400D03E0400000F00F018
:10C40000F0B583B00446FFF787F804EB4404154EFB
:10C41000154D0090A400B3682F593B43B3600098BA
:10C420002C44FFF77DF8A020FEF7C4FDB3696468D3
:10C43000234203D1A020FEF7BDFDB369094DAB69CE
:10C44000234202D0002003B0F0BDFFF765F8019051
:10C45000AB6823EA0707AF600198FFF761F8012096
:10C4600003B0F0BD00100240103F0400F0B583B0EF
:10C470000446FFF751F804EB44041D4E1D4D019096
:10C48000A400B3682F5923EA0703B36001982C4432
:10C49000FFF746F8A020FEF78DFDB36964682342DC
:10C4A00003D0A020FEF786FDB369114B98692040A8
:10C4B00001D103B0F0BD082C9B6806D0102C12D01F
:10C4C000042C0BD0012003B0F0BD13F00E0FF9D0F7
:10C4D0001F4214BF0120002003B0F0BD40F2815282
:10C4E0001342EFD0F4E713F0700FEBD0F0E700BF8A
:10C4F00000100240103F040001281AD8E9B130B5FD
:10C5000068220F4D00FB02F2AC18E378C3F3000E73
:10C5100013F001030FD16062A85800F07E4C094867
:10C520004CEA0000A85084F804E0236618460C602A
:10C5300030BD05207047072030BD0620704700BF82
:10C54000847B0010069EEA012DE9F0410446006854
:10C550003E4B20F07E469E4284B049D1656A05F18B
:10C560000800C7B2D1B1481E01283DD805F5802882
:10C57000002A41D105F580251C352D034FF0FF33EE
:10C5800008F11C086B644FEA083500242C63384618
:10C59000FFF76CFF204604B0BDE8F081002A4BD0C5
:10C5A0002379002B4FD0384605F5802501911C35A5
:10C5B000FFF726FFFEF7B0FF2D03A36802902B6262
:10C5C000D4E903236A62AB62D4E90523EA622B63F0
:10C5D000D4E9072301996A63AB6302982171FEF7DE
:10C5E0009FFF0199084600E0062004B0BDE8F081F5
:10C5F000022004B0BDE8F081FEF78EFF08F11C05B3
:10C600002D0303902A6AA2606A6AE260AA6A226124
:10C61000EA6A62612A6BA2616A6BE2610123AA6B1A
:10C62000226223710398FEF77BFF236823F07E4389
:10C63000B342AAD1656A9DE738460192FFF7E0FE52
:10C64000019A1046D1E70720CFE700BF069EEA0116
:10C650000368814A23F07E43934240F0B3802DE982
:10C66000F041446A04F580241C342403002323632E
:10C6700090F86430052B84B0054600F2B5800E4674
:10C68000002B40F09B800127FEF746FF0190236BB3
:10C6900043F008032363236B67F3061323630198B6
:10C6A000FEF73EFFFEF738FF0290236B6FF30003A7
:10C6B0002363236B6FF349232363236B6FF30823F7
:10C6C00023630298FEF72CFF644B3268DB68DBB211
:10C6D000122B7DD0614BDB68DBB2202B02D9604B83
:10C6E0009A4279D8236BC3F30213013BDBB2032BCD
:10C6F00074D85C4951F82310120191424FEA81131A
:10C70000B1FBF2F0B3FBF2F3A3EB801370D36062E2
:10C710006062A3629B0803EB0013B1FBF3F32B668B
:10C72000236B6FF38E332363236B6FF3CF3323635A
:10C730003369226B71691A4373682263F26861631B
:10C740001343B268134343F01003E362FEF7E4FEC1
:10C750000390236B43F001032363236B43F40073C3
:10C760002363236B43F4807323630398FEF7D8FE9F
:10C770002A68394B22F07E48984525D1B169D6E91F
:10C78000084711B1F369002B36D16B6A03F580239A
:10C790001C331B03002285F828209A6B22F020020C
:10C7A0009A630CB1002F3DD19A6B002022F0500209
:10C7B00085F844009A6304B0BDE8F081013B03F0C2
:10C7C000070761E702207047002004B0BDE8F08150
:10C7D000B2F5612F7FF67EAF2348ECE723480023B4
:10C7E0002B6604B0BDE8F081062004B0BDE8F081FE
:10C7F00000231D482B66DEE7012285F8282005F17D
:10C800002C0000F09DFB2B6823F07E434345DBD1D9
:10C810006B6A03F580231C331B039A6B42F02002E2
:10C820009A63BEE7012285F844203B46214605F184
:10C83000480000F085FB2B68074A23F07E439342B3
:10C84000C2D16B6A03F580231C331B0300209A6B53
:10C8500042F050029A63AEE7069EEA0100000240F1
:10C8600060E31600C43F0400030000080200000853
:10C870002DE9F04F2DED028B0D6891B004464DB1BE
:10C88000012D00F08F800725284611B0BDEC028BEA
:10C89000BDE8F08FD1E902B84B680A6902921846E8
:10C8A000B8F1000F00F01181BBF1000F00F07281B0
:10C8B000002C00F06581A9462F46019525461946B2
:10C8C0002A681C46AD4B22F07E429A425E462DD12C
:10C8D00095F828207ABB481E696A01F580211C3131
:10C8E00009038B699B0605D4013210F8013F0B60E8
:10C8F0009642F6D81744B61A36B9019D029B002B12
:10C9000000F08C801F60BFE71020FEF753FBB8F1EA
:10C91000FF3F18BF09F10109C845EED92A68974BB6
:10C9200022F07E429A4204EB0701D1D0029B03B170
:10C930001F600225A8E7D5E90D02121AB24213467C
:10C9400005F12C0B28BF33461A465846039300F0D6
:10C9500003FBD5F824A0FEF7DFFD0AF5802A0AF1D3
:10C960001C0A08904FEA0A3A0DE000F033FB90B140
:10C970006A6A02F580221C321203936999065CBF31
:10C980009DF81C301360DAF818309B064FF0010256
:10C9900007A95846E9D5039B08981F44F61AFEF7E5
:10C9A000BFFDA9E7CD680B690193D1E901B7002D5F
:10C9B00000F0B580002F00F01E81002800F0E78015
:10C9C0002268DFF8B8A100F1480322F07E4208EEA9
:10C9D000103A4FF000092B465245C8465D461E46A8
:10C9E00033D194F84420002A37D1616A01F58021BF
:10C9F0001C31681E09038B69DD0608D40B6813F42B
:10CA0000706F5ED10132974200F8013FF3D8904435
:10CA1000BF1A57B9019B0BB1C3F800800025284607
:10CA200011B0BDEC028BBDE8F08F1020FEF7C2FA0A
:10CA3000731C18BF09F101094E45EBD9226822F099
:10CA40007E4252450BEB0805CBD00225019B002B03
:10CA50003FF41AAFC3F8008016E7FEF75DFD0790BC
:10CA6000606A00F580201C3000030DF1200C0022CC
:10CA70008369DB0609D4036813F4706F02F10102C5
:10CA800019D1202A0CF8013BF2D118EE100A08A99E
:10CA900000F062FA002875D00798FEF741FD226D7C
:10CAA000BA4228BF3A4618EE100A29469044BF1AE7
:10CAB00000F090FAADE707984FF00065FEF730FD03
:10CAC000C4E790444FF00065C0E7002C3FF431AF5D
:10CAD00022682A4922F07E428A427FF42AAF029BD2
:10CAE0000BB1C3F80080BBF1000F97D094F8285029
:10CAF000002D51D1616A01F580211C31421E0903CC
:10CB00008B69980605D4013512F8013F0B60AB45DF
:10CB1000F6D1029B002B81D01D600025B4E60028D1
:10CB20003FF407AF0268154922F07E428A427FF443
:10CB300000AF03B11D60002F3FF470AF94F84420A4
:10CB4000002A5AD1616A01F580211C310BF1FF33B3
:10CB5000090314468A69D20609D40A6812F470607F
:10CB600076D10134A74203F8012FF3D10546019B8A
:10CB7000002B3FF489AE1C6086E600BF069EEA01EA
:10CB80002746D3E60798394DFEF7CAFC5EE7022533
:10CB900080465BE72F46B1E6656BA26B521B5A4598
:10CBA00004F12C07014628BF5A463846154600F0C6
:10CBB000D3F9666AFEF7B0FC06F580261C360590B0
:10CBC00036030FE008A9384600F004FA78B1626A2B
:10CBD00002F580221C321203936999065CBF9DF80E
:10CBE00020301360B3699B064FF00102EAD5059827
:10CBF000FEF796FC8DE7B8460CE7FEF78DFC616A00
:10CC0000069001F580211C31090308AE00228B69D2
:10CC1000D80609D40B6813F4706F02F101021AD11F
:10CC2000202A06F8013BF2D104F1480608A9304653
:10CC300000F092F9A8B10698FEF772FC246DBC4290
:10CC400028BF3C4659463046224600F0C3F98EE7DD
:10CC50004FF000658BE706984FF00065FEF760FC2B
:10CC600012E60698014DFEF75BFC0DE60100000898
:10CC70002DE9F04180464A48D8F8003023F07E4341
:10CC800083428AB026D111F0500FD8F824500E46B6
:10CC9000144602D098F844306BBBB6060AD42CB1C7
:10CCA00098F8283063B1D8F83430BBB100200AB00E
:10CCB000BDE8F08198F82830002B3ED1002CF5D04B
:10CCC00005F580251C352D03AB691B070ED4012308
:10CCD0002360EBE702200AB0BDE8F08105F580256E
:10CCE0001C352D03AB691A07E0D4F0E70020206063
:10CCF0000AB0BDE8F081FEF70FFCD8F824100190CF
:10CD000001F580211C31090302A800228B69DF068E
:10CD100009D40B6813F4706F02F1010234D1202A98
:10CD200000F8013BF2D102A908F1480000F014F923
:10CD300080B30198FEF7F4FBAFE7D8F82460FEF764
:10CD4000EBFB06F580261C360290360308F12C0713
:10CD500011E00DF10301384600F03CF980B1D8F83C
:10CD6000241001F580211C3109038B6998065CBFF2
:10CD70009DF803300B60B36999064FF00102E8D5C6
:10CD80000298FEF7CDFB8AE70198FEF7C9FB4FF04A
:10CD900000608CE70198FEF7C3FB024887E700BFFD
:10CDA000069EEA01010000080368074A23F07E435B
:10CDB000934207D1436A03F580231C331B030020F1
:10CDC0005964704702207047069EEA01036810B458
:10CDD0000B4C23F07E43A3420DD1436A03F580231D
:10CDE0001C331B032AB9DB6B5DF8044B0B6000207E
:10CDF00070471B6CF8E702205DF8044B704700BFDA
:10CE0000069EEA0142B138B131B91378052B03D837
:10CE100080F864300846704706207047072849D8D4
:10CE200000294BD0F0B54E68002E41D0002A3FD0EB
:10CE30000C68012C3CD9224F4FF02C0E0EFB00FE4B
:10CE400007EB0E03DD7815F0010535D1E4009C6198
:10CE50003444C3E90164C3E90466DE6000EB800C7E
:10CE6000184857F80E4000EBCC00DFF85CC004F027
:10CE70007C4444EA0C0447F80E4058628068C3E9D9
:10CE800007550560586AC06805605C6A2846D4E9A1
:10CE900004572C683C432C605C6A646826605C6ABA
:10CEA000097A2468490001F0020121601360F0BD95
:10CEB0000620F0BD052070470720F0BD0620704712
:10CEC000547C0010D43F0400CDCDCD010346A0B169
:10CED00002680C4922F07E428A420ED1C07810F0DE
:10CEE00002000CD15A6A11680A6842F001020A6015
:10CEF000DA7842F00202DA707047022070470020B0
:10CF0000704700BFCDCDCD010346A8B102680B49E3
:10CF100022F07E428A420FD1C07810F002000CD07D
:10CF20005A6A11680A6822F001020A60DA786FF31F
:10CF300041020020DA70704702207047CDCDCD014C
:10CF400010B40024C0E90044C0E90243C0E9042150
:10CF50005DF8044B704700BF70B5056982B00446A8
:10CF600002FB05F50E46FEF7D7FAE2680190A068CD
:10CF7000131AAB421CD395B1236806B3711E4E1928
:10CF8000626911F8010FD0542368E06801338E42C2
:10CF9000B3FBF0F200FB12332360F1D1A06805442B
:10CFA000A5600198FEF7BCFA0124204602B070BDCE
:10CFB0000198FEF7B5FA0024204602B070BD314654
:10CFC000013101338D42B3FBF2F602FB1633F7D188
:10CFD0002360E4E770B50569044682B002FB05F5FD
:10CFE0000E46FEF799FAA2680190AA421CD395B1A9
:10CFF000636806B3711E4E196269D35C01F8013F84
:10D000006368E06801338E42B3FBF0F200FB123339
:10D010006360F1D1A2680198521BA260FEF780FA0A
:10D020000124204602B070BD0198FEF779FA002471
:10D03000204602B070BDE068314601310133A9429B
:10D04000B3FBF0F600FB1633F7D16360E3E700BFF4
:10D050000D0A52414B776972656C657373205241BA
:10D060004B333138330D0A002D2D2D2D2D2D2D2D27
:10D070002D2D2D2D2D2D2D2D2D2D2D2D2D2D2D2DE0
:10D080002D2D2D2D2D2D2D2D2D2D2D2D2D2D2D2DD0
:10D090002D2D2D2D2D2D2D2D2D2D2D2D2D2D0D0A03
:10D0A0000000000076312E322E300000566572737B
:10D0B000696F6E3A2025730D0A0000002563000099
:10D0C00048617264204661756C7420737461636B8F
:10D0D000656420646174613A0D0A000020202020FC
:10D0E000523020203D203078253038580D0A00007D
:10D0F00020202020523120203D2030782530385803
:10D100000D0A000020202020523220203D203078BF
:10D11000253038580D0A00002020202052332020CE
:10D120003D203078253038580D0A0000202020207E
:10D13000523132203D203078253038580D0A000019
:10D14000202020204C5220203D2030782530385897
:10D150000D0A000020202020504320203D20307860
:10D16000253038580D0A000020202020505352202E
:10D170003D203078253038580D0A00004F7468651E
:10D18000722048617264204661756C742064617419
:10D19000613A0D0A00000000202020204661756CD5
:10D1A000742061646472657373203D20307825308B
:10D1B00038580D0A0000000020202020424641522D
:10D1C0002028427573204661756C74204164647236
:10D1D0002052656729203D203078253038580D0AC7
:10D1E00000000000202020204D4D535220284D6586
:10D1F0006D204D676D74204661756C7420537461A9
:10D200007475732052656729203D203078253032AF
:10D21000580D0A00202020204246535220284275F3
:10D2200073204661756C7420537461747573205259
:10D23000656729203D203078253032580D0A0000DE
:10D2400020202020554653522028557361676520C1
:10D250004661756C742053746174757320526567F0
:10D2600029203D203078253034580D0A0000000078
:10D270002020202020202020424653522062697422
:10D28000373A204246415256414C49440D0A00006B
:10D290002020202020202020424653522062697402
:10D2A000363A2052455345525645440D0A00000077
:10D2B00020202020202020204246535220626974E2
:10D2C000353A204C53504552520D0A002020202060
:10D2D000202020204246535220626974343A205361
:10D2E000544B4552520D0A0020202020202020209F
:10D2F0004246535220626974333A20554E53544B80
:10D300004552520D0A00000020202020202020201D
:10D310004246535220626974323A20494D50524578
:10D320004349534552520D0A00000000202020209E
:10D33000202020204246535220626974313A205006
:10D340005245434953454552520D0A0020202020A2
:10D35000202020204246535220626974303A2049EE
:10D360004255534552520D0A000000004D435520CE
:10D370004661756C7420646174613A0D0A000000A6
:10D3800020202049434F4445204661756C7420415C
:10D390006464726573733A203078253038580D0A0A
:10D3A0000000000020202044434F44452046617582
:10D3B0006C7420416464726573733A203078253050
:10D3C00038580D0A000000002020205359532046F1
:10D3D00061756C7420416464726573733A203078AF
:10D3E000253038580D0A00004552524F5220616DC9
:10D3F0005F68616C5F696F6D5F696E697469616CAC
:10D40000697A650D0A0000007370692066756C6C9E
:10D410006475706C6578206572726F72210D0A00F8
:10D4200068616C5F666C6173685F65726173655F8C
:10D4300070616765206572726F72210D0A000000CD
:10D4400068616C5F666C6173685F77726974655F51
:10D45000627566666572206572726F72210D0A00D0
:10D460004152425F504147455F4144445245535306
:10D470002025303858200000256420000D0A0000C7
:10D480004F4B000041545F4552524F520000000084
:10D4900041545F504152414D5F4552524F5200003E
:10D4A00041545F425553595F4552524F520000005C
:10D4B00041545F544553545F504152414D5F4F5664
:10D4C0004552464C4F57000041545F4E4F5F434C0E
:10D4D000415353425F454E41424C450041545F4EDB
:10D4E0004F5F4E4554574F524B5F4A4F494E45444C
:10D4F0000000000041545F52585F4552524F5200A5
:10D5000041545F4D4F44455F4E4F5F535550504F10
:10D510005254000041545F434F4D4D414E445F4EC5
:10D520004F545F464F554E440000000041545F5534
:10D530004E535550504F525445445F42414E440063
:10D540003F00000025733D25640D0A0076312E3220
:10D550002E30000025733D25730D0A0052414B33D8
:10D560003138330D0A00000072616B333138330DEE
:10D570000A00000041504F4C4C4F3320424C55455F
:10D580000D0A000061706F6C6C6F3320626C756502
:10D590000D0A000025733D002530325800000000C0
:10D5A0000D0A000025733D25750D0A004D4F4445B9
:10D5B0005F4E4F545F535550504F52540D0A000068
:10D5C00041545F504152414D5F4552524F520D0AF6
:10D5D0000000000025730000496E76616C696420CC
:10D5E0006865782076616C75650D0A0025303278A3
:10D5F000000000004661696C656420746F207061F2
:10D60000727365206865782076616C75650D0A0017
:10D610004F4B0D0A000000006672657175656E6300
:10D62000795F687A2025750D0A00000074785F70B4
:10D630006F7765725F64626D2025640D0A000000DB
:10D6400073662025640D0A0062772025640D0A00A8
:10D6500063722025640D0A00707265616D626C65ED
:10D660005F73697A652025640D0A000025643A25F8
:10D67000643A25643A25643A25643A25640000003A
:10D6800053656E64696E672064617461203A20009E
:10D69000253032782000000041545F436F6D6D618A
:10D6A0006E640D0A00000000636D642D3E636D64BE
:10D6B0002025730D0A000000636D642D3E706172B9
:10D6C000616D732025730D0A00000000636D642DE9
:10D6D0003E617267632025640D0A0000636D642D4E
:10D6E0003E617267765B25645D203A2025730D0AE2
:10D6F0000000000025640D0A0000000025303858A5
:10D700000D0A00002538580041545A0052657365CF
:10D7100074206465766963650000000041542B56EF
:10D7200045520000476574206669726D77617265C5
:10D730002076657273696F6E0000000041542B48BB
:10D74000574D4F44454C0000476574207468652070
:10D75000737472696E67206F6620746865206861F3
:10D76000726477617265206D6F64656C0000000003
:10D7700041542B485749440047657420746865201C
:10D78000737472696E67206F6620746865206861C3
:10D7900072647761726520494400000041542B4453
:10D7A00045564555490000005365742F4765742060
:10D7B00064657669636520455549000041542B4AEC
:10D7C0004F494E45554900005365742F47657420F5
:10D7D0006A6F696E204555490000000041542B4195
:10D7E00050504B45590000005365742F4765742015
:10D7F0006170706C69636174696F6E206B6579002C
:10D8000041542B444556414444520000476574201E
:10D810006F7220736574207468652064657669632F
:10D8200065206164647265737320283420627974A2
:10D83000657320696E2068657829000041542B4E7D
:10D84000574B534B45590000476574206F72207346
:10D85000657420746865206E6574776F726B2073D1
:10D86000657373696F6E206B65792028313620628D
:10D870007974657320696E2068657829000000005E
:10D8800041542B415050534B45590000476574207B
:10D890006F722073657420746865206170706C69A4
:10D8A000636174696F6E2073657373696F6E206B4B
:10D8B00065792028313620627974657320696E207D
:10D8C000686578290000000041542B4E4A4D000045
:10D8D000676574206F722073657420746865206EAC
:10D8E0006574776F726B206A6F696E206D6F646507
:10D8F000202830203D204142502C2031203D204F17
:10D90000544141290000000041542B4A4F494E0028
:10D910004A6F696E206E6574776F726B000000004D
:10D9200041542B4E4A53000067657420746865208B
:10D930006A6F696E20737461747573202830203D9E
:10D94000206E6F74206A6F696E65642C2031203DF3
:10D95000206A6F696E6564290000000041542B53F2
:10D96000454E440053656E64206461746120746F99
:10D97000207365727665720041542B43464D00005A
:10D980005365742F47657420636F6D6669726D20EF
:10D990006D6F64650000000041542B434653000046
:10D9A0004765742074686520636F6E6669726D6187
:10D9B00074696F6E20737461747573206F66207460
:10D9C0006865206C6173742041542B53454E44208C
:10D9D0002830203D206661696C7572652C203120ED
:10D9E0003D207375636365737329000041542B43B5
:10D9F0004C415353000000005365742F4765742059
:10DA0000636C6173732028302D434C415353412084
:10DA1000322D434C415353432900000041542B44C1
:10DA2000520000005365742F47657420646174616F
:10DA3000726174652028302D3529000041542B5225
:10DA4000455459005365742F4765742074686520E8
:10DA50006E756D626572206F662072657472616E9C
:10DA6000736D697373696F6E73206F6620436F6E99
:10DA70006669726D207061636B65742064617461A6
:10DA80002028302D3135290041542B4E574D0000B0
:10DA9000676574206F722073657420746865206EEA
:10DAA0006574776F726B20776F726B696E67206D2C
:10DAB0006F6465202830203D205032505F4C4F521B
:10DAC000412C2031203D204C6F526157414E29009E
:10DAD00041542B504652455100000000636F6E6662
:10DAE00069677572652050325020467265717565A0
:10DAF0006E6379202832343030303030303030208E
:10DB00002D203235303030303030303029000000B8
:10DB100041542B5054500000636F6E6669677572F4
:10DB2000652050325020545820706F77657220283D
:10DB30004D6178203133290041542B505346000069
:10DB4000636F6E666967757265205032502053703E
:10DB500072656164696E6720466163746F72202824
:10DB6000312D38205346352D5346313229000000DF
:10DB700041542B5042570000636F6E66696775729F
:10DB800065205032502042616E6477696474682069
:10DB900028332D425732303020342D425734303024
:10DBA00020352D42572D38303020362D4257313612
:10DBB0003030290041542B5043520000636F6E6691
:10DBC00069677572652050325020436F646520523A
:10DBD0006174652028302D4352342F3520312D4378
:10DBE00052342F3620322D4352342F3720332D43D9
:10DBF00052342F382900000041542B50504C000063
:10DC0000636F6E666967757265205032502050727E
:10DC100065616D626C65204C656E6774680000001C
:10DC200041542B5053454E440000000073656E6410
:10DC3000206461746120696E20503250206D6F64E1
:10DC40006500000041542B5052454356000000002F
:10DC5000636F6E74696E756F757320726563656945
:10DC6000766520503250206D6F6465202841542B1A
:10DC700050524543563D3020657869742072656383
:10DC800065697665206D6F646529000041542B54E9
:10DC9000434F4E46000000005365742F47657420C3
:10DCA0005246207465737420636F6E6669670D0A4F
:10DCB0004578616D706C65203A0D0A41542B5443D0
:10DCC0004F4E463D323430333030303030303A31E0
:10DCD000333A313A333A303A3130200D0A667265C0
:10DCE0007175656E63795F687A2032343033303015
:10DCF000303030300D0A74785F706F7765725F6412
:10DD0000626D2031330D0A736620312D3820534661
:10DD1000352D534631320D0A627720332D4257326A
:10DD2000303020342D425734303020352D42572D9D
:10DD300038303020362D4257313630300D0A63727C
:10DD400020302D4352342F3520312D4352342F367D
:10DD500020322D4352342F3720332D4352342F3865
:10DD60000D0A707265616D626C655F73697A65201A
:10DD700031300D0A0000000041542B54545800006B
:10DD8000524620746573742074782C4578616D70E8
:10DD90006C652041542B5454583D3131323242424B
:10DDA0004343000041542B54525800005246207403
:10DDB00065737420727820636F6E74696E756F7509
:10DDC000736C792072656365697665206D6F646533
:10DDD0000000000041542B5452584E4F5000000098
:10DDE00052462074657374207465726D696E617437
:10DDF0006520616E206F6E676F696E6720636F6E5E
:10DE000074696E756F7573207278206D6F6465002C
:10DE100041542B494E54455256414C005365742091
:10DE200074686520696E74657276616C20666F72C5
:10DE3000207265706F7274696E672073656E736FA0
:10DE4000722064617461000041542B5445535400A6
:10DE50005465737420636F6D6D616E640000000023
:10DE60003A00000025730D0A000000004176616948
:10DE70006C61626C6520415420636F6D6D616E64EE
:10DE8000733A0D0A000000002573202D2025730D24
:10DE90000A000000200800004552524F523A204923
:10DEA0006E70757420627566666572206F76657235
:10DEB000666C6F770D0A000041543F0041542B48B7
:10DEC000454C5000525831005258320052584300CD
:10DED0005258435F4D435F47525030005258435FA2
:10DEE0004D435F47525031005258435F4D435F47A7
:10DEF000525032005258435F4D435F4752503300F7
:10DF0000525842005258425F4D435F4752503000D2
:10DF10005258425F4D435F47525031005258425F62
:10DF20004D435F47525032005258425F4D435F4766
:10DF3000525033005258424541434F4E00000000BA
:10DF4000554E4B4E4F574E002E2E2F7372632F6C33
:10DF50006F726177616E5F6170702E630000000008
:10DF60005B25733A25645D20494E464F3A2045763D
:10DF7000656E742072656365697665643A20414C0C
:10DF800041524D0D0A0000005B25733A25645D2067
:10DF9000000000002B4556543A4A4F494E45440D67
:10DFA0000A0000002B4556543A54585F444F4E45E2
:10DFB0000D0A00002B4556543A54585F4E4F545F9B
:10DFC00053454E540D0A00002B4556543A54585FA1
:10DFD00053454E545F554E434F4E4649524D45446E
:10DFE0000D0A00002B4556543A54585F434F4E4695
:10DFF00049524D45445F4F4B0D0A00002B45565486
:10E000003A54585F554E4B4E4F574E5F5354415400
:10E0100055533A25640D0A002B4556543A25733A58
:10E0200025643A252E32663A554E49434153543AB7
:10E0300025753A0025303258000000000D0A000016
:10E040002B4556543A55504C4F4144444F4E450D84
:10E050000A0000005B25733A25645D20494E464F57
:10E060003A204576656E74207265636569766564ED
:10E070003A20534554434F4E460D0A005B25733AF0
:10E0800025645D20494E464F3A204576656E7420E2
:10E0900072656365697665643A204D5554450D0A8D
:10E0A000000000005B25733A25645D20494E464F11
:10E0B0003A204576656E742072656365697665649D
:10E0C0003A2053545245414D444F4E450D0A0000ED
:10E0D0002B4556543A4A4F494E5F4641494C4544B8
:10E0E0005F52585F54494D454F55540D0A0000008A
:10E0F0005B25733A25645D20494E464F3A204576AC
:10E10000656E742072656365697665643A2054496A
:10E110004D450D0A000000005B25733A25645D2023
:10E12000494E464F3A204576656E742072656365A8
:10E13000697665643A2054494D454F55545F4144D2
:10E14000525F4348414E4745440D0A005B25733AF0
:10E1500025645D20494E464F3A204576656E742011
:10E1600072656365697665643A204E45575F4C4930
:10E170004E4B5F4144520D0A000000005B25733A8C
:10E1800025645D20494E464F3A204576656E7420E1
:10E1900072656365697665643A204C494E4B5F430E
:10E1A0004845434B0D0A00005B25733A25645D200A
:10E1B000494E464F3A204576656E74207265636518
:10E1C000697665643A20414C4D414E41435F55505C
:10E1D000444154450D0A00005B25733A25645D20D7
:10E1E000494E464F3A204576656E742072656365E8
:10E1F000697665643A20555345525F524144494F10
:10E200005F4143434553530D0A0000005B25733AB9
:10E2100025645D20494E464F3A204576656E742050
:10E2200072656365697665643A20434C4153535F78
:10E23000425F50494E475F534C4F545F494E464FE3
:10E240000D0A00005B25733A25645D20494E464F58
:10E250003A204576656E74207265636569766564FB
:10E260003A20434C4153535F425F535441545553FA
:10E270000D0A00005B25733A25645D204552524F1C
:10E28000523A20556E6B6E6F776E206576656E74B0
:10E290002025750D0A00000043757272656E7420AA
:10E2A000576F726B204D6F64653A2025730D0A001D
:10E2B000414250206D6F64650D0A00005B25733A82
:10E2C00025645D204552524F523A20534D54435FCE
:10E2D00053455F4E574B5F535F454E435F4B455928
:10E2E000204552524F520D0A000000005B25733A40
:10E2F00025645D204552524F523A20534D54435F9E
:10E3000053455F4150505F535F4B45592045525232
:10E310004F520D0A000000005B25733A25645D2012
:10E320005741524E3A20736D74635F6D6F64656D33
:10E330005F7365745F636C617373206661696C659C
:10E34000643A2072633D282564290D0A000000000C
:10E35000503250004C6F526157414E0050E3030061
:10E3600054E303004552524F5220616D5F68616C67
:10E370005F696F6D5F696E697469616C697A650D5B
:10E380000A000000616D5F68616C5F696F6D5F62BC
:10E390006C6F636B696E675F7472616E73666572D2
:10E3A000206572726F720D0A0000000052414B31FD
:10E3B000393034204944203078253032580D0A0055
:10E3C00020202A2A2A2A2A2A2A2A2A2A2A2A2A2AC1
:10E3D0002A2A2A2A2A2A2A2A2A2A2A2A2A2A2A2A9D
:10E3E0002A2A2A2A2A2A2A2A2A2A2A2A2A2A2A2A8D
:10E3F0002A2A2A2A2A2A2A2A2A2A2A2A2A2A2A2A7D
:10E400002A2A2A2A0D0A000020202A204C69733368
:10E41000646820616363656C65726174696F6E2006
:10E420005B78202564206D672009207920256420F1
:10E430006D672009207A202564206D675D0D0A0034
:10E4400020204572726F722072656164696E672068
:10E450004C69733364680D0A0000000052414B316F
:10E4600039303120696E69740D0A000052414B3118
:10E4700039303120736F667420726573657420655E
:10E4800072726F720D0A000052414B3139303120E7
:10E490004944203078253032580D0A0052414B3122
:10E4A00039303120676574204944206572726F727B
:10E4B0000D0A000052414B313930312077616B65D4
:10E4C0002075700D0A00000052414B313930312067
:10E4D00077616B657570206572726F720D0A00004E
:10E4E00053485443332054454D503A2025660D0A75
:10E4F0000000000053485443332048554D3A20252E
:10E50000660D0A004932435F4552524F52000000E7
:10E51000434845434B53554D5F4552524F520000BF
:10E52000534854433320434F4D4D204552524F5290
:10E530003A2025730D0A000020202A2A2A2A2A2A96
:10E540002A2A2A2A2A2A2A2A2A2A2A2A2A2A2A2A2B
:10E550002A2A2A2A2A2A2A2A2A2A2A2A2A2A2A2A1B
:10E560002A2A2A2A2A2A2A2A2A2A2A2A2A2A2A2A0B
:10E570002A2A2A2A2A2A2A2A2A2A2A2A0D0A00008C
:10E580002E2E2F736D74635F6D6F64656D5F6861B0
:10E590006C2F736D74635F6D6F64656D5F68616C24
:10E5A0002E6300005B25733A25645D204552524F6F
:10E5B000523A206D63755F70616E69633A25730A24
:10E5C000000000005B25733A25645D200000000018
:10E5D0005B25733A25645D204552524F523A202DF7
:10E5E0003E2000001B5B303B33316D63726173680A
:10E5F000206C6F67203A25733A25640D0A1B5B3047
:10E600006D0000005B25733A25645D2025730000D2
:10E610004669666F2070726F626C656D0D0A00004E
:10E620002E2E2F736D74635F6D6F64656D5F636F06
:10E6300072652F6C6F726177616E5F6170692F6CAC
:10E640006F726177616E5F6170692E630000000018
:10E650004552524F523A206372617368206C6F6763
:10E66000203A25730A000000000000004552524F76
:10E67000523A202D3E204669666F2070726F626CA0
:10E68000656D0D0A0000000052455345540000001E
:10E6900046554F54410000004745545F494E464F90
:10E6A000000000005345545F434F4E4600000000F9
:10E6B00052454A4F494E00004D5554450000000058
:10E6C0005345545F444D5F494E464F00414C435FB4
:10E6D00053594E4300000000414C4D5F555044419A
:10E6E00054450000414C4D5F4445425547000000F1
:10E6F000534F4C5645525F5550444154450000001D
:10E70000414C4D5F46555044415445004552524F8F
:10E71000523A20444D20446F776E6C696E6B206DC9
:10E7200075737420636F6E7461696E206174206C00
:10E730006561737420342062797465730D0A00007A
:10E740002E2E2F736D74635F6D6F64656D5F636FE5
:10E7500072652F6465766963655F6D616E6167657B
:10E760006D656E742F646D5F646F776E6C696E6B30
:10E770002E630000000000005741524E3A20444DE5
:10E780005F25732028307825303278290D0A000063
:10E790004552524F523A204E4F5420524553455401
:10E7A000202121210D0A00004552524F523A2049A2
:10E7B0006E76616C696420444D20636F6D6D616E8F
:10E7C000642025780D0A00004552524F523A2049E4
:10E7D0006E76616C696420444D20636F6D6D616E6F
:10E7E000642073697A652028746F6F20736D616C83
:10E7F0006C290D0A000000004552524F523A204940
:10E800006E76616C696420444D20636F6D6D616E3E
:10E81000642073697A652028746F6F206C6F6E674F
:10E82000290D0A004552524F523A20696E76616CAA
:10E83000696420444D20726573657420636F64655C
:10E840002028307825303278290D0A004552524F61
:10E85000523A20696E76616C696420444D2072657D
:10E860007365742073657373696F6E20636F64657D
:10E870000D0A00005741524E3A204E4F2043484166
:10E880004E4E454C5320415641494C41424C452047
:10E890000D0A00002E2E2F736D74635F6D6F64651B
:10E8A0006D5F636F72652F6C72316D61632F737270
:10E8B000632F736D74635F7265616C2F7372632F66
:10E8C000726567696F6E5F77773267342E63000019
:10E8D00000000000494E56414C4944204348414EF7
:10E8E0004E454C2020616374697665206368616ED3
:10E8F0006E656C203D20256420616E642072616E1F
:10E90000646F6D206368616E6E656C203D202564C8
:10E91000200D0A005741524E3A20494E56414C496B
:10E92000442052582054595045200D0A0000000040
:10E9300020256420000000002573257300000000DE
:10E94000200D0A00556E77726170706564436861CE
:10E950006E6E656C4D61736B203D20307800000059
:10E96000257820002C2043684D61736B203D2030BA
:10E970007825780D0A0000004552524F523A206324
:10E9800072617368206C6F67203A25730A0000007B
:10E990004552524F523A202D3E2000004552524FD0
:10E9A000523A206D61785F73697A65206D75737472
:10E9B0002062652067726561746572207468616E9B
:10E9C0002074686520736D616C6C6573742072656A
:10E9D0007175657374656420696E666F726D6174BC
:10E9E000696F6E0D0A0000002E2E2F736D74635F29
:10E9F0006D6F64656D5F636F72652F6465766963C3
:10EA0000655F6D616E6167656D656E742F6D6F64B6
:10EA1000656D5F636F6E746578742E63000000002F
:10EA2000000000004552524F523A206372617368F1
:10EA3000206C6F67203A25730A0000004552524F40
:10EA4000523A202D3E2000004552524F523A20208B
:10EA50004D6F64656D207265616368207468652020
:10EA60006D6178206E756D626572206F66206173CE
:10EA7000796E6368206D6573736167650D0A0000C8
:10EA80004552524F523A206D6F64656D20706F721F
:10EA90007420696E76616C69640D0A00205374619C
:10EAA00072742061206E6577206A6F696E207365CD
:10EAB0007175656E6365206E6F77200D0A0000002A
:10EAC0002053746172742061206E6577206A6F69CB
:10EAD0006E2073657175656E636520696E202564AF
:10EAE000207365636F6E6473200D0A004552524FA8
:10EAF000523A20496E76616C696420444D20636F00
:10EB00006D6D616E640D0A004552524F523A2049B4
:10EB10006E76616C696420444D20636F6D6D616E2B
:10EB2000642073697A650D0A000000004D55544554
:10EB300020666F7220256420646179730D0A0000DD
:10EB40004552524F523A20696E76616C6964204496
:10EB50004D20696E666F20636F64652028307825CC
:10EB6000303278290D0A00004552524F523A206344
:10EB70006865636B5F646D5F7374617475735F6DFB
:10EB800061785F73697A650D0A0000004552524F43
:10EB9000523A20436F6E73747275637420444D2033
:10EBA0007061796C6F6164207265706F72742C2073
:10EBB000756E6B6E6F776E20636F6465203078259D
:10EBC0003032780D0A0000004552524F523A2075FB
:10EBD0007365725F6472203D202564206E6F74201F
:10EBE000636F6D70617469626C6520776974682009
:10EBF0006164722064617461206C656E6774682062
:10EC00003D202564200D0A20000000004552524F8F
:10EC1000523A2041445220776974682044617461FB
:10EC200052617465206F7574206F662072616E6723
:10EC3000650D0A004552524F523A20414452207706
:10EC4000697468206120626164204461746152616A
:10EC500074652076616C75650D0A00004552524F4F
:10EC6000523A20556E6B6E6F776E20616472207021
:10EC7000726F66696C652025640D0A200000000033
:10EC8000446F776E6C696E6B206672616D652000F3
:10EC90002573202D2028256C7520627974657329D1
:10ECA0003A0D0A000D0A00002020253032580000DD
:10ECB000444C20506F7274203D202564202C20008D
:10ECC000444C20534E52203D202564202C20444C9F
:10ECD0002052535349203D202564202C2000000061
:10ECE000444C2046726571203D20256C75202C20F7
:10ECF000444C204452203D202564202C200000005C
:10ED0000444C204670656E64696E672042697420C9
:10ED10003D202564200D0A004D6F64656D204C6F09
:10ED2000616420436F6E666967203A0D0A506F7206
:10ED300074203D2025640D0A000000004552524F0A
:10ED4000523A20526573746F7265204D6F64656D21
:10ED500020636F6E74657874206661696C203D3E37
:10ED600020466163746F7279205265736574204D1B
:10ED70006F64656D0D0A0000494E464F3A206D6F75
:10ED800064656D5F636F6E746578745F66616374EC
:10ED90006F72795F726573657420646F6E650D0ABA
:10EDA000000000004552524F523A204661696C20E3
:10EDB000746F2061626F727420686F6F6B0D0A0050
:10EDC000494E464F3A2055736520736F6674207321
:10EDD000656375726520656C656D656E7420666F20
:10EDE000722063727970746F6772617068696320F2
:10EDF00066756E6374696F6E616C69746965730DB5
:10EE00000A0000002E2E2F736D74635F6D6F6465B2
:10EE10006D5F636F72652F736D74635F6D6F646593
:10EE20006D5F63727970746F2F736F66745F736553
:10EE3000637572655F656C656D656E742F736F6663
:10EE4000745F73652E630000000000000000000086
:10EE500000000000000000000000000000000000B2
:10EE600000000000000000000000000000000000A2
:10EE70000001000000000000000000000000000091
:10EE80000000020000000000000000000000000080
:10EE9000000000030000000000000000000000006F
:10EEA000000000000400000000000000000000005E
:10EEB000000000000005000000000000000000004D
:10EEC000000000000000060000000000000000003C
:10EED000000000000000000700000000000000002B
:10EEE000000000000000000008000000000000001A
:10EEF0000000000000000000007F00000000000093
:10EF00000000000000000000000080000000000081
:10EF10000000000000000000000000810000000070
:10EF2000000000000000000000000000820000005F
:10EF3000000000000000000000000000008300004E
:10EF4000000000000000000000000000000084003D
:10EF5000000000000000000000000000000000852C
:10EF600000000000000000000000000000000000A1
:10EF7000860000000000000000000000000000000B
:10EF800000870000000000000000000000000000FA
:10EF900000008800000000000000000000000000E9
:10EFA00000000089000000000000000000000000D8
:10EFB000000000008A0000000000000000000000C7
:10EFC00000000000008B00000000000000000000B6
:10EFD0000000000000008C000000000000000000A5
:10EFE00000000000000000004552524F523A2052EB
:10EFF0006573746F7265206F662053656375726503
:10F0000020456C656D656E7420636F6E74657874F1
:10F01000206661696C73203D3E2052657475726E86
:10F0200020746F20696E69742076616C7565730D4C
:10F030000A000000494E464F3A204D6F64656D202E
:10F04000496E697469616C697A6174696F6E0D0AE1
:10F05000000000002E2E2F736D74635F6D6F64656A
:10F060006D5F636F72652F6D6F64656D5F636F7247
:10F07000652F736D74635F6D6F64656D2E63000043
:10F08000000000004552524F523A2063726173688B
:10F09000206C6F67203A25730A0000004552524FDA
:10F0A000523A202D3E206173796E6368726F6E6FE5
:10F0B00075735F6D73676E756D626572206F7665CF
:10F0C000726C6170000000005741524E3A20416C52
:10F0D00061726D20636C6561722074696D65722068
:10F0E000696D706F737369626C653A206E6F206131
:10F0F0006C61726D2074696D65722069732063752F
:10F100007272656E746C792072756E6E696E6700CE
:10F110005741524E3A20416C61726D2067657420F0
:10F1200072656D61696E696E6720696D706F73736A
:10F1300069626C653A206E6F20616C61726D20743B
:10F14000696D65722069732063757272656E746C87
:10F15000792072756E6E696E670000004552524FDD
:10F16000523A2025732063616C6C206275742074A0
:10F1700068652064657669636520697320616C72D7
:10F1800065616479206A6F696E0D0A004552524FBD
:10F19000523A2073657420746F20636C617373201E
:10F1A000622069732072656675736564203A206D0C
:10F1B0006F64656D206973206E6F742074696D656E
:10F1C0002073796E636564004552524F523A207342
:10F1D000657420746F20636C61737320622069739F
:10F1E0002072656675736564203A206D6F64656D85
:10F1F000206973206E6F74206A6F696E6564000009
:10F200004552524F523A2025732063616C6C20772F
:10F2100069746820726567696F6E206E6F742076FE
:10F22000616C69640D0A00004552524F523A202524
:10F23000732063616C6C207769746820616472204C
:10F2400070726F66696C65206E6F742076616C6990
:10F25000640D0A004552524F523A202573206361D3
:10F260006C6C207769746820444D20706F72742034
:10F270006E6F742076616C69640D0A004552524FBE
:10F28000523A2025732063616C6C2062757420698A
:10F290006E74657276616C206E6F742076616C6935
:10F2A000640D0A004552524F523A20257320636183
:10F2B0006C6C20627574207468652064657669637F
:10F2C0006520697320636F6E666967757265642077
:10F2D000696E20414250206D6F64650D0A00000088
:10F2E0004552524F523A202573204D6F64656D2070
:10F2F0006973206D757465640D0A00004552524FA4
:10F30000523A202573204D6F64656D206973207318
:10F31000757370656E640D0A000000004552524F0F
:10F32000523A2025732063616C6C206275742073DF
:10F33000757370656E642076616C756520697320E5
:10F340006E6F742076616C69640D0A004552524FED
:10F35000523A2025732063616C6C206275742074AE
:10F36000686520646576696365206973206E6F74D3
:10F37000206A6F696E0D0A0053757370656E6420A4
:10F380006D6F64656D207573657220726164696F5D
:10F39000206163636573730D0A0000005265737525
:10F3A0006D65206D6F64656D207573657220726187
:10F3B00064696F206163636573730D0A0000000068
:10F3C0004C42542C206475726174696F6E3A2564E6
:10F3D0002C207468726573686F6C643A25642C2005
:10F3E00062773A25640D0A004552524F523A204145
:10F3F00020636F6E66696775726174696F6E2073E2
:10F4000068616C6C20626520736574206265666F4C
:10F410007265207374617274696E67204C42542067
:10F420000D0A00004552524F523A202573204D6F6D
:10F4300064656D206973206D7574656420666F72F4
:10F44000202564206461792873290D0A00000000DA
:10F450004552524F523A20257320537461636B20FA
:10F460006E6F74206A6F696E6564206F72204F54EE
:10F470004120646576696365202564200D0A0000DB
:10F480004552524F523A20257320706F72742025D6
:10F490006420697320666F7262696464656E200D12
:10F4A0000A000000494E464F3A205573657220729B
:10F4B0006164696F206163636573732063616C6C61
:10F4C0006261636B3A2069676E6F726564204142C6
:10F4D0004F5254454420737461747573200D0A00B3
:10F4E0005741524E3A20503250204D4F44453A2019
:10F4F000414C524541445920535441525445440DC6
:10F500000A0000002E2E2F736D74635F6D6F6465AB
:10F510006D5F636F72652F6D6F64656D5F636F7292
:10F52000652F736D74635F6D6F64656D5F74657374
:10F53000742E6300000000004552524F523A205092
:10F540003250204D4F44453A206E6F7420617661F1
:10F55000696C61626C65206966206A6F696E6564BA
:10F560000D0A0000494E464F3A20503250204D4F70
:10F5700044453A2053544152540D0A005741524ECB
:10F580003A20544553542046554E4354494F4E203B
:10F5900043414E4E4F542042452043414C4C45443C
:10F5A0003A204E4F5420494E2054455354204D4F3D
:10F5B00044450D0A000000004552524F523A20497E
:10F5C0006E76616C6964204672657175656E6379EB
:10F5D0002025640D0A0000004552524F523A20493E
:10F5E0006E76616C69642073662025640D0A0000E4
:10F5F0004552524F523A20496E76616C69642062DE
:10F60000772025640D0A00004552524F523A204996
:10F610006E76616C69642063722025640D0A0000B7
:10F620004746534B205478202D20467265713A2569
:10F63000642C20506F7765723A25642C206C656EBF
:10F640006774683A25750D0A000000004C6F52611E
:10F65000205478202D20467265713A25752C205053
:10F660006F7765723A25642C2073663A25752C20D5
:10F6700062773A25752C2063723A25752C206C65CB
:10F680006E6774683A25750D0A000000526164695E
:10F690006F20706C616E6E657220686F6F6B2025D5
:10F6A000642069732062757379200D0A00000000E0
:10F6B0005478204357202D20467265713A25752CC9
:10F6C00020506F7765723A25640D0A004552524FFB
:10F6D000523A20496E76616C696420467265717594
:10F6E000656E63792025750D0A0000004746534B6F
:10F6F000205278202D20467265713A25640D0A004B
:10F700004C6F5261205278202D20467265713A2547
:10F71000752C2073663A25752C2062773A25752C56
:10F720002063723A25750D0A000000004552524FC1
:10F73000523A2020496E76616C6964204672657188
:10F7400075656E63792025640D0A00005741524E9D
:10F750003A2052535349205445535420524553554F
:10F760004C54204E4F542052454144590D0A00003C
:10F77000727373695F616363753A2025642C20633B
:10F780006E743A2564202D2D3E20727373693A20E1
:10F7900025642064426D0D0A00000000206D6F6436
:10F7A000656D5F746573745F74785F63616C6C62C0
:10F7B00061636B2041424F525445440D0A000000E2
:10F7C0002B4556543A52585032503A25643A2564E3
:10F7D0003A00000025303258000000000D0A0000F9
:10F7E000206D6F64656D5F746573745F72785F63BD
:10F7F000616C6C6261636B2041424F525445440D11
:10F800000A0000002E2E2F736D74635F6D6F6465A8
:10F810006D5F636F72652F6D6F64656D5F73657289
:10F8200076696365732F6C6F726177616E5F636574
:10F830007274696669636174696F6E2E630000009B
:10F840004552524F520000002573202825733A2557
:10F85000642920006261642073697A650D0A0000E2
:10F86000257320496C6C6567616C207374617465E5
:10F870000D0A200005050505050505050505050515
:10F88000050505004552524F523A206D6F64656D73
:10F890005F73757065727669736F725F72656D6F95
:10F8A00076655F7461736B206964203D2025642058
:10F8B000756E6B6E6F776E0A000000002E2E2F7330
:10F8C0006D74635F6D6F64656D5F636F72652F6DDF
:10F8D0006F64656D5F73757065727669736F722F93
:10F8E0006D6F64656D5F73757065727669736F7245
:10F8F0002E630000000000004552524F523A206D26
:10F900006F64656D5F73757065727669736F725F32
:10F910006164645F7461736B206964203D202564B9
:10F9200020756E6B6E6F776E0A0000004552524F65
:10F93000523A2044455649434520414C52454144A2
:10F9400059204A4F494E4544206F72205452592045
:10F95000544F204A4F494E200A0000006F6E204647
:10F96000506F7274000000004E6F2046506F72742A
:10F97000000000002055736572205478204C4F52CF
:10F9800061202573202564200A0000005741524E53
:10F990003A20546865207061796C6F6164206361FE
:10F9A0006E27742062652073656E642120696E7411
:10F9B00065726E616C20636F64653A2025780A0079
:10F9C000444D2052657120002573202D2028256C80
:10F9D00075206279746573293A0D0A000D0A0000DA
:10F9E0002020253032580000206F6E20506F727436
:10F9F0002025640A000000005741524E3A2052650B
:10FA00007175657374656420444D2063616E27745D
:10FA10002062652073656E642120696E7465726E64
:10FA2000616C20636F64653A2025780A000000004D
:10FA3000444D20526571204352415348204C4F475A
:10FA4000200000005741524E3A2044455649434554
:10FA50002054494D4520524551554553540A000004
:10FA60005741524E3A2050494E4720534C4F542054
:10FA7000524551554553540A000000005741524E1B
:10FA80003A2044757479204379636C652C20726543
:10FA90006D61696E696E672074696D653A202564D1
:10FAA0006D730A005741524E3A204576656E7420B8
:10FAB000307825780A000000494E464F3A204D6FB5
:10FAC00064656D206973206A6F696E65642C2070AF
:10FAD000726F6772616D20616E20616C61726D0A78
:10FAE00000000000444F574E4441544100000000C4
:10FAF0006F6E20706F72742025750A005741524E48
:10FB00003A204A6F696E206661696C6564200A005C
:10FB100043657274696620656E61626C6520636C12
:10FB2000617373420A000000436572746966206362
:10FB30006C6173734220636F756C64206E6F742008
:10FB4000626520656E61626C65640A004552524FC1
:10FB5000523A20556E6B6E6F776E206576656E74C7
:10FB60002025750A000000007374617475735F636B
:10FB7000657274696620307825780A0042454143F1
:10FB80004F4E20746F2074657374696E6720746FB4
:10FB90006F6C0000525831005258320042573030DA
:10FBA00037000000425730313000000042573031FA
:10FBB00035000000425730323000000042573033E9
:10FBC00031000000425730343100000042573036D7
:10FBD00032000000425731323500000042573230C7
:10FBE00030000000425732353000000042573430B8
:10FBF00030000000425735303000000042573830A6
:10FC00003000000042573136303000004552524F2C
:10FC1000523A206372617368206C6F67203A2573D3
:10FC20000A0000002E2E2F736D74635F6D6F646584
:10FC30006D5F636F72652F6C72316D61632F7372CC
:10FC4000632F6C72315F737461636B5F6D61635FAF
:10FC50006C617965722E6300000000004552524FBE
:10FC6000523A202D3E2043727970746F2065727273
:10FC70006F7220647572696E67207061796C6F6154
:10FC80006420656E6372797074696F6E0D0A00008E
:10FC90004552524F523A202D3E2043727970746F74
:10FCA000206572726F7220647572696E67206D696B
:10FCB0006320636F6D7075746174696F6E0D0A00F7
:10FCC0004552524F523A202D3E205458204D4F4419
:10FCD000554C4154494F4E204E4F5420535550508F
:10FCE0004F525445440D0A004552524F523A202D6E
:10FCF0003E200000526164696F20706C616E6E6519
:10FD00007220686F6F6B20256420697320627573A1
:10FD1000790D0A004552524F523A202D3E2052583A
:10FD20002077696E646F777320756E6B6E6F770DD9
:10FD30000A0000004552524F523A202D3E204D4FAE
:10FD400044554C4154494F4E204E4F54205355502A
:10FD5000504F525445440D0A000000000D0A202067
:10FD60004F70656E205258256420666F7220486F70
:10FD70006F6B204964203D202564000020202573FE
:10FD8000204C6F5261206174202575206D733A20DC
:10FD9000667265713A25752C20534625752C2025F1
:10FDA000732C2073796E6320776F7264203D20304E
:10FDB00078253032780D0A00202025732046534BD9
:10FDC00020667265713A25640D0A0000257325735B
:10FDD00000000000526563656976652061207061EE
:10FDE000636B6574204275742072656A656374651F
:10FDF0006420616E6420746F6F206C617465207480
:10FE00006F20726573746172740D0A0052505F53F3
:10FE100054415455535F52585F4352435F455252C9
:10FE20004F520D0A000000006C72316D6163207446
:10FE300061736B2061626F727465642062792074F3
:10FE4000686520726164696F706C616E6E65720DB9
:10FE50000A00000072656365697665204974205266
:10FE60004144494F206572726F722025750D0A005A
:10FE70004552524F523A206C72315F6D61632D3E94
:10FE8000706C616E6E65725F73746174757320253A
:10FE900064000000202054696D65722077696C6CE5
:10FEA0002065787069726520696E202564206D7305
:10FEB0000D0A00004552524F523A202050726F6393
:10FEC000657373206A6F696E206163636570742067
:10FED0006661696C6564207769746820636F646526
:10FEE000203D2025640D0A004552524F523A202DE4
:10FEF0003E2052782057696E646F7720696E766174
:10FF00006C69640D0A0000004552524F523A202D90
:10FF10003E2043727970746F206572726F72206434
:10FF20007572696E67207061796C6F6164206465B9
:10FF30006372797074696F6E0D0A00005741524EFA
:10FF40003A20205265636569766520746F6F206D75
:10FF5000616E79206E776B206672616D65730D0A34
:10FF6000000000005741524E3A20205265636569F7
:10FF7000766520616E206E6F742076616C696420F6
:10FF80007061636B6574207769746820464F707484
:10FF900073206279746573206F6E20706F727420A5
:10FFA0007A65726F0D0A00004552524F523A202D69
:10FFB0003E205265616368206D6178207478206608
:10FFC00072616D6520776974686F757420646C2C3C
:10FFD00020756C20636E743A25640D0A00000000E1
:10FFE0004552524F523A202D3E20204461746120E8
:10FFF0005261746520696E636F6D70617469626CC3
:020000024000BC
:10000000652077697468206368616E6E656C206D29
:1000100061736B0D0A0000005741524E3A20746F15
:100020006F206D75636820636D6420696E2074684D
:1000300065207061796C6F61640D0A0020556E6BEC
:100040006E6F776E206D616320636F6D6D616E649E
:1000500020253032780D0A00202044657645554928
:10006000000000002573202D2028256C7520627962
:10007000746573293A0D0A000D0A0000202025300E
:100080003258000020204A6F696E45554900000033
:1000900020204465764E6F6E636520307825780D9C
:1000A0000A0000004552524F523A202D3E20437222
:1000B0007970746F206572726F7220647572696EE8
:1000C00067206A6F696E206D696320636F6D70755C
:1000D000746174696F6E0D0A000000005741524E42
:1000E0003A204A6F696E4E6F6E636520696E766165
:1000F0006C696420286E65773A2575203D3D207037
:100100007265763A2575290D0A0000005741524E56
:100110003A204A6F696E41636365707420696E7638
:10012000616C69642052783144724F6666736574FD
:100130002025640D0A0000005741524E3A204A6FB4
:10014000696E41636365707420696E76616C696481
:100150002052783244617461726174652025640DA7
:100160000A00000020446576416464723D202578D1
:100170000D0A0000204D6163527831446174615270
:100180006174654F66667365743D2025640D0A00D1
:10019000204D616352783244617461526174653DEF
:1001A0002025640D0A000000204D6163527831441F
:1001B000656C61793D2025640D0A0000205361764D
:1001C0006520496E20466C617368204166746572D3
:1001D000204A6F696E20737563636565640D0A005C
:1001E0004572726F72205354415449435F414452E7
:1001F0005F4D4F44450D0A0020424144204674792A
:100200007065203D20257520666F7220525820466B
:1002100072616D650D0A0000494E464F3A2020423A
:1002200041442044657641646472203D2025782055
:10023000666F72205258204672616D6520616E644F
:100240002025780D0A0D0A00204D617267696E2025
:100250003D2025642C204777436E74203D20256483
:100260000D0A000025752F2575202D20436D642073
:100270006C696E6B5F6164725F706172736572202E
:100280003D202530327820253032782025303278D4
:1002900020253032780D0A002575202D204D554C33
:1002A0005449504C45204C494E4B20414452205219
:1002B0004551202C206368616E6E656C206D617302
:1002C0006B203D2030782578202C2043684D4173E9
:1002D00074436E746C203D20307825780D0A000040
:1002E0005741524E3A20494E56414C4944204348CA
:1002F000414E4E454C20434E544C0D0A0000000028
:100300005741524E3A20494E56414C4944204348A9
:10031000414E4E454C204D41534B20696E204D6F50
:1003200062696C65204D6F64650D0A005741524E3D
:100330003A20494E56414C4944204348414E4E458F
:100340004C204D41534B0D0A000000005741524EC6
:100350003A20494E56414C4944204441544152416F
:1003600054450D0A000000005741524E3A20494EB4
:1003700056414C4944205458504F5745520D0A009D
:100380004D61635478446174615261746541647273
:10039000203D2025640D0A004D61635478506F772D
:1003A0006572203D2025640D0A0000004D61634EFA
:1003B000625472616E73203D2025640D0A000000B6
:1003C00020436D642072785F706172616D5F736548
:1003D0007475705F706172736572203D202578209E
:1003E00025782025782025780D0A0000494E5641B1
:1003F0004C49442052583144524F46465345540DBF
:100400000A000000494E56414C494420525832449B
:10041000520D0A00494E56414C4944205258322050
:100420004652455155454E43590D0A004D616352A0
:10043000783144617461526174654F6666736574A6
:10044000203D2025640D0A004D61635278324461DD
:10045000746152617465203D2025640D0A0000001E
:100460004D61635278324672657175656E637920AD
:100470003D2025640D0A0000436D64206475747985
:100480005F6379636C655F70617273657220257854
:100490000D0A000052656365697665206120646518
:1004A0007620737461747573207265710D0A000093
:1004B00020436D64206E65775F6368616E6E656C66
:1004C0005F706172736572203D2025782025782049
:1004D00025782025782025780D0A00005741524EB6
:1004E0003A204E65774368616E6E656C5265712087
:1004F0006973206E6F7420737570706F72746564A9
:1005000020666F72207468697320726567696F6E08
:100510000D0A0000494E56414C4944204348414E83
:100520004E454C20494E4445580D0A00494E56410F
:100530004C4944204652455155454E43590D0A00F9
:10054000494E56414C4944204452204D494E0D0AD3
:1005500000000000494E56414C4944204452204D71
:1005600041580D0A00000000494E56414C494420B4
:100570004452204D4158203C204452204D494E0DBC
:100580000A0000004D616354784672657175656EAE
:100590006379205B202564205D203D2025642C208C
:1005A00044724D696E203D2025642C2044724D61BB
:1005B00078203D2025640D0A00000000436D642072
:1005C00072785F74696D696E675F73657475705F6B
:1005D000706172736572203D2025780D0A0000005D
:1005E000436D642074785F706172616D5F736574D0
:1005F00075705F706172736572203D2025780D0AF9
:10060000000000005741524E3A2054785061726108
:100610006D5365747570526571206973206E6F74C7
:1006200020737570706F7274656420666F722074C9
:1006300068697320726567696F6E0D0A00000000BB
:10064000436D6420646C5F6368616E6E656C5F709F
:100650006172736572203D202578202578202578E9
:10066000202578200D0A00005741524E3A20446C54
:100670004368616E6E656C526571206973206E6FA0
:100680007420737570706F7274656420666F722069
:100690007468697320726567696F6E0D0A000000E7
:1006A0004D61635278314672657175656E6379206C
:1006B0005B202575205D203D2025640D0A0000008B
:1006C00073697A6520282564293E2073697A655FFD
:1006D0006D6178202825642900000000436D6420A6
:1006E0006465766963655F74696D655F616E735F8C
:1006F000706172736572203D202578202578202551
:10070000782025782025780D0A0000005365636F56
:100710006E647353696E636545706F6368202575F9
:100720002C204672616374696F6E616C5365636FF0
:100730006E642025750D0A00436D64206265616357
:100740006F6E5F667265715F7265715F7061727303
:100750006572203D20257820257820257820257871
:100760000D0A0000494E56414C4944204245414340
:100770004F4E204652455155454E43590D0A0000F3
:100780004D6163426561636F6E4672657175656E3A
:1007900063792025640D0A0020436D642070696E22
:1007A000675F736C6F745F6368616E6E656C5F72B8
:1007B00065715F706172736572203D202578202518
:1007C000782025782025780D0A000000494E5641F2
:1007D0004C49442050494E4720534C4F54204652D8
:1007E000455155454E43590D0A000000494E5641AA
:1007F0004C49442050494E4720534C4F54204452BA
:100800000D0A00004D616350696E67536C6F74444C
:1008100061746152617465203D2025640D0A0000F9
:100820004D616350696E67536C6F74467265717584
:10083000656E6379203D2025640D0A002050696EA5
:1008400067536C6F74496E666F416E730D0A0000DA
:100850004552524F523A2020436865636B5278509C
:1008600061796C6F61644C656E677468203D20250A
:1008700064200D0A000000002E2E2F736D74635F3C
:100880006D6F64656D5F636F72652F6C72316D6142
:10089000632F7372632F6C72316D61635F7574695E
:1008A0006C69746965732E6300000000000000002D
:1008B0002573257300000000204241442052582037
:1008C0004D4844520D0A200020454D505459204DAA
:1008D0005347200D0A0000004552524F523A202043
:1008E00042616420446576416464722025780D0A73
:1008F000200000005741524E3A202046636E744457
:10090000776E206973206E6F742061636365707405
:1009100061626C652066636E7444776E52656365D0
:10092000697665203D2025752066636E744C6F7274
:1009300061537461636B203D2025640D0A00000043
:10094000575732473400000042573030370000001C
:10095000425730313000000042573031350000003E
:10096000425730323000000042573033310000002F
:100970004257303431000000425730363200000018
:10098000425731323500000042573230300000000B
:1009900042573235300000004257343030000000FA
:1009A00042573530300000004257383030000000E8
:1009B0004257313630300000425720333930363319
:1009C000000000004257203835393338000000005D
:1009D0004257203133363731390000004257203139
:1009E000383335393400000042572033333539333A
:1009F00038000000425720333836373139000000C4
:100A00004257203732323635360000004257203701
:100A10003733343338000000425720313532333415
:100A20003338000042572031353734323139000035
:100A3000435220352F360000435220322F3300001E
:100A4000435220312F320000435220312F33000017
:100A50005741524E3A204E6F2076616C6964206C8B
:100A600072316D616320636F6E74657874202D2D13
:100A70003E205573652064656661756C74207661EF
:100A80006C75650D0A0000002E2E2F736D74635F68
:100A90006D6F64656D5F636F72652F6C72316D6130
:100AA000632F7372632F6C72316D61635F636F725A
:100AB000652E630000000000204465764E6F6E6373
:100AC00065203D2025640D0A00000000204A6F6962
:100AD0006E4E6F6E6365203D203078253032782071
:100AE0002530327820253032782C204E65744944E8
:100AF000203D20307825303278202530327820256E
:100B00003032780D0A000000204E624F6652657345
:100B10006574203D2025640D0A00000020526567A1
:100B2000696F6E203D2025730D0A0000544F4F2041
:100B3000534F4F4E20544F204A4F494E2074696DF9
:100B400065206973202025642074696D65207461B7
:100B500072676574206973203A2025640D0A0000CD
:100B60004552524F523A206372617368206C6F672E
:100B7000203A25730A0000004552524F523A202D68
:100B80003E204641494C53414645204556454E542A
:100B9000204F4343555220286C72316D61635F735F
:100BA000746174653A30782578290D0A00000000D8
:100BB00025732573000000000D0A20202A2A2A2A06
:100BC0002A2A2A2A2A2A2A2A2A2A2A2A2A2A2A2A85
:100BD0002A2A2A2A2A2A2A2A2A2A2A2A2A2A2A2A75
:100BE0002A0D0A20202A200053656E642050617966
:100BF0006C6F61642020484F4F4B204944203D20BA
:100C0000256400000D0A20202A2A2A2A2A2A2A2AB4
:100C10002A2A2A2A2A2A2A2A2A2A2A2A2A2A2A2A34
:100C20002A2A2A2A2A2A2A2A2A2A2A2A2A0D0A008B
:100C30002020547820204C6F52612061742025754B
:100C4000206D733A20667265713A25752C205346E3
:100C500025752C2025732C206C656E20257520624F
:100C6000797465732025642064426D2C2066636E60
:100C7000745F75702025642C20746F61203D2025E1
:100C8000640D0A0020205478202046534B20206118
:100C900074202575206D733A20667265713A25754A
:100CA0002C206C656E202575206279746573202573
:100CB000642064426D2C2066636E745F757020251D
:100CC000642C20746F61203D2025640D0A00000013
:100CD0002020547820204C522046485353206174E1
:100CE000202575206D733A20667265713A25752C42
:100CF0002044522575202825732C20257320487AFE
:100D0000292C206C656E2025752062797465732C02
:100D10002025642064426D2C2066636E745F7570BC
:100D20002025642C20746F61203D2025640D0A006D
:100D300020545820444F4E45000000005265636522
:100D4000697665206120626164207061636B6574FF
:100D5000206F6E2052583120666F7220486F6F6B83
:100D6000204964203D20256420636F6E74696E7590
:100D70006520776974682052583220005265636597
:100D800069766520612056616C696420646F776EB6
:100D90006C696E6B2052583120666F7220486F6FFD
:100DA0006B204964203D202564000000525831200A
:100DB00054696D656F757420666F7220486F6F6B34
:100DC000204964203D2025640000000052656365D1
:100DD000697665206120626164207061636B65746F
:100DE000206F6E2052583220666F7220486F6F6BF2
:100DF000204964203D2025640000000052656365A1
:100E000069766520612056616C696420646F776E35
:100E10006C696E6B2052583220666F7220486F6F7B
:100E20006B204964203D2025640000005258322088
:100E300054696D656F757420666F7220486F6F6BB3
:100E4000204964203D202564000000004552524F97
:100E5000523A202D3E20496C6C6567616C2073749A
:100E600061746520696E206C6F726177616E2070AD
:100E7000726F636573730D0A000000004552524F94
:100E8000523A204C50205354415445204E4F542048
:100E9000455155414C20544F2049444C450D0A00C2
:100EA0004552524F523A2041425020444556494300
:100EB000452043414E27542050524F434345442040
:100EC00041204A4F494E20524551554553540D0A31
:100ED000000000004552524F523A205041594C4FA9
:100EE00041442053495A4520544F4F2048494748D0
:100EF0000D0A00004552524F523A205041594C4F72
:100F00004144205041434B455420545950452049B9
:100F10004E56414C49440D0A000000004552524FC4
:100F2000523A204F54414120444556494345204EB2
:100F30004F54204A4F494E4544205945540D0A000C
:100F40005741524E3A2044757479204379636C6559
:100F50002069732066756C6C0D0A000001000401A5
:100F600020757064617465206A6F696E2070726F9D
:100F70006365647572650D0A000000005741524EAA
:100F80003A204E6F74204A6F696E65640D0A000046
:100F90005741524E3A204E6F2076616C696420446E
:100FA00065764E6F6E636520696E204E564D2C201F
:100FB0007573652064656661756C74202830290D31
:100FC0000A0000004C72316D616320636F6E7465BE
:100FD0007874203A20547279207265636F76657256
:100FE000204E564D0D0A00005265636F76657220E3
:100FF000737563636573732066726F6D20312E3075
:101000002E3720210D0A00005741524E3A204661EA
:10101000696C20746F207265636F7665720D0A00CB
:101020004552524F523A20496E76616C69642052A3
:101030006567696F6E203078253032780D0A0000C0
:101040002E2E2F736D74635F6D6F64656D5F636FBC
:1010500072652F6C72316D61632F7372632F736DC4
:1010600074635F7265616C2F7372632F736D746349
:101070005F7265616C2E6300000000004552524FA4
:10108000523A206372617368206C6F67203A25734F
:101090000A0000004552524F523A202D3E200000D7
:1010A0005741524E3A20494E56414C4944204346FE
:1010B0004C697374207479706520666F722074684F
:1010C000697320726567696F6E20282564290D0A8F
:1010D000000000004D616354784672657175656E5D
:1010E0006379205B25645D203D202564200D0A0086
:1010F0004D616344617461526174654368616E6EF1
:10110000656C205B25645D203D2000002025640087
:10111000200D0A004D61634368616E6E656C496E17
:10112000646578456E61626C6564205B25645D2052
:101130003D202564200D0A005741524E3A20494E69
:1011400056414C4944205458204652455155454E2D
:10115000435920494E2043464C495354204F522076
:1011600043464C49535420454D505459200D0A00D4
:101170002573257300000000494E56414C49442018
:101180004348414E4E454C20434E544C20494E203E
:101190004A4F494E0D0A0000494E56414C494420E1
:1011A0004348414E4E454C204D41534B20494E2023
:1011B0004A4F494E0D0A00005741524E3A20494EBF
:1011C00056414C49442043464C4953542C204D55DC
:1011D000535420434F4E5441494E5320465245519B
:1011E000204F522043484D41534B200D0A00000030
:1011F0005741524E3A20494E56414C4944202564AD
:10120000200D0A005245434549564520414E20498C
:101210004E56414C494420525831204452204F46AA
:1012200046534554200D0A005741524E3A20496E0C
:1012300076616C69642052782064617461726174B3
:10124000652025640D0A00005741524E3A20496E30
:1012500076616C6964205478206461746172617491
:10126000652025640D0A000063682564202D206434
:1012700072206669656C64203078253034780D0AF8
:10128000000000005741524E3A204E6F74206163B7
:101290006365707461626C65206461746120726161
:1012A00074650D0A000000005741524E3A20524525
:1012B000434549564520414E20494E56414C4944EC
:1012C000204368616E6E656C20496E6465782043CA
:1012D0006D64203D2025640D0A000000496E766192
:1012E0006C69642073697A652028646174613A25A9
:1012F00064202B20464F7074733A256429203E20C9
:10130000256420666F722064723A2025640D0A00FD
:101310005741524E3A204E6F74206163636570747A
:1013200061626C652064617461207261746520691A
:101330006E206D6F62696C65206D6F64650D0A00CB
:101340005741524E3A20494E56414C49442046524C
:10135000455155454E4359203D2025640D0A000056
:101360005741524E3A205245434549564520414E39
:1013700020494E56414C494420506F7765722043B6
:101380006D64203D2025640D0A000000010001026B
:101390004552524F523A202D3E2020696E76616CA4
:1013A00069642042572000004552524F523A206350
:1013B00072617368206C6F67203A25730A00000021
:1013C0002E2E2F736D74635F6D6F64656D5F636F39
:1013D00072652F6C72316D61632F7372632F736549
:1013E0007276696365732F736D74635F6475747966
:1013F0005F6379636C652E630000000000000000ED
:101400004552524F523A202D3E2000004552524F35
:10141000523A202D3E20456D7074792066726571B8
:1014200075656E6379206C6973740D0A00000000A5
:10143000636C6173735F635F6F626A206469736179
:10144000626C65640D0A00002E2E2F736D74635F4D
:101450006D6F64656D5F636F72652F6C72316D6166
:10146000632F7372632F6C72316D61635F636C61A4
:1014700073735F632F6C72316D61635F636C617353
:10148000735F632E630000004552524F523A20634F
:1014900072617368206C6F67203A25730A00000040
:1014A000000000004552524F523A202D3E20636CFE
:1014B0006173735F635F6F626A2062616420696E4B
:1014C000697469616C697A6174696F6E200D0A00D4
:1014D0004552524F523A202D3E206E6F2052784393
:1014E0002073657373696F6E20656E61626C6564ED
:1014F0000D0A00004D4F44554C4154494F4E204673
:10150000534B0D0A000000004552524F523A202D15
:101510003E204D4F44554C4154494F4E204E4F5460
:1015200020535550504F525445440D0A00000000BE
:10153000636C6173735F635F6F626A2053544152DF
:101540005420455252455552200D0A007061796C65
:101550006F61642073697A65207265636569766579
:10156000203D2025752C20736E72203D202564209F
:101570002C2072737369203D2025640D0A00000041
:10158000527843205061796C6F6164002573202D7F
:101590002028256C75206279746573293A0D0A003C
:1015A0000D0A000020202530325800006C72316D89
:1015B00061632052784320435243204552524F5298
:1015C0000D0A00006C72316D616320527843205423
:1015D000696D656F7574200D0A0000006C72316DC5
:1015E0006163205278432061626F72746564206287
:1015F000792074686520726164696F706C616E6EC9
:101600006572200D0A0000006C72316D616320521A
:10161000784320726563656976652049742052417C
:1016200044494F206572726F722025750D0A0000C3
:1016300020424144204674797065203D2025752064
:10164000666F72205258204672616D65200D0A0047
:10165000494E464F3A202042414420446576416439
:101660006472203D20257820666F722052582046F3
:1016700072616D6520616E64202578200D0A200D51
:101680000A0000005741524E3A20205265636569B6
:10169000766520616E206E6F742076616C696420BF
:1016A0007061636B657420527843206F6E20706F99
:1016B0007274207A65726F0D0A0000004552524F15
:1016C000523A202D3E2043727970746F20657272F9
:1016D0006F7220647572696E67207061796C6F61DA
:1016E000642064656372797074696F6E0D0A00001E
:1016F0005741524E3A2020526563656976652061F4
:101700006E206E6F742076616C6964207061636B0B
:1017100065742052784320464F7074730D0A0000A0
:101720004552524F523A206372617368206C6F6762
:10173000203A25730A0000002E2E2F736D74635F0C
:101740006D6F64656D5F636F72652F6C72316D6173
:10175000632F7372632F73657276696365732F737A
:101760006D74635F6C62742E630000000000000003
:101770004552524F523A202D3E206C6274206261D5
:101780006420696E69740D0A000000006C627420A8
:10179000727373693A2025642064426D0D0A00005B
:1017A0004552524F523A202D3E206C62745F6F6258
:1017B0006A2062616420696E697469616C697A612A
:1017C00074696F6E200D0A004552524F523A202D17
:1017D0003E20726164696F706C616E6E6572206923
:1017E000736E277420696E697469616C697A6564C7
:1017F00020666F72206C6274206F626A200D0A008E
:10180000526164696F20706C616E6E657220686FE2
:101810006F6B2025642069732062757379200D0A2F
:101820000000000020204C697374656E20467265CC
:101830007175656E6379203D202575206475726928
:101840006E67202564206D73200D0A006C62742081
:1018500061626F7274206D61782072657472792094
:101860007265616368200D0A000000004552524F06
:10187000523A206372617368206C6F67203A257357
:101880000A0000002E2E2F736D74635F6D6F646508
:101890006D5F636F72652F6C72316D61632F737250
:1018A000632F6C72316D61635F636C6173735F6230
:1018B0002F736D74635F70696E675F736C6F742EE6
:1018C00063000000000000004552524F523A202DA4
:1018D0003E2070696E675F736C6F745F6F626A2021
:1018E00062616420696E697469616C697A617469A6
:1018F0006F6E200D0A0000005741524E3A20506989
:101900006E6720536C6F74206E6F742073746172F5
:101910007465642C2074696D652073796E63206929
:1019200073206E6F742076616C69640D0A0000008C
:101930005741524E3A2050696E6720536C6F7420A5
:101940006E6F7420737461727465642C2050696EBC
:10195000536C6F74496E666F526571206973206EA7
:1019600065656465640D0A005741524E3A2050691E
:101970006E6720536C6F7420756E69636173742099
:101980006E6F7420737461727465640D0A000000D8
:1019900050696E6720536C6F74206E6F206D6F728C
:1019A000652073657373696F6E0D0A004552524F5F
:1019B000523A202D3E204D4F44554C4154494F4EF4
:1019C000204E4F5420535550504F525445440D0A09
:1019D000000000004552524F523A2070696E675F16
:1019E000736C6F745F6F626A205354415254204588
:1019F00052524F52200D0A0070696E675F736C6F10
:101A0000745F6F626A20646576616464723A2578F7
:101A10002053544152542061742025642C20667256
:101A200065713A25752C2064723A25642C20506922
:101A30006E674E623A25640D0A0000007061796C91
:101A40006F61642073697A65207265636569766584
:101A5000203D2025752C20736E72203D20256420AA
:101A60002C2072737369203D2025640D0A0000004C
:101A7000527842205061796C6F6164002573202D8B
:101A80002028256C75206279746573293A0D0A0047
:101A90000D0A0000202025303258000052784220E4
:101AA000617070205061796C6F6164006C72316D8F
:101AB00061632052784220435243204552524F5294
:101AC0000D0A00006C72316D616320527842206112
:101AD000626F727465642062792074686520726137
:101AE00064696F706C616E6E6572200D0A00000093
:101AF0006C72316D61632052784220726563656952
:101B0000766520497420524144494F206572726FB6
:101B1000722025750D0A00004552524F523A202D71
:101B20003E2043727970746F206572726F722077F5
:101B300068696C652067657474696E6720636C61A1
:101B4000737320422072616E64206E756D626572DF
:101B500020666F722070696E6720736C6F74206FDF
:101B6000666673657420636F6D7075746174696FF8
:101B70006E000000494E464F3A2020424144204426
:101B8000657641646472203D20257820666F72205E
:101B90005258204672616D6520616E642025780D73
:101BA0000A0D0A005741524E3A202066636E745F58
:101BB000746D70203D2025640D0A20005741524E5F
:101BC0003A20205265636569766520616E206E6FEC
:101BD000742076616C6964207061636B6574205257
:101BE0007842206F6E20706F7274207A65726F0D6C
:101BF0000A0000004552524F523A202D3E204372B7
:101C00007970746F206572726F7220647572696E7C
:101C100067207061796C6F616420646563727970AC
:101C200074696F6E0D0A00005741524E3A202052DF
:101C300065636569766520616E206E6F74207661DC
:101C40006C6964207061636B657420527842204631
:101C50004F7074730D0A0000205278422072785F32
:101C60007061636B65745F74797065203D202564D5
:101C7000200D0A004552524F523A202D3E20545812
:101C8000204D4F44554C4154494F4E204E4F542007
:101C9000535550504F525445440D0A00636C6173C4
:101CA000735F625F6F626A2064697361626C65640E
:101CB0000D0A00002E2E2F736D74635F6D6F6465C7
:101CC0006D5F636F72652F6C72316D61632F73721C
:101CD000632F6C72316D61635F636C6173735F62FC
:101CE0002F736D74635F626561636F6E5F736E699E
:101CF00066662E6300000000626561636F6E20738C
:101D00006E696666206E6F742073746172746564A8
:101D10002C2074696D65206973206E6F742073794F
:101D20006E630D0A0000000021212121212073652E
:101D3000636F6E64735F73696E63655F65706F6315
:101D4000682025752C206672616374696F6E616C02
:101D50005F7365636F6E64202575206D730D0A00D7
:101D60004E65787420626561636F6E20696E202510
:101D700075206D732061742025750D0A0000000028
:101D8000646F65736E2774206C697374656E20745C
:101D900068697320626561636F6E202C206A756DBF
:101DA0007020697420746F207361766520706F777E
:101DB0006572200D0A00000020626561636F6E5F2E
:101DC00074696D657374616D705F7573203D202556
:101DD000752075730D0A0000626561636F6E207374
:101DE000746F702070696E6720736C6F740D0A00D9
:101DF000494E56414C49442043524320200D0A008D
:101E0000494E56414C494420435243204777537032
:101E10006563696669630D0A000000004552524F10
:101E2000523A206372617368206C6F67203A2573A1
:101E30000A000000000000004552524F523A202D87
:101E40003E2020696E76616C696420626561636F13
:101E50006E2073662000000074696D6520657272E3
:101E60006F72206F6E2066697273742062656163A1
:101E70006F6E203D2025642028313030757320722C
:101E800065736F6C7574696F6E2920200D0A0000F0
:101E9000426561636F6E205061796C6F61642000F0
:101EA0002573202D2028256C75206279746573298F
:101EB0003A0D0A000D0A000020202530325800009B
:101EC0002D2D3E20504C4C20494E464F2070706CBA
:101ED0005F7068617365203D25642C20706C6C5FB9
:101EE0006572726F725F31303075733D20256420EA
:101EF00020706C6C5F6672657175656E63795F31B9
:101F000030307573203D202564200D0A000000004C
:101F10000D0A2A2A2A2A2A2A2A2A2A2A2A2A2A2A5E
:101F20002A2A2A2A2A2A2A2A2A2A2A2A2A2A2A2A11
:101F30002A2A2A2A2A2A2A2A2A2A2A2A2A2A0D0A3E
:101F4000000000002D2D3E424541434F4E2053548A
:101F500041545553200D0A207265636569766564A6
:101F6000203D2025640D0A206D6973736564203D52
:101F70002025640D0A2072656365697665645F6378
:101F80006F6E73656375746976656C79203D202585
:101F9000640D0A206C6F73745F636F6E7365637595
:101FA000746976656C79203D25640D0A20666F752D
:101FB000725F6C6173745F626561636F6E5F72788C
:101FC0005F737461746973746963203D2025640DC7
:101FD0000A206E65787420626561636F6E20727886
:101FE0005F6E625F73796D62203D2025640D0A008B
:101FF0002A2A2A2A2A2A2A2A2A2A2A2A2A2A2A2A41
:102000002A2A2A2A2A2A2A2A2A2A2A2A2A2A2A2A30
:102010002A2A2A2A2A2A2A2A2A2A2A2A2A0D0A2067
:102020000000000072782064656C6179203D2025F5
:1020300064206D730D0A000020626561636F6E5F3E
:1020400074696D65202D206E6574776F726B2074D6
:10205000696D65203D202564206D730D0A00000028
:102060004552524F523A20646576696365206E6F1F
:10207000206D6F72652073796E6368726F6E697A16
:1020800065640D0A000000004552524F523A206329
:1020900072617368206C6F67203A25730A00000034
:1020A0002E2E2F736D74635F6D6F64656D5F636F4C
:1020B00072652F726164696F5F706C616E6E6572BC
:1020C0002F7372632F726164696F5F706C616E6EE3
:1020D00065722E6300000000000000004552524F60
:1020E000523A202D3E2000004552524F523A202DA8
:1020F0003E20207461736B20696E76616C69640A9E
:10210000000000002052503A205741524E494E479D
:10211000205461736B20697320616C72656164790E
:102120002072756E6E696E670A000000207261642D
:10213000696F20706C616E6E6572206974206275C3
:1021400074206E6F206D6F7265207461736B2061F7
:1021500063746976617465640A0000004552524FE9
:10216000523A202052503A204552524F52202D20B0
:1021700064656C617920232564202D20686F6F6B66
:10218000202325640A0000005741524E3A20205275
:10219000503A2041626F72746564207461736B20E1
:1021A0007769746820686F6F6B20232575202D2058
:1021B0006E6F742061207072696F72697479207417
:1021C00061736B0A200000007378313238300000F0
:1021D00073783132383100000F0C00000A00010022
:1021E00002000300040005000600070008000900C3
:1021F0000A000B000C000D000E000F001000000084
:1022000000202020202020202020282828282820C6
:1022100020202020202020202020202020202020BE
:102220002088101010101010101010101010101026
:102230001004040404040404040404101010101016
:1022400010104141414141410101010101010101E0
:102250000101010101010101010101011010101032
:1022600010104242424242420202020202020202B2
:102270000202020202020202020202021010101006
:10228000200000000000000000000000000000002E
:10229000000000000000000000000000000000003E
:1022A000000000000000000000000000000000002E
:1022B000000000000000000000000000000000001E
:1022C000000000000000000000000000000000000E
:1022D00000000000000000000000000000000000FE
:1022E00000000000000000000000000000000000EE
:1022F00000000000000000000000000000000000DE
:10230000000000000A0001000200030004000500B4
:1023100006000700080009000A000B000C000D0071
:102320000E000F001000000035000000CEFBFFFF84
:10233000CB0300000100000000000000340000009A
:10234000CEFBFFFFCB0300000100000000000000F7
:10235000BC89D897B2D29C3C33A7A8D523F649397B
:102360003DA7F444FD0FA5329D978CCF08BA5B259D
:10237000436FAC64280668112020202020202020F4
:1023800020202020202020203030303030303030CD
:1023900030303030303030300000000000000000BD
:1023A000000000000000000000000000000000002D
:1023B000000000000000000000000000000000001D
:1023C0000000000000000000101112131415161771
:1023D0001819000000000000001A1B1C1D1E1F0021
:1023E00000000000000000000000000000000000ED
:1023F0000000000000000000001A1B1C1D1E1F0032
:1024000000000000000000000000000000000000CC
:1024100000000000000000000000000000000000BC
:1024200000000000000000000000000000000000AC
:10243000000000000000000000000000000000009C
:10244000000000000000000000000000000000008C
:10245000000000000000000000000000000000007C
:10246000000000000000000000000000000000006C
:10247000000000000000000000000000000000005C
:10248000000000000000000000000000000000004C
:10249000000000000000000005000000190000001E
:1024A0007D00000000000000000000000000F03F80
:1024B000000000000000244000000000000059401F
:1024C0000000000000408F40000000000088C34072
:1024D00000000000006AF8400000000080842E41E7
:1024E00000000000D01263410000000084D7974133
:1024F0000000000065CDCD41000000205FA0024239
:10250000000000E876483742000000A2941A6D42AD
:10251000000040E59C30A2420000901EC4BCD642A0
:1025200000003426F56B0C430080E03779C341434B
:1025300000A0D8855734764300C84E676DC1AB43C1
:10254000003D9160E458E143408CB5781DAF1544DF
:1025500050EFE2D6E41A4B4492D54D06CFF08044BA
:10256000F64AE1C7022DB544B49DD9794378EA44CF
:10257000BC89D897B2D29C3C33A7A8D523F6493959
:102580003DA7F444FD0FA5329D978CCF08BA5B257B
:10259000436FAC642806C80A0080E03779C3414322
:1025A000176E05B5B5B89346F5F93FE9034F384DB9
:1025B000321D30F94877825A3CBF737FDD4F157565
:1025C000202020202020202020202020202020200B
:1025D00030303030303030303030303030303030FB
:1025E00000C20100600000000000000000000000C8
:1025F0000000000024000000B41B001000020000D6
:10260000B41D00102000000000000000C99203006B
:10261000099303001F930300479303005D93030096
:10262000A5930300EB930300F793030011940300B9
:102630007B9403008D940300DF940300F194030066
:102640003F950300559503006B95030081950300AA
:1026500099950300D99503002B9603001797030063
:102660006797030099970300EF97030029980300E9
:102670004398030099980300FF9803004D990300C5
:1026800099990300DB990300259A0300339A03000C
:10269000459A0300939A0300DD9A0300A99B030067
:1026A000FF9B0300359C03004F9C0300819C0300AB
:1026B000B39C0300E59C03000B9D03002D9D0300CC
:1026C0005D9D0300C19D0300DB9D03000D9E030083
:1026D0001B9E03002F9E03003F9E03004F9E03009E
:1026E000659E0300739E0300ED9E0300959F03000B
:1026F000A99F03000DA10300F9D901003DDB0100F2
:102700001BDC010000002110422063308440A550F2
:10271000C660E770088129914AA16BB18CC1ADD127
:10272000CEE1EFF13112100273325222B5529442CF
:10273000F772D662399318837BB35AA3BDD39CC377
:10274000FFF3DEE36224433420040114E664C7741B
:10275000A44485546AA54BB528850995EEE5CFF5C7
:10276000ACC58DD55336722611163006D776F6666F
:102770009556B4465BB77AA719973887DFF7FEE717
:102780009DD7BCC7C448E5588668A778400861183B
:1027900002282338CCC9EDD98EE9AFF94889699967
:1027A0000AA92BB9F55AD44AB77A966A711A500A0F
:1027B000333A122AFDDBDCCBBFFB9EEB799B588BB7
:1027C0003BBB1AABA66C877CE44CC55C222C033C5B
:1027D000600C411CAEED8FFDECCDCDDD2AAD0BBD07
:1027E000688D499D977EB66ED55EF44E133E322EAF
:1027F000511E700E9FFFBEEFDDDFFCCF1BBF3AAF57
:10280000599F788F8891A981CAB1EBA10CD12DC1B4
:102810004EF16FE18010A100C230E320045025404A
:1028200046706760B9839893FBA3DAB33DC31CD3AA
:102830007FE35EF3B1029012F322D232354214529A
:1028400077625672EAB5CBA5A89589856EF54FE5F6
:102850002CD50DC5E234C324A014810466744764EA
:1028600024540544DBA7FAB79987B8975FE77EF74A
:102870001DC73CD7D326F2369106B016576676763A
:10288000154634564CD96DC90EF92FE9C899E98916
:102890008AB9ABA94458654806782768C018E1088A
:1028A0008238A3287DCB5CDB3FEB1EFBF98BD89BEA
:1028B000BBAB9ABB754A545A376A167AF10AD01ADA
:1028C000B32A923A2EFD0FED6CDD4DCDAABD8BAD36
:1028D000E89DC98D267C076C645C454CA23C832C2A
:1028E000E01CC10C1FEF3EFF5DCF7CDF9BAFBABF8A
:1028F000D98FF89F176E367E554E745E932EB23E7A
:10290000D10EF01E736D74635F6D6F64656D5F68EB
:10291000616C5F636F6E746578745F726573746FFA
:1029200072650000736D74635F6D6F64656D5F68E1
:10293000616C5F636F6E746578745F73746F7265DA
:10294000000000006C6F726177616E5F6170695F9B
:10295000636C6173735F635F646F776E6C696E6BDA
:102960005F63616C6C6261636B0000006C6F72612D
:1029700077616E5F6170695F636C6173735F625FE3
:10298000646F776E6C696E6B5F63616C6C626163C0
:102990006B0000006C6F726177616E5F6170695FE0
:1029A000636C6173735F625F626561636F6E5F63C7
:1029B000616C6C6261636B0048E80100E0930400A5
:1029C000EF00000090D00300E0930400C700000077
:1029D00090D00300C0270900CE000000801A060036
:1029E000C0270900AA00000020A10700C027090095
:1029F00086000000801A0600804F1200B10000001F
:102A000020A10700804F12008D00000000350C004F
:102A1000804F12006900000040420F00804F1200FA
:102A20004500000000350C00009F240070000000ED
:102A300040420F00009F24004C000000006A180074
:102A4000009F24002800000080841E00009F2400B6
:102A500004000000A0F70300E0930400EB00000076
:102A600088F50400E0930400C700000040EF070071
:102A7000C0270900AA00000010EB0900C0270900C8
:102A80008600000080DE0F00804F12006900000009
:102A900020D61300804F12004500000007000A01F5
:102AA0000F02140319041E05230628072D083209F6
:102AB000370A3C0B410C460D4B0E500F030301FF30
:102AC000000001FF02FF02020101011C000001FFE2
:102AD00001FF01FF01FF01FFC0DE3A8F40908A90A5
:102AE000C089C29300000000000001000000000047
:102AF00002010000000003020100000004030201C3
:102B00000000050403020100060504030201070694
:102B10000504030200000102030405060C0B0A0968
:102B2000080706050C0000000C0000000C00000067
:102B30000C0000000C0000000C0000000C00000065
:102B40000C0000003B7BE4E4E4E4E4E4010000006A
:102B500000000000726567696F6E5F7777326734D7
:102B60005F6765745F6D6F64756C6174696F6E5FCC
:102B7000747970655F66726F6D5F646174617261B4
:102B800074650000726567696F6E5F7777326734CE
:102B90005F6C6F72615F64725F746F5F73665F62B8
:102BA0007700000001020101020202080108010190
:102BB00004000002080202080000000007000000F4
:102BC0006765745F6D6F64656D5F6576656E745F74
:102BD000636F756E740000006765745F6D6F646588
:102BE0006D5F6576656E745F7374617475730000F4
:102BF0006765745F6D6F64656D5F646D5F696E744A
:102C0000657276616C5F7365636F6E6400000000CF
:102C1000736D74635F6D6F64656D5F6765745F6529
:102C200076656E7400000000736D74635F6D6F6491
:102C3000656D5F7365745F6A6F696E6575690000C5
:102C4000736D74635F6D6F64656D5F7365745F64EE
:102C50006576657569000000736D74635F6D6F6400
:102C6000656D5F7365745F6E776B6B6579000000EF
:102C7000736D74635F6D6F64656D5F7365745F72B0
:102C80006567696F6E000000736D74635F6D6F64DC
:102C9000656D5F6164725F7365745F70726F6669A2
:102CA0006C650000736D74635F6D6F64656D5F6468
:102CB0006D5F7365745F696E666F5F696E74657270
:102CC00076616C00736D74635F6D6F64656D5F6AD0
:102CD0006F696E5F6E6574776F726B0069735F6D9D
:102CE0006F64656D5F636F6E6E656374656400002D
:102CF000736D74635F6D6F64656D5F73656E645F44
:102D0000747800000005060708090A0B0C00000093
:102D100007090B080A0C0D00010203040506070051
:102D2000746573745F6D6F64655F63775F63616C17
:102D30006C6261636B5F666F725F727000000000AF
:102D4000637C777BF26B6FC53001672BFED7AB7668
:102D5000CA82C97DFA5947F0ADD4A2AF9CA472C013
:102D6000B7FD9326363FF7CC34A5E5F171D8311580
:102D700004C723C31896059A071280E2EB27B275A1
:102D800009832C1A1B6E5AA0523BD6B329E32F8419
:102D900053D100ED20FCB15B6ACBBE394A4C58CF11
:102DA000D0EFAAFB434D338545F9027F503C9FA8E5
:102DB00051A3408F929D38F5BCB6DA2110FFF3D2B3
:102DC000CD0C13EC5F974417C4A77E3D645D197367
:102DD00060814FDC222A908846EEB814DE5E0BDB61
:102DE000E0323A0A4906245CC2D3AC629195E47998
:102DF000E7C8376D8DD54EA96C56F4EA657AAE08F2
:102E0000BA78252E1CA6B4C6E8DD741F4BBD8B8A8C
:102E1000703EB5664803F60E613557B986C11D9EF2
:102E2000E1F8981169D98E949B1E87E9CE5528DF69
:102E30008CA1890DBFE6426841992D0FB054BB1695
:102E4000C6F8EEF6FFD6DE916002CE56E7B54DEC41
:102E50008F1F89FAEFB28EFB41B35F452353E49B8A
:102E600075E13D4C6C7EF5836851D1F9E2AB622A85
:102E70000895469D30370A2F0E241BDFCD4E7FEA82
:102E8000121D583436DCB45BA476B77D52DD5E1378
:102E9000A6B900C140E379B6D48D67729498B08525
:102EA000BBC54FED869A66118AE904FEA078254BD2
:102EB000A25D80053F2170F16377AF4220E5FDBF41
:102EC000811826C3BE35882E9355FC7AC8BA32E6DF
:102ED000C0199EA344543B0B8CC76B28A7BC16ADEE
:102EE000DB647414920C48B89FBD43C43931D3F2EB
:102EF000D58B6EDA01B19C49D8ACF3CFCAF4471038
:102F00006FF04A5C38577397CBA1E83E96610D0F7E
:102F1000E07C71CC9006F71CC26AAE6917993A271B
:102F2000D9EB2B22D2A907332D3C15C987AA50A56E
:102F30000359091A65D784D082295A1E7BA86D2CA3
:102F4000A584998D0DBDB1545003A97D1962E69AEF
:102F5000459D408715EBC90BEC67FDEABFF7965B13
:102F6000C21CAE6A5A41024F5CF434089373533F5B
:102F70000C52655E28A10FB509369B3D2669CD9F91
:102F80001B9E742E2DB2EEFBF64D61CE7B3E7197EB
:102F9000F568002C601FC8EDBE46D94BDED4E84A68
:102FA0006B2AE516C5D75594CF100681F044BAE3D5
:102FB000F3FEC08AADBC4804DFC17563301A0E6DE4
:102FC0004C14352FE1A2CC3957F28247ACE72B9550
:102FD000A098D17F667EAB83CA29D33C79E21D7667
:102FE0003B564E1EDB0A6CE45D6EEFA6A8A4378B41
:102FF000324359B78C64D2E0B4FA0725AF8EE91892
:10300000D5886F7224F1C751237C9C21DDDC868535
:103010009042C4AAD8050112A35FF9D0915827B9EC
:103020003813B333BB7089A7B622922049FF787A50
:103030008FF88017DA31C6B8C3B07711CBFCD63A17
:10304000000005000A0014001E00280032003C00A9
:103050007800F000E00100006C6F726177616E5FD4
:1030600063657274696669636174696F6E5F7061CC
:103070007273657200000000080A0C0D0E10121425
:1030800015181A1B1D1E21246C72315F7374616345
:103090006B5F6D61635F74785F6672616D655F65BC
:1030A0006E637279707400006C72315F7374616367
:1030B0006B5F6D61635F74785F6C6F72615F6C6191
:1030C000756E63685F63616C6C6261636B5F666F92
:1030D000725F7270000000006C72315F7374616324
:1030E0006B5F6D61635F74785F6766736B5F6C6164
:1030F000756E63685F63616C6C6261636B5F666F62
:10310000725F7270000000006C72315F73746163F3
:103110006B5F6D61635F74785F6C725F6668737319
:103120005F6C61756E63685F63616C6C6261636B39
:103130005F666F725F7270006C72315F737461638F
:103140006B5F6D61635F72785F6C6F72615F6C6102
:10315000756E63685F63616C6C6261636B5F666F01
:10316000725F7270000000006C72315F7374616393
:103170006B5F6D61635F72785F6766736B5F6C61D5
:10318000756E63685F63616C6C6261636B5F666FD1
:10319000725F7270000000006C72315F7374616363
:1031A0006B5F6D61635F74785F726164696F5F7399
:1031B00074617274000000006C72315F737461633B
:1031C0006B5F6D61635F72785F726164696F5F737B
:1031D00074617274000000006C72315F737461631B
:1031E0006B5F6D61635F72705F63616C6C62616382
:1031F0006B0000006C72315F737461636B5F6D61B3
:10320000635F72785F74696D65725F636F6E666924
:1032100067757265000000006C72315F73746163E2
:103220006B5F6D61635F72785F6672616D655F642D
:1032300065636F64650000006C72315F7374616375
:103240006B5F6D61635F75706461746500000000A1
:103250006C72315F737461636B5F6D61635F6A6F22
:10326000696E5F726571756573745F6275696C64B0
:10327000000000006C72315F737461636B5F746F88
:10328000615F676574000000000003020102030231
:103290000101020000000000000000006C72316DAE
:1032A00061635F636F72655F70726F6365737300F4
:1032B000736D74635F7265616C5F636F6E6669677F
:1032C00000000000736D74635F7265616C5F696E0E
:1032D00069740000736D74635F7265616C5F696E21
:1032E00069745F73657373696F6E0000736D7463E7
:1032F0005F7265616C5F6765745F6E756D62657244
:103300005F6F665F63686D61736B5F696E5F636655
:103310006C69737400000000736D74635F726561A3
:103320006C5F6765745F6E6578745F6368616E6E0D
:10333000656C0000736D74635F7265616C5F6765D7
:10334000745F6A6F696E5F6E6578745F6368616EE3
:103350006E656C00736D74635F7265616C5F73653D
:10336000745F72785F636F6E66696700736D746314
:103370005F7265616C5F7365745F6368616E6E65D3
:103380006C5F6D61736B0000736D74635F72656178
:103390006C5F696E69745F6A6F696E5F736E61708E
:1033A00073686F745F6368616E6E656C5F6D617387
:1033B0006B000000736D74635F7265616C5F696EB2
:1033C00069745F61667465725F6A6F696E5F736E60
:1033D000617073686F745F6368616E6E656C5F6D5A
:1033E00061736B00736D74635F7265616C5F6275AE
:1033F000696C645F6368616E6E656C5F6D61736B51
:1034000000000000736D74635F7265616C5F6465DA
:103410006372656D656E745F64725F73696D756C00
:103420006174696F6E000000736D74635F72656133
:103430006C5F656E61626C655F616C6C5F63686137
:103440006E6E656C735F776974685F76616C6964D2
:103450005F66726571000000736D74635F72656111
:103460006C5F69735F74785F64725F6163636570DA
:103470007461626C65000000736D74635F726561F6
:103480006C5F69735F6E776B5F72656365697665A4
:10349000645F74785F6672657175656E63795F7677
:1034A000616C696400000000736D74635F72656134
:1034B0006C5F69735F6368616E6E656C5F696E6493
:1034C00065785F76616C696400000000736D7463F9
:1034D0005F7265616C5F69735F7061796C6F616465
:1034E0005F73697A655F76616C696400736D74639C
:1034F0005F7265616C5F7365745F74785F66726537
:103500007175656E63795F6368616E6E656C0000EE
:10351000736D74635F7265616C5F7365745F7278FD
:10352000315F6672657175656E63795F6368616E40
:103530006E656C00736D74635F7265616C5F73655B
:10354000745F6368616E6E656C5F6472000000009A
:10355000736D74635F7265616C5F7365745F6368DC
:10356000616E6E656C5F656E61626C656400000023
:10357000736D74635F7265616C5F6765745F7478A7
:103580005F6368616E6E656C5F6672657175656EAE
:1035900063790000736D74635F7265616C5F67656A
:1035A000745F7278315F6368616E6E656C5F6672BE
:1035B000657175656E637900736D74635F726561C3
:1035C0006C5F6765745F6D6F64756C6174696F6E55
:1035D0005F747970655F66726F6D5F64617461724C
:1035E00061746500736D74635F7265616C5F6C6FAD
:1035F00072615F64725F746F5F73665F6277000011
:10360000736D74635F7265616C5F66736B5F647228
:103610005F746F5F6269747261746500736D746367
:103620005F7265616C5F6C725F666873735F647212
:103630005F746F5F63725F6277000000736D746325
:103640005F7265616C5F6C725F666873735F6765FC
:10365000745F6865616465725F636F756E740000A6
:10366000736D74635F7265616C5F6C725F666873C3
:10367000735F6765745F677269640000736D74637C
:103680005F7265616C5F636C616D705F6F757470A4
:1036900075745F706F7765725F656972705F76735E
:1036A0005F667265715F616E645F64720000000046
:1036B000736D74635F7265616C5F6765745F676685
:1036C000736B5F73796E635F776F726400000000E5
:1036D000736D74635F7265616C5F6765745F6C7254
:1036E0005F666873735F73796E635F776F72640090
:1036F000736D74635F7265616C5F6765745F6C6244
:10370000745F6475726174696F6E5F6D7300000041
:10371000736D74635F7265616C5F6765745F6C6223
:10372000745F7468726573686F6C645F64626D0067
:10373000736D74635F7265616C5F6765745F6C6203
:10374000745F62775F687A00736D74635F7265613E
:103750006C5F6765745F6D61785F7061796C6F61D4
:10376000645F73697A650000736D74635F7265618D
:103770006C5F6765745F626561636F6E5F667265DB
:103780007175656E63790000736D74635F72656156
:103790006C5F6765745F70696E675F736C6F745F91
:1037A0006672657175656E6379000000736D746390
:1037B0005F7265616C5F6765745F73796D626F6C72
:1037C0005F6475726174696F6E5F757300000000ED
:1037D000736D74635F647574795F6379636C655F3F
:1037E0006765745F6E6578745F667265655F74693E
:1037F0006D655F6D730000006C72316D61635F63B6
:103800006C6173735F635F6C61756E636800000069
:103810006C72316D61635F636C6173735F635F6D65
:1038200061635F72785F6672616D655F6465636F27
:1038300064650000736D74635F6C62745F696E69C8
:1038400074000000736D74635F6C62745F6C61750B
:103850006E63685F63616C6C6261636B5F666F72FD
:103860005F727000736D74635F6C62745F6C697318
:1038700074656E5F6368616E6E656C00736D746312
:103880005F70696E675F736C6F745F73746172747D
:1038900000000000736D74635F70696E675F736C26
:1038A0006F745F636F6D707574655F666972737452
:1038B0005F736C6F74000000736D74635F70696E8A
:1038C000675F736C6F745F6D61635F72785F667260
:1038D000616D655F6465636F64650000736D74633B
:1038E0005F70696E675F736C6F745F636F6D707527
:1038F00074655F646F776E6C696E6B5F746F610087
:1039000070696E675F736C6F745F6D61635F72780F
:103910005F6C6F72615F6C61756E63685F63616C31
:103920006C6261636B5F666F725F727000000000B3
:10393000736D74635F626561636F6E5F736E6966FA
:10394000665F737461727400626561636F6E5F724B
:10395000705F72657175657374000000736D7463D8
:103960005F626561636F6E5F736E6966665F6C61EF
:10397000756E63685F63616C6C6261636B5F666FD9
:10398000725F7270000000006765745F626561635A
:103990006F6E5F6C656E67746800000072705F68C0
:1039A0006F6F6B5F696E69740000000072705F7208
:1039B000656C656173655F686F6F6B0072705F68DF
:1039C0006F6F6B5F6765745F6964000072705F742E
:1039D00061736B5F656E71756575650072705F749C
:1039E00061736B5F61626F727400000072705F6779
:1039F00065745F73746174757300000072705F6743
:103A000065745F616E645F636C6561725F7261773C
:103A10005F726164696F5F697271000072705F72DA
:103A20006164696F5F6972710000000072705F7499
:103A300061736B5F617262697465720072705F6955
:103A400072715F6765745F737461747573000000F1
:103A500072705F6765745F706B745F7061796C6FB3
:103A60006164000072705F74696D65725F69727184
:103A70000000000072705F686F6F6B5F63616C6C59
:103A80006261636B00000000381800009C180000A1
:103A90000019000064190000C81900002C1A000069
:103AA000901A0000581B0000BC1B0000841C000082
:103AB000E81C0000141E0000DC1E0000A41F000013
:103AC0003421000060220000F0230000E425000003
:103AD00074270000CC290000242C0000E02E0000F8
:103AE0009C31000020350000A43800008C3C000010
:103AF000A041000024450000A84800004C4F0000F1
:103B0000F0550000C05D0000182E0000E02E0000FF
:103B1000A82F000070300000383100000032000093
:103B2000C8320000F4330000BC340000B03600009E
:103B3000783700006C390000603B0000F03C00006A
:103B4000AC3F00006842000024450000A848000087
:103B5000904C0000DC5000008C550000A05A000082
:103B600018600000BC660000606D00003075000049
:103B7000C87D0000C4860000C08F000020990000AE
:103B8000ACA30000BCB1000065256C64000000001F
:103B90006E660000696E697479000000616E000055
:103BA00043000000504F534958000000494E460062
:103BB000696E66004E414E006E616E0030313233E8
:103BC0003435363738394142434445460000000019
:103BD0003031323334353637383961626364656683
:103BE00000000000286E756C6C2900003000000099
:103BF00042616C6C6F6320737563636565646564B3
:103C0000000000002E2E2F2E2E2F2E2E2F2E2E2F88
:103C10002E2E2F2E2E2F6E65776C69622F6C6962A7
:103C2000632F7374646C69622F6764746F612D67AE
:103C300065746865782E6300496E66696E6974798B
:103C4000000000004E614E002E2E2F2E2E2F2E2E05
:103C50002F2E2E2F2E2E2F2E2E2F6E65776C696213
:103C60002F6C6962632F7374646C69622F64746F64
:103C7000612E63002C2066756E6374696F6E3A2046
:103C800000000000617373657274696F6E202225F5
:103C90007322206661696C65643A2066696C6520F0
:103CA000222573222C206C696E65202564257325DE
:103CB000730A00002E2E2F2E2E2F2E2E2F2E2E2F5B
:103CC0002E2E2F2E2E2F6E65776C69622F6C6962F7
:103CD000632F7374646C69622F6D707265632E63F9
:103CE000000000004354696D657220696E7465724E
:103CF00072757074206E756D626572206F757420B8
:103D00006F662072616E67652E00000064656275E3
:103D1000675F66696C656E616D652E65787400001D
:103D200008030000030000000304000001018002FA
:103D3000800101800101808080808080808080807F
:103D400008808080800180018080808080808080E9
:103D500002048001010401018080808001010000D3
:103D600023232762A1038710035300E151814155AA
:103D700005C4804001B140411431A03100F18011EF
:103D80009121C111E51145303700303100710040FB
:103D90003031000032425213021222603343532169
:103DA0003040502031415111FFFFFFFFFFFFFFFF67
:103DB000314151603040500033435323324252600E
:103DC0000010203030405061314151010212224236
:103DD00003132360001020500111214102122232EE
:103DE0000313336031415121324252223343530392
:103DF000001020400111215132425202334353132B
:103E0000304050103141516032425212334353031B
:103E100000102040011121610212225203132333AA
:103E200000102030314151613242520203133353AA
:103E3000FFFFFFFFFFFFFFFF011121610010205076
:103E40000111216102122252334353133040506159
:103E50000111213102122232031323430707070203
:103E60000208080002020201010101010101010131
:103E70000101010101010101010101010101010132
:103E80000101010808000101010101010101000017
:103E9000004000000080000000000100000002005F
:103EA00000000400000008000000100000002000D6
:103EB00000001800000000000000000000000000EA
:103EC00000000000000000000000000000000000F2
:103ED000004000000080000000000100000002001F
:103EE00000000400000008000000100000000600B0
:103EF00000000C00000000000000000000000000B6
:103F000000000000000000000000000000000000B1
:103F100000000000000000000000000001000000A0
:103F2000040000000400000002000000080000007F
:103F30000800000004000000080000000800000065
:103F40000800000008000000080000001000000049
:103F50001000000010000000200000001000000011
:103F600010000000400000001000000010000000E1
:103F700080000000040000000400000000010000B8
:103F80000400000004000000000200002000000007
:103F900020000000000400000400000004000000F5
:103FA0000008000040000000400000000010000079
:103FB00080000000800000000020000000010000E0
:103FC0000001000000366E01001BB700808D5B0011
:103FD000C0C62D009442005098420050AC420050A0
:103FE000B0420050A8420050008000009C420050A7
:103FF0000100000004000000020000009452005084
:1040000098520050AC520050B0520050A85200508C
:10401000008000009C5200500100000004000000DD
:10402000020000009462005098620050AC620050A0
:10403000B0620050A8620050008000009C620050F6
:104040000100000004000000020000009472005013
:1040500098720050AC720050B0720050A8720050BC
:10406000008000009C72005001000000040000006D
:10407000020000009482005098820050AC820050F0
:10408000B0820050A8820050008000009C82005046
:1040900001000000040000000200000094920050A3
:1040A00098920050AC920050B0920050A8920050EC
:1040B000008000009C9200500100000004000000FD
:1040C00002000000A0420150A8420150C04201502D
:1040D000C4420150B842015000400000AC420150BF
:1040E00001000000040000000800000048C2005069
:1040F0004CC2005060C2005064C200505CC200500C
:104100000080000050C200500100000004000000C8
:0441100002000000A9
:08411400EC80FC7F01000000BB
:10411C00081000100000000000000000341A00100D
:10412C009C1A0010041B001000000000000000008E
:10413C000000000000000000000000000000000073
:10414C000000000000000000000000000000000063
:10415C000000000000000000000000000000000053
:10416C000000000000000000000000000000000043
:10417C000000000000000000000000000000000033
:10418C000000000000000000000000000000000023
:10419C000000000000000000000000000000000013
:1041AC000000000000000000000000000000000003
:1041BC0001000000000000000E33CDAB34126DE6A0
:1041CC00ECDE05000B000000000000000000000009
:1041DC0000000000000000000000000000000000D3
:1041EC0000000000000000000000000000000000C3
:1041FC0000000000000000000000000000000000B3
:10420C0000000000000000000000000000000000A2
:10421C000000000000000000000000000000000092
:10422C000000000000000000000000000000000082
:10423C00000000000000000000000000030000006F
:10424C00341A0010430000000000000000000000C1
:10425C000000000000000000000000000000000052
:10426C0000000000430000000000000000000000FF
:10427C000000000000000000000000000000000032
:10428C0000000000430000000000000000000000DF
:10429C000000000000000000000000000000000012
:1042AC0000000000430000000000000000000000BF
:1042BC0000000000000000000000000000000000F2
:1042CC00000000004300000000000000000000009F
:1042DC0000000000000000000000000000000000D2
:1042EC00000000004300000000000000000000007F
:1042FC0000000000000000000000000000000000B2
:10430C00000000004300000000000000000000005E
:10431C000000000000000000000000000000000091
:10432C00000000009D410100CD24010000000000B0
:10433C0000220400083D0400803C0400803C040082
:10434C00803C0400803C0400803C0400803C040061
:10435C00803C0400803C0400803C0400FFFFFFFF15
:10436C00FFFFFFFFFFFFFFFFFFFF000001004153B6
:10437C00434949000000000000000000000000005C
:10438C00000000000000000000000000000041538D
:10439C00434949000000000000000000000000003C
:1043AC000000000000000000000000000000000001
:1043BC000000000000000000A0120010A01200106D
:1043CC00A8120010A8120010B0120010B0120010A9
:1043DC00B8120010B8120010C0120010C012001059
:1043EC00C8120010C8120010D0120010D012001009
:1043FC00D8120010D8120010E0120010E0120010B9
:10440C00E8120010E8120010F0120010F012001068
:10441C00F8120010F8120010001300100013001016
:10442C0008130010081300101013001010130010C4
:10443C001813001018130010201300102013001074
:10444C002813001028130010301300103013001024
:10445C0038130010381300104013001040130010D4
:10446C004813001048130010501300105013001084
:10447C005813001058130010601300106013001034
:10448C0068130010681300107013001070130010E4
:10449C007813001078130010801300108013001094
:1044AC008813001088130010901300109013001044
:1044BC009813001098130010A0130010A0130010F4
:1044CC00A8130010A8130010B0130010B0130010A4
:1044DC00B8130010B8130010C0130010C013001054
:1044EC00C8130010C8130010D0130010D013001004
:1044FC00D8130010D8130010E0130010E0130010B4
:10450C00E8130010E8130010F0130010F013001063
:10451C00F8130010F8130010001400100014001011
:10452C0008140010081400101014001010140010BF
:10453C00181400101814001020140010201400106F
:10454C00281400102814001030140010301400101F
:10455C0038140010381400104014001040140010CF
:10456C00481400104814001050140010501400107F
:10457C00581400105814001060140010601400102F
:10458C0068140010681400107014001070140010DF
:10459C00781400107814001080140010801400108F
:1045AC00881400108814001090140010901400103F
:1045BC009814001098140010A0140010A0140010EF
:1045CC00A8140010A8140010B0140010B01400109F
:1045DC00B8140010B8140010C0140010C01400104F
:1045EC00C8140010C8140010D0140010D0140010FF
:1045FC00D8140010D8140010E0140010E0140010AF
:10460C00E8140010E8140010F0140010F01400105E
:10461C00F8140010F814001000150010001500100C
:10462C0008150010081500101015001010150010BA
:10463C00181500101815001020150010201500106A
:10464C00281500102815001030150010301500101A
:10465C0038150010381500104015001040150010CA
:10466C00481500104815001050150010501500107A
:10467C00581500105815001060150010601500102A
:10468C0068150010681500107015001070150010DA
:10469C00781500107815001080150010801500108A
:1046AC00881500108815001090150010901500103A
:1046BC009815001098150010A0150010A0150010EA
:1046CC00A8150010A8150010B0150010B01500109A
:1046DC00B8150010B8150010C0150010C01500104A
:1046EC00C8150010C8150010D0150010D0150010FA
:1046FC00D8150010D8150010E0150010E0150010AA
:10470C00E8150010E8150010F0150010F015001059
:10471C00F8150010F8150010001600100016001007
:10472C0008160010081600101016001010160010B5
:10473C001816001018160010201600102016001065
:10474C002816001028160010301600103016001015
:10475C0038160010381600104016001040160010C5
:10476C004816001048160010501600105016001075
:10477C005816001058160010601600106016001025
:10478C0068160010681600107016001070160010D5
:10479C007816001078160010801600108016001085
:1047AC008816001088160010901600109016001035
:1047BC009816001098160010FFFFFFFF0000020073
:1047CC000000000080841E000000000000000000BB
:1047DC0000000000809C2B8F0A00000001000000EC
:1047EC00030000000E00000080D4030084D40300FA
:1047FC0090D40300A0D40300B0D40300C8D40300A9
:10480C00DCD40300F4D4030000D5030014D503005A
:10481C002CD5030008D703008D9801000CD703009A
:10482C001CD703006998010024D703003CD7030070
:10483C009998010048D7030070D70300E198010054
:10484C0078D703009CD7030029990100A8D703004F
:10485C00BCD703001D9A0100C8D70300DCD70300A6
:10486C00159B0100E8D7030000D8030005AB01003D
:10487C000CD803003CD803006DAC010048D80300F1
:10488C0080D8030049AD01008CD80300C8D80300C0
:10489C003DAA0100D0D8030008D90300219D0100D6
:1048AC0010D9030020D903007997010028D90300FF
:1048BC005CD903000D9C010064D9030078D9030076
:1048CC001DA9010080D9030098D90300C5A80100D7
:1048DC00A0D90300ECD90300659D0100F8D90300B1
:1048EC001CDA030085A7010024DA03003CDA03007C
:1048FC00ADAB010044DA030088DA0300259E010009
:10490C0090DA0300D0DA0300BD9E0100DCDA03006C
:10491C0010DB0300719F010018DB030038DB030080
:10492C0019A0010040DB030070DB0300C5A00100EF
:10493C0078DB0300B4DB030071A10100BCDB0300D6
:10494C00F8DB030019A2010000DC030020DC0300EB
:10495C005DA301002CDC030044DC0300B1A20100C8
:10496C0050DC03008CDC0300B5A4010098DC0300D0
:10497C0078DD030099A5010080DD0300A4DD0300B0
:10498C0021A70100ACDD0300D4DD030071A70100F9
:10499C00E0DD030010DE03004DA801001CDE030067
:1049AC0048DE0300B9A9010050DE0300000000003E
:1049BC0000000000000000000000000000000000EB
:1049CC0000000000000000000000000000000000DB
:1049DC0000000000000000000000000000000000CB
:1049EC0000000000000000000000000000000000BB
:1049FC00000001000000000001010100809C2B8FD1
:104A0C000A0103000E00000001000000801A0600DD
:104A1C000000000000000000000000000100000089
:104A2C0088E6030090E603000000000098E603000F
:104A3C00A4E60300B0E60300B8E60300C0E60300FA
:104A4C0000000000CCE60300D8E60300E4E6030017
:104A5C00F0E6030000E70300010081C77B000000C3
:104A6C00FFFFFF7F010A010094FB030098FB03008A
:104A7C009CFB0300A4FB0300ACFB0300B4FB030092
:104A8C00BCFB0300C4FB0300CCFB0300D4FB030002
:104A9C00DCFB0300E4FB0300ECFB0300F4FB030072
:104AAC00FCFB030004FC03000000000000000000FD
:104ABC0000000000000000000000000000000000EA
:104ACC004009040048090400500904005809040076
:104ADC0060090400680904007009040078090400E6
:104AEC008009040088090400900904009809040056
:104AFC00A0090400A8090400B0090400B8090400C6
:104B0C00C4090400D0090400DC090400E80904000D
:104B1C00F4090400000A04000C0A0400180A04003A
:104B2C00240A0400300A0400380A0400400A040075
:104B3C00480A0400FFFFFFFFFFFFFFFFFFFFFFFF1F
:044B4C00FFFFFFFF69
:0400000310008C81DC
:00000001FF
